order_id,order_date,category,product_name,unit_price_rm,quantity,total_sales_rm,region,state,payment_method
ORD10000,2025-12-28,Electronics,Laptop,4404,2,8808,East Malaysia,Sarawak,GrabPay
ORD10001,2025-04-13,Home,Desk Lamp,698,2,1396,East Malaysia,Sabah,Credit Card
ORD10002,2025-07-18,Fashion,Sneakers,123,4,492,West Malaysia,Pahang,Credit Card
ORD10003,2025-03-25,Fashion,Sunglasses,85,1,85,East Malaysia,Sarawak,TNG eWallet
ORD10004,2025-09-29,Fashion,T-Shirt,80,1,80,West Malaysia,Penang,Credit Card
ORD10005,2025-10-27,Home,Desk Lamp,580,1,580,West Malaysia,Pahang,Credit Card
ORD10006,2025-07-16,Electronics,Smartphone,4242,2,8484,West Malaysia,Pahang,GrabPay
ORD10007,2025-02-15,Electronics,Smartwatch,4109,4,16436,East Malaysia,Sarawak,GrabPay
ORD10008,2025-08-20,Home,Coffee Maker,698,1,698,West Malaysia,Kuala Lumpur,Credit Card
ORD10009,2025-09-21,Electronics,Smartphone,3991,4,15964,West Malaysia,Penang,FPX
ORD10010,2025-08-01,Electronics,Smartphone,1427,1,1427,West Malaysia,Kedah,FPX
ORD10011,2025-05-19,Fashion,T-Shirt,173,1,173,East Malaysia,Sarawak,FPX
ORD10012,2025-08-28,Home,Desk Lamp,737,1,737,West Malaysia,Johor,GrabPay
ORD10013,2025-05-17,Fashion,T-Shirt,334,2,668,West Malaysia,Penang,TNG eWallet
ORD10014,2025-05-20,Home,Coffee Maker,793,4,3172,East Malaysia,Sabah,FPX
ORD10015,2025-03-19,Fashion,Sneakers,95,3,285,East Malaysia,Sarawak,Credit Card
ORD10016,2025-02-09,Fashion,Sunglasses,84,2,168,East Malaysia,Sarawak,TNG eWallet
ORD10017,2025-07-22,Fashion,Backpack,90,4,360,East Malaysia,Sabah,FPX
ORD10018,2025-08-12,Fashion,Sunglasses,62,2,124,East Malaysia,Sabah,Credit Card
ORD10019,2025-11-23,Electronics,Wireless Earbuds,4314,4,17256,East Malaysia,Sarawak,FPX
ORD10020,2025-04-15,Fashion,Sneakers,55,3,165,West Malaysia,Penang,Credit Card
ORD10021,2025-01-27,Fashion,Backpack,70,2,140,West Malaysia,Melaka,Credit Card
ORD10022,2025-10-15,Fashion,Sneakers,292,1,292,East Malaysia,Sarawak,GrabPay
ORD10023,2025-04-22,Home,Coffee Maker,546,2,1092,West Malaysia,Johor,TNG eWallet
ORD10024,2025-02-13,Home,Desk Lamp,186,3,558,East Malaysia,Sabah,Credit Card
ORD10025,2025-03-31,Home,Air Purifier,753,4,3012,West Malaysia,Melaka,Credit Card
ORD10026,2025-07-31,Home,Coffee Maker,604,3,1812,East Malaysia,Sarawak,Credit Card
ORD10027,2025-09-21,Electronics,Smartwatch,1828,1,1828,West Malaysia,Kedah,FPX
ORD10028,2025-12-24,Home,Air Purifier,126,2,252,West Malaysia,Penang,GrabPay
ORD10029,2025-02-19,Electronics,Wireless Earbuds,390,1,390,East Malaysia,Sabah,TNG eWallet
ORD10030,2025-07-29,Electronics,Wireless Earbuds,3354,3,10062,West Malaysia,Kedah,FPX
ORD10031,2025-02-16,Electronics,Laptop,1022,2,2044,West Malaysia,Selangor,GrabPay
ORD10032,2025-09-26,Electronics,Smartwatch,2839,4,11356,East Malaysia,Sabah,Credit Card
ORD10033,2025-07-22,Home,Coffee Maker,668,3,2004,East Malaysia,Sarawak,Credit Card
ORD10034,2025-12-13,Home,Air Purifier,410,4,1640,West Malaysia,Johor,TNG eWallet
ORD10035,2025-11-28,Electronics,Smartphone,713,1,713,West Malaysia,Kuala Lumpur,TNG eWallet
ORD10036,2025-08-12,Electronics,Wireless Earbuds,3875,2,7750,West Malaysia,Selangor,TNG eWallet
ORD10037,2025-11-28,Electronics,Smartwatch,1528,4,6112,West Malaysia,Selangor,FPX
ORD10038,2025-02-09,Electronics,Wireless Earbuds,2968,3,8904,West Malaysia,Kedah,Credit Card
ORD10039,2025-11-19,Electronics,Smartphone,381,2,762,West Malaysia,Kedah,GrabPay
ORD10040,2025-10-09,Fashion,T-Shirt,153,3,459,West Malaysia,Melaka,TNG eWallet
ORD10041,2025-08-28,Electronics,Smartwatch,654,2,1308,West Malaysia,Kedah,Credit Card
ORD10042,2025-09-20,Electronics,Smartphone,2018,3,6054,West Malaysia,Kedah,GrabPay
ORD10043,2025-12-07,Electronics,Laptop,1439,1,1439,West Malaysia,Melaka,GrabPay
ORD10044,2025-07-05,Electronics,Wireless Earbuds,1868,3,5604,East Malaysia,Sarawak,FPX
ORD10045,2025-11-11,Electronics,Smartphone,3592,2,7184,East Malaysia,Sarawak,GrabPay
ORD10046,2025-01-13,Home,Coffee Maker,529,2,1058,West Malaysia,Penang,FPX
ORD10047,2025-05-02,Fashion,Sneakers,311,3,933,West Malaysia,Kedah,FPX
ORD10048,2025-01-28,Fashion,Sneakers,65,2,130,West Malaysia,Perak,TNG eWallet
ORD10049,2025-03-21,Electronics,Smartwatch,1268,4,5072,East Malaysia,Sabah,Credit Card
ORD10050,2025-10-27,Home,Coffee Maker,395,3,1185,East Malaysia,Sabah,GrabPay
ORD10051,2025-11-25,Electronics,Smartphone,3744,4,14976,West Malaysia,Kuala Lumpur,TNG eWallet
ORD10052,2025-12-09,Fashion,Backpack,125,2,250,East Malaysia,Sabah,TNG eWallet
ORD10053,2025-06-22,Home,Desk Lamp,665,3,1995,East Malaysia,Sarawak,Credit Card
ORD10054,2025-11-25,Home,Office Chair,698,2,1396,West Malaysia,Selangor,FPX
ORD10055,2025-04-06,Fashion,Sneakers,266,2,532,West Malaysia,Melaka,GrabPay
ORD10056,2025-07-02,Electronics,Laptop,4234,4,16936,East Malaysia,Sabah,TNG eWallet
ORD10057,2025-01-30,Home,Air Purifier,380,1,380,East Malaysia,Sarawak,Credit Card
ORD10058,2025-11-02,Electronics,Smartwatch,4335,4,17340,West Malaysia,Melaka,FPX
ORD10059,2025-12-13,Electronics,Smartwatch,2927,3,8781,East Malaysia,Sarawak,FPX
ORD10060,2025-03-29,Fashion,Sneakers,261,1,261,East Malaysia,Sarawak,FPX
ORD10061,2025-01-30,Fashion,T-Shirt,190,1,190,West Malaysia,Kuala Lumpur,FPX
ORD10062,2025-12-27,Fashion,Sneakers,228,4,912,East Malaysia,Sabah,TNG eWallet
ORD10063,2025-09-16,Fashion,Sneakers,223,2,446,West Malaysia,Johor,GrabPay
ORD10064,2025-04-28,Fashion,T-Shirt,256,4,1024,East Malaysia,Sabah,Credit Card
ORD10065,2025-03-30,Electronics,Laptop,2014,1,2014,East Malaysia,Sabah,Credit Card
ORD10066,2025-10-16,Electronics,Smartwatch,3586,4,14344,East Malaysia,Sabah,GrabPay
ORD10067,2025-10-22,Home,Air Purifier,377,2,754,East Malaysia,Sarawak,Credit Card
ORD10068,2025-09-16,Home,Air Purifier,685,1,685,East Malaysia,Sarawak,TNG eWallet
ORD10069,2025-01-26,Fashion,Sneakers,69,2,138,East Malaysia,Sabah,Credit Card
ORD10070,2025-04-13,Home,Desk Lamp,113,1,113,West Malaysia,Penang,TNG eWallet
ORD10071,2025-06-29,Home,Air Purifier,407,2,814,East Malaysia,Sabah,FPX
ORD10072,2025-02-16,Home,Desk Lamp,115,3,345,East Malaysia,Sarawak,Credit Card
ORD10073,2025-02-25,Electronics,Wireless Earbuds,1042,3,3126,West Malaysia,Johor,TNG eWallet
ORD10074,2025-05-15,Fashion,Sunglasses,323,1,323,East Malaysia,Sabah,Credit Card
ORD10075,2025-12-12,Electronics,Laptop,3022,1,3022,East Malaysia,Sabah,FPX
ORD10076,2025-12-25,Home,Office Chair,574,1,574,East Malaysia,Sabah,Credit Card
ORD10077,2025-02-01,Fashion,Backpack,289,1,289,East Malaysia,Sabah,GrabPay
ORD10078,2025-02-10,Fashion,Backpack,285,2,570,East Malaysia,Sabah,FPX
ORD10079,2025-02-23,Fashion,Sunglasses,382,4,1528,West Malaysia,Johor,Credit Card
ORD10080,2025-07-14,Home,Office Chair,600,3,1800,West Malaysia,Melaka,TNG eWallet
ORD10081,2025-01-02,Fashion,Sunglasses,376,2,752,East Malaysia,Sarawak,TNG eWallet
ORD10082,2025-08-14,Electronics,Wireless Earbuds,2389,1,2389,West Malaysia,Kuala Lumpur,FPX
ORD10083,2025-10-27,Home,Air Purifier,215,4,860,East Malaysia,Sabah,Credit Card
ORD10084,2025-03-27,Fashion,Sunglasses,365,1,365,West Malaysia,Kuala Lumpur,FPX
ORD10085,2025-04-20,Electronics,Laptop,2011,1,2011,East Malaysia,Sarawak,FPX
ORD10086,2025-02-10,Electronics,Laptop,3823,2,7646,East Malaysia,Sarawak,Credit Card
ORD10087,2025-07-03,Fashion,T-Shirt,72,3,216,West Malaysia,Kedah,Credit Card
ORD10088,2025-07-15,Fashion,Sunglasses,330,1,330,East Malaysia,Sabah,TNG eWallet
ORD10089,2025-09-25,Fashion,Sunglasses,314,3,942,East Malaysia,Sabah,Credit Card
ORD10090,2025-07-22,Electronics,Wireless Earbuds,970,1,970,West Malaysia,Melaka,TNG eWallet
ORD10091,2025-08-19,Home,Coffee Maker,109,4,436,West Malaysia,Pahang,TNG eWallet
ORD10092,2025-07-29,Electronics,Laptop,3379,4,13516,West Malaysia,Pahang,GrabPay
ORD10093,2025-04-04,Home,Air Purifier,125,1,125,East Malaysia,Sarawak,Credit Card
ORD10094,2025-07-18,Fashion,Backpack,119,1,119,West Malaysia,Melaka,GrabPay
ORD10095,2025-11-30,Fashion,Backpack,378,2,756,East Malaysia,Sarawak,TNG eWallet
ORD10096,2025-02-01,Home,Air Purifier,292,1,292,East Malaysia,Sabah,Credit Card
ORD10097,2025-08-18,Fashion,Backpack,263,1,263,East Malaysia,Sarawak,GrabPay
ORD10098,2025-10-09,Electronics,Wireless Earbuds,1616,3,4848,East Malaysia,Sabah,GrabPay
ORD10099,2025-06-21,Electronics,Laptop,865,4,3460,West Malaysia,Kuala Lumpur,FPX
ORD10100,2025-02-06,Fashion,Backpack,94,4,376,East Malaysia,Sarawak,TNG eWallet
ORD10101,2025-09-17,Fashion,Sneakers,98,1,98,East Malaysia,Sarawak,TNG eWallet
ORD10102,2025-09-19,Fashion,Sunglasses,113,4,452,West Malaysia,Johor,GrabPay
ORD10103,2025-06-16,Electronics,Smartwatch,1227,1,1227,East Malaysia,Sabah,GrabPay
ORD10104,2025-07-09,Electronics,Laptop,2150,2,4300,East Malaysia,Sarawak,Credit Card
ORD10105,2025-02-19,Fashion,Sneakers,232,3,696,East Malaysia,Sarawak,FPX
ORD10106,2025-01-10,Home,Desk Lamp,729,2,1458,West Malaysia,Selangor,GrabPay
ORD10107,2025-05-21,Electronics,Laptop,2417,2,4834,West Malaysia,Selangor,Credit Card
ORD10108,2025-04-28,Home,Office Chair,492,4,1968,West Malaysia,Johor,GrabPay
ORD10109,2025-07-20,Home,Office Chair,263,1,263,West Malaysia,Penang,Credit Card
ORD10110,2025-02-02,Electronics,Laptop,3614,2,7228,West Malaysia,Penang,GrabPay
ORD10111,2025-10-27,Fashion,Backpack,289,1,289,West Malaysia,Pahang,GrabPay
ORD10112,2025-04-23,Electronics,Laptop,2006,4,8024,East Malaysia,Sabah,TNG eWallet
ORD10113,2025-08-31,Home,Desk Lamp,794,2,1588,West Malaysia,Melaka,GrabPay
ORD10114,2025-02-02,Fashion,T-Shirt,250,4,1000,West Malaysia,Selangor,GrabPay
ORD10115,2025-03-03,Electronics,Laptop,3490,2,6980,West Malaysia,Selangor,FPX
ORD10116,2025-04-23,Home,Coffee Maker,133,3,399,West Malaysia,Melaka,FPX
ORD10117,2025-06-26,Electronics,Smartphone,2093,3,6279,East Malaysia,Sabah,Credit Card
ORD10118,2025-01-17,Home,Coffee Maker,149,4,596,East Malaysia,Sarawak,Credit Card
ORD10119,2025-11-12,Home,Desk Lamp,786,3,2358,West Malaysia,Kuala Lumpur,GrabPay
ORD10120,2025-04-04,Home,Desk Lamp,736,2,1472,East Malaysia,Sarawak,FPX
ORD10121,2025-04-12,Electronics,Smartphone,1910,1,1910,East Malaysia,Sabah,FPX
ORD10122,2025-06-01,Home,Coffee Maker,788,2,1576,West Malaysia,Johor,Credit Card
ORD10123,2025-09-04,Home,Desk Lamp,481,2,962,East Malaysia,Sabah,TNG eWallet
ORD10124,2025-03-13,Home,Office Chair,229,3,687,East Malaysia,Sabah,FPX
ORD10125,2025-07-25,Fashion,Sneakers,294,1,294,East Malaysia,Sabah,GrabPay
ORD10126,2025-03-20,Home,Coffee Maker,106,2,212,West Malaysia,Pahang,Credit Card
ORD10127,2025-02-17,Fashion,T-Shirt,269,4,1076,West Malaysia,Selangor,TNG eWallet
ORD10128,2025-03-03,Home,Office Chair,340,1,340,East Malaysia,Sabah,Credit Card
ORD10129,2025-12-28,Home,Office Chair,334,1,334,East Malaysia,Sarawak,Credit Card
ORD10130,2025-11-14,Home,Office Chair,796,3,2388,West Malaysia,Selangor,TNG eWallet
ORD10131,2025-10-31,Electronics,Smartwatch,1486,2,2972,East Malaysia,Sarawak,TNG eWallet
ORD10132,2025-07-13,Home,Office Chair,658,1,658,West Malaysia,Kuala Lumpur,FPX
ORD10133,2025-04-12,Fashion,Sunglasses,97,3,291,West Malaysia,Melaka,Credit Card
ORD10134,2025-02-19,Fashion,Backpack,65,3,195,West Malaysia,Johor,TNG eWallet
ORD10135,2025-05-29,Fashion,Sneakers,361,4,1444,East Malaysia,Sarawak,Credit Card
ORD10136,2025-02-04,Fashion,Sneakers,210,2,420,West Malaysia,Selangor,TNG eWallet
ORD10137,2025-08-25,Home,Office Chair,399,1,399,West Malaysia,Pahang,GrabPay
ORD10138,2025-03-10,Fashion,T-Shirt,122,4,488,West Malaysia,Pahang,FPX
ORD10139,2025-10-22,Home,Office Chair,546,3,1638,East Malaysia,Sarawak,GrabPay
ORD10140,2025-12-22,Fashion,T-Shirt,252,3,756,East Malaysia,Sarawak,GrabPay
ORD10141,2025-03-03,Home,Office Chair,463,2,926,West Malaysia,Selangor,TNG eWallet
ORD10142,2025-12-10,Electronics,Laptop,3421,4,13684,West Malaysia,Perak,TNG eWallet
ORD10143,2025-02-04,Home,Desk Lamp,165,3,495,East Malaysia,Sabah,TNG eWallet
ORD10144,2025-03-24,Electronics,Wireless Earbuds,2520,2,5040,East Malaysia,Sarawak,Credit Card
ORD10145,2025-06-14,Fashion,Backpack,294,4,1176,East Malaysia,Sabah,FPX
ORD10146,2025-07-07,Fashion,T-Shirt,339,3,1017,East Malaysia,Sabah,Credit Card
ORD10147,2025-02-04,Home,Office Chair,453,2,906,East Malaysia,Sabah,Credit Card
ORD10148,2026-01-01,Home,Office Chair,623,4,2492,East Malaysia,Sarawak,GrabPay
ORD10149,2025-11-14,Fashion,T-Shirt,197,2,394,West Malaysia,Penang,TNG eWallet
ORD10150,2025-05-11,Electronics,Laptop,430,2,860,West Malaysia,Pahang,TNG eWallet
ORD10151,2025-03-02,Electronics,Smartphone,4176,1,4176,West Malaysia,Melaka,FPX
ORD10152,2025-06-23,Electronics,Laptop,1088,4,4352,East Malaysia,Sabah,GrabPay
ORD10153,2025-04-08,Electronics,Smartwatch,989,4,3956,East Malaysia,Sabah,GrabPay
ORD10154,2025-09-20,Fashion,Sneakers,141,4,564,West Malaysia,Johor,GrabPay
ORD10155,2025-01-31,Electronics,Wireless Earbuds,2102,4,8408,West Malaysia,Pahang,FPX
ORD10156,2025-10-09,Electronics,Smartphone,769,3,2307,West Malaysia,Kuala Lumpur,FPX
ORD10157,2025-06-30,Electronics,Laptop,2332,1,2332,West Malaysia,Kedah,Credit Card
ORD10158,2025-06-29,Home,Desk Lamp,656,4,2624,West Malaysia,Selangor,FPX
ORD10159,2025-05-05,Home,Desk Lamp,159,4,636,West Malaysia,Selangor,GrabPay
ORD10160,2025-05-20,Electronics,Wireless Earbuds,3524,1,3524,East Malaysia,Sabah,FPX
ORD10161,2025-02-05,Home,Desk Lamp,140,3,420,East Malaysia,Sarawak,TNG eWallet
ORD10162,2025-01-28,Home,Coffee Maker,544,3,1632,East Malaysia,Sarawak,FPX
ORD10163,2025-10-02,Electronics,Smartwatch,334,1,334,East Malaysia,Sabah,GrabPay
ORD10164,2025-05-23,Home,Office Chair,706,2,1412,West Malaysia,Pahang,TNG eWallet
ORD10165,2025-09-01,Home,Air Purifier,441,2,882,East Malaysia,Sabah,TNG eWallet
ORD10166,2025-06-04,Fashion,T-Shirt,165,2,330,East Malaysia,Sabah,FPX
ORD10167,2025-03-10,Electronics,Smartphone,1270,4,5080,West Malaysia,Perak,GrabPay
ORD10168,2025-06-13,Fashion,Backpack,387,3,1161,West Malaysia,Kuala Lumpur,FPX
ORD10169,2025-03-23,Home,Coffee Maker,489,1,489,West Malaysia,Penang,TNG eWallet
ORD10170,2025-06-16,Fashion,Backpack,232,1,232,West Malaysia,Pahang,FPX
ORD10171,2025-09-17,Fashion,Sneakers,104,4,416,East Malaysia,Sarawak,Credit Card
ORD10172,2025-10-06,Home,Air Purifier,334,1,334,West Malaysia,Johor,GrabPay
ORD10173,2025-09-09,Home,Desk Lamp,144,4,576,West Malaysia,Johor,Credit Card
ORD10174,2025-12-18,Home,Desk Lamp,265,3,795,East Malaysia,Sabah,Credit Card
ORD10175,2025-06-25,Home,Office Chair,685,3,2055,East Malaysia,Sabah,Credit Card
ORD10176,2025-12-21,Home,Air Purifier,590,1,590,East Malaysia,Sabah,GrabPay
ORD10177,2025-01-02,Fashion,Sneakers,315,4,1260,West Malaysia,Penang,FPX
ORD10178,2025-08-24,Home,Coffee Maker,668,2,1336,West Malaysia,Melaka,GrabPay
ORD10179,2025-03-19,Home,Desk Lamp,798,4,3192,East Malaysia,Sarawak,TNG eWallet
ORD10180,2025-03-14,Electronics,Smartwatch,2360,2,4720,West Malaysia,Kedah,FPX
ORD10181,2025-03-05,Electronics,Laptop,4107,3,12321,East Malaysia,Sarawak,GrabPay
ORD10182,2025-05-28,Electronics,Smartwatch,2511,4,10044,East Malaysia,Sabah,TNG eWallet
ORD10183,2025-03-04,Electronics,Laptop,1735,3,5205,West Malaysia,Johor,FPX
ORD10184,2025-07-15,Home,Coffee Maker,376,1,376,West Malaysia,Pahang,Credit Card
ORD10185,2025-06-06,Electronics,Wireless Earbuds,1811,2,3622,West Malaysia,Melaka,Credit Card
ORD10186,2025-03-31,Home,Office Chair,641,4,2564,West Malaysia,Perak,FPX
ORD10187,2025-09-30,Electronics,Smartwatch,2124,4,8496,East Malaysia,Sabah,Credit Card
ORD10188,2025-06-26,Home,Air Purifier,275,1,275,East Malaysia,Sarawak,Credit Card
ORD10189,2025-08-03,Home,Desk Lamp,611,3,1833,West Malaysia,Perak,FPX
ORD10190,2025-08-11,Electronics,Wireless Earbuds,4084,1,4084,West Malaysia,Perak,Credit Card
ORD10191,2025-05-24,Fashion,T-Shirt,84,2,168,West Malaysia,Johor,GrabPay
ORD10192,2025-03-23,Home,Coffee Maker,688,2,1376,East Malaysia,Sarawak,TNG eWallet
ORD10193,2025-01-12,Electronics,Smartwatch,4222,1,4222,East Malaysia,Sabah,Credit Card
ORD10194,2025-10-17,Electronics,Laptop,2492,4,9968,West Malaysia,Pahang,GrabPay
ORD10195,2025-08-24,Electronics,Laptop,2431,3,7293,West Malaysia,Selangor,FPX
ORD10196,2025-04-18,Home,Air Purifier,457,3,1371,East Malaysia,Sarawak,TNG eWallet
ORD10197,2025-06-28,Fashion,Backpack,344,3,1032,West Malaysia,Perak,Credit Card
ORD10198,2025-01-02,Home,Desk Lamp,769,2,1538,East Malaysia,Sarawak,GrabPay
ORD10199,2025-04-26,Electronics,Wireless Earbuds,1880,1,1880,West Malaysia,Selangor,GrabPay
ORD10200,2025-01-31,Home,Office Chair,204,3,612,West Malaysia,Selangor,FPX
ORD10201,2025-12-13,Electronics,Laptop,3584,3,10752,West Malaysia,Penang,GrabPay
ORD10202,2025-10-21,Electronics,Smartphone,3144,2,6288,West Malaysia,Kedah,FPX
ORD10203,2025-05-17,Electronics,Wireless Earbuds,1652,2,3304,West Malaysia,Perak,TNG eWallet
ORD10204,2025-01-16,Electronics,Smartwatch,1631,3,4893,East Malaysia,Sarawak,FPX
ORD10205,2025-11-15,Fashion,Sneakers,373,3,1119,East Malaysia,Sabah,FPX
ORD10206,2025-11-03,Electronics,Smartwatch,2381,4,9524,East Malaysia,Sabah,GrabPay
ORD10207,2025-10-31,Home,Desk Lamp,378,4,1512,West Malaysia,Penang,Credit Card
ORD10208,2025-04-22,Fashion,Sneakers,234,2,468,West Malaysia,Perak,GrabPay
ORD10209,2025-01-25,Electronics,Laptop,3470,1,3470,West Malaysia,Kedah,GrabPay
ORD10210,2025-11-02,Fashion,Sunglasses,269,4,1076,East Malaysia,Sarawak,TNG eWallet
ORD10211,2025-03-28,Fashion,Backpack,388,2,776,East Malaysia,Sarawak,TNG eWallet
ORD10212,2025-02-22,Home,Coffee Maker,489,3,1467,West Malaysia,Johor,Credit Card
ORD10213,2025-08-17,Electronics,Laptop,1493,4,5972,East Malaysia,Sarawak,TNG eWallet
ORD10214,2025-05-02,Electronics,Smartwatch,2605,1,2605,East Malaysia,Sarawak,Credit Card
ORD10215,2025-12-11,Fashion,Backpack,100,4,400,West Malaysia,Selangor,FPX
ORD10216,2025-09-03,Electronics,Laptop,1737,1,1737,East Malaysia,Sarawak,Credit Card
ORD10217,2025-04-14,Home,Desk Lamp,300,4,1200,West Malaysia,Kuala Lumpur,TNG eWallet
ORD10218,2025-11-29,Home,Office Chair,468,2,936,West Malaysia,Penang,FPX
ORD10219,2025-04-14,Home,Office Chair,350,1,350,East Malaysia,Sabah,Credit Card
ORD10220,2025-11-06,Fashion,Sneakers,50,3,150,West Malaysia,Kuala Lumpur,GrabPay
ORD10221,2025-08-16,Home,Coffee Maker,627,2,1254,West Malaysia,Melaka,Credit Card
ORD10222,2025-08-14,Home,Air Purifier,103,2,206,East Malaysia,Sarawak,GrabPay
ORD10223,2025-07-23,Electronics,Smartphone,3659,3,10977,East Malaysia,Sarawak,TNG eWallet
ORD10224,2025-03-04,Fashion,Sunglasses,272,4,1088,East Malaysia,Sarawak,FPX
ORD10225,2025-05-24,Fashion,Sunglasses,384,2,768,West Malaysia,Kuala Lumpur,TNG eWallet
ORD10226,2025-01-12,Electronics,Laptop,3779,4,15116,West Malaysia,Perak,Credit Card
ORD10227,2025-02-24,Electronics,Wireless Earbuds,2830,4,11320,East Malaysia,Sarawak,TNG eWallet
ORD10228,2025-10-16,Home,Air Purifier,743,4,2972,East Malaysia,Sabah,TNG eWallet
ORD10229,2025-11-07,Electronics,Wireless Earbuds,2667,3,8001,East Malaysia,Sabah,Credit Card
ORD10230,2025-01-07,Fashion,Sneakers,164,3,492,East Malaysia,Sarawak,GrabPay
ORD10231,2025-09-23,Electronics,Wireless Earbuds,2968,3,8904,West Malaysia,Penang,TNG eWallet
ORD10232,2025-09-08,Electronics,Smartphone,858,1,858,West Malaysia,Pahang,GrabPay
ORD10233,2025-10-14,Fashion,Sneakers,253,4,1012,East Malaysia,Sabah,Credit Card
ORD10234,2025-04-08,Fashion,Sunglasses,128,3,384,West Malaysia,Perak,TNG eWallet
ORD10235,2025-06-06,Home,Coffee Maker,759,4,3036,West Malaysia,Penang,Credit Card
ORD10236,2025-06-15,Electronics,Wireless Earbuds,1399,4,5596,West Malaysia,Selangor,Credit Card
ORD10237,2025-11-12,Home,Desk Lamp,203,1,203,West Malaysia,Kedah,GrabPay
ORD10238,2025-05-06,Home,Coffee Maker,442,2,884,East Malaysia,Sabah,TNG eWallet
ORD10239,2025-04-16,Electronics,Smartphone,2907,1,2907,East Malaysia,Sarawak,Credit Card
ORD10240,2025-04-13,Electronics,Smartphone,1088,4,4352,East Malaysia,Sabah,Credit Card
ORD10241,2025-03-13,Fashion,Backpack,221,2,442,West Malaysia,Selangor,TNG eWallet
ORD10242,2025-04-27,Fashion,Backpack,114,1,114,East Malaysia,Sarawak,TNG eWallet
ORD10243,2025-06-10,Fashion,Sneakers,241,4,964,East Malaysia,Sabah,FPX
ORD10244,2025-11-15,Home,Air Purifier,568,1,568,West Malaysia,Perak,TNG eWallet
ORD10245,2025-08-01,Home,Desk Lamp,392,4,1568,West Malaysia,Johor,Credit Card
ORD10246,2025-06-11,Home,Office Chair,509,2,1018,West Malaysia,Penang,TNG eWallet
ORD10247,2025-07-15,Fashion,Sneakers,160,1,160,East Malaysia,Sarawak,FPX
ORD10248,2025-08-31,Fashion,Backpack,155,1,155,East Malaysia,Sabah,GrabPay
ORD10249,2025-04-01,Home,Desk Lamp,797,3,2391,West Malaysia,Kuala Lumpur,FPX
ORD10250,2025-05-04,Fashion,Sneakers,170,1,170,East Malaysia,Sarawak,FPX
ORD10251,2025-01-11,Electronics,Smartwatch,3841,4,15364,East Malaysia,Sabah,GrabPay
ORD10252,2025-11-12,Electronics,Wireless Earbuds,3474,4,13896,West Malaysia,Penang,TNG eWallet
ORD10253,2025-11-16,Electronics,Laptop,3381,1,3381,West Malaysia,Perak,Credit Card
ORD10254,2025-02-20,Electronics,Wireless Earbuds,1836,1,1836,East Malaysia,Sarawak,FPX
ORD10255,2025-05-10,Home,Coffee Maker,182,2,364,West Malaysia,Perak,Credit Card
ORD10256,2025-12-16,Home,Air Purifier,727,4,2908,East Malaysia,Sabah,TNG eWallet
ORD10257,2025-12-11,Fashion,T-Shirt,224,2,448,West Malaysia,Penang,FPX
ORD10258,2025-05-02,Home,Coffee Maker,324,1,324,East Malaysia,Sarawak,TNG eWallet
ORD10259,2025-08-22,Electronics,Laptop,1570,3,4710,East Malaysia,Sabah,TNG eWallet
ORD10260,2025-09-09,Home,Desk Lamp,149,3,447,East Malaysia,Sarawak,GrabPay
ORD10261,2025-09-13,Electronics,Wireless Earbuds,3879,2,7758,East Malaysia,Sarawak,TNG eWallet
ORD10262,2025-02-01,Fashion,Backpack,285,3,855,East Malaysia,Sabah,FPX
ORD10263,2025-06-25,Electronics,Laptop,2417,2,4834,West Malaysia,Pahang,FPX
ORD10264,2025-11-23,Fashion,Sunglasses,331,3,993,East Malaysia,Sabah,TNG eWallet
ORD10265,2025-04-02,Home,Coffee Maker,592,2,1184,East Malaysia,Sarawak,FPX
ORD10266,2025-04-13,Electronics,Smartphone,2582,1,2582,East Malaysia,Sarawak,Credit Card
ORD10267,2025-03-01,Electronics,Smartwatch,3208,2,6416,East Malaysia,Sabah,FPX
ORD10268,2025-01-01,Home,Air Purifier,608,1,608,West Malaysia,Selangor,FPX
ORD10269,2025-05-13,Fashion,Backpack,156,2,312,East Malaysia,Sabah,Credit Card
ORD10270,2025-11-26,Fashion,T-Shirt,275,4,1100,East Malaysia,Sabah,GrabPay
ORD10271,2025-04-11,Home,Air Purifier,534,1,534,West Malaysia,Johor,Credit Card
ORD10272,2025-11-05,Fashion,Backpack,344,2,688,East Malaysia,Sabah,GrabPay
ORD10273,2025-08-05,Electronics,Smartphone,1715,2,3430,West Malaysia,Pahang,FPX
ORD10274,2025-02-15,Home,Coffee Maker,386,1,386,East Malaysia,Sarawak,Credit Card
ORD10275,2025-10-30,Electronics,Smartphone,3344,1,3344,West Malaysia,Selangor,TNG eWallet
ORD10276,2025-12-16,Electronics,Laptop,3089,2,6178,East Malaysia,Sarawak,Credit Card
ORD10277,2025-08-27,Electronics,Smartphone,1592,3,4776,West Malaysia,Kedah,GrabPay
ORD10278,2025-11-24,Electronics,Smartphone,3917,3,11751,West Malaysia,Perak,FPX
ORD10279,2025-09-20,Home,Desk Lamp,775,3,2325,West Malaysia,Pahang,FPX
ORD10280,2025-05-06,Home,Desk Lamp,676,1,676,West Malaysia,Kedah,FPX
ORD10281,2025-04-18,Electronics,Smartphone,3188,3,9564,East Malaysia,Sarawak,FPX
ORD10282,2025-02-18,Electronics,Wireless Earbuds,3756,1,3756,West Malaysia,Perak,Credit Card
ORD10283,2025-09-16,Home,Coffee Maker,570,3,1710,East Malaysia,Sarawak,FPX
ORD10284,2025-01-17,Electronics,Wireless Earbuds,1151,3,3453,East Malaysia,Sarawak,Credit Card
ORD10285,2025-09-11,Fashion,T-Shirt,68,3,204,West Malaysia,Pahang,FPX
ORD10286,2025-10-19,Electronics,Laptop,2301,1,2301,West Malaysia,Selangor,TNG eWallet
ORD10287,2025-04-29,Home,Air Purifier,160,1,160,East Malaysia,Sarawak,TNG eWallet
ORD10288,2025-06-09,Fashion,Sneakers,79,3,237,East Malaysia,Sarawak,FPX
ORD10289,2025-04-19,Fashion,Sneakers,304,4,1216,West Malaysia,Johor,GrabPay
ORD10290,2025-08-10,Fashion,Sunglasses,210,4,840,East Malaysia,Sarawak,GrabPay
ORD10291,2025-08-29,Home,Coffee Maker,372,4,1488,East Malaysia,Sarawak,TNG eWallet
ORD10292,2025-05-04,Fashion,Backpack,81,2,162,East Malaysia,Sarawak,Credit Card
ORD10293,2025-12-23,Home,Coffee Maker,272,1,272,West Malaysia,Penang,Credit Card
ORD10294,2026-01-01,Fashion,Backpack,379,1,379,East Malaysia,Sarawak,TNG eWallet
ORD10295,2025-08-13,Home,Office Chair,649,2,1298,West Malaysia,Selangor,GrabPay
ORD10296,2025-01-06,Electronics,Smartphone,1572,1,1572,East Malaysia,Sabah,Credit Card
ORD10297,2025-02-28,Fashion,Backpack,59,4,236,East Malaysia,Sabah,TNG eWallet
ORD10298,2025-08-03,Fashion,T-Shirt,58,1,58,East Malaysia,Sarawak,FPX
ORD10299,2025-04-13,Fashion,Sunglasses,209,3,627,West Malaysia,Perak,Credit Card
ORD10300,2025-04-30,Home,Desk Lamp,747,2,1494,West Malaysia,Kedah,TNG eWallet
ORD10301,2025-05-30,Home,Desk Lamp,155,2,310,West Malaysia,Pahang,FPX
ORD10302,2025-10-14,Home,Air Purifier,740,4,2960,West Malaysia,Pahang,Credit Card
ORD10303,2025-11-30,Home,Office Chair,756,3,2268,West Malaysia,Johor,Credit Card
ORD10304,2025-06-02,Fashion,Backpack,172,2,344,West Malaysia,Perak,GrabPay
ORD10305,2025-02-04,Electronics,Smartphone,1959,1,1959,East Malaysia,Sarawak,GrabPay
ORD10306,2025-09-30,Home,Office Chair,248,1,248,East Malaysia,Sarawak,FPX
ORD10307,2025-06-17,Fashion,T-Shirt,215,3,645,West Malaysia,Perak,FPX
ORD10308,2025-08-05,Electronics,Laptop,300,4,1200,West Malaysia,Penang,FPX
ORD10309,2025-11-23,Electronics,Smartwatch,3756,4,15024,West Malaysia,Melaka,FPX
ORD10310,2025-12-18,Fashion,Backpack,277,1,277,West Malaysia,Kuala Lumpur,FPX
ORD10311,2025-01-29,Fashion,Sneakers,299,1,299,West Malaysia,Penang,Credit Card
ORD10312,2025-03-03,Electronics,Smartphone,413,3,1239,West Malaysia,Kuala Lumpur,Credit Card
ORD10313,2025-10-25,Electronics,Laptop,569,1,569,East Malaysia,Sabah,FPX
ORD10314,2025-06-14,Electronics,Smartphone,2694,3,8082,East Malaysia,Sabah,Credit Card
ORD10315,2025-04-01,Fashion,T-Shirt,165,4,660,West Malaysia,Pahang,FPX
ORD10316,2025-05-02,Electronics,Smartwatch,3578,1,3578,East Malaysia,Sarawak,Credit Card
ORD10317,2025-08-04,Fashion,Sunglasses,312,1,312,East Malaysia,Sarawak,Credit Card
ORD10318,2025-02-27,Fashion,T-Shirt,158,3,474,East Malaysia,Sabah,FPX
ORD10319,2025-08-20,Fashion,Backpack,257,1,257,East Malaysia,Sarawak,GrabPay
ORD10320,2025-07-26,Home,Air Purifier,301,1,301,East Malaysia,Sarawak,GrabPay
ORD10321,2025-07-30,Fashion,Backpack,301,1,301,East Malaysia,Sarawak,TNG eWallet
ORD10322,2025-12-24,Fashion,T-Shirt,362,1,362,West Malaysia,Kuala Lumpur,TNG eWallet
ORD10323,2025-01-04,Fashion,Sneakers,183,2,366,East Malaysia,Sarawak,GrabPay
ORD10324,2025-07-28,Home,Office Chair,304,4,1216,East Malaysia,Sarawak,FPX
ORD10325,2025-02-14,Home,Coffee Maker,200,1,200,East Malaysia,Sarawak,TNG eWallet
ORD10326,2025-05-31,Electronics,Wireless Earbuds,820,1,820,West Malaysia,Perak,FPX
ORD10327,2025-03-23,Electronics,Wireless Earbuds,3205,4,12820,East Malaysia,Sarawak,GrabPay
ORD10328,2025-07-10,Electronics,Laptop,1200,1,1200,East Malaysia,Sarawak,Credit Card
ORD10329,2025-10-14,Home,Desk Lamp,457,3,1371,East Malaysia,Sabah,TNG eWallet
ORD10330,2025-07-16,Electronics,Smartwatch,3413,1,3413,West Malaysia,Kuala Lumpur,Credit Card
ORD10331,2025-09-25,Home,Coffee Maker,371,1,371,East Malaysia,Sarawak,GrabPay
ORD10332,2025-11-21,Home,Office Chair,634,3,1902,West Malaysia,Johor,FPX
ORD10333,2025-03-05,Home,Desk Lamp,217,3,651,West Malaysia,Johor,FPX
ORD10334,2025-02-18,Electronics,Wireless Earbuds,4445,2,8890,West Malaysia,Kedah,TNG eWallet
ORD10335,2025-04-10,Fashion,Sneakers,345,3,1035,West Malaysia,Penang,TNG eWallet
ORD10336,2025-10-16,Home,Desk Lamp,612,3,1836,West Malaysia,Penang,GrabPay
ORD10337,2025-10-11,Fashion,Sunglasses,398,3,1194,West Malaysia,Johor,TNG eWallet
ORD10338,2025-04-13,Fashion,Sunglasses,76,4,304,West Malaysia,Selangor,FPX
ORD10339,2025-05-23,Electronics,Laptop,2895,3,8685,West Malaysia,Pahang,FPX
ORD10340,2025-08-18,Fashion,Backpack,190,1,190,East Malaysia,Sarawak,FPX
ORD10341,2025-10-21,Fashion,Backpack,364,2,728,West Malaysia,Kedah,TNG eWallet
ORD10342,2025-11-17,Home,Air Purifier,163,4,652,East Malaysia,Sabah,GrabPay
ORD10343,2025-06-28,Home,Desk Lamp,578,1,578,West Malaysia,Melaka,TNG eWallet
ORD10344,2025-01-13,Electronics,Wireless Earbuds,582,4,2328,West Malaysia,Perak,FPX
ORD10345,2025-09-04,Electronics,Laptop,4338,1,4338,West Malaysia,Pahang,GrabPay
ORD10346,2025-06-24,Electronics,Laptop,1302,2,2604,West Malaysia,Pahang,Credit Card
ORD10347,2025-06-12,Home,Office Chair,703,1,703,West Malaysia,Melaka,FPX
ORD10348,2025-06-02,Home,Office Chair,129,2,258,East Malaysia,Sarawak,GrabPay
ORD10349,2025-01-06,Fashion,Sunglasses,164,4,656,East Malaysia,Sarawak,TNG eWallet
ORD10350,2025-02-13,Fashion,Sunglasses,291,3,873,East Malaysia,Sabah,FPX
ORD10351,2025-01-01,Fashion,Sunglasses,73,4,292,East Malaysia,Sabah,FPX
ORD10352,2025-07-21,Electronics,Smartphone,714,1,714,East Malaysia,Sabah,FPX
ORD10353,2025-05-01,Home,Office Chair,347,2,694,West Malaysia,Selangor,Credit Card
ORD10354,2025-07-30,Home,Coffee Maker,496,1,496,West Malaysia,Kedah,FPX
ORD10355,2025-06-17,Electronics,Smartphone,552,2,1104,East Malaysia,Sabah,GrabPay
ORD10356,2025-02-07,Fashion,T-Shirt,290,1,290,West Malaysia,Melaka,TNG eWallet
ORD10357,2025-05-11,Fashion,Sneakers,311,2,622,West Malaysia,Pahang,TNG eWallet
ORD10358,2025-08-27,Fashion,Sunglasses,156,1,156,West Malaysia,Perak,Credit Card
ORD10359,2025-06-06,Fashion,Sunglasses,364,1,364,West Malaysia,Melaka,Credit Card
ORD10360,2025-09-05,Fashion,Backpack,262,2,524,West Malaysia,Selangor,Credit Card
ORD10361,2025-07-17,Fashion,Backpack,73,4,292,West Malaysia,Kedah,FPX
ORD10362,2025-11-21,Home,Air Purifier,581,3,1743,East Malaysia,Sabah,FPX
ORD10363,2025-04-21,Home,Office Chair,457,4,1828,East Malaysia,Sabah,TNG eWallet
ORD10364,2025-05-24,Fashion,T-Shirt,213,4,852,East Malaysia,Sarawak,Credit Card
ORD10365,2025-04-18,Home,Coffee Maker,137,2,274,West Malaysia,Selangor,Credit Card
ORD10366,2025-05-08,Electronics,Wireless Earbuds,1958,4,7832,East Malaysia,Sabah,TNG eWallet
ORD10367,2025-03-25,Electronics,Laptop,2132,3,6396,East Malaysia,Sarawak,GrabPay
ORD10368,2025-02-04,Home,Office Chair,656,2,1312,East Malaysia,Sarawak,TNG eWallet
ORD10369,2025-11-17,Fashion,Sunglasses,61,1,61,West Malaysia,Kuala Lumpur,FPX
ORD10370,2025-01-01,Fashion,Sunglasses,124,3,372,West Malaysia,Melaka,GrabPay
ORD10371,2025-06-09,Electronics,Smartphone,4343,4,17372,East Malaysia,Sabah,GrabPay
ORD10372,2025-03-10,Fashion,Sneakers,334,3,1002,East Malaysia,Sarawak,FPX
ORD10373,2025-11-25,Home,Coffee Maker,202,3,606,West Malaysia,Kuala Lumpur,TNG eWallet
ORD10374,2025-02-06,Fashion,Sunglasses,235,3,705,East Malaysia,Sabah,FPX
ORD10375,2025-02-11,Home,Coffee Maker,161,4,644,West Malaysia,Melaka,GrabPay
ORD10376,2025-01-24,Fashion,Sunglasses,272,2,544,West Malaysia,Perak,GrabPay
ORD10377,2025-01-21,Home,Office Chair,318,2,636,West Malaysia,Melaka,TNG eWallet
ORD10378,2025-01-05,Fashion,T-Shirt,381,1,381,East Malaysia,Sarawak,FPX
ORD10379,2025-09-17,Fashion,Backpack,152,1,152,West Malaysia,Kedah,TNG eWallet
ORD10380,2025-01-05,Fashion,Sneakers,293,3,879,West Malaysia,Perak,TNG eWallet
ORD10381,2025-05-22,Fashion,T-Shirt,147,4,588,East Malaysia,Sabah,GrabPay
ORD10382,2025-12-28,Home,Office Chair,640,1,640,East Malaysia,Sabah,GrabPay
ORD10383,2025-07-22,Electronics,Wireless Earbuds,3104,2,6208,West Malaysia,Penang,TNG eWallet
ORD10384,2025-06-23,Fashion,Sneakers,252,1,252,West Malaysia,Johor,Credit Card
ORD10385,2025-03-24,Electronics,Smartphone,3177,3,9531,West Malaysia,Johor,GrabPay
ORD10386,2025-09-03,Home,Desk Lamp,681,4,2724,East Malaysia,Sabah,Credit Card
ORD10387,2025-08-22,Electronics,Wireless Earbuds,2810,1,2810,East Malaysia,Sarawak,FPX
ORD10388,2025-11-25,Electronics,Smartwatch,1996,1,1996,East Malaysia,Sabah,FPX
ORD10389,2025-02-08,Electronics,Wireless Earbuds,426,3,1278,East Malaysia,Sarawak,Credit Card
ORD10390,2025-11-02,Electronics,Laptop,305,1,305,West Malaysia,Perak,GrabPay
ORD10391,2025-03-13,Home,Office Chair,517,2,1034,East Malaysia,Sarawak,Credit Card
ORD10392,2025-05-17,Home,Desk Lamp,103,4,412,West Malaysia,Perak,FPX
ORD10393,2025-10-14,Electronics,Wireless Earbuds,879,1,879,East Malaysia,Sabah,Credit Card
ORD10394,2025-02-23,Home,Air Purifier,239,2,478,West Malaysia,Kedah,Credit Card
ORD10395,2025-03-13,Home,Air Purifier,505,3,1515,East Malaysia,Sabah,FPX
ORD10396,2025-11-19,Home,Air Purifier,301,1,301,West Malaysia,Kuala Lumpur,FPX
ORD10397,2025-03-24,Electronics,Smartphone,901,3,2703,East Malaysia,Sarawak,FPX
ORD10398,2025-01-25,Home,Air Purifier,488,4,1952,West Malaysia,Kedah,FPX
ORD10399,2025-10-09,Electronics,Wireless Earbuds,2077,4,8308,East Malaysia,Sabah,GrabPay
ORD10400,2025-09-29,Fashion,Backpack,220,3,660,East Malaysia,Sarawak,Credit Card
ORD10401,2025-09-17,Fashion,Sneakers,220,3,660,East Malaysia,Sarawak,Credit Card
ORD10402,2025-08-06,Home,Desk Lamp,707,4,2828,East Malaysia,Sarawak,Credit Card
ORD10403,2025-09-11,Electronics,Laptop,4424,1,4424,West Malaysia,Selangor,Credit Card
ORD10404,2025-11-18,Home,Coffee Maker,108,1,108,West Malaysia,Kedah,Credit Card
ORD10405,2025-02-07,Home,Office Chair,302,4,1208,East Malaysia,Sabah,Credit Card
ORD10406,2025-02-23,Home,Coffee Maker,212,3,636,East Malaysia,Sarawak,FPX
ORD10407,2025-04-22,Home,Air Purifier,271,1,271,West Malaysia,Kedah,Credit Card
ORD10408,2025-07-02,Home,Coffee Maker,367,3,1101,East Malaysia,Sabah,Credit Card
ORD10409,2025-12-16,Fashion,T-Shirt,100,4,400,East Malaysia,Sarawak,TNG eWallet
ORD10410,2025-07-05,Electronics,Laptop,2213,2,4426,East Malaysia,Sabah,Credit Card
ORD10411,2025-01-22,Electronics,Laptop,2209,3,6627,West Malaysia,Johor,GrabPay
ORD10412,2025-09-04,Fashion,Sneakers,321,4,1284,East Malaysia,Sarawak,Credit Card
ORD10413,2025-07-07,Electronics,Wireless Earbuds,4311,4,17244,East Malaysia,Sarawak,TNG eWallet
ORD10414,2025-07-25,Electronics,Smartphone,3444,4,13776,West Malaysia,Johor,GrabPay
ORD10415,2025-09-17,Electronics,Smartphone,3200,3,9600,East Malaysia,Sabah,GrabPay
ORD10416,2025-01-23,Home,Desk Lamp,251,1,251,East Malaysia,Sabah,FPX
ORD10417,2025-10-11,Fashion,Sneakers,53,1,53,East Malaysia,Sabah,FPX
ORD10418,2025-10-03,Fashion,T-Shirt,58,2,116,West Malaysia,Johor,GrabPay
ORD10419,2025-04-16,Home,Office Chair,628,3,1884,West Malaysia,Johor,Credit Card
ORD10420,2025-08-29,Fashion,Backpack,204,1,204,East Malaysia,Sarawak,Credit Card
ORD10421,2025-10-13,Home,Office Chair,419,4,1676,East Malaysia,Sabah,GrabPay
ORD10422,2025-07-17,Electronics,Laptop,4408,3,13224,West Malaysia,Melaka,FPX
ORD10423,2025-11-10,Electronics,Smartwatch,582,1,582,East Malaysia,Sarawak,GrabPay
ORD10424,2025-03-07,Fashion,Backpack,390,1,390,East Malaysia,Sarawak,FPX
ORD10425,2025-08-11,Fashion,Backpack,345,2,690,West Malaysia,Melaka,FPX
ORD10426,2025-11-18,Fashion,T-Shirt,70,1,70,East Malaysia,Sabah,Credit Card
ORD10427,2025-06-11,Fashion,Backpack,344,3,1032,East Malaysia,Sabah,Credit Card
ORD10428,2025-07-14,Home,Coffee Maker,720,2,1440,West Malaysia,Selangor,Credit Card
ORD10429,2025-11-12,Fashion,T-Shirt,185,2,370,East Malaysia,Sabah,Credit Card
ORD10430,2025-12-18,Home,Coffee Maker,553,3,1659,East Malaysia,Sarawak,FPX
ORD10431,2025-11-16,Electronics,Smartphone,619,4,2476,West Malaysia,Selangor,GrabPay
ORD10432,2025-05-27,Electronics,Wireless Earbuds,539,2,1078,West Malaysia,Melaka,TNG eWallet
ORD10433,2025-05-16,Home,Desk Lamp,213,1,213,West Malaysia,Kuala Lumpur,TNG eWallet
ORD10434,2025-07-04,Fashion,Sunglasses,385,1,385,West Malaysia,Kuala Lumpur,FPX
ORD10435,2025-12-06,Home,Air Purifier,416,1,416,West Malaysia,Pahang,Credit Card
ORD10436,2025-11-11,Fashion,T-Shirt,204,3,612,West Malaysia,Johor,FPX
ORD10437,2025-11-15,Fashion,T-Shirt,157,3,471,East Malaysia,Sabah,TNG eWallet
ORD10438,2025-09-28,Electronics,Laptop,1075,3,3225,West Malaysia,Melaka,Credit Card
ORD10439,2025-03-14,Fashion,T-Shirt,326,2,652,West Malaysia,Johor,FPX
ORD10440,2025-08-19,Home,Coffee Maker,144,2,288,West Malaysia,Kuala Lumpur,FPX
ORD10441,2025-01-02,Electronics,Wireless Earbuds,555,3,1665,West Malaysia,Melaka,TNG eWallet
ORD10442,2025-04-08,Home,Coffee Maker,181,4,724,East Malaysia,Sarawak,Credit Card
ORD10443,2025-09-15,Electronics,Smartphone,4284,1,4284,East Malaysia,Sabah,FPX
ORD10444,2025-04-11,Electronics,Smartwatch,2908,1,2908,East Malaysia,Sabah,Credit Card
ORD10445,2025-03-09,Electronics,Smartphone,1333,4,5332,East Malaysia,Sabah,Credit Card
ORD10446,2025-06-18,Home,Coffee Maker,423,2,846,West Malaysia,Melaka,GrabPay
ORD10447,2025-08-23,Electronics,Wireless Earbuds,4494,4,17976,East Malaysia,Sarawak,FPX
ORD10448,2025-08-14,Fashion,T-Shirt,205,2,410,East Malaysia,Sarawak,FPX
ORD10449,2025-06-13,Home,Air Purifier,654,2,1308,West Malaysia,Kuala Lumpur,Credit Card
ORD10450,2025-05-14,Home,Coffee Maker,544,2,1088,East Malaysia,Sarawak,TNG eWallet
ORD10451,2025-02-03,Electronics,Smartwatch,1711,4,6844,West Malaysia,Perak,Credit Card
ORD10452,2025-02-12,Fashion,Backpack,123,1,123,East Malaysia,Sarawak,TNG eWallet
ORD10453,2025-10-15,Electronics,Smartwatch,2503,1,2503,East Malaysia,Sabah,Credit Card
ORD10454,2025-07-04,Home,Desk Lamp,769,4,3076,East Malaysia,Sabah,FPX
ORD10455,2025-10-28,Home,Coffee Maker,126,2,252,East Malaysia,Sarawak,TNG eWallet
ORD10456,2025-01-18,Fashion,T-Shirt,81,2,162,East Malaysia,Sabah,FPX
ORD10457,2025-06-08,Home,Air Purifier,456,1,456,East Malaysia,Sarawak,Credit Card
ORD10458,2025-12-12,Fashion,Sunglasses,396,3,1188,East Malaysia,Sabah,TNG eWallet
ORD10459,2025-07-25,Electronics,Laptop,850,1,850,East Malaysia,Sarawak,TNG eWallet
ORD10460,2025-03-04,Electronics,Laptop,3253,1,3253,West Malaysia,Penang,FPX
ORD10461,2025-08-23,Fashion,Sunglasses,376,1,376,East Malaysia,Sarawak,FPX
ORD10462,2025-02-02,Electronics,Wireless Earbuds,2870,3,8610,West Malaysia,Kedah,FPX
ORD10463,2025-01-04,Home,Air Purifier,293,3,879,East Malaysia,Sarawak,FPX
ORD10464,2025-02-16,Home,Air Purifier,483,3,1449,East Malaysia,Sarawak,FPX
ORD10465,2025-07-05,Fashion,Sneakers,141,2,282,West Malaysia,Perak,GrabPay
ORD10466,2025-04-05,Fashion,Backpack,260,2,520,West Malaysia,Melaka,GrabPay
ORD10467,2025-02-14,Home,Desk Lamp,751,3,2253,East Malaysia,Sabah,TNG eWallet
ORD10468,2025-04-29,Home,Air Purifier,343,4,1372,East Malaysia,Sarawak,TNG eWallet
ORD10469,2025-02-10,Home,Office Chair,553,4,2212,West Malaysia,Johor,TNG eWallet
ORD10470,2025-01-20,Electronics,Wireless Earbuds,2628,2,5256,East Malaysia,Sarawak,GrabPay
ORD10471,2025-05-31,Electronics,Laptop,4401,1,4401,East Malaysia,Sarawak,Credit Card
ORD10472,2025-07-10,Electronics,Smartphone,842,3,2526,West Malaysia,Pahang,TNG eWallet
ORD10473,2025-09-29,Electronics,Wireless Earbuds,2932,1,2932,East Malaysia,Sarawak,TNG eWallet
ORD10474,2025-09-21,Electronics,Laptop,4086,3,12258,West Malaysia,Melaka,Credit Card
ORD10475,2025-11-01,Fashion,Sunglasses,92,4,368,West Malaysia,Penang,FPX
ORD10476,2025-11-23,Fashion,Backpack,316,4,1264,West Malaysia,Pahang,GrabPay
ORD10477,2025-08-25,Electronics,Smartwatch,2400,1,2400,East Malaysia,Sarawak,FPX
ORD10478,2025-01-05,Home,Desk Lamp,724,3,2172,West Malaysia,Johor,Credit Card
ORD10479,2025-11-13,Home,Office Chair,490,2,980,East Malaysia,Sabah,FPX
ORD10480,2025-08-14,Electronics,Laptop,2713,2,5426,East Malaysia,Sarawak,FPX
ORD10481,2025-03-08,Electronics,Laptop,2270,2,4540,East Malaysia,Sabah,TNG eWallet
ORD10482,2025-09-11,Electronics,Smartphone,1045,2,2090,East Malaysia,Sarawak,GrabPay
ORD10483,2025-09-04,Home,Air Purifier,728,4,2912,East Malaysia,Sabah,Credit Card
ORD10484,2025-04-18,Fashion,Sneakers,349,1,349,East Malaysia,Sabah,TNG eWallet
ORD10485,2025-05-10,Electronics,Smartwatch,4196,2,8392,East Malaysia,Sarawak,GrabPay
ORD10486,2025-02-11,Fashion,Sunglasses,243,4,972,West Malaysia,Selangor,FPX
ORD10487,2025-05-05,Electronics,Wireless Earbuds,1412,4,5648,West Malaysia,Johor,GrabPay
ORD10488,2025-11-08,Electronics,Smartphone,3451,3,10353,West Malaysia,Pahang,TNG eWallet
ORD10489,2025-10-25,Fashion,Backpack,236,1,236,West Malaysia,Pahang,Credit Card
ORD10490,2025-04-15,Home,Air Purifier,249,1,249,West Malaysia,Melaka,Credit Card
ORD10491,2025-02-25,Home,Desk Lamp,292,3,876,East Malaysia,Sabah,GrabPay
ORD10492,2026-01-01,Fashion,Sunglasses,352,3,1056,West Malaysia,Perak,FPX
ORD10493,2025-03-16,Fashion,T-Shirt,134,1,134,East Malaysia,Sabah,Credit Card
ORD10494,2025-01-16,Electronics,Wireless Earbuds,2921,1,2921,West Malaysia,Perak,Credit Card
ORD10495,2025-03-04,Home,Desk Lamp,331,1,331,West Malaysia,Kuala Lumpur,Credit Card
ORD10496,2025-07-10,Home,Coffee Maker,365,2,730,East Malaysia,Sabah,GrabPay
ORD10497,2025-03-06,Home,Office Chair,189,4,756,East Malaysia,Sarawak,FPX
ORD10498,2025-10-11,Home,Air Purifier,586,2,1172,West Malaysia,Penang,TNG eWallet
ORD10499,2025-12-16,Electronics,Smartphone,2487,1,2487,West Malaysia,Pahang,Credit Card
ORD10500,2025-07-18,Home,Desk Lamp,492,3,1476,West Malaysia,Melaka,Credit Card
ORD10501,2025-04-13,Home,Office Chair,106,4,424,West Malaysia,Pahang,FPX
ORD10502,2025-08-01,Fashion,Sneakers,92,3,276,West Malaysia,Perak,Credit Card
ORD10503,2025-10-12,Home,Air Purifier,294,2,588,West Malaysia,Kedah,Credit Card
ORD10504,2025-11-22,Electronics,Wireless Earbuds,3382,1,3382,East Malaysia,Sarawak,GrabPay
ORD10505,2025-11-08,Electronics,Smartwatch,3030,4,12120,East Malaysia,Sabah,Credit Card
ORD10506,2025-02-03,Home,Air Purifier,359,3,1077,East Malaysia,Sabah,GrabPay
ORD10507,2025-08-16,Electronics,Smartwatch,1329,3,3987,West Malaysia,Perak,TNG eWallet
ORD10508,2025-06-18,Electronics,Laptop,392,1,392,West Malaysia,Perak,TNG eWallet
ORD10509,2025-10-27,Electronics,Laptop,1359,2,2718,East Malaysia,Sarawak,FPX
ORD10510,2025-01-23,Home,Coffee Maker,558,1,558,West Malaysia,Pahang,FPX
ORD10511,2025-09-18,Electronics,Smartphone,4380,4,17520,West Malaysia,Johor,GrabPay
ORD10512,2025-10-15,Home,Office Chair,250,3,750,West Malaysia,Pahang,GrabPay
ORD10513,2025-02-12,Fashion,Sneakers,361,2,722,West Malaysia,Selangor,GrabPay
ORD10514,2025-07-05,Fashion,Sunglasses,359,3,1077,East Malaysia,Sabah,FPX
ORD10515,2025-08-05,Home,Office Chair,798,1,798,West Malaysia,Melaka,FPX
ORD10516,2025-11-03,Home,Coffee Maker,780,1,780,East Malaysia,Sabah,Credit Card
ORD10517,2025-10-03,Fashion,Backpack,103,4,412,East Malaysia,Sabah,TNG eWallet
ORD10518,2025-09-10,Fashion,Backpack,81,2,162,West Malaysia,Kuala Lumpur,FPX
ORD10519,2025-02-13,Electronics,Smartwatch,2050,1,2050,West Malaysia,Johor,GrabPay
ORD10520,2025-10-17,Home,Office Chair,140,3,420,East Malaysia,Sabah,Credit Card
ORD10521,2025-08-03,Fashion,Backpack,340,4,1360,East Malaysia,Sarawak,Credit Card
ORD10522,2025-04-05,Fashion,T-Shirt,250,1,250,East Malaysia,Sarawak,FPX
ORD10523,2025-05-13,Fashion,Sneakers,201,1,201,East Malaysia,Sarawak,GrabPay
ORD10524,2025-08-18,Fashion,Sneakers,109,4,436,East Malaysia,Sarawak,GrabPay
ORD10525,2025-11-12,Home,Air Purifier,488,1,488,East Malaysia,Sabah,TNG eWallet
ORD10526,2025-09-18,Home,Office Chair,102,3,306,East Malaysia,Sarawak,GrabPay
ORD10527,2025-06-04,Fashion,Backpack,69,1,69,West Malaysia,Pahang,GrabPay
ORD10528,2025-01-08,Home,Coffee Maker,476,3,1428,East Malaysia,Sarawak,FPX
ORD10529,2025-12-06,Fashion,Sneakers,373,3,1119,West Malaysia,Selangor,Credit Card
ORD10530,2025-10-23,Fashion,Sneakers,194,1,194,East Malaysia,Sarawak,FPX
ORD10531,2025-01-20,Electronics,Smartphone,4237,2,8474,East Malaysia,Sabah,Credit Card
ORD10532,2025-02-24,Electronics,Laptop,2679,1,2679,West Malaysia,Penang,Credit Card
ORD10533,2025-08-30,Electronics,Smartwatch,3121,3,9363,West Malaysia,Johor,GrabPay
ORD10534,2025-10-16,Electronics,Smartwatch,2950,4,11800,East Malaysia,Sabah,FPX
ORD10535,2025-04-12,Fashion,Sunglasses,133,1,133,East Malaysia,Sabah,TNG eWallet
ORD10536,2025-02-24,Electronics,Laptop,4276,2,8552,East Malaysia,Sabah,FPX
ORD10537,2025-05-23,Home,Desk Lamp,794,4,3176,East Malaysia,Sarawak,FPX
ORD10538,2025-07-10,Electronics,Smartwatch,3257,2,6514,East Malaysia,Sarawak,FPX
ORD10539,2025-12-05,Electronics,Smartphone,3816,4,15264,West Malaysia,Pahang,GrabPay
ORD10540,2025-09-01,Home,Office Chair,274,1,274,West Malaysia,Perak,FPX
ORD10541,2025-04-26,Electronics,Laptop,3822,1,3822,West Malaysia,Perak,Credit Card
ORD10542,2025-04-14,Electronics,Laptop,2680,4,10720,West Malaysia,Kuala Lumpur,Credit Card
ORD10543,2025-08-10,Fashion,Backpack,152,2,304,East Malaysia,Sabah,Credit Card
ORD10544,2025-09-24,Electronics,Smartphone,1675,3,5025,East Malaysia,Sarawak,TNG eWallet
ORD10545,2025-04-21,Fashion,Sunglasses,140,2,280,West Malaysia,Kuala Lumpur,TNG eWallet
ORD10546,2025-08-20,Home,Desk Lamp,142,4,568,West Malaysia,Kuala Lumpur,GrabPay
ORD10547,2025-01-13,Electronics,Smartwatch,2549,4,10196,West Malaysia,Melaka,Credit Card
ORD10548,2025-03-06,Fashion,Backpack,186,2,372,West Malaysia,Kedah,Credit Card
ORD10549,2025-12-09,Fashion,Backpack,355,1,355,East Malaysia,Sarawak,FPX
ORD10550,2025-01-31,Home,Coffee Maker,135,2,270,East Malaysia,Sabah,TNG eWallet
ORD10551,2025-05-22,Home,Desk Lamp,697,1,697,East Malaysia,Sabah,GrabPay
ORD10552,2025-08-20,Fashion,Sunglasses,214,4,856,West Malaysia,Pahang,Credit Card
ORD10553,2025-07-21,Electronics,Wireless Earbuds,2413,2,4826,West Malaysia,Kuala Lumpur,FPX
ORD10554,2025-10-27,Home,Coffee Maker,634,3,1902,West Malaysia,Selangor,FPX
ORD10555,2025-01-14,Fashion,T-Shirt,380,1,380,West Malaysia,Melaka,TNG eWallet
ORD10556,2025-10-22,Fashion,Sneakers,319,4,1276,East Malaysia,Sabah,TNG eWallet
ORD10557,2025-11-18,Fashion,Backpack,64,1,64,East Malaysia,Sarawak,FPX
ORD10558,2025-05-09,Fashion,Backpack,340,4,1360,East Malaysia,Sabah,FPX
ORD10559,2025-11-26,Electronics,Smartwatch,1118,1,1118,West Malaysia,Pahang,FPX
ORD10560,2025-07-14,Fashion,Sunglasses,312,2,624,East Malaysia,Sarawak,Credit Card
ORD10561,2025-12-05,Home,Coffee Maker,112,1,112,West Malaysia,Melaka,Credit Card
ORD10562,2025-03-23,Home,Office Chair,184,2,368,West Malaysia,Selangor,TNG eWallet
ORD10563,2025-07-07,Home,Coffee Maker,245,2,490,West Malaysia,Kuala Lumpur,FPX
ORD10564,2025-05-11,Home,Desk Lamp,380,3,1140,West Malaysia,Kuala Lumpur,GrabPay
ORD10565,2025-02-24,Fashion,Sneakers,371,2,742,West Malaysia,Selangor,Credit Card
ORD10566,2025-02-13,Fashion,Sunglasses,175,4,700,West Malaysia,Johor,FPX
ORD10567,2025-02-01,Home,Air Purifier,496,2,992,East Malaysia,Sarawak,Credit Card
ORD10568,2025-04-19,Fashion,Backpack,183,3,549,West Malaysia,Penang,GrabPay
ORD10569,2025-03-06,Home,Coffee Maker,483,1,483,West Malaysia,Melaka,GrabPay
ORD10570,2025-10-17,Home,Air Purifier,392,2,784,West Malaysia,Perak,GrabPay
ORD10571,2025-05-22,Fashion,Backpack,192,4,768,East Malaysia,Sabah,GrabPay
ORD10572,2025-04-06,Fashion,Sunglasses,375,4,1500,East Malaysia,Sarawak,FPX
ORD10573,2025-11-30,Home,Coffee Maker,173,1,173,East Malaysia,Sarawak,GrabPay
ORD10574,2025-10-16,Fashion,Sunglasses,313,2,626,West Malaysia,Johor,FPX
ORD10575,2025-03-26,Electronics,Smartwatch,1926,3,5778,West Malaysia,Johor,Credit Card
ORD10576,2025-12-11,Fashion,T-Shirt,50,2,100,East Malaysia,Sabah,Credit Card
ORD10577,2025-07-15,Home,Desk Lamp,431,1,431,West Malaysia,Perak,GrabPay
ORD10578,2025-11-01,Home,Desk Lamp,543,1,543,East Malaysia,Sarawak,TNG eWallet
ORD10579,2025-06-24,Fashion,Backpack,232,3,696,West Malaysia,Kuala Lumpur,GrabPay
ORD10580,2025-03-21,Home,Desk Lamp,596,4,2384,West Malaysia,Kedah,TNG eWallet
ORD10581,2025-01-24,Fashion,T-Shirt,302,1,302,West Malaysia,Melaka,FPX
ORD10582,2025-05-05,Electronics,Laptop,1681,3,5043,West Malaysia,Penang,GrabPay
ORD10583,2025-08-14,Fashion,Backpack,127,1,127,East Malaysia,Sarawak,FPX
ORD10584,2025-02-23,Electronics,Wireless Earbuds,3971,3,11913,West Malaysia,Pahang,GrabPay
ORD10585,2025-01-24,Home,Office Chair,241,4,964,East Malaysia,Sarawak,TNG eWallet
ORD10586,2025-05-27,Fashion,Sneakers,163,2,326,West Malaysia,Kuala Lumpur,TNG eWallet
ORD10587,2025-12-18,Fashion,T-Shirt,385,4,1540,West Malaysia,Pahang,TNG eWallet
ORD10588,2025-01-12,Home,Office Chair,188,2,376,West Malaysia,Kedah,GrabPay
ORD10589,2025-12-20,Electronics,Smartwatch,1695,1,1695,East Malaysia,Sabah,FPX
ORD10590,2025-11-12,Home,Desk Lamp,318,4,1272,East Malaysia,Sarawak,FPX
ORD10591,2025-01-11,Electronics,Smartphone,2892,3,8676,West Malaysia,Penang,TNG eWallet
ORD10592,2025-01-19,Fashion,Sunglasses,53,4,212,West Malaysia,Penang,GrabPay
ORD10593,2025-01-05,Fashion,T-Shirt,140,3,420,East Malaysia,Sabah,FPX
ORD10594,2025-05-18,Fashion,Sneakers,63,3,189,West Malaysia,Penang,GrabPay
ORD10595,2025-11-06,Fashion,Backpack,206,3,618,East Malaysia,Sarawak,Credit Card
ORD10596,2025-05-06,Home,Office Chair,434,2,868,East Malaysia,Sabah,TNG eWallet
ORD10597,2025-03-12,Fashion,Sunglasses,141,3,423,West Malaysia,Kuala Lumpur,TNG eWallet
ORD10598,2025-11-13,Home,Desk Lamp,754,2,1508,East Malaysia,Sabah,Credit Card
ORD10599,2025-10-15,Home,Desk Lamp,281,2,562,East Malaysia,Sabah,GrabPay
ORD10600,2025-01-26,Fashion,T-Shirt,318,2,636,East Malaysia,Sabah,Credit Card
ORD10601,2025-09-14,Electronics,Laptop,3271,2,6542,East Malaysia,Sabah,TNG eWallet
ORD10602,2025-11-14,Fashion,Sneakers,280,1,280,East Malaysia,Sarawak,GrabPay
ORD10603,2025-07-06,Home,Air Purifier,320,2,640,West Malaysia,Selangor,GrabPay
ORD10604,2025-01-03,Electronics,Laptop,1509,1,1509,East Malaysia,Sarawak,TNG eWallet
ORD10605,2025-11-21,Home,Air Purifier,366,2,732,East Malaysia,Sarawak,GrabPay
ORD10606,2025-06-28,Fashion,T-Shirt,374,1,374,East Malaysia,Sabah,GrabPay
ORD10607,2025-07-24,Home,Coffee Maker,695,1,695,East Malaysia,Sarawak,TNG eWallet
ORD10608,2025-03-19,Electronics,Laptop,3018,1,3018,West Malaysia,Selangor,Credit Card
ORD10609,2025-11-28,Home,Desk Lamp,618,2,1236,East Malaysia,Sabah,Credit Card
ORD10610,2025-12-23,Electronics,Wireless Earbuds,3909,1,3909,West Malaysia,Melaka,GrabPay
ORD10611,2025-12-07,Fashion,Sunglasses,189,2,378,West Malaysia,Pahang,GrabPay
ORD10612,2025-01-05,Fashion,Sunglasses,382,2,764,West Malaysia,Melaka,FPX
ORD10613,2025-10-28,Electronics,Laptop,3880,3,11640,West Malaysia,Melaka,TNG eWallet
ORD10614,2025-01-20,Fashion,Backpack,241,4,964,East Malaysia,Sarawak,Credit Card
ORD10615,2025-08-05,Electronics,Smartwatch,2947,3,8841,East Malaysia,Sarawak,TNG eWallet
ORD10616,2025-02-17,Home,Air Purifier,513,2,1026,West Malaysia,Penang,FPX
ORD10617,2025-09-09,Electronics,Smartwatch,3584,2,7168,West Malaysia,Kedah,GrabPay
ORD10618,2025-02-01,Fashion,T-Shirt,101,2,202,East Malaysia,Sarawak,TNG eWallet
ORD10619,2025-02-12,Home,Desk Lamp,181,3,543,West Malaysia,Selangor,TNG eWallet
ORD10620,2025-09-04,Electronics,Laptop,3060,3,9180,West Malaysia,Melaka,FPX
ORD10621,2025-04-15,Electronics,Smartwatch,2229,1,2229,East Malaysia,Sarawak,Credit Card
ORD10622,2025-05-17,Fashion,T-Shirt,353,3,1059,East Malaysia,Sabah,Credit Card
ORD10623,2025-06-12,Home,Air Purifier,194,3,582,East Malaysia,Sarawak,Credit Card
ORD10624,2025-07-28,Home,Desk Lamp,126,3,378,West Malaysia,Kuala Lumpur,Credit Card
ORD10625,2025-12-07,Electronics,Smartphone,2771,1,2771,East Malaysia,Sabah,TNG eWallet
ORD10626,2025-02-18,Electronics,Laptop,1829,4,7316,East Malaysia,Sabah,TNG eWallet
ORD10627,2025-03-15,Fashion,Sunglasses,151,2,302,East Malaysia,Sarawak,TNG eWallet
ORD10628,2025-11-02,Electronics,Laptop,2354,3,7062,West Malaysia,Kuala Lumpur,TNG eWallet
ORD10629,2025-01-22,Home,Desk Lamp,327,1,327,West Malaysia,Kuala Lumpur,FPX
ORD10630,2025-11-04,Electronics,Laptop,2803,4,11212,West Malaysia,Kuala Lumpur,FPX
ORD10631,2025-06-01,Fashion,Sunglasses,190,3,570,West Malaysia,Pahang,GrabPay
ORD10632,2025-08-15,Electronics,Wireless Earbuds,3073,3,9219,East Malaysia,Sarawak,GrabPay
ORD10633,2025-08-23,Home,Office Chair,102,2,204,East Malaysia,Sarawak,GrabPay
ORD10634,2025-01-22,Fashion,Backpack,163,3,489,West Malaysia,Melaka,FPX
ORD10635,2025-02-15,Electronics,Wireless Earbuds,3508,3,10524,East Malaysia,Sarawak,TNG eWallet
ORD10636,2025-08-16,Electronics,Smartphone,3753,2,7506,West Malaysia,Penang,Credit Card
ORD10637,2025-12-10,Fashion,Sunglasses,209,2,418,West Malaysia,Kedah,Credit Card
ORD10638,2025-11-04,Home,Office Chair,280,1,280,West Malaysia,Melaka,FPX
ORD10639,2025-07-19,Electronics,Wireless Earbuds,2683,1,2683,West Malaysia,Melaka,TNG eWallet
ORD10640,2025-05-29,Fashion,Sunglasses,305,2,610,West Malaysia,Kedah,Credit Card
ORD10641,2025-08-27,Electronics,Smartwatch,2634,1,2634,West Malaysia,Pahang,FPX
ORD10642,2025-06-12,Fashion,T-Shirt,222,2,444,East Malaysia,Sabah,Credit Card
ORD10643,2025-06-30,Home,Office Chair,242,1,242,West Malaysia,Perak,Credit Card
ORD10644,2025-03-19,Home,Office Chair,250,2,500,West Malaysia,Kedah,TNG eWallet
ORD10645,2025-09-15,Fashion,Sunglasses,289,2,578,East Malaysia,Sarawak,TNG eWallet
ORD10646,2025-04-26,Fashion,Sneakers,388,3,1164,East Malaysia,Sarawak,GrabPay
ORD10647,2025-06-10,Electronics,Smartwatch,1563,4,6252,West Malaysia,Johor,TNG eWallet
ORD10648,2025-03-27,Home,Coffee Maker,221,3,663,East Malaysia,Sarawak,GrabPay
ORD10649,2025-02-26,Fashion,T-Shirt,121,2,242,West Malaysia,Melaka,GrabPay
ORD10650,2025-04-22,Home,Coffee Maker,712,1,712,East Malaysia,Sabah,GrabPay
ORD10651,2025-11-30,Electronics,Smartwatch,1254,2,2508,East Malaysia,Sarawak,Credit Card
ORD10652,2025-04-20,Electronics,Wireless Earbuds,1032,3,3096,East Malaysia,Sarawak,TNG eWallet
ORD10653,2025-06-16,Home,Coffee Maker,704,3,2112,East Malaysia,Sabah,FPX
ORD10654,2025-08-28,Electronics,Smartphone,1554,4,6216,East Malaysia,Sarawak,Credit Card
ORD10655,2025-11-19,Home,Desk Lamp,122,2,244,West Malaysia,Kuala Lumpur,TNG eWallet
ORD10656,2025-04-25,Home,Office Chair,350,2,700,East Malaysia,Sarawak,TNG eWallet
ORD10657,2025-04-05,Fashion,Sneakers,369,3,1107,West Malaysia,Melaka,FPX
ORD10658,2025-02-18,Electronics,Smartphone,2210,4,8840,West Malaysia,Kedah,GrabPay
ORD10659,2025-06-24,Home,Office Chair,508,1,508,East Malaysia,Sabah,FPX
ORD10660,2025-07-16,Fashion,T-Shirt,308,4,1232,West Malaysia,Melaka,GrabPay
ORD10661,2025-03-23,Home,Desk Lamp,628,2,1256,East Malaysia,Sarawak,TNG eWallet
ORD10662,2025-04-09,Home,Coffee Maker,509,2,1018,East Malaysia,Sarawak,GrabPay
ORD10663,2025-06-08,Home,Office Chair,480,1,480,West Malaysia,Kuala Lumpur,TNG eWallet
ORD10664,2025-12-13,Electronics,Wireless Earbuds,4157,1,4157,East Malaysia,Sabah,TNG eWallet
ORD10665,2025-03-10,Electronics,Smartphone,3076,2,6152,East Malaysia,Sabah,GrabPay
ORD10666,2025-01-27,Fashion,Sunglasses,244,2,488,East Malaysia,Sarawak,TNG eWallet
ORD10667,2025-04-01,Home,Air Purifier,235,2,470,East Malaysia,Sarawak,GrabPay
ORD10668,2025-12-13,Fashion,T-Shirt,73,1,73,West Malaysia,Johor,FPX
ORD10669,2025-02-09,Home,Air Purifier,635,4,2540,West Malaysia,Perak,FPX
ORD10670,2025-09-27,Home,Air Purifier,381,4,1524,East Malaysia,Sarawak,GrabPay
ORD10671,2025-11-14,Home,Office Chair,413,4,1652,West Malaysia,Pahang,TNG eWallet
ORD10672,2025-01-11,Fashion,Sunglasses,118,1,118,East Malaysia,Sarawak,GrabPay
ORD10673,2025-08-18,Fashion,T-Shirt,342,3,1026,East Malaysia,Sarawak,TNG eWallet
ORD10674,2025-04-18,Fashion,T-Shirt,304,2,608,West Malaysia,Kedah,TNG eWallet
ORD10675,2025-09-02,Electronics,Smartphone,1889,1,1889,East Malaysia,Sabah,TNG eWallet
ORD10676,2025-11-23,Fashion,Backpack,113,2,226,East Malaysia,Sarawak,Credit Card
ORD10677,2025-07-05,Home,Air Purifier,791,4,3164,West Malaysia,Perak,FPX
ORD10678,2025-03-27,Home,Air Purifier,714,3,2142,West Malaysia,Pahang,GrabPay
ORD10679,2025-06-16,Fashion,Sneakers,221,3,663,West Malaysia,Kedah,Credit Card
ORD10680,2025-02-11,Electronics,Laptop,431,2,862,East Malaysia,Sarawak,FPX
ORD10681,2025-03-09,Fashion,Sunglasses,88,4,352,East Malaysia,Sabah,Credit Card
ORD10682,2025-03-31,Home,Desk Lamp,599,4,2396,East Malaysia,Sabah,FPX
ORD10683,2025-09-21,Fashion,Sneakers,143,2,286,East Malaysia,Sarawak,GrabPay
ORD10684,2025-05-13,Electronics,Smartwatch,4244,2,8488,East Malaysia,Sarawak,TNG eWallet
ORD10685,2025-07-12,Electronics,Laptop,1519,2,3038,East Malaysia,Sarawak,FPX
ORD10686,2025-10-30,Home,Office Chair,621,4,2484,East Malaysia,Sarawak,GrabPay
ORD10687,2025-03-29,Fashion,Backpack,372,4,1488,West Malaysia,Kedah,GrabPay
ORD10688,2025-03-20,Electronics,Smartwatch,798,2,1596,West Malaysia,Johor,FPX
ORD10689,2025-06-20,Electronics,Laptop,4265,1,4265,West Malaysia,Kedah,GrabPay
ORD10690,2025-06-07,Fashion,Sunglasses,255,2,510,West Malaysia,Melaka,FPX
ORD10691,2025-06-23,Electronics,Laptop,2332,1,2332,East Malaysia,Sabah,FPX
ORD10692,2025-09-15,Home,Desk Lamp,567,4,2268,West Malaysia,Pahang,Credit Card
ORD10693,2025-11-20,Fashion,Sunglasses,286,4,1144,West Malaysia,Kedah,TNG eWallet
ORD10694,2025-08-04,Electronics,Laptop,1034,4,4136,West Malaysia,Penang,GrabPay
ORD10695,2025-02-20,Home,Office Chair,743,3,2229,East Malaysia,Sabah,FPX
ORD10696,2025-01-17,Home,Office Chair,185,4,740,East Malaysia,Sarawak,GrabPay
ORD10697,2025-12-30,Fashion,Sunglasses,379,3,1137,West Malaysia,Pahang,Credit Card
ORD10698,2025-06-30,Fashion,Sneakers,163,1,163,West Malaysia,Selangor,Credit Card
ORD10699,2025-03-03,Home,Office Chair,426,1,426,West Malaysia,Perak,TNG eWallet
ORD10700,2025-01-17,Electronics,Wireless Earbuds,3662,2,7324,West Malaysia,Johor,GrabPay
ORD10701,2025-12-30,Electronics,Smartphone,1736,4,6944,East Malaysia,Sabah,GrabPay
ORD10702,2025-05-10,Electronics,Smartwatch,3986,3,11958,East Malaysia,Sarawak,TNG eWallet
ORD10703,2025-12-29,Electronics,Smartwatch,2538,4,10152,West Malaysia,Melaka,GrabPay
ORD10704,2025-07-16,Home,Coffee Maker,552,3,1656,East Malaysia,Sarawak,GrabPay
ORD10705,2025-12-29,Fashion,Backpack,201,4,804,East Malaysia,Sarawak,TNG eWallet
ORD10706,2025-10-02,Home,Air Purifier,597,4,2388,East Malaysia,Sarawak,GrabPay
ORD10707,2025-01-19,Electronics,Smartwatch,312,3,936,West Malaysia,Kuala Lumpur,Credit Card
ORD10708,2025-06-15,Fashion,Sneakers,127,4,508,East Malaysia,Sabah,GrabPay
ORD10709,2025-02-08,Home,Desk Lamp,542,2,1084,East Malaysia,Sabah,FPX
ORD10710,2025-02-17,Fashion,Sunglasses,224,1,224,East Malaysia,Sarawak,TNG eWallet
ORD10711,2025-02-18,Electronics,Laptop,1111,4,4444,West Malaysia,Melaka,Credit Card
ORD10712,2025-08-21,Electronics,Laptop,706,1,706,East Malaysia,Sarawak,TNG eWallet
ORD10713,2025-07-23,Electronics,Smartwatch,2968,3,8904,East Malaysia,Sarawak,Credit Card
ORD10714,2025-11-15,Electronics,Laptop,1543,3,4629,West Malaysia,Penang,TNG eWallet
ORD10715,2025-03-01,Electronics,Wireless Earbuds,3690,3,11070,East Malaysia,Sabah,GrabPay
ORD10716,2025-01-31,Fashion,Sneakers,340,3,1020,East Malaysia,Sabah,FPX
ORD10717,2025-08-19,Fashion,Backpack,340,4,1360,West Malaysia,Kuala Lumpur,FPX
ORD10718,2025-12-22,Home,Desk Lamp,576,1,576,West Malaysia,Perak,Credit Card
ORD10719,2025-05-13,Fashion,T-Shirt,66,1,66,East Malaysia,Sarawak,Credit Card
ORD10720,2025-08-12,Fashion,Sneakers,80,2,160,East Malaysia,Sabah,FPX
ORD10721,2025-03-13,Fashion,Backpack,243,2,486,West Malaysia,Melaka,Credit Card
ORD10722,2025-05-17,Fashion,Backpack,364,4,1456,East Malaysia,Sabah,TNG eWallet
ORD10723,2025-09-08,Electronics,Wireless Earbuds,1534,4,6136,East Malaysia,Sabah,TNG eWallet
ORD10724,2025-02-25,Fashion,T-Shirt,326,2,652,West Malaysia,Kedah,GrabPay
ORD10725,2025-06-13,Home,Air Purifier,524,4,2096,West Malaysia,Selangor,TNG eWallet
ORD10726,2025-10-24,Fashion,Backpack,171,1,171,East Malaysia,Sarawak,GrabPay
ORD10727,2025-10-06,Fashion,Sunglasses,277,1,277,West Malaysia,Melaka,GrabPay
ORD10728,2025-10-05,Fashion,Sneakers,243,2,486,East Malaysia,Sarawak,TNG eWallet
ORD10729,2025-12-24,Fashion,T-Shirt,241,3,723,West Malaysia,Selangor,GrabPay
ORD10730,2025-12-16,Home,Desk Lamp,513,2,1026,East Malaysia,Sarawak,TNG eWallet
ORD10731,2025-01-22,Electronics,Laptop,2807,4,11228,East Malaysia,Sabah,Credit Card
ORD10732,2025-01-17,Fashion,Backpack,342,2,684,East Malaysia,Sarawak,TNG eWallet
ORD10733,2025-07-24,Home,Desk Lamp,314,2,628,West Malaysia,Kedah,Credit Card
ORD10734,2025-07-02,Home,Desk Lamp,577,2,1154,West Malaysia,Perak,TNG eWallet
ORD10735,2025-01-02,Home,Office Chair,211,2,422,East Malaysia,Sabah,TNG eWallet
ORD10736,2025-03-10,Electronics,Smartphone,626,4,2504,East Malaysia,Sabah,Credit Card
ORD10737,2025-07-12,Electronics,Wireless Earbuds,2849,2,5698,East Malaysia,Sarawak,GrabPay
ORD10738,2025-01-16,Electronics,Smartphone,634,3,1902,East Malaysia,Sarawak,FPX
ORD10739,2026-01-01,Home,Office Chair,164,1,164,West Malaysia,Selangor,Credit Card
ORD10740,2025-03-29,Fashion,Sneakers,52,4,208,West Malaysia,Kedah,GrabPay
ORD10741,2025-07-18,Fashion,Sunglasses,104,2,208,East Malaysia,Sarawak,FPX
ORD10742,2025-01-03,Electronics,Smartwatch,2758,1,2758,West Malaysia,Penang,TNG eWallet
ORD10743,2025-08-20,Electronics,Wireless Earbuds,1291,3,3873,West Malaysia,Johor,FPX
ORD10744,2025-12-08,Home,Office Chair,537,2,1074,West Malaysia,Kedah,TNG eWallet
ORD10745,2025-11-09,Fashion,Backpack,208,3,624,West Malaysia,Johor,GrabPay
ORD10746,2025-05-11,Home,Coffee Maker,742,3,2226,West Malaysia,Pahang,Credit Card
ORD10747,2025-01-08,Home,Air Purifier,481,4,1924,East Malaysia,Sabah,TNG eWallet
ORD10748,2025-12-18,Electronics,Laptop,3855,4,15420,East Malaysia,Sarawak,FPX
ORD10749,2025-11-29,Fashion,Sunglasses,263,2,526,East Malaysia,Sarawak,TNG eWallet
ORD10750,2025-11-07,Fashion,Sneakers,177,3,531,East Malaysia,Sabah,FPX
ORD10751,2025-12-26,Home,Office Chair,209,1,209,East Malaysia,Sarawak,FPX
ORD10752,2025-10-19,Fashion,Sunglasses,232,1,232,West Malaysia,Johor,TNG eWallet
ORD10753,2025-07-14,Fashion,Backpack,158,2,316,West Malaysia,Penang,FPX
ORD10754,2025-11-12,Electronics,Smartphone,3231,2,6462,West Malaysia,Melaka,FPX
ORD10755,2025-11-13,Electronics,Laptop,3893,2,7786,West Malaysia,Kedah,TNG eWallet
ORD10756,2025-05-20,Home,Air Purifier,391,2,782,East Malaysia,Sarawak,GrabPay
ORD10757,2025-02-06,Fashion,Sunglasses,141,3,423,East Malaysia,Sabah,Credit Card
ORD10758,2025-03-02,Electronics,Wireless Earbuds,2668,1,2668,East Malaysia,Sarawak,Credit Card
ORD10759,2025-06-09,Home,Desk Lamp,235,4,940,East Malaysia,Sabah,Credit Card
ORD10760,2025-01-28,Home,Air Purifier,375,4,1500,East Malaysia,Sarawak,TNG eWallet
ORD10761,2025-10-15,Fashion,Sunglasses,184,2,368,East Malaysia,Sarawak,FPX
ORD10762,2025-06-20,Home,Air Purifier,554,3,1662,West Malaysia,Perak,FPX
ORD10763,2025-03-30,Fashion,Sunglasses,198,2,396,West Malaysia,Kuala Lumpur,TNG eWallet
ORD10764,2025-06-09,Home,Coffee Maker,299,4,1196,East Malaysia,Sarawak,GrabPay
ORD10765,2025-05-31,Electronics,Laptop,4055,3,12165,East Malaysia,Sabah,FPX
ORD10766,2025-02-03,Electronics,Laptop,3284,1,3284,East Malaysia,Sarawak,FPX
ORD10767,2025-01-17,Electronics,Laptop,4174,4,16696,East Malaysia,Sarawak,TNG eWallet
ORD10768,2025-03-31,Fashion,T-Shirt,159,1,159,East Malaysia,Sarawak,Credit Card
ORD10769,2025-03-27,Electronics,Laptop,4334,4,17336,East Malaysia,Sarawak,TNG eWallet
ORD10770,2025-03-01,Home,Desk Lamp,341,2,682,West Malaysia,Selangor,TNG eWallet
ORD10771,2025-06-07,Home,Coffee Maker,146,1,146,West Malaysia,Melaka,Credit Card
ORD10772,2025-11-03,Home,Coffee Maker,435,3,1305,West Malaysia,Kuala Lumpur,GrabPay
ORD10773,2025-07-12,Fashion,Sunglasses,68,3,204,East Malaysia,Sarawak,TNG eWallet
ORD10774,2025-05-22,Electronics,Laptop,2228,4,8912,West Malaysia,Melaka,GrabPay
ORD10775,2025-09-29,Home,Desk Lamp,479,4,1916,East Malaysia,Sarawak,TNG eWallet
ORD10776,2025-02-25,Electronics,Laptop,3895,1,3895,West Malaysia,Johor,GrabPay
ORD10777,2025-04-07,Home,Office Chair,567,1,567,East Malaysia,Sarawak,GrabPay
ORD10778,2025-10-01,Fashion,Sneakers,70,3,210,East Malaysia,Sarawak,Credit Card
ORD10779,2025-11-01,Fashion,Backpack,386,3,1158,East Malaysia,Sabah,TNG eWallet
ORD10780,2025-08-23,Fashion,Backpack,281,4,1124,East Malaysia,Sarawak,Credit Card
ORD10781,2025-07-26,Home,Air Purifier,285,3,855,East Malaysia,Sabah,FPX
ORD10782,2025-01-27,Electronics,Laptop,2599,3,7797,West Malaysia,Melaka,Credit Card
ORD10783,2025-06-13,Electronics,Smartphone,310,1,310,East Malaysia,Sarawak,Credit Card
ORD10784,2025-03-06,Electronics,Wireless Earbuds,1062,1,1062,East Malaysia,Sabah,FPX
ORD10785,2025-12-14,Electronics,Smartphone,569,2,1138,West Malaysia,Selangor,TNG eWallet
ORD10786,2025-09-10,Electronics,Laptop,1435,4,5740,East Malaysia,Sarawak,FPX
ORD10787,2025-02-23,Fashion,T-Shirt,99,4,396,East Malaysia,Sarawak,TNG eWallet
ORD10788,2025-05-09,Electronics,Smartphone,2049,3,6147,West Malaysia,Kedah,GrabPay
ORD10789,2025-12-14,Fashion,Backpack,97,3,291,West Malaysia,Melaka,GrabPay
ORD10790,2025-05-22,Home,Air Purifier,793,3,2379,East Malaysia,Sabah,Credit Card
ORD10791,2025-07-12,Home,Air Purifier,649,1,649,West Malaysia,Perak,FPX
ORD10792,2025-10-21,Electronics,Laptop,2280,3,6840,West Malaysia,Penang,TNG eWallet
ORD10793,2025-03-25,Electronics,Smartwatch,2556,2,5112,East Malaysia,Sabah,GrabPay
ORD10794,2025-08-11,Fashion,Sneakers,116,4,464,East Malaysia,Sabah,Credit Card
ORD10795,2025-01-18,Fashion,Sunglasses,110,2,220,West Malaysia,Selangor,Credit Card
ORD10796,2025-09-17,Home,Office Chair,273,3,819,West Malaysia,Kuala Lumpur,TNG eWallet
ORD10797,2025-04-27,Home,Air Purifier,732,4,2928,West Malaysia,Melaka,GrabPay
ORD10798,2025-02-25,Fashion,Sneakers,130,4,520,West Malaysia,Melaka,Credit Card
ORD10799,2025-07-11,Fashion,Sunglasses,120,4,480,East Malaysia,Sabah,Credit Card
ORD10800,2025-06-09,Fashion,Sneakers,390,1,390,West Malaysia,Perak,TNG eWallet
ORD10801,2025-08-16,Home,Office Chair,429,1,429,East Malaysia,Sabah,GrabPay
ORD10802,2025-05-23,Home,Air Purifier,225,1,225,East Malaysia,Sarawak,FPX
ORD10803,2025-10-25,Home,Coffee Maker,413,3,1239,West Malaysia,Pahang,GrabPay
ORD10804,2025-07-29,Home,Coffee Maker,541,2,1082,West Malaysia,Penang,GrabPay
ORD10805,2025-06-04,Home,Desk Lamp,313,2,626,East Malaysia,Sabah,TNG eWallet
ORD10806,2025-12-25,Fashion,Backpack,123,3,369,West Malaysia,Perak,Credit Card
ORD10807,2025-07-12,Electronics,Smartphone,4251,4,17004,West Malaysia,Johor,GrabPay
ORD10808,2025-04-18,Electronics,Smartwatch,1998,4,7992,West Malaysia,Kedah,Credit Card
ORD10809,2025-02-23,Fashion,Sunglasses,391,4,1564,West Malaysia,Pahang,FPX
ORD10810,2025-02-11,Home,Desk Lamp,531,1,531,West Malaysia,Penang,TNG eWallet
ORD10811,2025-10-24,Electronics,Smartphone,3611,3,10833,East Malaysia,Sarawak,Credit Card
ORD10812,2025-08-26,Home,Desk Lamp,370,1,370,East Malaysia,Sabah,FPX
ORD10813,2025-07-24,Electronics,Wireless Earbuds,934,4,3736,East Malaysia,Sabah,Credit Card
ORD10814,2025-03-12,Home,Air Purifier,273,4,1092,West Malaysia,Pahang,TNG eWallet
ORD10815,2025-10-30,Fashion,Backpack,253,2,506,East Malaysia,Sarawak,FPX
ORD10816,2025-09-14,Electronics,Smartwatch,3222,2,6444,East Malaysia,Sabah,Credit Card
ORD10817,2025-07-05,Fashion,Sneakers,398,3,1194,West Malaysia,Selangor,TNG eWallet
ORD10818,2025-12-29,Fashion,Backpack,72,4,288,West Malaysia,Kedah,GrabPay
ORD10819,2025-03-20,Electronics,Smartphone,4245,1,4245,West Malaysia,Kedah,FPX
ORD10820,2025-04-03,Home,Air Purifier,658,2,1316,West Malaysia,Penang,GrabPay
ORD10821,2025-02-18,Fashion,Sneakers,104,2,208,East Malaysia,Sarawak,TNG eWallet
ORD10822,2025-07-22,Fashion,Backpack,251,3,753,West Malaysia,Pahang,GrabPay
ORD10823,2025-09-27,Home,Office Chair,579,4,2316,West Malaysia,Melaka,TNG eWallet
ORD10824,2025-07-29,Home,Coffee Maker,761,4,3044,West Malaysia,Penang,Credit Card
ORD10825,2025-07-16,Home,Desk Lamp,154,3,462,East Malaysia,Sabah,FPX
ORD10826,2025-02-21,Fashion,T-Shirt,118,1,118,West Malaysia,Melaka,GrabPay
ORD10827,2025-11-14,Electronics,Smartwatch,704,2,1408,West Malaysia,Pahang,FPX
ORD10828,2025-11-24,Home,Desk Lamp,693,3,2079,East Malaysia,Sarawak,TNG eWallet
ORD10829,2025-08-06,Home,Air Purifier,148,1,148,West Malaysia,Kuala Lumpur,TNG eWallet
ORD10830,2025-11-13,Fashion,Sunglasses,392,2,784,East Malaysia,Sarawak,GrabPay
ORD10831,2025-10-30,Fashion,Backpack,396,1,396,West Malaysia,Pahang,Credit Card
ORD10832,2025-02-23,Fashion,Backpack,138,4,552,East Malaysia,Sarawak,TNG eWallet
ORD10833,2025-05-15,Fashion,Backpack,383,4,1532,West Malaysia,Perak,FPX
ORD10834,2025-04-11,Fashion,Sneakers,144,4,576,West Malaysia,Perak,TNG eWallet
ORD10835,2025-12-05,Fashion,Sneakers,89,1,89,West Malaysia,Kedah,GrabPay
ORD10836,2025-12-30,Home,Air Purifier,387,1,387,West Malaysia,Penang,FPX
ORD10837,2025-12-14,Fashion,T-Shirt,170,2,340,East Malaysia,Sabah,TNG eWallet
ORD10838,2025-05-17,Home,Office Chair,528,2,1056,West Malaysia,Perak,TNG eWallet
ORD10839,2025-03-01,Electronics,Wireless Earbuds,3152,4,12608,West Malaysia,Perak,FPX
ORD10840,2025-08-19,Electronics,Smartphone,469,3,1407,East Malaysia,Sarawak,FPX
ORD10841,2025-12-07,Home,Coffee Maker,660,3,1980,West Malaysia,Perak,TNG eWallet
ORD10842,2025-02-01,Home,Coffee Maker,689,3,2067,West Malaysia,Melaka,Credit Card
ORD10843,2025-10-10,Fashion,Backpack,113,4,452,East Malaysia,Sabah,FPX
ORD10844,2025-05-10,Electronics,Smartphone,2865,4,11460,East Malaysia,Sarawak,FPX
ORD10845,2025-12-01,Electronics,Wireless Earbuds,4235,4,16940,West Malaysia,Pahang,TNG eWallet
ORD10846,2025-08-16,Electronics,Laptop,3292,4,13168,East Malaysia,Sabah,TNG eWallet
ORD10847,2025-11-15,Fashion,T-Shirt,391,3,1173,West Malaysia,Melaka,GrabPay
ORD10848,2025-05-26,Home,Coffee Maker,781,2,1562,East Malaysia,Sabah,Credit Card
ORD10849,2025-01-02,Electronics,Smartphone,3276,4,13104,East Malaysia,Sarawak,Credit Card
ORD10850,2025-10-20,Fashion,Backpack,333,3,999,East Malaysia,Sabah,FPX
ORD10851,2025-04-03,Fashion,T-Shirt,339,3,1017,West Malaysia,Melaka,Credit Card
ORD10852,2025-06-10,Fashion,Sunglasses,336,2,672,East Malaysia,Sabah,FPX
ORD10853,2025-03-01,Electronics,Smartwatch,2454,3,7362,East Malaysia,Sabah,TNG eWallet
ORD10854,2025-12-30,Fashion,Backpack,332,3,996,West Malaysia,Kedah,TNG eWallet
ORD10855,2025-11-03,Fashion,Sunglasses,124,1,124,West Malaysia,Johor,FPX
ORD10856,2025-04-28,Electronics,Smartphone,3573,3,10719,West Malaysia,Kedah,GrabPay
ORD10857,2025-06-01,Home,Office Chair,168,3,504,East Malaysia,Sabah,TNG eWallet
ORD10858,2025-12-11,Home,Coffee Maker,514,4,2056,East Malaysia,Sabah,Credit Card
ORD10859,2025-05-04,Fashion,Backpack,390,4,1560,East Malaysia,Sabah,FPX
ORD10860,2025-06-26,Electronics,Wireless Earbuds,2584,4,10336,East Malaysia,Sarawak,TNG eWallet
ORD10861,2025-12-25,Home,Air Purifier,255,2,510,East Malaysia,Sabah,GrabPay
ORD10862,2025-07-30,Home,Coffee Maker,204,1,204,East Malaysia,Sarawak,Credit Card
ORD10863,2025-09-10,Home,Office Chair,526,4,2104,West Malaysia,Pahang,Credit Card
ORD10864,2025-07-04,Home,Desk Lamp,791,1,791,West Malaysia,Kuala Lumpur,TNG eWallet
ORD10865,2025-01-03,Home,Desk Lamp,470,2,940,West Malaysia,Pahang,Credit Card
ORD10866,2025-10-19,Fashion,Backpack,60,3,180,East Malaysia,Sabah,FPX
ORD10867,2025-11-10,Electronics,Wireless Earbuds,1826,3,5478,West Malaysia,Perak,FPX
ORD10868,2025-05-29,Fashion,Sneakers,381,2,762,West Malaysia,Kuala Lumpur,TNG eWallet
ORD10869,2025-12-21,Home,Desk Lamp,231,2,462,East Malaysia,Sarawak,FPX
ORD10870,2025-08-23,Fashion,Backpack,217,2,434,West Malaysia,Perak,GrabPay
ORD10871,2025-09-21,Home,Desk Lamp,417,2,834,West Malaysia,Kedah,Credit Card
ORD10872,2025-09-23,Home,Air Purifier,608,1,608,East Malaysia,Sarawak,FPX
ORD10873,2025-07-28,Fashion,T-Shirt,298,2,596,West Malaysia,Kedah,GrabPay
ORD10874,2025-12-05,Home,Air Purifier,663,3,1989,East Malaysia,Sabah,FPX
ORD10875,2025-03-16,Home,Coffee Maker,590,1,590,East Malaysia,Sarawak,TNG eWallet
ORD10876,2025-02-07,Fashion,T-Shirt,209,3,627,East Malaysia,Sabah,TNG eWallet
ORD10877,2025-02-24,Home,Desk Lamp,469,3,1407,West Malaysia,Melaka,TNG eWallet
ORD10878,2025-05-17,Home,Office Chair,129,2,258,West Malaysia,Kuala Lumpur,Credit Card
ORD10879,2025-03-24,Home,Office Chair,518,2,1036,East Malaysia,Sabah,FPX
ORD10880,2025-05-07,Electronics,Smartphone,1412,4,5648,West Malaysia,Penang,FPX
ORD10881,2025-03-03,Home,Office Chair,249,4,996,East Malaysia,Sabah,FPX
ORD10882,2025-09-27,Home,Air Purifier,274,1,274,West Malaysia,Perak,TNG eWallet
ORD10883,2025-09-14,Electronics,Smartphone,1277,1,1277,East Malaysia,Sarawak,GrabPay
ORD10884,2025-04-02,Electronics,Smartwatch,1727,2,3454,West Malaysia,Selangor,FPX
ORD10885,2025-11-02,Fashion,Backpack,278,3,834,East Malaysia,Sarawak,FPX
ORD10886,2025-04-27,Fashion,Sunglasses,333,4,1332,West Malaysia,Pahang,FPX
ORD10887,2025-03-27,Fashion,Backpack,213,3,639,East Malaysia,Sabah,GrabPay
ORD10888,2025-07-25,Fashion,Backpack,166,1,166,West Malaysia,Kuala Lumpur,Credit Card
ORD10889,2025-02-04,Home,Coffee Maker,181,2,362,West Malaysia,Pahang,FPX
ORD10890,2025-11-15,Home,Desk Lamp,132,3,396,East Malaysia,Sarawak,FPX
ORD10891,2025-07-22,Home,Air Purifier,438,2,876,East Malaysia,Sabah,GrabPay
ORD10892,2025-12-01,Electronics,Laptop,391,1,391,West Malaysia,Melaka,GrabPay
ORD10893,2025-10-06,Home,Air Purifier,660,3,1980,East Malaysia,Sabah,TNG eWallet
ORD10894,2025-05-24,Home,Coffee Maker,364,3,1092,East Malaysia,Sarawak,FPX
ORD10895,2025-01-08,Home,Air Purifier,457,1,457,East Malaysia,Sabah,FPX
ORD10896,2025-04-13,Fashion,Sneakers,258,2,516,West Malaysia,Kuala Lumpur,GrabPay
ORD10897,2025-05-10,Electronics,Laptop,706,4,2824,West Malaysia,Johor,GrabPay
ORD10898,2025-06-25,Electronics,Wireless Earbuds,3315,3,9945,West Malaysia,Kedah,Credit Card
ORD10899,2025-05-30,Fashion,Sneakers,77,1,77,West Malaysia,Johor,GrabPay
ORD10900,2025-01-04,Home,Air Purifier,119,1,119,East Malaysia,Sabah,TNG eWallet
ORD10901,2025-04-30,Electronics,Smartphone,3871,3,11613,West Malaysia,Selangor,Credit Card
ORD10902,2025-12-18,Home,Office Chair,216,4,864,East Malaysia,Sabah,TNG eWallet
ORD10903,2025-06-03,Electronics,Smartwatch,4374,1,4374,West Malaysia,Kedah,Credit Card
ORD10904,2025-02-27,Fashion,T-Shirt,324,3,972,East Malaysia,Sabah,FPX
ORD10905,2025-03-17,Electronics,Smartwatch,552,3,1656,East Malaysia,Sarawak,Credit Card
ORD10906,2025-01-23,Electronics,Laptop,610,3,1830,East Malaysia,Sabah,Credit Card
ORD10907,2025-01-25,Fashion,Sneakers,167,3,501,East Malaysia,Sarawak,Credit Card
ORD10908,2025-01-12,Fashion,Backpack,254,3,762,West Malaysia,Penang,FPX
ORD10909,2025-11-14,Electronics,Smartphone,1566,2,3132,East Malaysia,Sarawak,TNG eWallet
ORD10910,2025-06-20,Fashion,T-Shirt,313,4,1252,East Malaysia,Sabah,TNG eWallet
ORD10911,2025-02-27,Fashion,Sneakers,360,1,360,West Malaysia,Johor,FPX
ORD10912,2025-11-05,Fashion,Sneakers,125,3,375,West Malaysia,Johor,GrabPay
ORD10913,2025-12-07,Electronics,Laptop,1244,3,3732,East Malaysia,Sarawak,TNG eWallet
ORD10914,2025-01-23,Electronics,Laptop,3406,1,3406,East Malaysia,Sarawak,TNG eWallet
ORD10915,2025-03-20,Electronics,Smartwatch,3153,1,3153,West Malaysia,Kedah,FPX
ORD10916,2025-04-19,Fashion,T-Shirt,308,3,924,West Malaysia,Penang,FPX
ORD10917,2025-05-31,Fashion,Sneakers,209,1,209,East Malaysia,Sabah,FPX
ORD10918,2025-03-08,Home,Desk Lamp,339,4,1356,East Malaysia,Sabah,TNG eWallet
ORD10919,2025-08-23,Home,Coffee Maker,242,4,968,West Malaysia,Kedah,TNG eWallet
ORD10920,2025-02-27,Electronics,Smartphone,4369,3,13107,West Malaysia,Penang,GrabPay
ORD10921,2025-10-27,Home,Office Chair,283,2,566,East Malaysia,Sarawak,GrabPay
ORD10922,2025-08-11,Home,Coffee Maker,134,1,134,East Malaysia,Sarawak,Credit Card
ORD10923,2025-05-10,Home,Desk Lamp,772,3,2316,East Malaysia,Sarawak,Credit Card
ORD10924,2025-02-26,Electronics,Smartphone,1423,1,1423,East Malaysia,Sabah,FPX
ORD10925,2025-04-19,Fashion,Sneakers,98,4,392,West Malaysia,Penang,TNG eWallet
ORD10926,2025-03-23,Fashion,Sunglasses,99,2,198,East Malaysia,Sarawak,FPX
ORD10927,2025-10-25,Electronics,Wireless Earbuds,2359,2,4718,West Malaysia,Kuala Lumpur,GrabPay
ORD10928,2025-11-05,Home,Office Chair,193,4,772,West Malaysia,Melaka,TNG eWallet
ORD10929,2025-04-17,Home,Office Chair,445,4,1780,East Malaysia,Sabah,GrabPay
ORD10930,2025-09-12,Fashion,Sneakers,335,2,670,West Malaysia,Perak,TNG eWallet
ORD10931,2025-12-19,Electronics,Smartphone,1206,4,4824,East Malaysia,Sarawak,TNG eWallet
ORD10932,2025-09-19,Electronics,Laptop,527,1,527,West Malaysia,Pahang,GrabPay
ORD10933,2025-08-16,Electronics,Laptop,3072,4,12288,East Malaysia,Sarawak,Credit Card
ORD10934,2025-11-14,Home,Coffee Maker,512,2,1024,East Malaysia,Sabah,GrabPay
ORD10935,2025-04-19,Home,Desk Lamp,141,4,564,West Malaysia,Penang,FPX
ORD10936,2025-02-01,Fashion,Sunglasses,73,1,73,West Malaysia,Perak,FPX
ORD10937,2025-01-12,Electronics,Smartwatch,980,4,3920,West Malaysia,Johor,Credit Card
ORD10938,2025-11-20,Home,Air Purifier,141,1,141,West Malaysia,Kuala Lumpur,TNG eWallet
ORD10939,2025-01-08,Electronics,Laptop,1456,3,4368,East Malaysia,Sarawak,FPX
ORD10940,2025-10-21,Home,Air Purifier,200,2,400,East Malaysia,Sarawak,Credit Card
ORD10941,2025-09-14,Fashion,T-Shirt,342,4,1368,East Malaysia,Sabah,Credit Card
ORD10942,2025-05-10,Electronics,Laptop,2431,2,4862,East Malaysia,Sarawak,FPX
ORD10943,2025-08-13,Electronics,Smartwatch,2428,2,4856,East Malaysia,Sarawak,TNG eWallet
ORD10944,2025-02-28,Electronics,Laptop,3960,2,7920,East Malaysia,Sarawak,GrabPay
ORD10945,2025-03-17,Home,Coffee Maker,384,1,384,West Malaysia,Perak,TNG eWallet
ORD10946,2025-02-03,Home,Coffee Maker,183,4,732,East Malaysia,Sabah,FPX
ORD10947,2025-07-27,Fashion,Backpack,392,2,784,East Malaysia,Sabah,FPX
ORD10948,2025-02-08,Electronics,Laptop,2151,4,8604,West Malaysia,Perak,TNG eWallet
ORD10949,2025-12-25,Fashion,Backpack,351,3,1053,East Malaysia,Sarawak,TNG eWallet
ORD10950,2025-09-30,Fashion,Backpack,372,1,372,East Malaysia,Sarawak,Credit Card
ORD10951,2025-04-17,Electronics,Smartphone,3976,4,15904,East Malaysia,Sarawak,TNG eWallet
ORD10952,2025-12-31,Home,Office Chair,541,2,1082,West Malaysia,Selangor,TNG eWallet
ORD10953,2025-02-25,Fashion,Backpack,95,2,190,East Malaysia,Sabah,TNG eWallet
ORD10954,2025-11-20,Electronics,Smartwatch,4010,2,8020,West Malaysia,Johor,Credit Card
ORD10955,2025-02-03,Electronics,Smartwatch,345,1,345,East Malaysia,Sabah,GrabPay
ORD10956,2025-10-07,Home,Desk Lamp,301,1,301,East Malaysia,Sarawak,FPX
ORD10957,2025-09-17,Fashion,Backpack,64,1,64,East Malaysia,Sarawak,GrabPay
ORD10958,2025-07-09,Fashion,T-Shirt,283,1,283,West Malaysia,Pahang,GrabPay
ORD10959,2025-04-30,Electronics,Smartphone,3400,3,10200,East Malaysia,Sabah,FPX
ORD10960,2025-09-15,Electronics,Laptop,1184,2,2368,West Malaysia,Melaka,Credit Card
ORD10961,2025-11-14,Fashion,Backpack,177,1,177,West Malaysia,Kuala Lumpur,Credit Card
ORD10962,2025-09-08,Home,Coffee Maker,397,3,1191,West Malaysia,Selangor,FPX
ORD10963,2025-04-16,Electronics,Wireless Earbuds,803,2,1606,West Malaysia,Perak,TNG eWallet
ORD10964,2025-05-08,Home,Air Purifier,425,1,425,West Malaysia,Selangor,FPX
ORD10965,2025-04-01,Home,Office Chair,168,2,336,East Malaysia,Sabah,FPX
ORD10966,2025-03-12,Fashion,T-Shirt,69,1,69,East Malaysia,Sabah,TNG eWallet
ORD10967,2025-07-22,Electronics,Smartwatch,1978,1,1978,West Malaysia,Perak,Credit Card
ORD10968,2025-12-08,Fashion,Sneakers,148,2,296,East Malaysia,Sabah,Credit Card
ORD10969,2025-11-22,Home,Coffee Maker,360,2,720,West Malaysia,Kuala Lumpur,FPX
ORD10970,2025-04-16,Home,Coffee Maker,708,4,2832,West Malaysia,Kedah,Credit Card
ORD10971,2025-03-03,Home,Air Purifier,368,4,1472,West Malaysia,Perak,GrabPay
ORD10972,2025-12-28,Electronics,Wireless Earbuds,728,2,1456,East Malaysia,Sarawak,TNG eWallet
ORD10973,2025-01-08,Home,Desk Lamp,718,3,2154,West Malaysia,Kedah,TNG eWallet
ORD10974,2025-05-06,Fashion,Sunglasses,233,4,932,West Malaysia,Kedah,Credit Card
ORD10975,2025-03-17,Home,Air Purifier,669,1,669,East Malaysia,Sarawak,GrabPay
ORD10976,2025-06-05,Electronics,Wireless Earbuds,3373,3,10119,East Malaysia,Sabah,TNG eWallet
ORD10977,2025-12-07,Fashion,T-Shirt,374,1,374,East Malaysia,Sabah,FPX
ORD10978,2025-10-21,Home,Air Purifier,209,3,627,East Malaysia,Sarawak,TNG eWallet
ORD10979,2025-12-03,Fashion,Backpack,328,2,656,East Malaysia,Sarawak,FPX
ORD10980,2025-04-16,Electronics,Laptop,3025,2,6050,East Malaysia,Sabah,Credit Card
ORD10981,2025-01-02,Fashion,Sunglasses,362,3,1086,East Malaysia,Sarawak,Credit Card
ORD10982,2025-01-17,Home,Air Purifier,359,1,359,East Malaysia,Sabah,FPX
ORD10983,2025-01-14,Fashion,Sunglasses,380,1,380,West Malaysia,Pahang,FPX
ORD10984,2025-04-02,Home,Coffee Maker,536,2,1072,East Malaysia,Sabah,GrabPay
ORD10985,2025-04-06,Electronics,Smartphone,1149,3,3447,East Malaysia,Sarawak,FPX
ORD10986,2025-03-22,Fashion,T-Shirt,126,2,252,West Malaysia,Pahang,GrabPay
ORD10987,2025-04-25,Home,Office Chair,361,2,722,East Malaysia,Sabah,Credit Card
ORD10988,2025-03-05,Electronics,Smartphone,1562,4,6248,East Malaysia,Sabah,GrabPay
ORD10989,2025-07-21,Home,Coffee Maker,349,2,698,West Malaysia,Johor,GrabPay
ORD10990,2025-09-05,Fashion,Sunglasses,153,3,459,East Malaysia,Sabah,Credit Card
ORD10991,2025-08-21,Fashion,Backpack,259,2,518,West Malaysia,Kuala Lumpur,FPX
ORD10992,2025-03-22,Electronics,Laptop,2258,4,9032,West Malaysia,Selangor,Credit Card
ORD10993,2025-06-15,Home,Office Chair,245,1,245,West Malaysia,Kedah,Credit Card
ORD10994,2025-09-03,Home,Coffee Maker,106,2,212,East Malaysia,Sabah,GrabPay
ORD10995,2025-12-25,Home,Air Purifier,696,3,2088,East Malaysia,Sarawak,TNG eWallet
ORD10996,2025-12-26,Fashion,Sneakers,328,1,328,West Malaysia,Penang,Credit Card
ORD10997,2025-03-18,Electronics,Smartphone,2067,1,2067,East Malaysia,Sabah,TNG eWallet
ORD10998,2025-03-16,Electronics,Smartphone,3314,2,6628,East Malaysia,Sabah,FPX
ORD10999,2025-08-05,Electronics,Smartphone,859,3,2577,West Malaysia,Melaka,Credit Card
ORD11000,2025-10-18,Electronics,Wireless Earbuds,3954,1,3954,West Malaysia,Melaka,GrabPay
ORD11001,2025-03-30,Electronics,Laptop,2926,2,5852,West Malaysia,Johor,GrabPay
ORD11002,2025-01-27,Electronics,Laptop,3690,1,3690,East Malaysia,Sabah,GrabPay
ORD11003,2025-11-19,Home,Coffee Maker,272,4,1088,East Malaysia,Sabah,Credit Card
ORD11004,2025-09-03,Electronics,Wireless Earbuds,590,3,1770,East Malaysia,Sarawak,TNG eWallet
ORD11005,2025-07-07,Home,Office Chair,504,2,1008,West Malaysia,Pahang,TNG eWallet
ORD11006,2025-01-06,Electronics,Wireless Earbuds,2512,1,2512,West Malaysia,Selangor,Credit Card
ORD11007,2025-04-29,Fashion,T-Shirt,325,4,1300,East Malaysia,Sarawak,Credit Card
ORD11008,2025-09-07,Electronics,Laptop,970,4,3880,West Malaysia,Perak,FPX
ORD11009,2025-09-14,Fashion,Backpack,211,2,422,East Malaysia,Sarawak,Credit Card
ORD11010,2025-02-22,Home,Coffee Maker,228,2,456,East Malaysia,Sarawak,FPX
ORD11011,2025-02-24,Electronics,Laptop,2698,2,5396,East Malaysia,Sarawak,FPX
ORD11012,2025-04-04,Home,Desk Lamp,408,2,816,West Malaysia,Melaka,Credit Card
ORD11013,2025-04-02,Electronics,Smartphone,2554,3,7662,West Malaysia,Kedah,TNG eWallet
ORD11014,2025-03-24,Electronics,Laptop,3817,3,11451,West Malaysia,Pahang,GrabPay
ORD11015,2025-10-03,Fashion,Backpack,140,2,280,West Malaysia,Pahang,FPX
ORD11016,2025-09-09,Electronics,Smartwatch,1691,4,6764,West Malaysia,Johor,GrabPay
ORD11017,2025-12-30,Home,Air Purifier,257,1,257,West Malaysia,Penang,FPX
ORD11018,2025-10-13,Fashion,Sunglasses,137,1,137,West Malaysia,Pahang,FPX
ORD11019,2025-01-03,Fashion,Backpack,218,3,654,East Malaysia,Sabah,FPX
ORD11020,2025-08-11,Fashion,T-Shirt,147,2,294,West Malaysia,Perak,FPX
ORD11021,2025-09-29,Fashion,T-Shirt,126,1,126,West Malaysia,Kuala Lumpur,FPX
ORD11022,2025-08-09,Fashion,Sneakers,385,1,385,East Malaysia,Sabah,FPX
ORD11023,2025-01-31,Fashion,T-Shirt,244,2,488,East Malaysia,Sabah,FPX
ORD11024,2025-03-28,Home,Air Purifier,605,4,2420,East Malaysia,Sarawak,FPX
ORD11025,2025-04-28,Home,Desk Lamp,357,2,714,West Malaysia,Perak,Credit Card
ORD11026,2025-04-22,Electronics,Smartwatch,4419,2,8838,West Malaysia,Johor,TNG eWallet
ORD11027,2025-10-28,Electronics,Smartwatch,1485,3,4455,West Malaysia,Kuala Lumpur,GrabPay
ORD11028,2025-01-01,Fashion,Sunglasses,331,1,331,West Malaysia,Melaka,TNG eWallet
ORD11029,2025-03-02,Electronics,Wireless Earbuds,3177,4,12708,West Malaysia,Kuala Lumpur,TNG eWallet
ORD11030,2025-05-17,Fashion,Backpack,131,4,524,East Malaysia,Sarawak,Credit Card
ORD11031,2025-07-19,Home,Air Purifier,359,1,359,West Malaysia,Melaka,FPX
ORD11032,2025-12-27,Electronics,Laptop,2316,4,9264,East Malaysia,Sabah,GrabPay
ORD11033,2025-12-31,Fashion,Sunglasses,368,2,736,West Malaysia,Penang,Credit Card
ORD11034,2025-09-23,Home,Office Chair,241,2,482,East Malaysia,Sarawak,Credit Card
ORD11035,2025-12-07,Home,Office Chair,147,1,147,East Malaysia,Sabah,FPX
ORD11036,2025-07-01,Electronics,Smartphone,1011,4,4044,West Malaysia,Melaka,GrabPay
ORD11037,2025-07-21,Electronics,Smartwatch,4192,4,16768,West Malaysia,Penang,Credit Card
ORD11038,2025-07-29,Electronics,Smartwatch,2461,4,9844,East Malaysia,Sarawak,GrabPay
ORD11039,2025-10-26,Electronics,Wireless Earbuds,1923,3,5769,West Malaysia,Kedah,Credit Card
ORD11040,2025-11-10,Fashion,T-Shirt,364,2,728,West Malaysia,Selangor,FPX
ORD11041,2025-06-04,Home,Desk Lamp,453,2,906,East Malaysia,Sabah,FPX
ORD11042,2025-08-31,Fashion,Sunglasses,135,3,405,West Malaysia,Johor,GrabPay
ORD11043,2025-10-27,Electronics,Laptop,680,1,680,West Malaysia,Kuala Lumpur,FPX
ORD11044,2025-04-27,Home,Coffee Maker,115,4,460,East Malaysia,Sarawak,Credit Card
ORD11045,2025-09-04,Fashion,Backpack,302,3,906,West Malaysia,Penang,TNG eWallet
ORD11046,2025-05-06,Electronics,Smartwatch,2591,4,10364,West Malaysia,Johor,Credit Card
ORD11047,2025-09-27,Home,Coffee Maker,259,3,777,West Malaysia,Penang,GrabPay
ORD11048,2025-04-01,Electronics,Smartphone,3988,2,7976,East Malaysia,Sarawak,GrabPay
ORD11049,2025-07-21,Fashion,Sneakers,330,3,990,West Malaysia,Kuala Lumpur,GrabPay
ORD11050,2025-01-21,Fashion,Sunglasses,295,3,885,West Malaysia,Penang,FPX
ORD11051,2025-03-27,Home,Office Chair,768,1,768,West Malaysia,Pahang,FPX
ORD11052,2025-03-26,Electronics,Wireless Earbuds,4391,4,17564,East Malaysia,Sabah,FPX
ORD11053,2025-10-23,Home,Air Purifier,434,2,868,West Malaysia,Pahang,TNG eWallet
ORD11054,2025-10-31,Fashion,Sneakers,217,3,651,East Malaysia,Sabah,Credit Card
ORD11055,2025-09-23,Home,Office Chair,608,2,1216,West Malaysia,Penang,TNG eWallet
ORD11056,2025-11-27,Fashion,Sunglasses,307,3,921,East Malaysia,Sabah,GrabPay
ORD11057,2025-01-29,Home,Office Chair,315,1,315,West Malaysia,Penang,FPX
ORD11058,2025-06-18,Fashion,Backpack,341,3,1023,East Malaysia,Sabah,FPX
ORD11059,2025-11-30,Fashion,Sunglasses,382,4,1528,East Malaysia,Sarawak,GrabPay
ORD11060,2025-08-28,Fashion,Sunglasses,268,4,1072,West Malaysia,Pahang,TNG eWallet
ORD11061,2025-11-13,Home,Office Chair,535,3,1605,East Malaysia,Sarawak,TNG eWallet
ORD11062,2025-01-10,Electronics,Wireless Earbuds,4334,4,17336,East Malaysia,Sarawak,FPX
ORD11063,2025-10-15,Home,Desk Lamp,707,1,707,West Malaysia,Perak,Credit Card
ORD11064,2025-01-02,Fashion,Sunglasses,215,3,645,East Malaysia,Sabah,Credit Card
ORD11065,2025-12-05,Fashion,T-Shirt,327,1,327,West Malaysia,Selangor,FPX
ORD11066,2025-01-06,Fashion,Backpack,111,2,222,East Malaysia,Sarawak,GrabPay
ORD11067,2025-06-18,Electronics,Smartwatch,3062,3,9186,West Malaysia,Melaka,Credit Card
ORD11068,2025-04-27,Home,Office Chair,488,4,1952,East Malaysia,Sarawak,FPX
ORD11069,2025-03-16,Home,Desk Lamp,707,3,2121,East Malaysia,Sabah,TNG eWallet
ORD11070,2025-05-24,Electronics,Smartwatch,1959,2,3918,East Malaysia,Sabah,FPX
ORD11071,2025-06-01,Fashion,Sneakers,343,2,686,West Malaysia,Perak,TNG eWallet
ORD11072,2025-10-20,Fashion,Sneakers,156,4,624,East Malaysia,Sabah,GrabPay
ORD11073,2025-02-02,Fashion,Sneakers,387,1,387,East Malaysia,Sabah,TNG eWallet
ORD11074,2025-06-03,Electronics,Smartwatch,4322,4,17288,East Malaysia,Sarawak,Credit Card
ORD11075,2025-01-11,Home,Office Chair,281,3,843,West Malaysia,Perak,GrabPay
ORD11076,2025-07-26,Fashion,Sunglasses,211,4,844,West Malaysia,Kedah,FPX
ORD11077,2025-07-24,Electronics,Wireless Earbuds,457,2,914,East Malaysia,Sarawak,FPX
ORD11078,2025-01-15,Electronics,Smartwatch,3985,4,15940,East Malaysia,Sabah,FPX
ORD11079,2025-12-01,Electronics,Laptop,354,3,1062,East Malaysia,Sabah,FPX
ORD11080,2025-07-27,Home,Air Purifier,789,3,2367,East Malaysia,Sarawak,TNG eWallet
ORD11081,2025-10-12,Fashion,Sneakers,83,1,83,West Malaysia,Johor,TNG eWallet
ORD11082,2025-07-24,Electronics,Laptop,1186,4,4744,West Malaysia,Perak,FPX
ORD11083,2025-04-27,Fashion,Sneakers,266,2,532,West Malaysia,Penang,FPX
ORD11084,2025-12-01,Fashion,T-Shirt,390,2,780,West Malaysia,Selangor,GrabPay
ORD11085,2025-11-22,Fashion,T-Shirt,276,1,276,East Malaysia,Sabah,Credit Card
ORD11086,2025-10-20,Fashion,Sneakers,226,1,226,East Malaysia,Sabah,Credit Card
ORD11087,2025-08-29,Fashion,Sunglasses,332,4,1328,East Malaysia,Sarawak,FPX
ORD11088,2025-01-02,Electronics,Smartphone,595,4,2380,West Malaysia,Melaka,TNG eWallet
ORD11089,2025-10-26,Home,Coffee Maker,541,4,2164,East Malaysia,Sabah,FPX
ORD11090,2025-09-02,Home,Air Purifier,679,3,2037,East Malaysia,Sabah,TNG eWallet
ORD11091,2025-06-14,Home,Air Purifier,291,1,291,East Malaysia,Sarawak,Credit Card
ORD11092,2025-12-28,Home,Desk Lamp,129,3,387,East Malaysia,Sarawak,GrabPay
ORD11093,2025-03-01,Electronics,Laptop,3419,3,10257,East Malaysia,Sabah,TNG eWallet
ORD11094,2025-04-04,Electronics,Wireless Earbuds,3859,1,3859,West Malaysia,Selangor,TNG eWallet
ORD11095,2025-03-21,Home,Air Purifier,565,2,1130,East Malaysia,Sarawak,FPX
ORD11096,2025-05-29,Electronics,Laptop,2769,2,5538,West Malaysia,Kedah,FPX
ORD11097,2025-08-14,Home,Air Purifier,374,1,374,East Malaysia,Sabah,Credit Card
ORD11098,2025-01-20,Electronics,Smartwatch,2980,1,2980,West Malaysia,Pahang,GrabPay
ORD11099,2025-05-28,Home,Coffee Maker,775,4,3100,East Malaysia,Sarawak,GrabPay
ORD11100,2025-09-15,Home,Coffee Maker,760,3,2280,East Malaysia,Sabah,TNG eWallet
ORD11101,2025-10-21,Electronics,Wireless Earbuds,4299,4,17196,East Malaysia,Sabah,Credit Card
ORD11102,2025-05-30,Home,Coffee Maker,131,2,262,West Malaysia,Kedah,TNG eWallet
ORD11103,2025-04-09,Electronics,Smartphone,3867,4,15468,West Malaysia,Penang,FPX
ORD11104,2025-09-15,Home,Coffee Maker,405,4,1620,East Malaysia,Sarawak,Credit Card
ORD11105,2025-09-17,Home,Coffee Maker,338,1,338,West Malaysia,Melaka,GrabPay
ORD11106,2025-04-15,Electronics,Smartphone,1632,2,3264,West Malaysia,Kuala Lumpur,FPX
ORD11107,2025-10-12,Electronics,Smartwatch,3014,1,3014,East Malaysia,Sarawak,GrabPay
ORD11108,2025-11-01,Home,Desk Lamp,108,2,216,West Malaysia,Kuala Lumpur,GrabPay
ORD11109,2025-05-06,Electronics,Smartphone,3062,1,3062,West Malaysia,Pahang,GrabPay
ORD11110,2025-08-02,Home,Desk Lamp,211,4,844,West Malaysia,Melaka,Credit Card
ORD11111,2025-11-17,Home,Air Purifier,154,3,462,East Malaysia,Sabah,FPX
ORD11112,2025-11-21,Electronics,Laptop,2356,2,4712,West Malaysia,Melaka,GrabPay
ORD11113,2025-05-10,Electronics,Laptop,501,2,1002,East Malaysia,Sabah,Credit Card
ORD11114,2025-01-18,Fashion,Sneakers,89,4,356,West Malaysia,Selangor,TNG eWallet
ORD11115,2025-04-15,Electronics,Smartphone,2087,4,8348,East Malaysia,Sabah,GrabPay
ORD11116,2025-10-23,Fashion,Sneakers,339,2,678,East Malaysia,Sabah,FPX
ORD11117,2025-01-04,Fashion,Backpack,220,3,660,West Malaysia,Pahang,TNG eWallet
ORD11118,2025-04-30,Fashion,Sneakers,122,4,488,East Malaysia,Sabah,GrabPay
ORD11119,2025-02-10,Electronics,Wireless Earbuds,2671,4,10684,East Malaysia,Sarawak,FPX
ORD11120,2025-10-02,Fashion,Sunglasses,69,2,138,West Malaysia,Kedah,GrabPay
ORD11121,2025-04-29,Electronics,Wireless Earbuds,3855,4,15420,East Malaysia,Sarawak,FPX
ORD11122,2025-12-08,Home,Desk Lamp,372,1,372,East Malaysia,Sabah,FPX
ORD11123,2025-02-28,Fashion,Sneakers,390,4,1560,East Malaysia,Sabah,Credit Card
ORD11124,2025-07-30,Home,Office Chair,327,1,327,West Malaysia,Selangor,FPX
ORD11125,2025-04-13,Fashion,Sunglasses,313,3,939,West Malaysia,Melaka,FPX
ORD11126,2025-10-25,Fashion,Sneakers,395,2,790,West Malaysia,Penang,GrabPay
ORD11127,2025-01-02,Fashion,Sunglasses,155,2,310,West Malaysia,Penang,TNG eWallet
ORD11128,2025-01-02,Electronics,Smartwatch,1131,3,3393,East Malaysia,Sarawak,TNG eWallet
ORD11129,2025-03-30,Fashion,T-Shirt,308,3,924,West Malaysia,Kedah,FPX
ORD11130,2025-09-02,Home,Coffee Maker,303,3,909,West Malaysia,Pahang,GrabPay
ORD11131,2025-01-07,Home,Coffee Maker,606,1,606,West Malaysia,Melaka,TNG eWallet
ORD11132,2025-08-18,Home,Desk Lamp,542,1,542,West Malaysia,Kedah,TNG eWallet
ORD11133,2025-05-20,Fashion,Sunglasses,200,1,200,West Malaysia,Pahang,FPX
ORD11134,2025-02-20,Electronics,Smartphone,4203,3,12609,East Malaysia,Sabah,GrabPay
ORD11135,2025-04-02,Electronics,Wireless Earbuds,2718,2,5436,West Malaysia,Kedah,Credit Card
ORD11136,2025-02-15,Electronics,Smartphone,3045,1,3045,West Malaysia,Pahang,GrabPay
ORD11137,2025-09-03,Fashion,T-Shirt,183,3,549,East Malaysia,Sarawak,TNG eWallet
ORD11138,2025-06-02,Fashion,Sunglasses,309,1,309,West Malaysia,Selangor,GrabPay
ORD11139,2025-06-08,Electronics,Smartphone,3156,2,6312,East Malaysia,Sabah,GrabPay
ORD11140,2025-12-23,Home,Office Chair,575,4,2300,West Malaysia,Penang,GrabPay
ORD11141,2025-08-23,Home,Coffee Maker,683,4,2732,East Malaysia,Sabah,FPX
ORD11142,2025-06-07,Home,Desk Lamp,575,4,2300,West Malaysia,Kedah,TNG eWallet
ORD11143,2025-12-27,Home,Office Chair,200,4,800,East Malaysia,Sabah,GrabPay
ORD11144,2025-08-20,Electronics,Smartphone,3510,4,14040,West Malaysia,Pahang,TNG eWallet
ORD11145,2025-02-27,Home,Coffee Maker,750,1,750,East Malaysia,Sarawak,TNG eWallet
ORD11146,2025-05-04,Fashion,Backpack,400,2,800,West Malaysia,Johor,Credit Card
ORD11147,2025-08-01,Electronics,Laptop,3962,4,15848,West Malaysia,Perak,GrabPay
ORD11148,2025-09-13,Fashion,Sunglasses,209,3,627,West Malaysia,Pahang,FPX
ORD11149,2025-01-29,Home,Desk Lamp,376,2,752,East Malaysia,Sarawak,FPX
ORD11150,2025-01-08,Fashion,T-Shirt,128,2,256,West Malaysia,Perak,FPX
ORD11151,2025-08-03,Home,Coffee Maker,731,4,2924,West Malaysia,Johor,FPX
ORD11152,2025-08-18,Home,Coffee Maker,142,3,426,West Malaysia,Perak,GrabPay
ORD11153,2025-11-10,Home,Air Purifier,656,4,2624,West Malaysia,Kedah,FPX
ORD11154,2025-12-07,Home,Desk Lamp,368,4,1472,West Malaysia,Kedah,Credit Card
ORD11155,2025-08-29,Fashion,Backpack,175,3,525,East Malaysia,Sarawak,TNG eWallet
ORD11156,2025-04-16,Electronics,Wireless Earbuds,1953,3,5859,West Malaysia,Selangor,FPX
ORD11157,2025-03-01,Fashion,T-Shirt,141,4,564,West Malaysia,Pahang,Credit Card
ORD11158,2025-07-14,Home,Air Purifier,620,2,1240,East Malaysia,Sabah,GrabPay
ORD11159,2025-04-01,Electronics,Wireless Earbuds,2975,1,2975,West Malaysia,Johor,Credit Card
ORD11160,2025-02-08,Fashion,T-Shirt,320,4,1280,West Malaysia,Pahang,Credit Card
ORD11161,2025-05-19,Home,Office Chair,750,3,2250,West Malaysia,Perak,TNG eWallet
ORD11162,2025-02-21,Electronics,Smartphone,1393,3,4179,West Malaysia,Johor,Credit Card
ORD11163,2025-01-15,Electronics,Laptop,3649,2,7298,West Malaysia,Perak,TNG eWallet
ORD11164,2025-02-23,Home,Air Purifier,158,4,632,West Malaysia,Penang,GrabPay
ORD11165,2025-05-19,Home,Office Chair,669,4,2676,West Malaysia,Kedah,GrabPay
ORD11166,2025-09-29,Electronics,Laptop,1436,4,5744,East Malaysia,Sarawak,GrabPay
ORD11167,2025-07-23,Electronics,Laptop,2970,1,2970,West Malaysia,Selangor,TNG eWallet
ORD11168,2025-07-18,Home,Desk Lamp,266,4,1064,East Malaysia,Sarawak,Credit Card
ORD11169,2025-11-21,Electronics,Smartwatch,3969,3,11907,East Malaysia,Sarawak,GrabPay
ORD11170,2025-10-27,Electronics,Smartwatch,4328,2,8656,East Malaysia,Sabah,GrabPay
ORD11171,2025-06-06,Fashion,Sunglasses,277,2,554,West Malaysia,Kedah,Credit Card
ORD11172,2025-11-08,Fashion,Sneakers,198,3,594,West Malaysia,Kuala Lumpur,FPX
ORD11173,2025-03-16,Fashion,T-Shirt,137,2,274,East Malaysia,Sarawak,Credit Card
ORD11174,2025-02-17,Fashion,Sunglasses,223,4,892,East Malaysia,Sarawak,GrabPay
ORD11175,2025-10-16,Home,Desk Lamp,597,4,2388,West Malaysia,Johor,Credit Card
ORD11176,2025-04-25,Electronics,Laptop,995,4,3980,East Malaysia,Sabah,Credit Card
ORD11177,2025-05-26,Home,Desk Lamp,333,2,666,East Malaysia,Sarawak,FPX
ORD11178,2025-10-24,Fashion,Sneakers,77,3,231,West Malaysia,Johor,TNG eWallet
ORD11179,2025-07-07,Fashion,Sunglasses,109,3,327,East Malaysia,Sarawak,TNG eWallet
ORD11180,2025-04-23,Home,Air Purifier,147,2,294,East Malaysia,Sabah,GrabPay
ORD11181,2025-12-04,Electronics,Smartphone,4106,1,4106,East Malaysia,Sabah,TNG eWallet
ORD11182,2025-01-04,Home,Office Chair,274,3,822,East Malaysia,Sarawak,GrabPay
ORD11183,2025-10-27,Home,Desk Lamp,353,3,1059,East Malaysia,Sabah,FPX
ORD11184,2025-02-04,Electronics,Smartwatch,814,3,2442,West Malaysia,Kuala Lumpur,TNG eWallet
ORD11185,2025-01-19,Electronics,Wireless Earbuds,1945,3,5835,West Malaysia,Johor,GrabPay
ORD11186,2025-02-07,Fashion,Backpack,57,3,171,West Malaysia,Pahang,Credit Card
ORD11187,2025-05-10,Fashion,Backpack,321,2,642,East Malaysia,Sarawak,FPX
ORD11188,2025-07-14,Home,Coffee Maker,428,4,1712,West Malaysia,Johor,FPX
ORD11189,2025-05-04,Home,Coffee Maker,431,3,1293,West Malaysia,Melaka,FPX
ORD11190,2025-03-25,Fashion,Backpack,134,4,536,East Malaysia,Sarawak,TNG eWallet
ORD11191,2025-04-24,Electronics,Wireless Earbuds,3296,2,6592,West Malaysia,Pahang,Credit Card
ORD11192,2025-07-13,Fashion,Sunglasses,56,3,168,East Malaysia,Sabah,GrabPay
ORD11193,2025-10-13,Home,Desk Lamp,546,1,546,East Malaysia,Sabah,GrabPay
ORD11194,2025-10-03,Home,Desk Lamp,288,3,864,East Malaysia,Sarawak,GrabPay
ORD11195,2025-05-27,Electronics,Wireless Earbuds,4022,2,8044,East Malaysia,Sabah,Credit Card
ORD11196,2025-03-30,Fashion,Sunglasses,67,2,134,East Malaysia,Sarawak,Credit Card
ORD11197,2025-09-19,Electronics,Wireless Earbuds,2821,3,8463,West Malaysia,Penang,GrabPay
ORD11198,2025-11-23,Fashion,Sneakers,324,4,1296,West Malaysia,Perak,GrabPay
ORD11199,2025-03-17,Electronics,Smartphone,3169,2,6338,West Malaysia,Selangor,Credit Card
ORD11200,2025-08-03,Electronics,Smartwatch,2099,3,6297,East Malaysia,Sarawak,GrabPay
ORD11201,2025-09-16,Home,Office Chair,634,3,1902,West Malaysia,Pahang,FPX
ORD11202,2025-10-30,Home,Air Purifier,449,3,1347,East Malaysia,Sabah,TNG eWallet
ORD11203,2025-05-26,Fashion,T-Shirt,192,4,768,West Malaysia,Perak,TNG eWallet
ORD11204,2025-10-03,Home,Coffee Maker,645,4,2580,West Malaysia,Kedah,FPX
ORD11205,2025-11-10,Home,Air Purifier,256,4,1024,East Malaysia,Sabah,GrabPay
ORD11206,2025-08-30,Home,Office Chair,766,4,3064,West Malaysia,Penang,FPX
ORD11207,2025-05-26,Fashion,Sunglasses,158,1,158,East Malaysia,Sabah,Credit Card
ORD11208,2025-01-03,Home,Coffee Maker,178,2,356,East Malaysia,Sabah,Credit Card
ORD11209,2025-02-02,Fashion,Backpack,155,2,310,East Malaysia,Sabah,Credit Card
ORD11210,2025-07-15,Electronics,Smartwatch,3894,1,3894,West Malaysia,Johor,FPX
ORD11211,2025-12-19,Fashion,Backpack,347,3,1041,East Malaysia,Sarawak,TNG eWallet
ORD11212,2025-09-19,Fashion,Backpack,156,3,468,East Malaysia,Sabah,Credit Card
ORD11213,2025-10-31,Electronics,Laptop,2701,3,8103,East Malaysia,Sarawak,TNG eWallet
ORD11214,2025-09-06,Home,Desk Lamp,520,3,1560,West Malaysia,Penang,Credit Card
ORD11215,2025-07-18,Home,Air Purifier,348,2,696,West Malaysia,Kedah,FPX
ORD11216,2025-05-22,Home,Air Purifier,149,2,298,West Malaysia,Kedah,TNG eWallet
ORD11217,2025-05-07,Fashion,Sneakers,227,4,908,West Malaysia,Kuala Lumpur,TNG eWallet
ORD11218,2025-08-25,Home,Air Purifier,549,3,1647,East Malaysia,Sarawak,TNG eWallet
ORD11219,2025-08-05,Fashion,Backpack,208,2,416,East Malaysia,Sarawak,TNG eWallet
ORD11220,2025-04-13,Fashion,Sneakers,215,3,645,West Malaysia,Penang,TNG eWallet
ORD11221,2025-08-06,Electronics,Laptop,1146,2,2292,West Malaysia,Johor,TNG eWallet
ORD11222,2025-03-11,Fashion,Backpack,370,2,740,West Malaysia,Penang,Credit Card
ORD11223,2025-11-05,Electronics,Smartwatch,3745,3,11235,East Malaysia,Sabah,TNG eWallet
ORD11224,2025-03-20,Fashion,Backpack,391,4,1564,East Malaysia,Sarawak,TNG eWallet
ORD11225,2025-01-31,Fashion,Sneakers,171,3,513,East Malaysia,Sarawak,Credit Card
ORD11226,2025-09-17,Fashion,Sneakers,399,3,1197,West Malaysia,Melaka,FPX
ORD11227,2025-03-18,Fashion,T-Shirt,358,4,1432,East Malaysia,Sarawak,GrabPay
ORD11228,2025-07-10,Fashion,Sunglasses,336,4,1344,East Malaysia,Sarawak,Credit Card
ORD11229,2025-02-09,Fashion,T-Shirt,76,1,76,West Malaysia,Pahang,Credit Card
ORD11230,2025-08-06,Electronics,Wireless Earbuds,1197,2,2394,West Malaysia,Kuala Lumpur,FPX
ORD11231,2025-08-23,Fashion,Backpack,345,4,1380,East Malaysia,Sarawak,FPX
ORD11232,2025-10-14,Home,Air Purifier,565,1,565,West Malaysia,Kuala Lumpur,FPX
ORD11233,2025-07-29,Fashion,T-Shirt,94,2,188,West Malaysia,Kuala Lumpur,Credit Card
ORD11234,2025-02-01,Fashion,Sneakers,123,4,492,West Malaysia,Kuala Lumpur,TNG eWallet
ORD11235,2025-08-05,Fashion,Sneakers,155,2,310,East Malaysia,Sarawak,Credit Card
ORD11236,2025-08-20,Home,Desk Lamp,569,2,1138,East Malaysia,Sabah,TNG eWallet
ORD11237,2025-02-08,Home,Desk Lamp,301,1,301,East Malaysia,Sarawak,Credit Card
ORD11238,2025-02-03,Fashion,T-Shirt,224,4,896,West Malaysia,Kedah,Credit Card
ORD11239,2025-05-11,Home,Air Purifier,516,2,1032,West Malaysia,Kedah,TNG eWallet
ORD11240,2025-09-22,Home,Air Purifier,459,1,459,West Malaysia,Perak,FPX
ORD11241,2025-02-10,Fashion,Sneakers,203,1,203,West Malaysia,Kuala Lumpur,Credit Card
ORD11242,2025-03-20,Electronics,Laptop,1980,3,5940,West Malaysia,Johor,GrabPay
ORD11243,2025-03-16,Home,Office Chair,445,3,1335,West Malaysia,Penang,TNG eWallet
ORD11244,2025-01-03,Fashion,Sunglasses,164,4,656,West Malaysia,Pahang,GrabPay
ORD11245,2025-05-10,Home,Desk Lamp,498,4,1992,East Malaysia,Sarawak,Credit Card
ORD11246,2025-08-31,Fashion,Sneakers,241,2,482,East Malaysia,Sabah,GrabPay
ORD11247,2025-03-29,Electronics,Laptop,1301,3,3903,East Malaysia,Sarawak,GrabPay
ORD11248,2025-10-23,Electronics,Smartwatch,1018,4,4072,West Malaysia,Kuala Lumpur,FPX
ORD11249,2025-10-15,Electronics,Wireless Earbuds,857,1,857,East Malaysia,Sabah,TNG eWallet
ORD11250,2025-05-24,Fashion,Sunglasses,223,2,446,West Malaysia,Kedah,FPX
ORD11251,2025-01-10,Home,Coffee Maker,245,1,245,East Malaysia,Sarawak,Credit Card
ORD11252,2025-01-05,Home,Coffee Maker,623,2,1246,West Malaysia,Penang,FPX
ORD11253,2025-03-13,Home,Coffee Maker,197,3,591,West Malaysia,Penang,FPX
ORD11254,2025-11-04,Electronics,Smartphone,3849,4,15396,West Malaysia,Penang,GrabPay
ORD11255,2025-11-03,Home,Air Purifier,460,2,920,East Malaysia,Sabah,FPX
ORD11256,2025-12-13,Electronics,Wireless Earbuds,2978,4,11912,West Malaysia,Kedah,TNG eWallet
ORD11257,2025-07-04,Home,Coffee Maker,376,1,376,East Malaysia,Sarawak,GrabPay
ORD11258,2025-07-10,Home,Air Purifier,171,3,513,West Malaysia,Melaka,Credit Card
ORD11259,2025-01-26,Electronics,Wireless Earbuds,319,1,319,East Malaysia,Sarawak,FPX
ORD11260,2025-11-19,Fashion,T-Shirt,65,4,260,East Malaysia,Sabah,Credit Card
ORD11261,2025-03-18,Fashion,T-Shirt,331,3,993,West Malaysia,Perak,TNG eWallet
ORD11262,2025-12-15,Home,Office Chair,517,4,2068,West Malaysia,Pahang,GrabPay
ORD11263,2025-02-11,Home,Coffee Maker,252,4,1008,East Malaysia,Sarawak,TNG eWallet
ORD11264,2025-09-21,Home,Coffee Maker,613,1,613,West Malaysia,Selangor,TNG eWallet
ORD11265,2025-12-18,Home,Coffee Maker,753,3,2259,East Malaysia,Sabah,TNG eWallet
ORD11266,2025-09-08,Home,Coffee Maker,135,3,405,East Malaysia,Sarawak,Credit Card
ORD11267,2025-02-08,Fashion,Backpack,131,1,131,West Malaysia,Perak,Credit Card
ORD11268,2025-03-26,Electronics,Wireless Earbuds,4319,4,17276,East Malaysia,Sarawak,FPX
ORD11269,2025-03-13,Electronics,Smartwatch,764,1,764,West Malaysia,Pahang,GrabPay
ORD11270,2025-06-11,Fashion,T-Shirt,308,1,308,East Malaysia,Sarawak,Credit Card
ORD11271,2025-12-11,Fashion,T-Shirt,312,4,1248,West Malaysia,Johor,TNG eWallet
ORD11272,2025-05-14,Electronics,Laptop,3171,3,9513,East Malaysia,Sarawak,Credit Card
ORD11273,2025-04-14,Fashion,Sunglasses,167,4,668,West Malaysia,Penang,FPX
ORD11274,2025-08-13,Electronics,Smartwatch,4144,4,16576,West Malaysia,Johor,FPX
ORD11275,2025-01-31,Electronics,Laptop,806,4,3224,West Malaysia,Kedah,TNG eWallet
ORD11276,2025-03-02,Home,Desk Lamp,331,4,1324,East Malaysia,Sarawak,Credit Card
ORD11277,2025-08-16,Fashion,Sneakers,68,1,68,East Malaysia,Sabah,GrabPay
ORD11278,2025-05-29,Home,Office Chair,373,4,1492,West Malaysia,Selangor,FPX
ORD11279,2025-09-24,Fashion,T-Shirt,326,2,652,West Malaysia,Kuala Lumpur,TNG eWallet
ORD11280,2025-11-22,Electronics,Smartwatch,741,2,1482,West Malaysia,Perak,GrabPay
ORD11281,2025-09-15,Electronics,Laptop,2758,4,11032,East Malaysia,Sabah,FPX
ORD11282,2025-11-11,Home,Air Purifier,106,2,212,East Malaysia,Sabah,FPX
ORD11283,2025-03-07,Fashion,Backpack,104,3,312,West Malaysia,Penang,FPX
ORD11284,2025-11-15,Fashion,T-Shirt,176,1,176,East Malaysia,Sabah,Credit Card
ORD11285,2025-10-02,Electronics,Laptop,2507,3,7521,East Malaysia,Sabah,GrabPay
ORD11286,2025-01-29,Home,Air Purifier,670,1,670,West Malaysia,Selangor,TNG eWallet
ORD11287,2025-12-25,Home,Coffee Maker,608,1,608,East Malaysia,Sarawak,Credit Card
ORD11288,2025-06-23,Electronics,Smartphone,4414,4,17656,West Malaysia,Melaka,GrabPay
ORD11289,2025-09-08,Electronics,Smartwatch,914,1,914,East Malaysia,Sarawak,FPX
ORD11290,2025-05-20,Fashion,T-Shirt,295,2,590,West Malaysia,Perak,TNG eWallet
ORD11291,2025-11-05,Electronics,Wireless Earbuds,977,4,3908,East Malaysia,Sarawak,Credit Card
ORD11292,2025-03-01,Home,Office Chair,114,4,456,East Malaysia,Sarawak,FPX
ORD11293,2025-06-08,Electronics,Smartphone,2992,1,2992,West Malaysia,Kuala Lumpur,GrabPay
ORD11294,2025-05-02,Home,Coffee Maker,294,2,588,East Malaysia,Sarawak,FPX
ORD11295,2025-07-11,Fashion,T-Shirt,148,2,296,West Malaysia,Kedah,FPX
ORD11296,2025-03-09,Fashion,T-Shirt,52,1,52,West Malaysia,Kuala Lumpur,FPX
ORD11297,2025-06-01,Electronics,Smartphone,792,2,1584,West Malaysia,Selangor,Credit Card
ORD11298,2025-08-05,Electronics,Smartwatch,3809,4,15236,West Malaysia,Johor,FPX
ORD11299,2025-05-16,Fashion,T-Shirt,137,1,137,West Malaysia,Kedah,FPX
ORD11300,2025-06-12,Electronics,Wireless Earbuds,917,2,1834,West Malaysia,Melaka,GrabPay
ORD11301,2025-07-10,Home,Desk Lamp,684,4,2736,East Malaysia,Sabah,TNG eWallet
ORD11302,2025-12-30,Home,Air Purifier,111,1,111,East Malaysia,Sabah,GrabPay
ORD11303,2025-08-08,Home,Coffee Maker,262,2,524,West Malaysia,Selangor,Credit Card
ORD11304,2025-05-02,Electronics,Smartphone,3840,1,3840,East Malaysia,Sabah,TNG eWallet
ORD11305,2025-11-11,Home,Air Purifier,782,4,3128,East Malaysia,Sarawak,TNG eWallet
ORD11306,2025-03-27,Fashion,Backpack,348,2,696,East Malaysia,Sarawak,FPX
ORD11307,2025-06-24,Electronics,Smartwatch,1142,1,1142,East Malaysia,Sabah,FPX
ORD11308,2025-01-21,Home,Desk Lamp,625,2,1250,East Malaysia,Sabah,GrabPay
ORD11309,2025-08-05,Electronics,Laptop,1002,2,2004,East Malaysia,Sarawak,TNG eWallet
ORD11310,2025-05-15,Fashion,Sunglasses,300,3,900,East Malaysia,Sabah,FPX
ORD11311,2025-01-03,Fashion,Backpack,342,4,1368,East Malaysia,Sabah,GrabPay
ORD11312,2025-09-30,Fashion,Sneakers,378,4,1512,East Malaysia,Sarawak,TNG eWallet
ORD11313,2025-12-10,Electronics,Wireless Earbuds,1015,2,2030,West Malaysia,Pahang,Credit Card
ORD11314,2025-01-26,Electronics,Smartwatch,508,3,1524,West Malaysia,Johor,Credit Card
ORD11315,2025-01-11,Electronics,Smartwatch,1471,1,1471,West Malaysia,Johor,Credit Card
ORD11316,2025-03-27,Fashion,T-Shirt,134,4,536,West Malaysia,Penang,GrabPay
ORD11317,2025-10-29,Home,Office Chair,468,3,1404,East Malaysia,Sabah,TNG eWallet
ORD11318,2025-11-16,Fashion,Backpack,119,3,357,West Malaysia,Penang,GrabPay
ORD11319,2025-02-16,Fashion,Sunglasses,182,2,364,East Malaysia,Sarawak,GrabPay
ORD11320,2025-07-14,Fashion,T-Shirt,277,2,554,West Malaysia,Penang,GrabPay
ORD11321,2025-03-08,Home,Coffee Maker,297,2,594,East Malaysia,Sarawak,TNG eWallet
ORD11322,2025-07-19,Fashion,Sunglasses,58,4,232,East Malaysia,Sarawak,Credit Card
ORD11323,2025-01-26,Electronics,Laptop,3177,3,9531,West Malaysia,Pahang,GrabPay
ORD11324,2025-04-16,Electronics,Laptop,3626,1,3626,West Malaysia,Melaka,GrabPay
ORD11325,2025-12-27,Fashion,Sneakers,239,4,956,West Malaysia,Kuala Lumpur,FPX
ORD11326,2025-07-08,Home,Office Chair,700,4,2800,West Malaysia,Selangor,TNG eWallet
ORD11327,2025-04-01,Fashion,Backpack,187,2,374,West Malaysia,Pahang,GrabPay
ORD11328,2025-11-08,Fashion,Sunglasses,359,4,1436,East Malaysia,Sarawak,FPX
ORD11329,2025-12-03,Electronics,Smartwatch,4084,4,16336,West Malaysia,Pahang,Credit Card
ORD11330,2025-01-10,Electronics,Smartwatch,371,2,742,East Malaysia,Sabah,Credit Card
ORD11331,2025-07-23,Electronics,Smartwatch,3484,4,13936,West Malaysia,Selangor,Credit Card
ORD11332,2025-02-25,Electronics,Wireless Earbuds,3525,2,7050,West Malaysia,Selangor,GrabPay
ORD11333,2025-12-01,Fashion,Sunglasses,359,2,718,East Malaysia,Sarawak,TNG eWallet
ORD11334,2025-08-01,Fashion,Sunglasses,213,1,213,East Malaysia,Sabah,TNG eWallet
ORD11335,2025-02-10,Home,Desk Lamp,726,3,2178,West Malaysia,Kuala Lumpur,Credit Card
ORD11336,2025-11-26,Home,Air Purifier,200,1,200,West Malaysia,Pahang,TNG eWallet
ORD11337,2025-10-20,Electronics,Laptop,539,4,2156,West Malaysia,Kedah,GrabPay
ORD11338,2025-12-20,Electronics,Laptop,365,2,730,West Malaysia,Melaka,FPX
ORD11339,2025-05-27,Fashion,T-Shirt,368,4,1472,West Malaysia,Johor,TNG eWallet
ORD11340,2025-01-08,Fashion,T-Shirt,115,2,230,East Malaysia,Sabah,FPX
ORD11341,2025-01-03,Fashion,Sneakers,318,2,636,West Malaysia,Kedah,FPX
ORD11342,2025-09-29,Home,Air Purifier,547,1,547,East Malaysia,Sabah,FPX
ORD11343,2025-03-23,Fashion,Sneakers,182,3,546,West Malaysia,Melaka,FPX
ORD11344,2025-07-16,Fashion,Backpack,77,4,308,East Malaysia,Sarawak,Credit Card
ORD11345,2025-08-31,Electronics,Smartphone,2444,4,9776,West Malaysia,Perak,TNG eWallet
ORD11346,2025-08-10,Electronics,Smartwatch,642,1,642,West Malaysia,Perak,TNG eWallet
ORD11347,2025-01-23,Home,Coffee Maker,535,4,2140,West Malaysia,Kuala Lumpur,Credit Card
ORD11348,2025-03-11,Home,Office Chair,782,1,782,West Malaysia,Perak,TNG eWallet
ORD11349,2025-08-09,Home,Coffee Maker,363,1,363,West Malaysia,Perak,GrabPay
ORD11350,2025-03-05,Electronics,Wireless Earbuds,1197,4,4788,West Malaysia,Penang,Credit Card
ORD11351,2025-03-23,Home,Desk Lamp,191,3,573,West Malaysia,Johor,Credit Card
ORD11352,2025-05-30,Electronics,Laptop,3258,4,13032,East Malaysia,Sabah,TNG eWallet
ORD11353,2025-08-21,Fashion,T-Shirt,173,2,346,West Malaysia,Penang,FPX
ORD11354,2025-12-01,Electronics,Smartwatch,4015,3,12045,West Malaysia,Kedah,TNG eWallet
ORD11355,2025-04-24,Home,Desk Lamp,728,2,1456,West Malaysia,Selangor,GrabPay
ORD11356,2025-05-25,Electronics,Smartphone,2691,3,8073,West Malaysia,Kuala Lumpur,TNG eWallet
ORD11357,2025-05-05,Home,Coffee Maker,467,1,467,East Malaysia,Sabah,GrabPay
ORD11358,2025-11-08,Home,Office Chair,384,4,1536,West Malaysia,Penang,FPX
ORD11359,2025-04-13,Electronics,Smartwatch,3984,4,15936,West Malaysia,Kedah,FPX
ORD11360,2025-10-23,Home,Office Chair,489,3,1467,East Malaysia,Sarawak,TNG eWallet
ORD11361,2025-02-02,Electronics,Laptop,3134,4,12536,West Malaysia,Pahang,Credit Card
ORD11362,2025-03-19,Home,Air Purifier,578,2,1156,West Malaysia,Pahang,FPX
ORD11363,2025-12-06,Fashion,Sunglasses,274,3,822,East Malaysia,Sarawak,TNG eWallet
ORD11364,2025-12-28,Fashion,T-Shirt,275,3,825,West Malaysia,Kuala Lumpur,GrabPay
ORD11365,2025-12-20,Electronics,Smartphone,3965,2,7930,West Malaysia,Kuala Lumpur,FPX
ORD11366,2025-03-28,Electronics,Smartphone,1300,4,5200,West Malaysia,Johor,Credit Card
ORD11367,2025-06-24,Home,Air Purifier,472,4,1888,West Malaysia,Kuala Lumpur,TNG eWallet
ORD11368,2025-10-28,Electronics,Laptop,2379,4,9516,East Malaysia,Sarawak,Credit Card
ORD11369,2025-10-25,Fashion,T-Shirt,65,2,130,East Malaysia,Sarawak,Credit Card
ORD11370,2025-05-11,Fashion,Backpack,281,4,1124,West Malaysia,Selangor,FPX
ORD11371,2025-02-20,Fashion,Backpack,116,2,232,East Malaysia,Sabah,TNG eWallet
ORD11372,2025-10-18,Fashion,T-Shirt,232,2,464,West Malaysia,Kuala Lumpur,GrabPay
ORD11373,2025-07-27,Home,Desk Lamp,750,4,3000,East Malaysia,Sarawak,GrabPay
ORD11374,2025-08-28,Home,Desk Lamp,127,4,508,East Malaysia,Sabah,TNG eWallet
ORD11375,2025-11-25,Fashion,Sneakers,217,2,434,East Malaysia,Sabah,Credit Card
ORD11376,2025-08-01,Home,Desk Lamp,238,2,476,East Malaysia,Sarawak,TNG eWallet
ORD11377,2025-12-05,Home,Air Purifier,604,4,2416,West Malaysia,Kedah,GrabPay
ORD11378,2025-09-11,Electronics,Laptop,3416,4,13664,East Malaysia,Sabah,TNG eWallet
ORD11379,2025-10-05,Electronics,Wireless Earbuds,2225,2,4450,West Malaysia,Johor,TNG eWallet
ORD11380,2025-03-31,Home,Air Purifier,158,2,316,East Malaysia,Sarawak,FPX
ORD11381,2025-04-12,Home,Office Chair,357,2,714,West Malaysia,Penang,FPX
ORD11382,2025-04-09,Electronics,Smartwatch,2401,4,9604,West Malaysia,Kuala Lumpur,FPX
ORD11383,2025-09-25,Electronics,Laptop,3020,4,12080,West Malaysia,Johor,GrabPay
ORD11384,2025-04-05,Home,Office Chair,508,2,1016,West Malaysia,Kuala Lumpur,Credit Card
ORD11385,2025-03-25,Electronics,Wireless Earbuds,3049,3,9147,West Malaysia,Melaka,Credit Card
ORD11386,2025-05-04,Home,Office Chair,662,2,1324,West Malaysia,Johor,FPX
ORD11387,2025-07-07,Fashion,Sunglasses,326,4,1304,West Malaysia,Kuala Lumpur,FPX
ORD11388,2025-04-18,Fashion,T-Shirt,338,4,1352,West Malaysia,Pahang,FPX
ORD11389,2025-05-13,Electronics,Smartphone,3374,3,10122,East Malaysia,Sabah,GrabPay
ORD11390,2025-04-20,Fashion,Backpack,121,2,242,West Malaysia,Kuala Lumpur,TNG eWallet
ORD11391,2025-03-20,Electronics,Smartphone,1119,1,1119,West Malaysia,Perak,Credit Card
ORD11392,2025-02-11,Electronics,Wireless Earbuds,1900,1,1900,West Malaysia,Selangor,TNG eWallet
ORD11393,2025-03-20,Electronics,Laptop,1699,4,6796,West Malaysia,Penang,FPX
ORD11394,2025-02-06,Home,Air Purifier,539,1,539,West Malaysia,Kuala Lumpur,GrabPay
ORD11395,2025-07-22,Fashion,T-Shirt,155,2,310,East Malaysia,Sabah,Credit Card
ORD11396,2025-06-14,Electronics,Laptop,354,3,1062,East Malaysia,Sarawak,GrabPay
ORD11397,2025-03-02,Home,Office Chair,295,3,885,West Malaysia,Pahang,TNG eWallet
ORD11398,2025-10-17,Electronics,Laptop,513,1,513,West Malaysia,Perak,TNG eWallet
ORD11399,2025-08-18,Electronics,Smartwatch,1102,2,2204,East Malaysia,Sarawak,Credit Card
ORD11400,2025-08-24,Electronics,Wireless Earbuds,3181,4,12724,East Malaysia,Sabah,GrabPay
ORD11401,2025-01-22,Electronics,Smartwatch,4293,1,4293,East Malaysia,Sabah,GrabPay
ORD11402,2025-03-31,Fashion,Backpack,340,3,1020,West Malaysia,Melaka,Credit Card
ORD11403,2025-03-28,Home,Office Chair,180,1,180,West Malaysia,Kedah,FPX
ORD11404,2025-04-13,Electronics,Laptop,1263,2,2526,West Malaysia,Pahang,Credit Card
ORD11405,2025-09-10,Fashion,Sneakers,242,2,484,East Malaysia,Sabah,TNG eWallet
ORD11406,2025-09-11,Electronics,Laptop,3903,2,7806,West Malaysia,Penang,Credit Card
ORD11407,2025-09-20,Electronics,Smartwatch,548,2,1096,West Malaysia,Johor,FPX
ORD11408,2025-04-28,Fashion,Sunglasses,216,2,432,West Malaysia,Pahang,Credit Card
ORD11409,2025-10-05,Home,Office Chair,426,1,426,East Malaysia,Sabah,GrabPay
ORD11410,2025-01-05,Electronics,Smartphone,3285,4,13140,East Malaysia,Sabah,GrabPay
ORD11411,2025-09-06,Electronics,Smartwatch,3466,4,13864,East Malaysia,Sabah,GrabPay
ORD11412,2025-12-27,Fashion,Sunglasses,298,3,894,West Malaysia,Kuala Lumpur,GrabPay
ORD11413,2025-09-02,Home,Office Chair,214,3,642,East Malaysia,Sarawak,GrabPay
ORD11414,2025-09-09,Electronics,Smartphone,2380,2,4760,East Malaysia,Sarawak,FPX
ORD11415,2025-06-15,Home,Air Purifier,459,2,918,East Malaysia,Sabah,TNG eWallet
ORD11416,2025-09-20,Electronics,Laptop,2603,1,2603,West Malaysia,Melaka,TNG eWallet
ORD11417,2025-11-16,Fashion,Sneakers,235,4,940,West Malaysia,Kedah,Credit Card
ORD11418,2025-03-02,Home,Air Purifier,676,1,676,West Malaysia,Perak,Credit Card
ORD11419,2025-01-19,Electronics,Wireless Earbuds,2673,2,5346,West Malaysia,Johor,FPX
ORD11420,2025-09-20,Electronics,Wireless Earbuds,4192,1,4192,West Malaysia,Kuala Lumpur,FPX
ORD11421,2025-10-04,Electronics,Laptop,4102,1,4102,West Malaysia,Kedah,GrabPay
ORD11422,2025-11-17,Fashion,Backpack,396,1,396,East Malaysia,Sabah,TNG eWallet
ORD11423,2025-02-03,Fashion,Backpack,186,1,186,West Malaysia,Johor,GrabPay
ORD11424,2025-07-14,Fashion,T-Shirt,396,4,1584,East Malaysia,Sabah,GrabPay
ORD11425,2025-05-24,Home,Desk Lamp,751,3,2253,East Malaysia,Sabah,TNG eWallet
ORD11426,2025-12-11,Electronics,Smartphone,1387,2,2774,East Malaysia,Sabah,Credit Card
ORD11427,2025-04-18,Electronics,Wireless Earbuds,2586,2,5172,East Malaysia,Sarawak,TNG eWallet
ORD11428,2025-01-01,Fashion,Sneakers,172,1,172,West Malaysia,Johor,FPX
ORD11429,2025-09-15,Fashion,Backpack,206,2,412,East Malaysia,Sarawak,TNG eWallet
ORD11430,2025-04-28,Electronics,Smartphone,2906,1,2906,East Malaysia,Sabah,TNG eWallet
ORD11431,2025-05-15,Electronics,Smartwatch,591,4,2364,East Malaysia,Sarawak,GrabPay
ORD11432,2025-12-28,Electronics,Smartphone,1685,3,5055,East Malaysia,Sabah,GrabPay
ORD11433,2025-02-12,Electronics,Smartphone,2947,4,11788,East Malaysia,Sabah,Credit Card
ORD11434,2025-05-01,Fashion,Sneakers,288,1,288,West Malaysia,Perak,FPX
ORD11435,2025-09-05,Home,Coffee Maker,382,2,764,West Malaysia,Kedah,GrabPay
ORD11436,2025-07-14,Fashion,T-Shirt,298,1,298,East Malaysia,Sabah,TNG eWallet
ORD11437,2025-11-29,Electronics,Laptop,1041,1,1041,West Malaysia,Kedah,TNG eWallet
ORD11438,2025-10-09,Fashion,T-Shirt,172,1,172,East Malaysia,Sabah,Credit Card
ORD11439,2025-05-24,Home,Office Chair,576,3,1728,West Malaysia,Pahang,TNG eWallet
ORD11440,2025-07-31,Electronics,Smartphone,4239,2,8478,West Malaysia,Pahang,GrabPay
ORD11441,2025-03-23,Home,Air Purifier,364,3,1092,East Malaysia,Sabah,TNG eWallet
ORD11442,2025-06-18,Electronics,Laptop,3122,2,6244,West Malaysia,Kedah,GrabPay
ORD11443,2025-05-23,Home,Coffee Maker,649,1,649,West Malaysia,Selangor,TNG eWallet
ORD11444,2025-05-07,Home,Office Chair,486,3,1458,East Malaysia,Sabah,Credit Card
ORD11445,2025-06-19,Home,Office Chair,628,2,1256,West Malaysia,Johor,TNG eWallet
ORD11446,2025-03-11,Home,Desk Lamp,471,1,471,East Malaysia,Sarawak,GrabPay
ORD11447,2025-08-18,Electronics,Smartphone,4370,1,4370,West Malaysia,Melaka,FPX
ORD11448,2025-12-22,Home,Desk Lamp,577,1,577,West Malaysia,Kuala Lumpur,TNG eWallet
ORD11449,2025-08-21,Electronics,Smartwatch,1709,4,6836,East Malaysia,Sabah,TNG eWallet
ORD11450,2025-04-19,Home,Desk Lamp,603,3,1809,East Malaysia,Sarawak,FPX
ORD11451,2025-07-26,Home,Desk Lamp,751,1,751,West Malaysia,Kedah,FPX
ORD11452,2025-11-23,Fashion,T-Shirt,248,1,248,East Malaysia,Sarawak,Credit Card
ORD11453,2025-07-14,Home,Coffee Maker,405,3,1215,West Malaysia,Pahang,TNG eWallet
ORD11454,2025-08-24,Electronics,Smartphone,4318,1,4318,East Malaysia,Sarawak,FPX
ORD11455,2025-05-21,Home,Desk Lamp,277,4,1108,West Malaysia,Pahang,GrabPay
ORD11456,2025-12-28,Fashion,Backpack,258,4,1032,West Malaysia,Penang,TNG eWallet
ORD11457,2025-05-22,Fashion,Backpack,279,2,558,West Malaysia,Kuala Lumpur,Credit Card
ORD11458,2025-03-22,Home,Coffee Maker,281,3,843,East Malaysia,Sabah,Credit Card
ORD11459,2025-03-24,Fashion,Sneakers,147,2,294,West Malaysia,Melaka,FPX
ORD11460,2025-08-25,Home,Desk Lamp,731,1,731,East Malaysia,Sabah,GrabPay
ORD11461,2025-06-03,Electronics,Wireless Earbuds,4357,4,17428,East Malaysia,Sarawak,FPX
ORD11462,2025-04-03,Electronics,Smartphone,3136,3,9408,East Malaysia,Sarawak,Credit Card
ORD11463,2025-09-01,Home,Office Chair,144,4,576,West Malaysia,Pahang,Credit Card
ORD11464,2025-11-28,Home,Air Purifier,191,1,191,West Malaysia,Melaka,TNG eWallet
ORD11465,2025-10-14,Home,Coffee Maker,132,4,528,East Malaysia,Sabah,GrabPay
ORD11466,2025-05-04,Electronics,Smartphone,2975,1,2975,West Malaysia,Melaka,TNG eWallet
ORD11467,2025-06-29,Fashion,Sunglasses,240,4,960,East Malaysia,Sabah,FPX
ORD11468,2025-01-09,Fashion,Sneakers,149,1,149,West Malaysia,Penang,FPX
ORD11469,2025-12-03,Home,Desk Lamp,756,3,2268,West Malaysia,Penang,TNG eWallet
ORD11470,2025-11-11,Home,Air Purifier,753,2,1506,West Malaysia,Kuala Lumpur,TNG eWallet
ORD11471,2025-01-18,Electronics,Smartphone,547,1,547,East Malaysia,Sabah,Credit Card
ORD11472,2025-01-22,Home,Air Purifier,487,1,487,West Malaysia,Pahang,FPX
ORD11473,2025-01-30,Electronics,Laptop,557,2,1114,East Malaysia,Sarawak,FPX
ORD11474,2025-06-17,Electronics,Smartphone,2829,3,8487,East Malaysia,Sarawak,FPX
ORD11475,2025-04-15,Electronics,Smartphone,346,3,1038,East Malaysia,Sarawak,GrabPay
ORD11476,2025-06-23,Home,Coffee Maker,688,1,688,West Malaysia,Melaka,Credit Card
ORD11477,2025-03-02,Fashion,T-Shirt,196,2,392,West Malaysia,Selangor,FPX
ORD11478,2025-08-11,Electronics,Laptop,2999,1,2999,West Malaysia,Johor,GrabPay
ORD11479,2025-01-03,Home,Air Purifier,523,4,2092,West Malaysia,Kedah,Credit Card
ORD11480,2025-08-29,Fashion,T-Shirt,264,1,264,East Malaysia,Sabah,Credit Card
ORD11481,2025-09-23,Home,Coffee Maker,101,2,202,West Malaysia,Johor,Credit Card
ORD11482,2025-03-14,Electronics,Wireless Earbuds,2954,1,2954,East Malaysia,Sarawak,GrabPay
ORD11483,2025-05-26,Electronics,Smartwatch,2384,4,9536,West Malaysia,Perak,TNG eWallet
ORD11484,2025-03-20,Home,Desk Lamp,534,4,2136,West Malaysia,Penang,FPX
ORD11485,2025-09-07,Home,Office Chair,729,4,2916,West Malaysia,Perak,FPX
ORD11486,2025-12-08,Electronics,Laptop,4354,3,13062,East Malaysia,Sabah,FPX
ORD11487,2025-11-09,Home,Air Purifier,436,1,436,West Malaysia,Johor,FPX
ORD11488,2025-12-01,Electronics,Wireless Earbuds,3543,4,14172,East Malaysia,Sabah,GrabPay
ORD11489,2025-06-14,Electronics,Smartphone,1549,4,6196,West Malaysia,Kuala Lumpur,TNG eWallet
ORD11490,2025-09-27,Electronics,Wireless Earbuds,2302,1,2302,East Malaysia,Sabah,GrabPay
ORD11491,2025-08-03,Fashion,T-Shirt,235,3,705,East Malaysia,Sabah,Credit Card
ORD11492,2025-05-29,Home,Air Purifier,767,2,1534,West Malaysia,Melaka,GrabPay
ORD11493,2025-03-05,Home,Air Purifier,307,1,307,East Malaysia,Sabah,Credit Card
ORD11494,2025-05-12,Electronics,Smartwatch,1129,1,1129,West Malaysia,Melaka,GrabPay
ORD11495,2025-11-23,Fashion,T-Shirt,295,1,295,East Malaysia,Sabah,GrabPay
ORD11496,2025-04-21,Home,Air Purifier,368,4,1472,West Malaysia,Kedah,FPX
ORD11497,2025-07-25,Home,Coffee Maker,294,3,882,West Malaysia,Kedah,FPX
ORD11498,2025-04-15,Home,Desk Lamp,324,1,324,West Malaysia,Pahang,Credit Card
ORD11499,2025-08-17,Electronics,Wireless Earbuds,4170,4,16680,West Malaysia,Penang,FPX
ORD11500,2025-12-04,Electronics,Smartphone,4373,1,4373,West Malaysia,Kuala Lumpur,TNG eWallet
ORD11501,2025-06-16,Home,Desk Lamp,220,3,660,East Malaysia,Sabah,GrabPay
ORD11502,2025-10-21,Electronics,Wireless Earbuds,1694,2,3388,East Malaysia,Sabah,Credit Card
ORD11503,2025-10-19,Fashion,T-Shirt,340,1,340,East Malaysia,Sabah,Credit Card
ORD11504,2025-08-12,Fashion,Sneakers,393,3,1179,East Malaysia,Sarawak,GrabPay
ORD11505,2025-05-24,Home,Coffee Maker,722,2,1444,West Malaysia,Johor,FPX
ORD11506,2025-12-12,Home,Office Chair,440,2,880,West Malaysia,Melaka,GrabPay
ORD11507,2025-10-22,Electronics,Wireless Earbuds,704,4,2816,West Malaysia,Pahang,GrabPay
ORD11508,2025-03-19,Fashion,Sunglasses,390,2,780,East Malaysia,Sarawak,GrabPay
ORD11509,2025-06-08,Home,Air Purifier,251,4,1004,East Malaysia,Sarawak,FPX
ORD11510,2025-06-09,Fashion,Sneakers,279,2,558,East Malaysia,Sabah,FPX
ORD11511,2025-03-13,Home,Coffee Maker,783,3,2349,East Malaysia,Sabah,FPX
ORD11512,2025-06-18,Fashion,Sunglasses,142,2,284,East Malaysia,Sabah,TNG eWallet
ORD11513,2025-04-03,Fashion,Sunglasses,387,3,1161,West Malaysia,Pahang,Credit Card
ORD11514,2025-07-26,Fashion,T-Shirt,375,3,1125,East Malaysia,Sabah,GrabPay
ORD11515,2025-09-11,Electronics,Smartwatch,2009,2,4018,East Malaysia,Sarawak,FPX
ORD11516,2025-05-12,Fashion,Backpack,219,4,876,East Malaysia,Sarawak,GrabPay
ORD11517,2025-03-08,Home,Air Purifier,526,4,2104,East Malaysia,Sarawak,GrabPay
ORD11518,2025-01-15,Fashion,Sneakers,387,2,774,East Malaysia,Sabah,TNG eWallet
ORD11519,2025-04-29,Home,Air Purifier,429,3,1287,West Malaysia,Perak,TNG eWallet
ORD11520,2025-05-03,Fashion,Sunglasses,145,2,290,West Malaysia,Selangor,FPX
ORD11521,2025-03-07,Fashion,Sunglasses,101,2,202,East Malaysia,Sabah,Credit Card
ORD11522,2025-04-21,Home,Desk Lamp,685,1,685,West Malaysia,Johor,FPX
ORD11523,2025-06-29,Fashion,Sunglasses,247,3,741,West Malaysia,Penang,TNG eWallet
ORD11524,2025-03-10,Home,Office Chair,468,4,1872,West Malaysia,Pahang,Credit Card
ORD11525,2025-11-02,Electronics,Wireless Earbuds,1919,1,1919,East Malaysia,Sarawak,TNG eWallet
ORD11526,2025-03-02,Fashion,Backpack,92,1,92,West Malaysia,Kedah,GrabPay
ORD11527,2025-01-13,Home,Coffee Maker,460,2,920,East Malaysia,Sabah,Credit Card
ORD11528,2025-09-27,Electronics,Smartwatch,1726,1,1726,West Malaysia,Kuala Lumpur,GrabPay
ORD11529,2025-08-03,Fashion,Sunglasses,168,2,336,West Malaysia,Melaka,Credit Card
ORD11530,2025-07-07,Fashion,Sunglasses,371,2,742,West Malaysia,Penang,FPX
ORD11531,2025-01-17,Electronics,Smartphone,4138,3,12414,West Malaysia,Johor,Credit Card
ORD11532,2025-03-30,Electronics,Smartphone,1097,4,4388,West Malaysia,Perak,TNG eWallet
ORD11533,2025-11-06,Fashion,Sunglasses,157,3,471,East Malaysia,Sarawak,TNG eWallet
ORD11534,2025-08-01,Home,Office Chair,285,3,855,East Malaysia,Sabah,Credit Card
ORD11535,2025-04-03,Home,Coffee Maker,605,3,1815,West Malaysia,Kuala Lumpur,GrabPay
ORD11536,2025-10-21,Electronics,Laptop,3935,2,7870,East Malaysia,Sabah,FPX
ORD11537,2025-05-07,Electronics,Wireless Earbuds,638,3,1914,West Malaysia,Johor,GrabPay
ORD11538,2025-04-10,Fashion,Backpack,100,1,100,West Malaysia,Kedah,Credit Card
ORD11539,2025-05-17,Home,Office Chair,429,4,1716,West Malaysia,Perak,TNG eWallet
ORD11540,2025-03-05,Fashion,Sunglasses,206,4,824,East Malaysia,Sabah,FPX
ORD11541,2025-05-09,Fashion,Sneakers,56,3,168,East Malaysia,Sabah,FPX
ORD11542,2025-10-23,Fashion,Sunglasses,50,4,200,West Malaysia,Selangor,GrabPay
ORD11543,2025-04-21,Home,Desk Lamp,151,1,151,West Malaysia,Kuala Lumpur,Credit Card
ORD11544,2025-10-22,Home,Air Purifier,798,1,798,East Malaysia,Sarawak,FPX
ORD11545,2025-06-13,Fashion,Sunglasses,193,3,579,East Malaysia,Sarawak,TNG eWallet
ORD11546,2025-05-30,Electronics,Smartphone,454,4,1816,East Malaysia,Sarawak,TNG eWallet
ORD11547,2025-05-08,Home,Coffee Maker,469,3,1407,East Malaysia,Sarawak,GrabPay
ORD11548,2025-06-02,Fashion,Sunglasses,371,1,371,East Malaysia,Sarawak,GrabPay
ORD11549,2025-12-08,Fashion,T-Shirt,333,1,333,East Malaysia,Sabah,TNG eWallet
ORD11550,2025-08-23,Home,Coffee Maker,769,3,2307,East Malaysia,Sarawak,Credit Card
ORD11551,2025-06-17,Home,Desk Lamp,513,2,1026,West Malaysia,Selangor,TNG eWallet
ORD11552,2025-12-12,Electronics,Wireless Earbuds,1888,1,1888,West Malaysia,Kedah,TNG eWallet
ORD11553,2025-03-28,Electronics,Smartwatch,3643,4,14572,East Malaysia,Sabah,TNG eWallet
ORD11554,2025-11-18,Electronics,Wireless Earbuds,4216,3,12648,West Malaysia,Kedah,Credit Card
ORD11555,2025-04-02,Electronics,Smartphone,2942,2,5884,West Malaysia,Pahang,Credit Card
ORD11556,2025-02-23,Home,Office Chair,192,1,192,West Malaysia,Kuala Lumpur,GrabPay
ORD11557,2025-03-31,Electronics,Wireless Earbuds,399,3,1197,West Malaysia,Perak,GrabPay
ORD11558,2025-03-11,Home,Office Chair,645,4,2580,West Malaysia,Perak,Credit Card
ORD11559,2025-11-08,Electronics,Smartwatch,1427,1,1427,West Malaysia,Kuala Lumpur,TNG eWallet
ORD11560,2025-08-23,Electronics,Smartphone,1835,3,5505,East Malaysia,Sarawak,FPX
ORD11561,2025-09-17,Electronics,Smartwatch,3388,2,6776,West Malaysia,Kuala Lumpur,Credit Card
ORD11562,2025-05-30,Fashion,Sunglasses,137,4,548,West Malaysia,Melaka,Credit Card
ORD11563,2025-10-24,Electronics,Smartwatch,2789,2,5578,West Malaysia,Penang,GrabPay
ORD11564,2025-08-27,Home,Air Purifier,746,3,2238,East Malaysia,Sabah,TNG eWallet
ORD11565,2025-06-16,Electronics,Smartwatch,399,3,1197,West Malaysia,Kuala Lumpur,Credit Card
ORD11566,2025-01-13,Fashion,Backpack,187,3,561,East Malaysia,Sabah,Credit Card
ORD11567,2025-10-01,Fashion,Backpack,332,3,996,East Malaysia,Sarawak,FPX
ORD11568,2025-01-04,Fashion,Backpack,140,3,420,West Malaysia,Kedah,GrabPay
ORD11569,2025-01-02,Electronics,Wireless Earbuds,1505,3,4515,East Malaysia,Sabah,Credit Card
ORD11570,2025-08-24,Fashion,T-Shirt,391,1,391,West Malaysia,Kedah,Credit Card
ORD11571,2025-09-12,Home,Office Chair,680,2,1360,West Malaysia,Selangor,Credit Card
ORD11572,2025-08-16,Fashion,Sunglasses,264,4,1056,West Malaysia,Kedah,GrabPay
ORD11573,2025-12-18,Home,Desk Lamp,744,2,1488,East Malaysia,Sabah,GrabPay
ORD11574,2025-06-27,Electronics,Smartwatch,2176,2,4352,East Malaysia,Sarawak,Credit Card
ORD11575,2025-10-05,Home,Desk Lamp,669,1,669,East Malaysia,Sabah,Credit Card
ORD11576,2025-11-10,Electronics,Smartphone,1547,3,4641,East Malaysia,Sabah,TNG eWallet
ORD11577,2025-06-11,Electronics,Smartwatch,1832,3,5496,West Malaysia,Perak,FPX
ORD11578,2025-05-05,Electronics,Smartphone,1678,2,3356,West Malaysia,Melaka,FPX
ORD11579,2025-06-05,Fashion,Sneakers,399,4,1596,East Malaysia,Sabah,GrabPay
ORD11580,2025-07-16,Home,Air Purifier,356,3,1068,West Malaysia,Kedah,TNG eWallet
ORD11581,2025-02-28,Fashion,Sneakers,67,2,134,West Malaysia,Penang,FPX
ORD11582,2025-02-03,Home,Coffee Maker,231,3,693,West Malaysia,Selangor,TNG eWallet
ORD11583,2025-12-17,Electronics,Laptop,4359,1,4359,West Malaysia,Pahang,GrabPay
ORD11584,2025-01-16,Electronics,Smartwatch,2908,2,5816,West Malaysia,Kedah,TNG eWallet
ORD11585,2025-10-01,Electronics,Smartwatch,4116,1,4116,West Malaysia,Johor,FPX
ORD11586,2025-05-09,Home,Desk Lamp,701,3,2103,East Malaysia,Sabah,FPX
ORD11587,2025-01-22,Fashion,Sunglasses,260,4,1040,East Malaysia,Sarawak,FPX
ORD11588,2025-12-09,Electronics,Laptop,565,4,2260,East Malaysia,Sabah,TNG eWallet
ORD11589,2025-07-05,Home,Office Chair,756,2,1512,East Malaysia,Sabah,TNG eWallet
ORD11590,2025-10-04,Electronics,Wireless Earbuds,1408,2,2816,West Malaysia,Penang,FPX
ORD11591,2025-03-17,Home,Desk Lamp,609,2,1218,East Malaysia,Sarawak,GrabPay
ORD11592,2025-06-15,Electronics,Wireless Earbuds,1934,4,7736,East Malaysia,Sarawak,TNG eWallet
ORD11593,2025-06-11,Home,Air Purifier,355,2,710,West Malaysia,Perak,Credit Card
ORD11594,2025-06-17,Home,Office Chair,215,1,215,East Malaysia,Sabah,GrabPay
ORD11595,2025-11-03,Fashion,Sneakers,206,1,206,East Malaysia,Sarawak,GrabPay
ORD11596,2025-07-26,Fashion,Backpack,370,3,1110,East Malaysia,Sabah,TNG eWallet
ORD11597,2025-09-06,Home,Coffee Maker,477,4,1908,East Malaysia,Sabah,TNG eWallet
ORD11598,2025-09-19,Electronics,Smartwatch,3347,1,3347,West Malaysia,Kuala Lumpur,Credit Card
ORD11599,2025-03-16,Home,Desk Lamp,713,4,2852,West Malaysia,Kuala Lumpur,Credit Card
ORD11600,2025-04-06,Fashion,Backpack,66,4,264,East Malaysia,Sarawak,FPX
ORD11601,2025-04-23,Electronics,Smartphone,333,1,333,East Malaysia,Sabah,TNG eWallet
ORD11602,2025-06-18,Fashion,Backpack,195,4,780,West Malaysia,Kedah,FPX
ORD11603,2025-04-21,Electronics,Wireless Earbuds,3523,3,10569,West Malaysia,Perak,FPX
ORD11604,2025-04-22,Electronics,Laptop,3659,3,10977,East Malaysia,Sabah,Credit Card
ORD11605,2025-05-25,Fashion,T-Shirt,355,3,1065,East Malaysia,Sabah,Credit Card
ORD11606,2025-02-23,Fashion,T-Shirt,217,3,651,West Malaysia,Perak,Credit Card
ORD11607,2025-01-23,Electronics,Smartphone,861,2,1722,East Malaysia,Sarawak,GrabPay
ORD11608,2025-01-28,Home,Desk Lamp,281,1,281,East Malaysia,Sabah,TNG eWallet
ORD11609,2025-02-16,Electronics,Laptop,3375,3,10125,East Malaysia,Sarawak,FPX
ORD11610,2025-02-28,Fashion,Backpack,228,2,456,West Malaysia,Perak,GrabPay
ORD11611,2025-06-12,Home,Coffee Maker,510,4,2040,East Malaysia,Sarawak,FPX
ORD11612,2025-10-07,Fashion,Backpack,161,4,644,East Malaysia,Sarawak,Credit Card
ORD11613,2025-08-25,Fashion,Backpack,182,4,728,East Malaysia,Sabah,GrabPay
ORD11614,2025-12-07,Electronics,Smartwatch,1854,3,5562,East Malaysia,Sarawak,GrabPay
ORD11615,2025-10-05,Electronics,Laptop,1787,4,7148,West Malaysia,Pahang,FPX
ORD11616,2025-07-19,Fashion,T-Shirt,93,1,93,East Malaysia,Sarawak,Credit Card
ORD11617,2025-08-25,Electronics,Laptop,4307,4,17228,West Malaysia,Melaka,FPX
ORD11618,2025-04-27,Fashion,Sneakers,372,3,1116,East Malaysia,Sarawak,Credit Card
ORD11619,2025-02-12,Home,Desk Lamp,740,2,1480,West Malaysia,Perak,FPX
ORD11620,2025-06-03,Home,Air Purifier,623,2,1246,East Malaysia,Sabah,GrabPay
ORD11621,2025-09-03,Electronics,Smartphone,1922,2,3844,East Malaysia,Sabah,TNG eWallet
ORD11622,2025-09-24,Fashion,Sneakers,301,2,602,East Malaysia,Sabah,FPX
ORD11623,2025-01-26,Electronics,Smartwatch,2551,1,2551,West Malaysia,Kedah,Credit Card
ORD11624,2025-01-20,Fashion,Sunglasses,165,4,660,East Malaysia,Sabah,Credit Card
ORD11625,2025-05-05,Home,Air Purifier,740,2,1480,West Malaysia,Kedah,GrabPay
ORD11626,2025-08-13,Electronics,Laptop,307,1,307,East Malaysia,Sabah,TNG eWallet
ORD11627,2025-09-16,Electronics,Wireless Earbuds,4477,3,13431,East Malaysia,Sabah,Credit Card
ORD11628,2025-06-28,Fashion,T-Shirt,332,2,664,West Malaysia,Kedah,Credit Card
ORD11629,2025-11-14,Electronics,Laptop,3582,1,3582,East Malaysia,Sabah,FPX
ORD11630,2025-11-23,Home,Air Purifier,344,4,1376,West Malaysia,Melaka,GrabPay
ORD11631,2025-08-04,Home,Air Purifier,657,2,1314,East Malaysia,Sarawak,Credit Card
ORD11632,2025-07-01,Fashion,Sunglasses,261,2,522,East Malaysia,Sabah,GrabPay
ORD11633,2025-10-18,Electronics,Smartwatch,2576,4,10304,East Malaysia,Sarawak,GrabPay
ORD11634,2025-03-06,Electronics,Wireless Earbuds,4264,1,4264,West Malaysia,Kuala Lumpur,TNG eWallet
ORD11635,2025-12-17,Electronics,Wireless Earbuds,3521,1,3521,East Malaysia,Sabah,FPX
ORD11636,2025-07-25,Electronics,Wireless Earbuds,3953,1,3953,West Malaysia,Kedah,Credit Card
ORD11637,2025-05-23,Electronics,Smartwatch,927,2,1854,East Malaysia,Sabah,FPX
ORD11638,2025-04-01,Electronics,Laptop,1408,2,2816,West Malaysia,Melaka,TNG eWallet
ORD11639,2025-09-05,Electronics,Laptop,667,2,1334,West Malaysia,Kuala Lumpur,FPX
ORD11640,2025-05-26,Home,Desk Lamp,632,1,632,West Malaysia,Kedah,FPX
ORD11641,2025-07-25,Electronics,Laptop,1743,4,6972,East Malaysia,Sabah,TNG eWallet
ORD11642,2025-05-21,Fashion,T-Shirt,293,1,293,East Malaysia,Sabah,TNG eWallet
ORD11643,2025-06-29,Fashion,Sunglasses,145,2,290,West Malaysia,Perak,TNG eWallet
ORD11644,2025-12-06,Home,Coffee Maker,183,2,366,East Malaysia,Sarawak,TNG eWallet
ORD11645,2025-11-01,Fashion,T-Shirt,311,2,622,East Malaysia,Sarawak,FPX
ORD11646,2025-04-28,Electronics,Laptop,1614,3,4842,East Malaysia,Sarawak,Credit Card
ORD11647,2025-03-18,Electronics,Smartwatch,571,1,571,East Malaysia,Sabah,Credit Card
ORD11648,2025-01-09,Home,Air Purifier,378,4,1512,East Malaysia,Sarawak,TNG eWallet
ORD11649,2025-04-29,Home,Desk Lamp,281,1,281,East Malaysia,Sarawak,FPX
ORD11650,2025-04-12,Electronics,Laptop,1008,2,2016,East Malaysia,Sabah,FPX
ORD11651,2025-11-27,Fashion,Backpack,225,1,225,East Malaysia,Sabah,GrabPay
ORD11652,2025-03-22,Electronics,Smartwatch,2397,2,4794,East Malaysia,Sabah,Credit Card
ORD11653,2025-08-16,Home,Office Chair,206,3,618,East Malaysia,Sarawak,Credit Card
ORD11654,2025-04-18,Electronics,Smartwatch,1734,3,5202,East Malaysia,Sarawak,FPX
ORD11655,2025-02-05,Electronics,Laptop,1503,4,6012,East Malaysia,Sarawak,GrabPay
ORD11656,2025-03-28,Home,Desk Lamp,428,2,856,East Malaysia,Sabah,GrabPay
ORD11657,2025-09-29,Fashion,Backpack,197,2,394,East Malaysia,Sarawak,Credit Card
ORD11658,2025-08-16,Home,Air Purifier,265,1,265,East Malaysia,Sarawak,TNG eWallet
ORD11659,2025-02-20,Fashion,Sunglasses,367,4,1468,East Malaysia,Sarawak,GrabPay
ORD11660,2025-04-12,Fashion,Backpack,51,1,51,West Malaysia,Perak,Credit Card
ORD11661,2025-12-20,Fashion,T-Shirt,108,4,432,East Malaysia,Sarawak,Credit Card
ORD11662,2025-01-27,Fashion,Sneakers,52,1,52,West Malaysia,Kuala Lumpur,Credit Card
ORD11663,2025-05-06,Home,Office Chair,727,3,2181,East Malaysia,Sarawak,TNG eWallet
ORD11664,2025-10-23,Electronics,Smartwatch,3547,1,3547,East Malaysia,Sarawak,GrabPay
ORD11665,2025-01-11,Home,Air Purifier,785,4,3140,East Malaysia,Sarawak,GrabPay
ORD11666,2025-03-02,Fashion,Sunglasses,230,1,230,West Malaysia,Perak,GrabPay
ORD11667,2025-01-03,Electronics,Wireless Earbuds,2149,2,4298,East Malaysia,Sarawak,TNG eWallet
ORD11668,2025-08-19,Fashion,T-Shirt,84,4,336,East Malaysia,Sabah,FPX
ORD11669,2025-04-03,Home,Coffee Maker,310,3,930,West Malaysia,Kuala Lumpur,FPX
ORD11670,2025-11-14,Electronics,Smartphone,1904,3,5712,West Malaysia,Kuala Lumpur,TNG eWallet
ORD11671,2025-04-09,Home,Coffee Maker,634,1,634,East Malaysia,Sarawak,GrabPay
ORD11672,2025-03-25,Fashion,T-Shirt,188,3,564,West Malaysia,Kedah,GrabPay
ORD11673,2025-07-23,Electronics,Laptop,3113,1,3113,East Malaysia,Sarawak,Credit Card
ORD11674,2025-10-27,Fashion,Backpack,258,3,774,West Malaysia,Perak,Credit Card
ORD11675,2025-01-16,Fashion,Sneakers,172,4,688,West Malaysia,Perak,TNG eWallet
ORD11676,2025-06-28,Electronics,Wireless Earbuds,4043,1,4043,West Malaysia,Johor,Credit Card
ORD11677,2025-07-15,Home,Coffee Maker,639,4,2556,West Malaysia,Penang,Credit Card
ORD11678,2025-06-16,Home,Air Purifier,432,2,864,West Malaysia,Kuala Lumpur,FPX
ORD11679,2025-12-21,Electronics,Wireless Earbuds,1063,1,1063,East Malaysia,Sarawak,FPX
ORD11680,2025-05-28,Home,Desk Lamp,543,3,1629,West Malaysia,Kuala Lumpur,FPX
ORD11681,2025-01-25,Fashion,T-Shirt,115,1,115,East Malaysia,Sarawak,Credit Card
ORD11682,2025-03-24,Home,Coffee Maker,408,4,1632,East Malaysia,Sabah,TNG eWallet
ORD11683,2025-10-31,Fashion,Sneakers,106,3,318,East Malaysia,Sarawak,FPX
ORD11684,2025-05-16,Electronics,Wireless Earbuds,3807,4,15228,East Malaysia,Sarawak,Credit Card
ORD11685,2025-10-24,Electronics,Smartphone,706,4,2824,East Malaysia,Sabah,FPX
ORD11686,2025-05-27,Electronics,Smartwatch,3324,4,13296,West Malaysia,Perak,FPX
ORD11687,2025-01-18,Fashion,Backpack,68,2,136,West Malaysia,Selangor,GrabPay
ORD11688,2025-10-07,Electronics,Wireless Earbuds,1023,4,4092,West Malaysia,Johor,TNG eWallet
ORD11689,2025-10-16,Electronics,Laptop,3480,3,10440,East Malaysia,Sarawak,GrabPay
ORD11690,2025-01-17,Home,Desk Lamp,558,1,558,West Malaysia,Kuala Lumpur,GrabPay
ORD11691,2025-05-27,Electronics,Smartphone,1368,1,1368,East Malaysia,Sabah,Credit Card
ORD11692,2025-08-25,Electronics,Smartwatch,984,3,2952,East Malaysia,Sarawak,GrabPay
ORD11693,2025-09-12,Home,Coffee Maker,486,3,1458,East Malaysia,Sabah,FPX
ORD11694,2025-07-03,Home,Desk Lamp,560,4,2240,West Malaysia,Kuala Lumpur,TNG eWallet
ORD11695,2025-04-09,Electronics,Smartwatch,4488,1,4488,East Malaysia,Sabah,Credit Card
ORD11696,2025-07-18,Home,Air Purifier,507,4,2028,West Malaysia,Penang,TNG eWallet
ORD11697,2025-10-22,Electronics,Smartwatch,2924,3,8772,East Malaysia,Sabah,GrabPay
ORD11698,2025-10-29,Electronics,Smartphone,4295,4,17180,West Malaysia,Pahang,FPX
ORD11699,2025-12-31,Home,Air Purifier,375,4,1500,West Malaysia,Johor,Credit Card
ORD11700,2025-03-30,Home,Office Chair,757,3,2271,East Malaysia,Sabah,TNG eWallet
ORD11701,2025-04-06,Fashion,T-Shirt,340,1,340,West Malaysia,Pahang,Credit Card
ORD11702,2025-12-04,Electronics,Smartwatch,1184,3,3552,West Malaysia,Perak,GrabPay
ORD11703,2025-01-23,Fashion,Sneakers,263,3,789,West Malaysia,Kedah,GrabPay
ORD11704,2025-10-17,Fashion,Backpack,327,1,327,East Malaysia,Sarawak,GrabPay
ORD11705,2025-03-16,Fashion,Backpack,238,4,952,East Malaysia,Sabah,FPX
ORD11706,2025-03-08,Fashion,Sneakers,98,2,196,East Malaysia,Sarawak,FPX
ORD11707,2025-03-12,Electronics,Laptop,933,4,3732,East Malaysia,Sabah,Credit Card
ORD11708,2025-02-05,Home,Coffee Maker,442,2,884,West Malaysia,Perak,Credit Card
ORD11709,2025-05-29,Home,Air Purifier,522,3,1566,East Malaysia,Sabah,Credit Card
ORD11710,2025-06-26,Electronics,Laptop,2628,4,10512,West Malaysia,Kuala Lumpur,GrabPay
ORD11711,2025-07-28,Home,Coffee Maker,310,2,620,West Malaysia,Johor,Credit Card
ORD11712,2025-09-01,Home,Air Purifier,333,4,1332,East Malaysia,Sabah,Credit Card
ORD11713,2025-11-15,Home,Desk Lamp,503,3,1509,East Malaysia,Sarawak,Credit Card
ORD11714,2025-09-25,Electronics,Laptop,2518,4,10072,West Malaysia,Melaka,FPX
ORD11715,2025-11-26,Fashion,Sneakers,307,1,307,West Malaysia,Pahang,TNG eWallet
ORD11716,2025-09-26,Home,Office Chair,472,4,1888,West Malaysia,Perak,Credit Card
ORD11717,2025-07-17,Home,Office Chair,520,2,1040,East Malaysia,Sarawak,GrabPay
ORD11718,2025-03-06,Fashion,Backpack,51,2,102,West Malaysia,Perak,TNG eWallet
ORD11719,2025-10-06,Electronics,Laptop,1152,2,2304,East Malaysia,Sabah,GrabPay
ORD11720,2025-07-23,Fashion,Backpack,361,1,361,West Malaysia,Johor,Credit Card
ORD11721,2025-01-19,Fashion,Backpack,159,1,159,East Malaysia,Sabah,TNG eWallet
ORD11722,2025-02-07,Fashion,Backpack,363,2,726,West Malaysia,Selangor,FPX
ORD11723,2025-12-04,Electronics,Smartphone,2884,3,8652,East Malaysia,Sarawak,FPX
ORD11724,2025-04-08,Fashion,Sunglasses,272,2,544,West Malaysia,Kuala Lumpur,GrabPay
ORD11725,2025-01-21,Electronics,Smartwatch,2839,4,11356,East Malaysia,Sarawak,FPX
ORD11726,2025-04-13,Electronics,Wireless Earbuds,2955,1,2955,West Malaysia,Kuala Lumpur,FPX
ORD11727,2025-05-12,Electronics,Smartwatch,3379,1,3379,East Malaysia,Sarawak,GrabPay
ORD11728,2025-10-29,Home,Office Chair,616,3,1848,West Malaysia,Melaka,TNG eWallet
ORD11729,2025-08-20,Electronics,Laptop,1376,4,5504,East Malaysia,Sarawak,GrabPay
ORD11730,2025-01-03,Fashion,Backpack,76,3,228,East Malaysia,Sarawak,Credit Card
ORD11731,2025-02-19,Electronics,Smartphone,971,4,3884,East Malaysia,Sarawak,Credit Card
ORD11732,2025-06-08,Fashion,Sneakers,250,4,1000,West Malaysia,Selangor,TNG eWallet
ORD11733,2025-12-28,Electronics,Laptop,2101,1,2101,West Malaysia,Selangor,Credit Card
ORD11734,2025-07-31,Fashion,Backpack,132,4,528,East Malaysia,Sabah,Credit Card
ORD11735,2025-02-08,Home,Desk Lamp,501,3,1503,East Malaysia,Sabah,TNG eWallet
ORD11736,2025-09-07,Electronics,Laptop,4019,3,12057,West Malaysia,Johor,Credit Card
ORD11737,2025-07-21,Electronics,Wireless Earbuds,1522,1,1522,West Malaysia,Penang,TNG eWallet
ORD11738,2025-11-18,Home,Office Chair,318,2,636,East Malaysia,Sarawak,TNG eWallet
ORD11739,2025-02-02,Electronics,Wireless Earbuds,4395,3,13185,East Malaysia,Sabah,Credit Card
ORD11740,2025-04-08,Electronics,Laptop,1911,2,3822,West Malaysia,Selangor,TNG eWallet
ORD11741,2025-07-26,Home,Air Purifier,715,2,1430,East Malaysia,Sabah,FPX
ORD11742,2025-03-19,Home,Coffee Maker,545,3,1635,West Malaysia,Penang,Credit Card
ORD11743,2025-03-10,Fashion,Sunglasses,357,1,357,East Malaysia,Sarawak,GrabPay
ORD11744,2025-03-07,Fashion,T-Shirt,124,4,496,East Malaysia,Sabah,Credit Card
ORD11745,2025-01-06,Home,Desk Lamp,313,4,1252,East Malaysia,Sarawak,Credit Card
ORD11746,2025-05-27,Home,Desk Lamp,541,1,541,East Malaysia,Sarawak,Credit Card
ORD11747,2025-03-25,Home,Air Purifier,184,3,552,West Malaysia,Selangor,FPX
ORD11748,2025-03-21,Home,Coffee Maker,460,4,1840,East Malaysia,Sarawak,GrabPay
ORD11749,2025-11-17,Fashion,Backpack,70,2,140,East Malaysia,Sarawak,Credit Card
ORD11750,2025-11-18,Fashion,T-Shirt,355,3,1065,West Malaysia,Kuala Lumpur,TNG eWallet
ORD11751,2025-06-12,Home,Coffee Maker,210,3,630,East Malaysia,Sabah,Credit Card
ORD11752,2025-05-21,Electronics,Smartwatch,2487,1,2487,West Malaysia,Melaka,FPX
ORD11753,2025-08-17,Home,Office Chair,199,3,597,East Malaysia,Sarawak,FPX
ORD11754,2025-03-31,Fashion,Backpack,83,1,83,West Malaysia,Selangor,GrabPay
ORD11755,2025-12-14,Electronics,Smartphone,3189,4,12756,West Malaysia,Kuala Lumpur,TNG eWallet
ORD11756,2025-07-20,Electronics,Laptop,3647,4,14588,West Malaysia,Melaka,FPX
ORD11757,2025-01-21,Home,Desk Lamp,630,2,1260,West Malaysia,Kedah,TNG eWallet
ORD11758,2025-09-21,Electronics,Smartphone,1442,3,4326,East Malaysia,Sarawak,GrabPay
ORD11759,2025-04-24,Electronics,Smartphone,4202,2,8404,West Malaysia,Johor,GrabPay
ORD11760,2025-03-20,Fashion,Backpack,56,3,168,West Malaysia,Kedah,Credit Card
ORD11761,2025-11-05,Fashion,Sunglasses,400,1,400,West Malaysia,Perak,TNG eWallet
ORD11762,2025-05-27,Fashion,Sunglasses,84,4,336,West Malaysia,Johor,GrabPay
ORD11763,2025-09-19,Fashion,Backpack,95,2,190,West Malaysia,Selangor,GrabPay
ORD11764,2025-11-05,Fashion,Sunglasses,400,2,800,West Malaysia,Johor,GrabPay
ORD11765,2025-10-06,Home,Coffee Maker,489,3,1467,West Malaysia,Pahang,FPX
ORD11766,2025-07-09,Electronics,Smartphone,699,3,2097,West Malaysia,Perak,Credit Card
ORD11767,2025-11-14,Fashion,Backpack,158,3,474,West Malaysia,Melaka,FPX
ORD11768,2025-10-19,Electronics,Laptop,1888,3,5664,West Malaysia,Pahang,FPX
ORD11769,2025-09-13,Fashion,Sunglasses,380,2,760,West Malaysia,Kedah,TNG eWallet
ORD11770,2025-07-27,Fashion,Backpack,97,3,291,West Malaysia,Melaka,FPX
ORD11771,2025-03-28,Electronics,Laptop,2110,3,6330,West Malaysia,Pahang,GrabPay
ORD11772,2025-12-12,Home,Air Purifier,176,1,176,West Malaysia,Penang,GrabPay
ORD11773,2025-04-09,Home,Air Purifier,467,4,1868,East Malaysia,Sarawak,FPX
ORD11774,2025-05-29,Electronics,Laptop,3958,2,7916,West Malaysia,Kuala Lumpur,GrabPay
ORD11775,2025-05-28,Home,Coffee Maker,364,2,728,West Malaysia,Kedah,Credit Card
ORD11776,2025-03-01,Home,Desk Lamp,233,2,466,West Malaysia,Kedah,Credit Card
ORD11777,2025-07-07,Fashion,Sneakers,384,1,384,West Malaysia,Perak,Credit Card
ORD11778,2025-01-31,Fashion,T-Shirt,390,4,1560,West Malaysia,Selangor,Credit Card
ORD11779,2025-05-12,Home,Office Chair,268,1,268,East Malaysia,Sarawak,TNG eWallet
ORD11780,2025-06-23,Fashion,T-Shirt,172,4,688,East Malaysia,Sabah,TNG eWallet
ORD11781,2025-09-11,Home,Office Chair,722,4,2888,West Malaysia,Penang,FPX
ORD11782,2025-07-14,Electronics,Smartwatch,1403,2,2806,West Malaysia,Penang,Credit Card
ORD11783,2025-12-09,Electronics,Laptop,3778,1,3778,East Malaysia,Sabah,Credit Card
ORD11784,2025-02-02,Electronics,Wireless Earbuds,763,4,3052,West Malaysia,Selangor,GrabPay
ORD11785,2025-11-21,Fashion,Sunglasses,219,1,219,East Malaysia,Sabah,GrabPay
ORD11786,2025-02-20,Home,Office Chair,348,1,348,East Malaysia,Sabah,Credit Card
ORD11787,2025-09-07,Fashion,Backpack,367,3,1101,East Malaysia,Sarawak,TNG eWallet
ORD11788,2025-05-29,Electronics,Laptop,3184,2,6368,West Malaysia,Perak,GrabPay
ORD11789,2025-01-23,Electronics,Smartwatch,1318,2,2636,West Malaysia,Johor,FPX
ORD11790,2025-08-08,Home,Coffee Maker,632,1,632,East Malaysia,Sabah,FPX
ORD11791,2025-05-02,Electronics,Wireless Earbuds,3124,3,9372,West Malaysia,Kedah,GrabPay
ORD11792,2025-07-06,Electronics,Laptop,1741,3,5223,West Malaysia,Penang,TNG eWallet
ORD11793,2025-07-21,Electronics,Laptop,3889,4,15556,East Malaysia,Sarawak,GrabPay
ORD11794,2025-10-13,Electronics,Smartphone,3840,4,15360,West Malaysia,Melaka,Credit Card
ORD11795,2025-04-12,Home,Desk Lamp,159,3,477,East Malaysia,Sarawak,TNG eWallet
ORD11796,2025-12-17,Electronics,Wireless Earbuds,3861,2,7722,East Malaysia,Sarawak,FPX
ORD11797,2025-12-20,Electronics,Laptop,3500,3,10500,West Malaysia,Melaka,GrabPay
ORD11798,2025-01-26,Fashion,T-Shirt,132,3,396,West Malaysia,Johor,FPX
ORD11799,2025-10-15,Home,Air Purifier,507,3,1521,East Malaysia,Sabah,Credit Card
ORD11800,2025-05-26,Home,Coffee Maker,499,1,499,West Malaysia,Pahang,TNG eWallet
ORD11801,2025-11-28,Electronics,Laptop,1934,1,1934,East Malaysia,Sarawak,FPX
ORD11802,2025-11-07,Fashion,Sneakers,264,2,528,East Malaysia,Sabah,TNG eWallet
ORD11803,2025-05-11,Home,Office Chair,327,1,327,East Malaysia,Sarawak,Credit Card
ORD11804,2025-06-05,Electronics,Smartwatch,2503,2,5006,West Malaysia,Johor,GrabPay
ORD11805,2025-03-23,Electronics,Wireless Earbuds,3449,1,3449,West Malaysia,Selangor,TNG eWallet
ORD11806,2025-09-17,Fashion,Sunglasses,382,4,1528,West Malaysia,Penang,TNG eWallet
ORD11807,2025-01-21,Home,Desk Lamp,493,2,986,West Malaysia,Selangor,Credit Card
ORD11808,2025-01-29,Electronics,Smartwatch,396,1,396,East Malaysia,Sarawak,FPX
ORD11809,2025-12-21,Fashion,T-Shirt,343,3,1029,West Malaysia,Kedah,TNG eWallet
ORD11810,2025-06-21,Home,Coffee Maker,562,2,1124,East Malaysia,Sarawak,FPX
ORD11811,2025-12-19,Fashion,T-Shirt,308,4,1232,West Malaysia,Melaka,FPX
ORD11812,2025-09-21,Electronics,Wireless Earbuds,681,4,2724,West Malaysia,Melaka,FPX
ORD11813,2025-07-21,Home,Coffee Maker,532,3,1596,East Malaysia,Sabah,Credit Card
ORD11814,2025-11-02,Home,Coffee Maker,541,4,2164,East Malaysia,Sabah,GrabPay
ORD11815,2025-12-16,Fashion,Backpack,222,3,666,West Malaysia,Johor,GrabPay
ORD11816,2025-08-06,Electronics,Smartphone,2242,3,6726,East Malaysia,Sarawak,TNG eWallet
ORD11817,2025-07-23,Electronics,Laptop,3562,3,10686,West Malaysia,Kedah,FPX
ORD11818,2025-05-27,Home,Coffee Maker,408,2,816,West Malaysia,Penang,TNG eWallet
ORD11819,2025-11-08,Fashion,Sunglasses,167,2,334,West Malaysia,Johor,TNG eWallet
ORD11820,2025-08-05,Electronics,Smartphone,3014,1,3014,West Malaysia,Selangor,GrabPay
ORD11821,2025-11-24,Home,Air Purifier,561,3,1683,East Malaysia,Sarawak,Credit Card
ORD11822,2025-09-16,Electronics,Wireless Earbuds,1978,4,7912,West Malaysia,Kuala Lumpur,GrabPay
ORD11823,2025-03-06,Electronics,Wireless Earbuds,1139,3,3417,West Malaysia,Kedah,Credit Card
ORD11824,2025-09-30,Fashion,T-Shirt,207,3,621,East Malaysia,Sarawak,Credit Card
ORD11825,2025-07-23,Fashion,Sneakers,102,4,408,West Malaysia,Pahang,GrabPay
ORD11826,2025-09-02,Fashion,Sneakers,63,2,126,West Malaysia,Johor,TNG eWallet
ORD11827,2025-05-02,Electronics,Smartphone,2939,1,2939,West Malaysia,Johor,FPX
ORD11828,2025-05-26,Home,Air Purifier,257,3,771,East Malaysia,Sabah,GrabPay
ORD11829,2025-04-01,Electronics,Wireless Earbuds,1512,1,1512,West Malaysia,Johor,GrabPay
ORD11830,2025-03-24,Fashion,Sneakers,156,1,156,East Malaysia,Sarawak,FPX
ORD11831,2025-08-09,Fashion,Backpack,337,4,1348,West Malaysia,Pahang,GrabPay
ORD11832,2025-08-30,Home,Coffee Maker,591,4,2364,West Malaysia,Selangor,Credit Card
ORD11833,2025-05-08,Home,Coffee Maker,680,2,1360,East Malaysia,Sabah,FPX
ORD11834,2025-05-23,Home,Coffee Maker,573,4,2292,West Malaysia,Perak,Credit Card
ORD11835,2025-12-12,Electronics,Smartwatch,2375,2,4750,West Malaysia,Kedah,TNG eWallet
ORD11836,2025-05-28,Fashion,Sneakers,255,4,1020,West Malaysia,Johor,GrabPay
ORD11837,2025-04-08,Fashion,T-Shirt,338,3,1014,East Malaysia,Sarawak,TNG eWallet
ORD11838,2025-08-17,Home,Office Chair,658,4,2632,West Malaysia,Melaka,GrabPay
ORD11839,2025-05-21,Electronics,Laptop,3409,4,13636,West Malaysia,Penang,GrabPay
ORD11840,2025-11-26,Electronics,Wireless Earbuds,2851,1,2851,East Malaysia,Sarawak,Credit Card
ORD11841,2025-04-27,Electronics,Smartphone,1595,3,4785,East Malaysia,Sarawak,Credit Card
ORD11842,2025-08-14,Fashion,T-Shirt,129,1,129,West Malaysia,Selangor,FPX
ORD11843,2025-10-30,Electronics,Wireless Earbuds,3409,1,3409,East Malaysia,Sabah,Credit Card
ORD11844,2025-10-07,Electronics,Smartphone,1292,4,5168,West Malaysia,Perak,Credit Card
ORD11845,2025-10-15,Electronics,Laptop,3605,3,10815,West Malaysia,Johor,TNG eWallet
ORD11846,2025-04-06,Home,Desk Lamp,733,2,1466,East Malaysia,Sabah,TNG eWallet
ORD11847,2025-05-03,Home,Desk Lamp,637,2,1274,West Malaysia,Johor,GrabPay
ORD11848,2025-11-04,Electronics,Wireless Earbuds,1428,2,2856,East Malaysia,Sarawak,TNG eWallet
ORD11849,2025-05-26,Electronics,Smartphone,3081,4,12324,West Malaysia,Penang,GrabPay
ORD11850,2025-01-06,Home,Office Chair,784,2,1568,East Malaysia,Sabah,Credit Card
ORD11851,2025-10-06,Electronics,Laptop,758,4,3032,East Malaysia,Sabah,GrabPay
ORD11852,2025-12-27,Home,Desk Lamp,242,2,484,West Malaysia,Penang,Credit Card
ORD11853,2025-06-26,Electronics,Laptop,3506,1,3506,East Malaysia,Sarawak,FPX
ORD11854,2025-11-04,Fashion,T-Shirt,339,1,339,East Malaysia,Sarawak,Credit Card
ORD11855,2025-09-03,Electronics,Laptop,715,3,2145,East Malaysia,Sarawak,Credit Card
ORD11856,2025-08-15,Home,Office Chair,643,1,643,East Malaysia,Sabah,GrabPay
ORD11857,2025-03-25,Fashion,Backpack,336,4,1344,East Malaysia,Sarawak,Credit Card
ORD11858,2025-02-06,Electronics,Smartphone,541,3,1623,West Malaysia,Perak,Credit Card
ORD11859,2025-05-16,Electronics,Laptop,2539,1,2539,West Malaysia,Kedah,Credit Card
ORD11860,2025-11-21,Fashion,Sneakers,270,1,270,West Malaysia,Perak,GrabPay
ORD11861,2025-07-15,Fashion,Backpack,226,4,904,West Malaysia,Penang,TNG eWallet
ORD11862,2025-12-27,Fashion,T-Shirt,384,3,1152,West Malaysia,Perak,TNG eWallet
ORD11863,2025-05-30,Electronics,Smartwatch,1098,3,3294,East Malaysia,Sabah,FPX
ORD11864,2025-09-19,Electronics,Smartwatch,3689,4,14756,East Malaysia,Sarawak,FPX
ORD11865,2025-06-20,Home,Office Chair,185,1,185,West Malaysia,Kedah,Credit Card
ORD11866,2025-06-07,Fashion,Backpack,64,2,128,West Malaysia,Pahang,FPX
ORD11867,2025-07-29,Home,Coffee Maker,138,2,276,East Malaysia,Sarawak,FPX
ORD11868,2025-04-08,Fashion,Sunglasses,57,1,57,West Malaysia,Kuala Lumpur,FPX
ORD11869,2025-01-07,Electronics,Wireless Earbuds,424,1,424,West Malaysia,Kuala Lumpur,Credit Card
ORD11870,2025-01-22,Fashion,Sneakers,130,4,520,West Malaysia,Kedah,FPX
ORD11871,2025-08-25,Home,Coffee Maker,761,1,761,East Malaysia,Sabah,FPX
ORD11872,2025-11-04,Electronics,Smartphone,415,2,830,West Malaysia,Johor,Credit Card
ORD11873,2025-10-11,Home,Coffee Maker,671,2,1342,West Malaysia,Penang,GrabPay
ORD11874,2026-01-01,Home,Coffee Maker,231,4,924,East Malaysia,Sabah,FPX
ORD11875,2025-06-15,Fashion,Sneakers,81,2,162,East Malaysia,Sarawak,GrabPay
ORD11876,2025-01-10,Electronics,Smartwatch,3862,4,15448,West Malaysia,Selangor,FPX
ORD11877,2025-03-12,Electronics,Wireless Earbuds,1525,1,1525,West Malaysia,Johor,TNG eWallet
ORD11878,2025-03-09,Electronics,Smartwatch,1762,3,5286,West Malaysia,Penang,FPX
ORD11879,2025-04-27,Home,Coffee Maker,226,2,452,East Malaysia,Sarawak,Credit Card
ORD11880,2025-08-06,Fashion,Sunglasses,251,1,251,East Malaysia,Sarawak,TNG eWallet
ORD11881,2025-03-12,Fashion,Backpack,333,4,1332,East Malaysia,Sarawak,Credit Card
ORD11882,2025-02-02,Home,Office Chair,215,2,430,East Malaysia,Sabah,Credit Card
ORD11883,2025-02-08,Fashion,T-Shirt,66,3,198,East Malaysia,Sabah,FPX
ORD11884,2025-11-26,Electronics,Smartphone,668,2,1336,East Malaysia,Sarawak,GrabPay
ORD11885,2025-02-20,Electronics,Smartphone,2626,3,7878,East Malaysia,Sabah,TNG eWallet
ORD11886,2025-11-26,Electronics,Wireless Earbuds,757,1,757,West Malaysia,Perak,FPX
ORD11887,2025-06-30,Home,Office Chair,188,3,564,East Malaysia,Sabah,Credit Card
ORD11888,2025-08-28,Electronics,Wireless Earbuds,2871,3,8613,East Malaysia,Sarawak,Credit Card
ORD11889,2025-07-14,Electronics,Smartwatch,1156,3,3468,East Malaysia,Sarawak,FPX
ORD11890,2025-08-28,Fashion,T-Shirt,89,3,267,East Malaysia,Sabah,GrabPay
ORD11891,2025-01-02,Electronics,Smartwatch,2275,3,6825,East Malaysia,Sarawak,TNG eWallet
ORD11892,2025-04-18,Fashion,Backpack,57,1,57,East Malaysia,Sarawak,Credit Card
ORD11893,2025-02-07,Fashion,T-Shirt,163,1,163,West Malaysia,Kedah,FPX
ORD11894,2025-06-01,Home,Office Chair,321,2,642,East Malaysia,Sabah,TNG eWallet
ORD11895,2025-08-11,Fashion,Backpack,259,3,777,East Malaysia,Sarawak,GrabPay
ORD11896,2025-12-19,Fashion,Sneakers,252,3,756,East Malaysia,Sabah,GrabPay
ORD11897,2025-03-28,Home,Desk Lamp,755,1,755,East Malaysia,Sabah,GrabPay
ORD11898,2025-08-30,Home,Office Chair,505,1,505,East Malaysia,Sarawak,GrabPay
ORD11899,2025-01-30,Electronics,Wireless Earbuds,3998,2,7996,West Malaysia,Melaka,TNG eWallet
ORD11900,2025-04-22,Electronics,Smartphone,3257,3,9771,West Malaysia,Melaka,TNG eWallet
ORD11901,2025-09-27,Electronics,Smartphone,1452,2,2904,East Malaysia,Sarawak,Credit Card
ORD11902,2025-03-13,Electronics,Laptop,1529,2,3058,East Malaysia,Sarawak,TNG eWallet
ORD11903,2025-03-19,Fashion,Sneakers,286,3,858,West Malaysia,Johor,TNG eWallet
ORD11904,2025-05-30,Electronics,Wireless Earbuds,1249,4,4996,West Malaysia,Pahang,TNG eWallet
ORD11905,2025-11-04,Electronics,Laptop,590,3,1770,East Malaysia,Sarawak,TNG eWallet
ORD11906,2025-05-16,Fashion,Sunglasses,112,4,448,West Malaysia,Penang,FPX
ORD11907,2025-08-11,Electronics,Laptop,2969,1,2969,West Malaysia,Perak,GrabPay
ORD11908,2025-12-19,Home,Office Chair,518,1,518,West Malaysia,Kuala Lumpur,Credit Card
ORD11909,2025-06-16,Electronics,Smartwatch,3627,2,7254,West Malaysia,Kedah,FPX
ORD11910,2025-05-27,Fashion,Sneakers,330,1,330,West Malaysia,Pahang,TNG eWallet
ORD11911,2025-12-26,Fashion,Backpack,253,4,1012,East Malaysia,Sarawak,Credit Card
ORD11912,2025-02-02,Electronics,Laptop,1371,2,2742,East Malaysia,Sarawak,GrabPay
ORD11913,2025-11-12,Fashion,Backpack,111,2,222,East Malaysia,Sabah,TNG eWallet
ORD11914,2025-11-13,Fashion,Sunglasses,288,2,576,East Malaysia,Sarawak,TNG eWallet
ORD11915,2025-12-07,Fashion,T-Shirt,285,2,570,East Malaysia,Sabah,FPX
ORD11916,2025-04-10,Home,Desk Lamp,165,3,495,East Malaysia,Sarawak,Credit Card
ORD11917,2025-02-20,Home,Office Chair,483,3,1449,East Malaysia,Sarawak,TNG eWallet
ORD11918,2025-03-12,Home,Desk Lamp,563,4,2252,West Malaysia,Melaka,FPX
ORD11919,2025-03-16,Home,Coffee Maker,579,3,1737,West Malaysia,Kuala Lumpur,Credit Card
ORD11920,2025-05-04,Electronics,Smartphone,2196,4,8784,East Malaysia,Sabah,GrabPay
ORD11921,2025-02-09,Electronics,Laptop,3321,4,13284,East Malaysia,Sabah,GrabPay
ORD11922,2025-11-20,Fashion,T-Shirt,224,3,672,West Malaysia,Pahang,FPX
ORD11923,2025-05-01,Fashion,Backpack,258,4,1032,East Malaysia,Sabah,Credit Card
ORD11924,2025-12-14,Fashion,T-Shirt,399,2,798,West Malaysia,Selangor,TNG eWallet
ORD11925,2025-11-17,Fashion,Sneakers,319,3,957,West Malaysia,Melaka,FPX
ORD11926,2025-10-08,Fashion,Sunglasses,349,2,698,West Malaysia,Perak,TNG eWallet
ORD11927,2025-12-28,Fashion,Sneakers,237,4,948,West Malaysia,Kuala Lumpur,Credit Card
ORD11928,2025-10-10,Home,Coffee Maker,519,3,1557,East Malaysia,Sarawak,Credit Card
ORD11929,2025-10-06,Electronics,Wireless Earbuds,4003,4,16012,West Malaysia,Pahang,TNG eWallet
ORD11930,2025-04-15,Fashion,Backpack,269,2,538,East Malaysia,Sabah,FPX
ORD11931,2025-12-01,Home,Office Chair,125,4,500,East Malaysia,Sarawak,TNG eWallet
ORD11932,2025-07-24,Fashion,T-Shirt,249,1,249,West Malaysia,Johor,Credit Card
ORD11933,2025-02-28,Home,Coffee Maker,798,4,3192,East Malaysia,Sabah,Credit Card
ORD11934,2025-10-11,Fashion,Backpack,77,2,154,East Malaysia,Sarawak,FPX
ORD11935,2025-02-23,Fashion,Sunglasses,225,4,900,East Malaysia,Sabah,GrabPay
ORD11936,2025-12-08,Electronics,Wireless Earbuds,3585,4,14340,East Malaysia,Sabah,TNG eWallet
ORD11937,2025-05-25,Electronics,Laptop,4095,2,8190,West Malaysia,Penang,FPX
ORD11938,2025-03-14,Fashion,Backpack,371,1,371,West Malaysia,Melaka,GrabPay
ORD11939,2025-02-01,Home,Office Chair,220,4,880,East Malaysia,Sabah,TNG eWallet
ORD11940,2025-03-31,Home,Office Chair,424,1,424,East Malaysia,Sabah,TNG eWallet
ORD11941,2025-03-20,Electronics,Smartwatch,934,4,3736,East Malaysia,Sarawak,Credit Card
ORD11942,2025-01-13,Home,Air Purifier,716,2,1432,East Malaysia,Sarawak,FPX
ORD11943,2025-09-20,Electronics,Laptop,1369,4,5476,West Malaysia,Melaka,Credit Card
ORD11944,2025-07-30,Home,Coffee Maker,466,1,466,East Malaysia,Sabah,TNG eWallet
ORD11945,2025-06-15,Home,Air Purifier,285,1,285,West Malaysia,Johor,Credit Card
ORD11946,2025-04-20,Electronics,Smartphone,3825,1,3825,West Malaysia,Penang,FPX
ORD11947,2025-08-26,Fashion,T-Shirt,223,1,223,West Malaysia,Melaka,Credit Card
ORD11948,2025-06-07,Electronics,Smartwatch,4312,3,12936,West Malaysia,Melaka,FPX
ORD11949,2025-02-03,Electronics,Wireless Earbuds,553,1,553,East Malaysia,Sarawak,GrabPay
ORD11950,2025-04-15,Fashion,Sneakers,58,1,58,West Malaysia,Melaka,GrabPay
ORD11951,2025-08-18,Home,Coffee Maker,103,1,103,West Malaysia,Penang,GrabPay
ORD11952,2025-10-12,Electronics,Wireless Earbuds,3387,4,13548,East Malaysia,Sarawak,TNG eWallet
ORD11953,2025-05-26,Home,Desk Lamp,573,2,1146,East Malaysia,Sabah,Credit Card
ORD11954,2025-07-10,Home,Air Purifier,164,1,164,East Malaysia,Sabah,FPX
ORD11955,2025-07-17,Electronics,Laptop,1059,1,1059,East Malaysia,Sarawak,FPX
ORD11956,2025-07-29,Fashion,T-Shirt,131,3,393,West Malaysia,Pahang,FPX
ORD11957,2025-11-20,Electronics,Smartphone,2715,3,8145,West Malaysia,Kedah,FPX
ORD11958,2025-10-22,Electronics,Wireless Earbuds,3317,1,3317,West Malaysia,Penang,TNG eWallet
ORD11959,2025-06-06,Home,Coffee Maker,107,3,321,East Malaysia,Sabah,Credit Card
ORD11960,2025-07-17,Electronics,Wireless Earbuds,2532,1,2532,West Malaysia,Kedah,Credit Card
ORD11961,2025-08-23,Electronics,Smartphone,4103,4,16412,East Malaysia,Sabah,FPX
ORD11962,2025-05-09,Home,Desk Lamp,529,3,1587,West Malaysia,Kedah,FPX
ORD11963,2025-05-28,Fashion,Backpack,276,3,828,East Malaysia,Sarawak,Credit Card
ORD11964,2025-03-29,Fashion,Backpack,213,3,639,East Malaysia,Sabah,Credit Card
ORD11965,2025-06-30,Electronics,Smartphone,3408,2,6816,East Malaysia,Sarawak,TNG eWallet
ORD11966,2025-12-05,Electronics,Laptop,432,2,864,East Malaysia,Sabah,TNG eWallet
ORD11967,2025-02-23,Electronics,Laptop,2939,2,5878,West Malaysia,Pahang,TNG eWallet
ORD11968,2025-05-25,Fashion,Backpack,149,2,298,East Malaysia,Sarawak,FPX
ORD11969,2025-10-26,Electronics,Wireless Earbuds,320,4,1280,East Malaysia,Sabah,TNG eWallet
ORD11970,2025-05-16,Electronics,Laptop,571,1,571,West Malaysia,Kuala Lumpur,Credit Card
ORD11971,2025-09-01,Electronics,Smartwatch,2223,3,6669,East Malaysia,Sarawak,GrabPay
ORD11972,2025-07-26,Fashion,Sunglasses,274,1,274,East Malaysia,Sarawak,TNG eWallet
ORD11973,2025-08-25,Home,Coffee Maker,354,4,1416,West Malaysia,Selangor,TNG eWallet
ORD11974,2025-08-25,Fashion,Backpack,308,4,1232,East Malaysia,Sabah,FPX
ORD11975,2025-11-15,Home,Air Purifier,297,3,891,West Malaysia,Johor,GrabPay
ORD11976,2025-10-19,Home,Air Purifier,437,4,1748,East Malaysia,Sabah,FPX
ORD11977,2025-08-10,Fashion,Sunglasses,244,4,976,West Malaysia,Melaka,GrabPay
ORD11978,2026-01-01,Electronics,Smartwatch,2220,2,4440,West Malaysia,Johor,TNG eWallet
ORD11979,2025-10-28,Fashion,Sunglasses,95,4,380,West Malaysia,Pahang,FPX
ORD11980,2025-12-10,Fashion,Sneakers,331,1,331,East Malaysia,Sarawak,TNG eWallet
ORD11981,2025-09-13,Home,Coffee Maker,389,3,1167,West Malaysia,Kedah,TNG eWallet
ORD11982,2025-03-23,Home,Desk Lamp,566,3,1698,East Malaysia,Sarawak,FPX
ORD11983,2025-07-07,Home,Coffee Maker,202,1,202,West Malaysia,Penang,TNG eWallet
ORD11984,2025-05-16,Electronics,Smartphone,3673,4,14692,West Malaysia,Melaka,FPX
ORD11985,2025-06-19,Fashion,Sneakers,130,2,260,East Malaysia,Sarawak,GrabPay
ORD11986,2025-04-01,Fashion,T-Shirt,160,4,640,East Malaysia,Sarawak,FPX
ORD11987,2025-07-05,Fashion,T-Shirt,311,4,1244,West Malaysia,Perak,Credit Card
ORD11988,2025-03-27,Home,Coffee Maker,650,1,650,West Malaysia,Perak,TNG eWallet
ORD11989,2025-01-17,Electronics,Wireless Earbuds,4357,2,8714,East Malaysia,Sarawak,FPX
ORD11990,2025-07-21,Fashion,Sneakers,194,4,776,West Malaysia,Selangor,TNG eWallet
ORD11991,2025-08-04,Electronics,Laptop,3294,4,13176,West Malaysia,Selangor,TNG eWallet
ORD11992,2025-03-11,Fashion,Backpack,254,1,254,West Malaysia,Kuala Lumpur,TNG eWallet
ORD11993,2025-01-28,Fashion,T-Shirt,204,1,204,East Malaysia,Sabah,FPX
ORD11994,2025-02-18,Electronics,Smartwatch,2188,2,4376,East Malaysia,Sabah,GrabPay
ORD11995,2025-07-15,Home,Office Chair,640,2,1280,East Malaysia,Sarawak,TNG eWallet
ORD11996,2025-02-14,Home,Air Purifier,648,3,1944,West Malaysia,Johor,GrabPay
ORD11997,2025-01-01,Fashion,T-Shirt,249,4,996,West Malaysia,Kedah,TNG eWallet
ORD11998,2025-09-06,Home,Office Chair,723,1,723,East Malaysia,Sabah,FPX
ORD11999,2025-05-21,Home,Desk Lamp,298,2,596,West Malaysia,Johor,Credit Card
ORD12000,2025-07-08,Fashion,T-Shirt,384,1,384,East Malaysia,Sabah,Credit Card
ORD12001,2025-05-13,Fashion,Backpack,287,1,287,West Malaysia,Kuala Lumpur,Credit Card
ORD12002,2025-12-29,Fashion,Sneakers,247,2,494,West Malaysia,Kedah,Credit Card
ORD12003,2025-09-15,Home,Coffee Maker,792,4,3168,West Malaysia,Penang,TNG eWallet
ORD12004,2025-12-20,Fashion,Backpack,82,4,328,East Malaysia,Sabah,TNG eWallet
ORD12005,2025-03-06,Fashion,Backpack,341,4,1364,East Malaysia,Sarawak,Credit Card
ORD12006,2025-06-17,Home,Air Purifier,346,1,346,West Malaysia,Johor,Credit Card
ORD12007,2025-12-15,Electronics,Smartphone,3483,1,3483,West Malaysia,Pahang,GrabPay
ORD12008,2025-02-03,Home,Coffee Maker,664,4,2656,West Malaysia,Perak,TNG eWallet
ORD12009,2025-08-08,Home,Desk Lamp,255,2,510,West Malaysia,Melaka,Credit Card
ORD12010,2025-11-07,Fashion,Sneakers,187,3,561,East Malaysia,Sarawak,TNG eWallet
ORD12011,2025-01-26,Fashion,T-Shirt,269,3,807,East Malaysia,Sabah,GrabPay
ORD12012,2025-05-17,Electronics,Wireless Earbuds,3908,3,11724,East Malaysia,Sarawak,Credit Card
ORD12013,2025-11-12,Home,Coffee Maker,317,3,951,West Malaysia,Johor,FPX
ORD12014,2025-09-14,Home,Air Purifier,388,1,388,East Malaysia,Sarawak,GrabPay
ORD12015,2025-01-20,Home,Office Chair,522,3,1566,East Malaysia,Sabah,TNG eWallet
ORD12016,2025-11-24,Home,Office Chair,746,2,1492,West Malaysia,Johor,FPX
ORD12017,2025-01-09,Home,Air Purifier,485,1,485,West Malaysia,Kuala Lumpur,TNG eWallet
ORD12018,2025-09-04,Electronics,Smartwatch,2326,4,9304,West Malaysia,Selangor,Credit Card
ORD12019,2025-05-09,Home,Desk Lamp,279,2,558,East Malaysia,Sabah,GrabPay
ORD12020,2025-04-06,Home,Coffee Maker,465,4,1860,East Malaysia,Sabah,TNG eWallet
ORD12021,2025-04-11,Fashion,Sunglasses,105,1,105,East Malaysia,Sarawak,GrabPay
ORD12022,2025-09-30,Home,Office Chair,751,1,751,East Malaysia,Sarawak,GrabPay
ORD12023,2025-03-04,Fashion,Sunglasses,114,3,342,East Malaysia,Sabah,TNG eWallet
ORD12024,2025-05-08,Home,Coffee Maker,468,3,1404,East Malaysia,Sarawak,GrabPay
ORD12025,2025-07-01,Electronics,Laptop,3658,4,14632,West Malaysia,Penang,FPX
ORD12026,2025-07-31,Home,Office Chair,570,4,2280,East Malaysia,Sabah,FPX
ORD12027,2025-02-13,Electronics,Wireless Earbuds,2094,3,6282,West Malaysia,Melaka,FPX
ORD12028,2025-12-06,Electronics,Laptop,1462,4,5848,East Malaysia,Sarawak,TNG eWallet
ORD12029,2025-03-02,Fashion,Sneakers,255,1,255,East Malaysia,Sarawak,FPX
ORD12030,2025-04-04,Electronics,Laptop,1833,4,7332,West Malaysia,Perak,FPX
ORD12031,2025-08-05,Electronics,Smartwatch,2574,2,5148,East Malaysia,Sabah,GrabPay
ORD12032,2025-02-14,Home,Coffee Maker,241,2,482,West Malaysia,Penang,GrabPay
ORD12033,2025-08-19,Fashion,T-Shirt,287,4,1148,East Malaysia,Sabah,Credit Card
ORD12034,2025-05-06,Home,Desk Lamp,752,1,752,East Malaysia,Sabah,GrabPay
ORD12035,2025-07-27,Fashion,Backpack,267,3,801,East Malaysia,Sabah,Credit Card
ORD12036,2025-11-13,Home,Air Purifier,475,2,950,West Malaysia,Selangor,Credit Card
ORD12037,2025-10-17,Electronics,Laptop,2760,1,2760,West Malaysia,Pahang,Credit Card
ORD12038,2025-04-21,Fashion,Sunglasses,180,3,540,West Malaysia,Johor,Credit Card
ORD12039,2025-02-21,Fashion,Sneakers,61,1,61,West Malaysia,Selangor,GrabPay
ORD12040,2025-11-06,Electronics,Smartwatch,1335,2,2670,West Malaysia,Pahang,Credit Card
ORD12041,2025-07-19,Home,Desk Lamp,663,1,663,West Malaysia,Perak,Credit Card
ORD12042,2025-12-25,Electronics,Smartphone,2229,1,2229,East Malaysia,Sabah,GrabPay
ORD12043,2025-10-03,Electronics,Smartwatch,3466,2,6932,West Malaysia,Perak,TNG eWallet
ORD12044,2025-03-15,Electronics,Laptop,1725,1,1725,East Malaysia,Sarawak,TNG eWallet
ORD12045,2025-02-23,Electronics,Wireless Earbuds,2309,4,9236,East Malaysia,Sabah,FPX
ORD12046,2025-09-22,Fashion,Backpack,112,1,112,East Malaysia,Sarawak,FPX
ORD12047,2025-12-27,Electronics,Laptop,2332,2,4664,East Malaysia,Sabah,Credit Card
ORD12048,2025-02-06,Fashion,Sunglasses,344,2,688,East Malaysia,Sarawak,GrabPay
ORD12049,2025-12-06,Electronics,Smartwatch,2768,2,5536,East Malaysia,Sabah,FPX
ORD12050,2025-10-10,Home,Air Purifier,575,2,1150,East Malaysia,Sabah,GrabPay
ORD12051,2025-04-05,Home,Air Purifier,695,1,695,East Malaysia,Sarawak,FPX
ORD12052,2025-04-10,Fashion,Sneakers,374,3,1122,West Malaysia,Perak,GrabPay
ORD12053,2025-09-12,Electronics,Smartwatch,365,4,1460,East Malaysia,Sarawak,TNG eWallet
ORD12054,2025-07-24,Home,Desk Lamp,703,2,1406,East Malaysia,Sarawak,TNG eWallet
ORD12055,2025-08-03,Fashion,Backpack,361,1,361,West Malaysia,Pahang,GrabPay
ORD12056,2025-04-03,Fashion,Sneakers,396,2,792,East Malaysia,Sabah,Credit Card
ORD12057,2025-10-18,Fashion,Backpack,238,4,952,West Malaysia,Kedah,GrabPay
ORD12058,2025-03-19,Fashion,T-Shirt,357,4,1428,East Malaysia,Sarawak,Credit Card
ORD12059,2025-04-07,Electronics,Smartphone,858,3,2574,East Malaysia,Sabah,Credit Card
ORD12060,2025-01-11,Fashion,Sunglasses,105,3,315,West Malaysia,Penang,Credit Card
ORD12061,2025-04-17,Electronics,Smartwatch,917,1,917,West Malaysia,Penang,TNG eWallet
ORD12062,2025-11-04,Electronics,Laptop,1343,3,4029,East Malaysia,Sarawak,GrabPay
ORD12063,2025-10-30,Electronics,Laptop,2984,1,2984,West Malaysia,Melaka,FPX
ORD12064,2025-08-27,Electronics,Smartwatch,3304,3,9912,West Malaysia,Kedah,FPX
ORD12065,2025-05-07,Fashion,Backpack,210,3,630,East Malaysia,Sabah,TNG eWallet
ORD12066,2025-11-11,Electronics,Smartphone,556,3,1668,East Malaysia,Sarawak,FPX
ORD12067,2025-06-11,Home,Office Chair,130,2,260,West Malaysia,Pahang,TNG eWallet
ORD12068,2025-03-24,Home,Coffee Maker,513,4,2052,West Malaysia,Pahang,TNG eWallet
ORD12069,2025-01-01,Home,Office Chair,323,2,646,West Malaysia,Melaka,TNG eWallet
ORD12070,2025-11-29,Fashion,Sneakers,76,2,152,West Malaysia,Penang,GrabPay
ORD12071,2025-12-21,Fashion,T-Shirt,96,4,384,East Malaysia,Sarawak,Credit Card
ORD12072,2025-03-05,Fashion,Backpack,72,4,288,East Malaysia,Sabah,TNG eWallet
ORD12073,2025-09-01,Home,Office Chair,282,2,564,East Malaysia,Sabah,FPX
ORD12074,2025-09-04,Fashion,Sneakers,230,1,230,West Malaysia,Johor,FPX
ORD12075,2025-12-15,Fashion,T-Shirt,394,2,788,East Malaysia,Sarawak,Credit Card
ORD12076,2025-02-16,Home,Office Chair,306,2,612,West Malaysia,Perak,TNG eWallet
ORD12077,2025-02-07,Fashion,T-Shirt,228,2,456,East Malaysia,Sabah,TNG eWallet
ORD12078,2025-05-08,Fashion,Sneakers,121,3,363,East Malaysia,Sabah,TNG eWallet
ORD12079,2025-06-27,Home,Desk Lamp,574,2,1148,East Malaysia,Sabah,TNG eWallet
ORD12080,2025-01-06,Electronics,Smartphone,3489,4,13956,West Malaysia,Kedah,FPX
ORD12081,2025-08-11,Home,Air Purifier,343,3,1029,West Malaysia,Johor,GrabPay
ORD12082,2025-01-15,Fashion,Sunglasses,218,4,872,East Malaysia,Sarawak,Credit Card
ORD12083,2025-12-13,Electronics,Smartphone,4247,3,12741,West Malaysia,Selangor,Credit Card
ORD12084,2025-05-14,Fashion,Backpack,326,2,652,East Malaysia,Sabah,GrabPay
ORD12085,2025-03-10,Electronics,Smartphone,1360,1,1360,East Malaysia,Sabah,TNG eWallet
ORD12086,2025-06-28,Electronics,Wireless Earbuds,1698,1,1698,East Malaysia,Sabah,Credit Card
ORD12087,2025-03-11,Fashion,Sneakers,397,1,397,East Malaysia,Sabah,TNG eWallet
ORD12088,2025-04-05,Home,Desk Lamp,416,4,1664,East Malaysia,Sabah,Credit Card
ORD12089,2025-07-18,Home,Air Purifier,696,2,1392,West Malaysia,Selangor,TNG eWallet
ORD12090,2025-11-06,Home,Coffee Maker,184,3,552,East Malaysia,Sarawak,FPX
ORD12091,2025-12-02,Home,Office Chair,630,1,630,East Malaysia,Sabah,TNG eWallet
ORD12092,2025-06-11,Fashion,Sneakers,156,3,468,West Malaysia,Pahang,Credit Card
ORD12093,2025-06-20,Fashion,Backpack,326,1,326,East Malaysia,Sabah,GrabPay
ORD12094,2025-06-26,Electronics,Smartphone,1586,1,1586,East Malaysia,Sarawak,FPX
ORD12095,2025-03-06,Fashion,T-Shirt,331,4,1324,East Malaysia,Sabah,Credit Card
ORD12096,2025-12-22,Electronics,Smartwatch,4152,4,16608,East Malaysia,Sarawak,TNG eWallet
ORD12097,2025-12-16,Home,Desk Lamp,380,1,380,East Malaysia,Sabah,FPX
ORD12098,2025-07-28,Electronics,Smartphone,2690,3,8070,West Malaysia,Penang,TNG eWallet
ORD12099,2025-05-07,Fashion,Sneakers,167,3,501,West Malaysia,Penang,GrabPay
ORD12100,2025-05-09,Fashion,Sunglasses,217,3,651,West Malaysia,Selangor,Credit Card
ORD12101,2025-12-26,Electronics,Laptop,3499,2,6998,East Malaysia,Sarawak,TNG eWallet
ORD12102,2025-10-06,Fashion,Backpack,68,1,68,East Malaysia,Sabah,TNG eWallet
ORD12103,2025-01-15,Fashion,T-Shirt,134,1,134,West Malaysia,Johor,GrabPay
ORD12104,2025-06-07,Electronics,Smartwatch,2777,2,5554,East Malaysia,Sarawak,GrabPay
ORD12105,2025-11-20,Fashion,T-Shirt,230,3,690,East Malaysia,Sarawak,GrabPay
ORD12106,2025-10-08,Home,Office Chair,120,3,360,West Malaysia,Perak,Credit Card
ORD12107,2025-07-04,Electronics,Smartphone,3982,3,11946,East Malaysia,Sabah,FPX
ORD12108,2025-08-22,Electronics,Smartphone,1558,3,4674,West Malaysia,Melaka,Credit Card
ORD12109,2025-10-20,Electronics,Smartwatch,446,2,892,East Malaysia,Sabah,GrabPay
ORD12110,2025-03-19,Home,Air Purifier,239,1,239,East Malaysia,Sarawak,FPX
ORD12111,2025-02-13,Fashion,Backpack,57,2,114,East Malaysia,Sarawak,Credit Card
ORD12112,2025-03-10,Home,Office Chair,392,3,1176,West Malaysia,Penang,GrabPay
ORD12113,2025-01-26,Fashion,T-Shirt,342,2,684,East Malaysia,Sabah,GrabPay
ORD12114,2025-03-09,Electronics,Wireless Earbuds,2181,2,4362,East Malaysia,Sabah,Credit Card
ORD12115,2025-02-23,Electronics,Smartwatch,3563,2,7126,West Malaysia,Melaka,GrabPay
ORD12116,2025-10-18,Home,Office Chair,473,1,473,East Malaysia,Sarawak,GrabPay
ORD12117,2026-01-01,Electronics,Smartwatch,4289,1,4289,East Malaysia,Sarawak,FPX
ORD12118,2025-10-04,Home,Coffee Maker,669,4,2676,East Malaysia,Sabah,GrabPay
ORD12119,2025-07-23,Electronics,Laptop,2809,1,2809,West Malaysia,Kuala Lumpur,TNG eWallet
ORD12120,2025-02-02,Electronics,Wireless Earbuds,3014,4,12056,West Malaysia,Kuala Lumpur,FPX
ORD12121,2025-10-03,Fashion,Sneakers,296,4,1184,West Malaysia,Selangor,FPX
ORD12122,2025-12-30,Fashion,Backpack,322,1,322,East Malaysia,Sarawak,GrabPay
ORD12123,2026-01-01,Fashion,Backpack,170,1,170,East Malaysia,Sarawak,Credit Card
ORD12124,2025-10-12,Home,Office Chair,354,3,1062,East Malaysia,Sarawak,FPX
ORD12125,2025-06-24,Electronics,Laptop,3864,1,3864,West Malaysia,Penang,TNG eWallet
ORD12126,2025-06-22,Electronics,Wireless Earbuds,2254,4,9016,West Malaysia,Perak,Credit Card
ORD12127,2025-03-29,Electronics,Smartwatch,2792,1,2792,West Malaysia,Penang,GrabPay
ORD12128,2025-07-01,Fashion,Sunglasses,368,2,736,West Malaysia,Melaka,FPX
ORD12129,2025-05-10,Home,Desk Lamp,690,2,1380,West Malaysia,Kuala Lumpur,TNG eWallet
ORD12130,2025-11-29,Fashion,Backpack,236,2,472,West Malaysia,Kuala Lumpur,GrabPay
ORD12131,2025-12-27,Electronics,Smartphone,2844,3,8532,East Malaysia,Sarawak,Credit Card
ORD12132,2025-12-23,Home,Air Purifier,615,2,1230,West Malaysia,Pahang,GrabPay
ORD12133,2025-06-12,Home,Desk Lamp,397,4,1588,West Malaysia,Melaka,GrabPay
ORD12134,2025-03-22,Fashion,Sunglasses,393,3,1179,East Malaysia,Sarawak,Credit Card
ORD12135,2025-02-25,Fashion,T-Shirt,314,2,628,East Malaysia,Sabah,GrabPay
ORD12136,2025-10-09,Home,Coffee Maker,335,4,1340,East Malaysia,Sarawak,GrabPay
ORD12137,2025-07-01,Electronics,Smartphone,1989,4,7956,East Malaysia,Sarawak,GrabPay
ORD12138,2025-06-23,Electronics,Smartphone,3307,1,3307,East Malaysia,Sarawak,Credit Card
ORD12139,2025-10-08,Electronics,Smartphone,2960,3,8880,East Malaysia,Sabah,GrabPay
ORD12140,2025-09-27,Electronics,Smartwatch,2798,2,5596,West Malaysia,Melaka,Credit Card
ORD12141,2025-04-18,Fashion,Sneakers,341,4,1364,East Malaysia,Sarawak,GrabPay
ORD12142,2025-04-11,Electronics,Smartphone,1419,1,1419,East Malaysia,Sabah,FPX
ORD12143,2025-08-24,Fashion,Sneakers,298,3,894,West Malaysia,Kedah,FPX
ORD12144,2025-04-23,Home,Desk Lamp,691,2,1382,East Malaysia,Sarawak,Credit Card
ORD12145,2025-12-14,Electronics,Smartwatch,3792,4,15168,East Malaysia,Sabah,FPX
ORD12146,2025-07-23,Home,Air Purifier,278,4,1112,West Malaysia,Penang,Credit Card
ORD12147,2025-07-30,Home,Office Chair,747,3,2241,East Malaysia,Sabah,Credit Card
ORD12148,2025-03-12,Electronics,Smartphone,4326,1,4326,West Malaysia,Johor,GrabPay
ORD12149,2025-01-01,Electronics,Smartwatch,2293,3,6879,West Malaysia,Johor,Credit Card
ORD12150,2025-05-01,Home,Air Purifier,473,4,1892,West Malaysia,Perak,FPX
ORD12151,2025-10-28,Fashion,Backpack,248,3,744,East Malaysia,Sarawak,FPX
ORD12152,2025-09-23,Fashion,Backpack,104,3,312,East Malaysia,Sarawak,GrabPay
ORD12153,2025-05-12,Electronics,Wireless Earbuds,850,1,850,West Malaysia,Perak,FPX
ORD12154,2025-02-05,Electronics,Smartphone,2981,4,11924,West Malaysia,Penang,FPX
ORD12155,2025-11-30,Home,Office Chair,100,1,100,East Malaysia,Sabah,TNG eWallet
ORD12156,2025-09-07,Electronics,Laptop,3881,1,3881,West Malaysia,Penang,TNG eWallet
ORD12157,2025-09-07,Electronics,Smartphone,594,1,594,West Malaysia,Perak,FPX
ORD12158,2025-09-20,Home,Desk Lamp,749,3,2247,East Malaysia,Sarawak,FPX
ORD12159,2025-03-12,Fashion,Sunglasses,137,2,274,West Malaysia,Perak,GrabPay
ORD12160,2025-03-14,Home,Office Chair,658,4,2632,West Malaysia,Pahang,TNG eWallet
ORD12161,2025-05-19,Fashion,Sneakers,372,3,1116,East Malaysia,Sarawak,FPX
ORD12162,2025-09-27,Fashion,T-Shirt,331,2,662,West Malaysia,Kedah,Credit Card
ORD12163,2025-01-28,Home,Desk Lamp,682,4,2728,East Malaysia,Sarawak,TNG eWallet
ORD12164,2025-04-05,Home,Desk Lamp,239,4,956,East Malaysia,Sabah,Credit Card
ORD12165,2025-09-19,Home,Desk Lamp,468,1,468,West Malaysia,Penang,Credit Card
ORD12166,2025-09-25,Home,Desk Lamp,543,3,1629,East Malaysia,Sarawak,FPX
ORD12167,2025-06-24,Home,Coffee Maker,554,4,2216,West Malaysia,Penang,Credit Card
ORD12168,2025-02-04,Fashion,Sneakers,297,2,594,West Malaysia,Perak,FPX
ORD12169,2025-10-01,Home,Air Purifier,788,1,788,West Malaysia,Kuala Lumpur,TNG eWallet
ORD12170,2025-12-03,Electronics,Wireless Earbuds,3811,2,7622,East Malaysia,Sabah,Credit Card
ORD12171,2025-05-24,Fashion,Sneakers,165,4,660,West Malaysia,Pahang,TNG eWallet
ORD12172,2025-08-13,Fashion,Backpack,163,1,163,East Malaysia,Sabah,FPX
ORD12173,2025-10-29,Electronics,Smartphone,2276,4,9104,West Malaysia,Penang,GrabPay
ORD12174,2025-02-04,Fashion,Sneakers,287,4,1148,West Malaysia,Perak,FPX
ORD12175,2025-12-15,Home,Coffee Maker,698,3,2094,West Malaysia,Penang,FPX
ORD12176,2025-03-07,Home,Air Purifier,215,4,860,West Malaysia,Selangor,Credit Card
ORD12177,2025-09-21,Home,Coffee Maker,538,4,2152,East Malaysia,Sarawak,TNG eWallet
ORD12178,2025-09-03,Fashion,Backpack,149,2,298,West Malaysia,Melaka,GrabPay
ORD12179,2025-02-25,Home,Air Purifier,311,2,622,West Malaysia,Perak,TNG eWallet
ORD12180,2025-08-10,Home,Office Chair,281,4,1124,West Malaysia,Kedah,GrabPay
ORD12181,2025-08-01,Electronics,Smartphone,533,3,1599,East Malaysia,Sarawak,TNG eWallet
ORD12182,2025-12-13,Home,Coffee Maker,563,3,1689,West Malaysia,Johor,TNG eWallet
ORD12183,2025-06-24,Home,Office Chair,287,3,861,East Malaysia,Sabah,Credit Card
ORD12184,2025-11-11,Electronics,Laptop,2767,1,2767,East Malaysia,Sarawak,FPX
ORD12185,2025-09-22,Home,Office Chair,636,2,1272,East Malaysia,Sabah,TNG eWallet
ORD12186,2025-10-03,Fashion,Sneakers,330,1,330,East Malaysia,Sarawak,Credit Card
ORD12187,2025-02-21,Home,Coffee Maker,597,3,1791,West Malaysia,Melaka,TNG eWallet
ORD12188,2025-06-16,Fashion,Backpack,200,1,200,West Malaysia,Melaka,TNG eWallet
ORD12189,2025-10-26,Electronics,Wireless Earbuds,2405,4,9620,East Malaysia,Sarawak,TNG eWallet
ORD12190,2025-11-19,Electronics,Smartphone,1591,4,6364,East Malaysia,Sabah,TNG eWallet
ORD12191,2025-08-29,Home,Desk Lamp,245,4,980,East Malaysia,Sarawak,TNG eWallet
ORD12192,2025-02-18,Fashion,Sneakers,396,3,1188,East Malaysia,Sarawak,Credit Card
ORD12193,2025-04-04,Home,Desk Lamp,296,3,888,East Malaysia,Sarawak,Credit Card
ORD12194,2025-01-12,Electronics,Laptop,1015,2,2030,West Malaysia,Penang,GrabPay
ORD12195,2025-02-13,Electronics,Laptop,2192,3,6576,West Malaysia,Melaka,GrabPay
ORD12196,2025-09-18,Electronics,Smartwatch,2685,1,2685,West Malaysia,Perak,FPX
ORD12197,2025-01-30,Fashion,Sneakers,89,1,89,West Malaysia,Perak,FPX
ORD12198,2025-02-19,Electronics,Smartphone,2387,1,2387,East Malaysia,Sabah,Credit Card
ORD12199,2025-06-17,Home,Office Chair,712,3,2136,East Malaysia,Sarawak,FPX
ORD12200,2025-08-30,Electronics,Smartphone,1015,1,1015,East Malaysia,Sarawak,Credit Card
ORD12201,2025-10-18,Home,Air Purifier,115,2,230,West Malaysia,Pahang,GrabPay
ORD12202,2025-07-31,Home,Coffee Maker,441,2,882,West Malaysia,Kuala Lumpur,GrabPay
ORD12203,2025-01-11,Home,Air Purifier,310,4,1240,East Malaysia,Sarawak,GrabPay
ORD12204,2025-04-23,Home,Air Purifier,598,4,2392,West Malaysia,Perak,GrabPay
ORD12205,2025-09-03,Fashion,Sneakers,387,4,1548,West Malaysia,Kedah,FPX
ORD12206,2025-05-15,Home,Office Chair,333,3,999,West Malaysia,Melaka,FPX
ORD12207,2025-09-18,Home,Desk Lamp,110,3,330,West Malaysia,Perak,FPX
ORD12208,2025-02-06,Fashion,T-Shirt,246,3,738,East Malaysia,Sabah,FPX
ORD12209,2025-10-14,Electronics,Wireless Earbuds,1907,1,1907,West Malaysia,Penang,TNG eWallet
ORD12210,2025-10-27,Fashion,Sunglasses,95,2,190,East Malaysia,Sabah,Credit Card
ORD12211,2025-07-13,Electronics,Smartphone,332,3,996,West Malaysia,Kuala Lumpur,TNG eWallet
ORD12212,2025-06-30,Home,Desk Lamp,245,1,245,East Malaysia,Sarawak,FPX
ORD12213,2025-01-10,Fashion,Backpack,122,2,244,West Malaysia,Perak,TNG eWallet
ORD12214,2025-11-17,Fashion,T-Shirt,87,1,87,East Malaysia,Sabah,TNG eWallet
ORD12215,2025-10-03,Home,Desk Lamp,516,2,1032,West Malaysia,Selangor,FPX
ORD12216,2025-03-29,Home,Desk Lamp,587,2,1174,West Malaysia,Kuala Lumpur,Credit Card
ORD12217,2025-02-26,Fashion,Backpack,281,1,281,West Malaysia,Perak,GrabPay
ORD12218,2025-04-27,Electronics,Wireless Earbuds,3849,1,3849,West Malaysia,Melaka,Credit Card
ORD12219,2025-01-21,Home,Office Chair,790,1,790,East Malaysia,Sarawak,Credit Card
ORD12220,2025-09-17,Home,Air Purifier,799,4,3196,West Malaysia,Pahang,GrabPay
ORD12221,2025-11-17,Electronics,Laptop,2075,4,8300,West Malaysia,Penang,TNG eWallet
ORD12222,2025-03-30,Electronics,Smartwatch,1426,1,1426,West Malaysia,Melaka,TNG eWallet
ORD12223,2025-10-27,Home,Air Purifier,208,1,208,East Malaysia,Sarawak,GrabPay
ORD12224,2025-12-10,Electronics,Wireless Earbuds,3004,2,6008,West Malaysia,Perak,TNG eWallet
ORD12225,2025-09-04,Fashion,T-Shirt,229,2,458,East Malaysia,Sabah,FPX
ORD12226,2025-07-29,Home,Air Purifier,378,3,1134,East Malaysia,Sarawak,GrabPay
ORD12227,2025-07-18,Fashion,Sneakers,384,4,1536,East Malaysia,Sarawak,GrabPay
ORD12228,2025-08-23,Home,Desk Lamp,579,3,1737,West Malaysia,Pahang,Credit Card
ORD12229,2025-07-25,Fashion,Sneakers,329,4,1316,East Malaysia,Sarawak,Credit Card
ORD12230,2025-08-18,Fashion,Backpack,210,2,420,East Malaysia,Sabah,TNG eWallet
ORD12231,2025-06-27,Electronics,Smartphone,1503,2,3006,East Malaysia,Sabah,TNG eWallet
ORD12232,2025-03-20,Fashion,T-Shirt,158,2,316,East Malaysia,Sabah,TNG eWallet
ORD12233,2025-06-19,Home,Air Purifier,529,2,1058,East Malaysia,Sarawak,GrabPay
ORD12234,2025-05-30,Electronics,Smartwatch,3575,1,3575,West Malaysia,Selangor,TNG eWallet
ORD12235,2025-10-07,Fashion,Backpack,76,1,76,West Malaysia,Penang,GrabPay
ORD12236,2025-09-19,Home,Office Chair,669,3,2007,West Malaysia,Melaka,FPX
ORD12237,2025-06-16,Fashion,T-Shirt,151,3,453,West Malaysia,Johor,FPX
ORD12238,2025-08-09,Electronics,Smartwatch,1702,4,6808,West Malaysia,Kedah,GrabPay
ORD12239,2025-01-14,Fashion,Backpack,335,2,670,East Malaysia,Sarawak,FPX
ORD12240,2025-06-15,Electronics,Smartwatch,4148,3,12444,East Malaysia,Sarawak,FPX
ORD12241,2025-02-09,Fashion,Sneakers,109,2,218,East Malaysia,Sabah,GrabPay
ORD12242,2025-02-01,Home,Air Purifier,146,3,438,East Malaysia,Sabah,FPX
ORD12243,2025-02-22,Electronics,Smartphone,2523,3,7569,West Malaysia,Penang,TNG eWallet
ORD12244,2025-07-17,Home,Office Chair,293,3,879,West Malaysia,Pahang,FPX
ORD12245,2025-03-10,Electronics,Smartwatch,3678,2,7356,East Malaysia,Sarawak,GrabPay
ORD12246,2025-02-06,Fashion,Sunglasses,170,2,340,East Malaysia,Sabah,Credit Card
ORD12247,2025-08-01,Fashion,Sneakers,157,3,471,West Malaysia,Kedah,TNG eWallet
ORD12248,2025-07-11,Electronics,Smartphone,3117,1,3117,East Malaysia,Sarawak,TNG eWallet
ORD12249,2025-11-09,Fashion,Sunglasses,323,4,1292,West Malaysia,Perak,TNG eWallet
ORD12250,2025-08-03,Electronics,Laptop,2549,3,7647,East Malaysia,Sarawak,FPX
ORD12251,2025-06-02,Home,Air Purifier,172,4,688,West Malaysia,Penang,FPX
ORD12252,2025-08-25,Electronics,Smartphone,930,4,3720,East Malaysia,Sabah,FPX
ORD12253,2025-11-14,Electronics,Smartwatch,3204,4,12816,West Malaysia,Perak,FPX
ORD12254,2025-02-13,Fashion,T-Shirt,110,3,330,East Malaysia,Sarawak,TNG eWallet
ORD12255,2025-01-30,Electronics,Smartwatch,445,3,1335,East Malaysia,Sabah,TNG eWallet
ORD12256,2025-09-30,Electronics,Laptop,2029,3,6087,West Malaysia,Johor,GrabPay
ORD12257,2025-11-05,Fashion,Sunglasses,79,3,237,East Malaysia,Sarawak,FPX
ORD12258,2025-02-15,Fashion,T-Shirt,160,2,320,East Malaysia,Sarawak,GrabPay
ORD12259,2025-08-03,Electronics,Smartwatch,1030,4,4120,West Malaysia,Kedah,FPX
ORD12260,2025-02-14,Fashion,Sneakers,233,1,233,East Malaysia,Sabah,Credit Card
ORD12261,2025-06-04,Electronics,Laptop,1345,2,2690,West Malaysia,Perak,GrabPay
ORD12262,2025-05-09,Electronics,Smartwatch,2550,1,2550,West Malaysia,Kuala Lumpur,Credit Card
ORD12263,2025-01-17,Electronics,Laptop,852,4,3408,East Malaysia,Sabah,Credit Card
ORD12264,2025-11-08,Electronics,Smartwatch,650,3,1950,East Malaysia,Sabah,TNG eWallet
ORD12265,2025-10-30,Home,Office Chair,110,4,440,West Malaysia,Johor,TNG eWallet
ORD12266,2025-04-08,Electronics,Smartphone,1308,4,5232,West Malaysia,Pahang,FPX
ORD12267,2025-07-13,Fashion,Sneakers,178,2,356,East Malaysia,Sarawak,TNG eWallet
ORD12268,2025-07-06,Electronics,Wireless Earbuds,411,3,1233,East Malaysia,Sarawak,TNG eWallet
ORD12269,2025-09-29,Home,Air Purifier,487,3,1461,West Malaysia,Perak,Credit Card
ORD12270,2025-08-07,Electronics,Smartphone,1877,1,1877,East Malaysia,Sarawak,GrabPay
ORD12271,2025-04-23,Electronics,Laptop,2945,1,2945,East Malaysia,Sabah,GrabPay
ORD12272,2025-04-20,Fashion,T-Shirt,364,3,1092,West Malaysia,Melaka,GrabPay
ORD12273,2025-06-17,Electronics,Wireless Earbuds,2134,4,8536,West Malaysia,Pahang,Credit Card
ORD12274,2025-03-06,Electronics,Laptop,1261,2,2522,West Malaysia,Pahang,TNG eWallet
ORD12275,2025-10-07,Home,Air Purifier,108,2,216,East Malaysia,Sarawak,Credit Card
ORD12276,2025-02-17,Electronics,Smartwatch,3672,2,7344,East Malaysia,Sabah,TNG eWallet
ORD12277,2025-07-24,Home,Desk Lamp,243,3,729,East Malaysia,Sarawak,TNG eWallet
ORD12278,2025-12-16,Home,Office Chair,350,1,350,West Malaysia,Penang,TNG eWallet
ORD12279,2025-04-14,Home,Office Chair,362,4,1448,East Malaysia,Sabah,TNG eWallet
ORD12280,2025-10-26,Home,Office Chair,167,4,668,West Malaysia,Perak,TNG eWallet
ORD12281,2025-08-10,Electronics,Wireless Earbuds,3015,3,9045,West Malaysia,Penang,GrabPay
ORD12282,2025-07-27,Home,Air Purifier,223,3,669,East Malaysia,Sabah,FPX
ORD12283,2025-11-05,Fashion,Backpack,213,3,639,West Malaysia,Perak,Credit Card
ORD12284,2025-03-07,Home,Air Purifier,776,3,2328,East Malaysia,Sabah,GrabPay
ORD12285,2025-08-20,Electronics,Laptop,2831,3,8493,West Malaysia,Pahang,GrabPay
ORD12286,2025-02-21,Electronics,Smartphone,1217,2,2434,East Malaysia,Sabah,Credit Card
ORD12287,2025-03-13,Fashion,Backpack,217,4,868,West Malaysia,Kuala Lumpur,Credit Card
ORD12288,2025-09-02,Fashion,Sneakers,80,4,320,West Malaysia,Pahang,Credit Card
ORD12289,2025-10-27,Home,Coffee Maker,320,4,1280,West Malaysia,Kedah,TNG eWallet
ORD12290,2025-06-10,Fashion,Sneakers,166,4,664,East Malaysia,Sarawak,FPX
ORD12291,2025-11-29,Electronics,Smartphone,2032,3,6096,West Malaysia,Kuala Lumpur,Credit Card
ORD12292,2025-12-02,Fashion,T-Shirt,241,1,241,West Malaysia,Kedah,FPX
ORD12293,2025-08-09,Electronics,Smartphone,3069,1,3069,West Malaysia,Melaka,TNG eWallet
ORD12294,2025-03-29,Home,Desk Lamp,557,3,1671,West Malaysia,Kuala Lumpur,Credit Card
ORD12295,2025-12-30,Fashion,T-Shirt,324,3,972,West Malaysia,Selangor,GrabPay
ORD12296,2025-04-22,Electronics,Laptop,1662,3,4986,East Malaysia,Sabah,GrabPay
ORD12297,2025-06-16,Fashion,Backpack,237,2,474,West Malaysia,Melaka,FPX
ORD12298,2025-11-25,Home,Coffee Maker,480,3,1440,East Malaysia,Sarawak,TNG eWallet
ORD12299,2025-04-11,Fashion,Sunglasses,339,4,1356,West Malaysia,Pahang,Credit Card
ORD12300,2025-01-01,Home,Office Chair,119,2,238,East Malaysia,Sarawak,TNG eWallet
ORD12301,2025-01-19,Electronics,Smartwatch,2312,2,4624,East Malaysia,Sarawak,Credit Card
ORD12302,2025-09-23,Electronics,Wireless Earbuds,3060,1,3060,East Malaysia,Sabah,GrabPay
ORD12303,2025-04-03,Home,Coffee Maker,784,3,2352,East Malaysia,Sarawak,FPX
ORD12304,2025-08-28,Electronics,Wireless Earbuds,1772,1,1772,West Malaysia,Melaka,Credit Card
ORD12305,2025-05-01,Home,Office Chair,570,3,1710,East Malaysia,Sarawak,TNG eWallet
ORD12306,2025-01-01,Electronics,Smartphone,2094,3,6282,West Malaysia,Perak,TNG eWallet
ORD12307,2025-05-10,Fashion,Sneakers,92,4,368,East Malaysia,Sabah,FPX
ORD12308,2025-03-04,Home,Desk Lamp,444,2,888,West Malaysia,Penang,Credit Card
ORD12309,2025-05-27,Fashion,Sunglasses,331,1,331,West Malaysia,Penang,Credit Card
ORD12310,2025-01-27,Home,Air Purifier,167,2,334,East Malaysia,Sabah,FPX
ORD12311,2025-05-18,Electronics,Smartwatch,1886,4,7544,West Malaysia,Melaka,FPX
ORD12312,2025-12-25,Fashion,Sunglasses,339,3,1017,East Malaysia,Sarawak,GrabPay
ORD12313,2025-02-19,Home,Office Chair,245,2,490,West Malaysia,Selangor,Credit Card
ORD12314,2025-02-04,Fashion,Sneakers,222,2,444,West Malaysia,Selangor,FPX
ORD12315,2025-06-26,Electronics,Smartphone,3798,2,7596,West Malaysia,Selangor,FPX
ORD12316,2025-04-21,Fashion,T-Shirt,165,3,495,West Malaysia,Kedah,TNG eWallet
ORD12317,2025-04-16,Fashion,Backpack,218,3,654,East Malaysia,Sarawak,GrabPay
ORD12318,2025-05-22,Electronics,Laptop,3118,3,9354,West Malaysia,Penang,TNG eWallet
ORD12319,2025-11-17,Fashion,Backpack,276,1,276,West Malaysia,Penang,TNG eWallet
ORD12320,2025-07-16,Electronics,Wireless Earbuds,3924,4,15696,West Malaysia,Perak,GrabPay
ORD12321,2025-10-18,Fashion,Sneakers,237,4,948,West Malaysia,Pahang,TNG eWallet
ORD12322,2025-05-19,Home,Air Purifier,533,4,2132,East Malaysia,Sarawak,TNG eWallet
ORD12323,2025-05-04,Home,Desk Lamp,683,4,2732,West Malaysia,Perak,FPX
ORD12324,2025-02-28,Electronics,Smartwatch,2061,1,2061,West Malaysia,Penang,TNG eWallet
ORD12325,2025-01-28,Home,Office Chair,224,3,672,West Malaysia,Kedah,FPX
ORD12326,2025-06-11,Home,Air Purifier,737,4,2948,West Malaysia,Johor,FPX
ORD12327,2025-03-10,Home,Desk Lamp,191,2,382,East Malaysia,Sarawak,FPX
ORD12328,2025-05-26,Electronics,Smartwatch,3746,2,7492,West Malaysia,Johor,FPX
ORD12329,2025-09-23,Electronics,Smartphone,3933,3,11799,East Malaysia,Sabah,FPX
ORD12330,2025-06-20,Home,Office Chair,371,2,742,West Malaysia,Kedah,TNG eWallet
ORD12331,2025-06-26,Electronics,Wireless Earbuds,875,1,875,East Malaysia,Sarawak,GrabPay
ORD12332,2025-11-23,Home,Air Purifier,733,3,2199,West Malaysia,Selangor,TNG eWallet
ORD12333,2025-10-05,Fashion,Sunglasses,273,3,819,East Malaysia,Sabah,TNG eWallet
ORD12334,2025-11-25,Electronics,Smartphone,3358,4,13432,West Malaysia,Perak,GrabPay
ORD12335,2025-08-14,Home,Office Chair,486,4,1944,West Malaysia,Melaka,FPX
ORD12336,2025-04-12,Fashion,T-Shirt,238,2,476,East Malaysia,Sarawak,Credit Card
ORD12337,2025-10-04,Fashion,Backpack,126,1,126,West Malaysia,Melaka,GrabPay
ORD12338,2025-09-08,Electronics,Smartwatch,1473,2,2946,West Malaysia,Kedah,FPX
ORD12339,2025-03-31,Fashion,T-Shirt,219,1,219,East Malaysia,Sarawak,FPX
ORD12340,2025-09-18,Home,Coffee Maker,663,3,1989,West Malaysia,Kedah,GrabPay
ORD12341,2025-08-27,Electronics,Smartwatch,3027,2,6054,West Malaysia,Johor,Credit Card
ORD12342,2025-01-30,Electronics,Smartwatch,621,1,621,East Malaysia,Sabah,GrabPay
ORD12343,2025-05-16,Home,Coffee Maker,324,3,972,West Malaysia,Johor,TNG eWallet
ORD12344,2025-11-07,Electronics,Laptop,1225,4,4900,East Malaysia,Sabah,FPX
ORD12345,2025-12-16,Electronics,Smartphone,546,3,1638,West Malaysia,Johor,TNG eWallet
ORD12346,2025-02-02,Home,Air Purifier,476,4,1904,West Malaysia,Melaka,GrabPay
ORD12347,2025-08-24,Home,Air Purifier,321,1,321,East Malaysia,Sarawak,TNG eWallet
ORD12348,2025-05-12,Fashion,Sunglasses,190,2,380,West Malaysia,Kedah,GrabPay
ORD12349,2025-07-03,Electronics,Laptop,2187,2,4374,East Malaysia,Sarawak,TNG eWallet
ORD12350,2025-08-18,Fashion,T-Shirt,345,4,1380,West Malaysia,Penang,FPX
ORD12351,2025-07-30,Fashion,Backpack,200,3,600,West Malaysia,Perak,TNG eWallet
ORD12352,2025-07-15,Fashion,Sunglasses,397,2,794,West Malaysia,Perak,GrabPay
ORD12353,2025-07-20,Home,Coffee Maker,271,3,813,West Malaysia,Johor,FPX
ORD12354,2025-06-21,Electronics,Laptop,1076,1,1076,East Malaysia,Sarawak,TNG eWallet
ORD12355,2025-05-13,Home,Desk Lamp,710,1,710,West Malaysia,Kuala Lumpur,Credit Card
ORD12356,2025-11-07,Electronics,Smartphone,3763,2,7526,East Malaysia,Sabah,FPX
ORD12357,2025-07-10,Home,Coffee Maker,720,3,2160,East Malaysia,Sarawak,TNG eWallet
ORD12358,2025-05-19,Home,Desk Lamp,238,2,476,West Malaysia,Kuala Lumpur,GrabPay
ORD12359,2025-03-22,Electronics,Smartphone,1742,1,1742,East Malaysia,Sabah,Credit Card
ORD12360,2025-08-18,Home,Desk Lamp,789,3,2367,East Malaysia,Sabah,GrabPay
ORD12361,2025-01-31,Home,Coffee Maker,518,1,518,East Malaysia,Sarawak,FPX
ORD12362,2025-08-16,Home,Air Purifier,484,2,968,East Malaysia,Sabah,TNG eWallet
ORD12363,2025-04-09,Fashion,Backpack,349,4,1396,West Malaysia,Pahang,TNG eWallet
ORD12364,2025-05-30,Fashion,Backpack,149,2,298,West Malaysia,Penang,FPX
ORD12365,2025-09-15,Home,Office Chair,572,2,1144,East Malaysia,Sarawak,TNG eWallet
ORD12366,2025-02-08,Fashion,Sunglasses,240,2,480,West Malaysia,Kedah,GrabPay
ORD12367,2025-05-21,Fashion,Backpack,292,4,1168,East Malaysia,Sarawak,Credit Card
ORD12368,2025-08-05,Home,Coffee Maker,793,3,2379,West Malaysia,Kuala Lumpur,GrabPay
ORD12369,2025-10-21,Home,Office Chair,747,1,747,West Malaysia,Melaka,FPX
ORD12370,2025-06-26,Home,Coffee Maker,490,1,490,East Malaysia,Sarawak,FPX
ORD12371,2025-09-23,Electronics,Smartphone,3577,2,7154,East Malaysia,Sarawak,FPX
ORD12372,2025-10-02,Home,Air Purifier,330,2,660,West Malaysia,Kuala Lumpur,TNG eWallet
ORD12373,2025-01-10,Home,Coffee Maker,391,2,782,West Malaysia,Melaka,Credit Card
ORD12374,2025-09-21,Fashion,T-Shirt,73,2,146,East Malaysia,Sabah,Credit Card
ORD12375,2025-11-19,Home,Air Purifier,299,1,299,East Malaysia,Sabah,TNG eWallet
ORD12376,2025-11-20,Home,Office Chair,365,3,1095,West Malaysia,Kuala Lumpur,FPX
ORD12377,2025-09-03,Electronics,Wireless Earbuds,1758,4,7032,East Malaysia,Sarawak,FPX
ORD12378,2025-11-26,Fashion,Sunglasses,231,1,231,East Malaysia,Sarawak,GrabPay
ORD12379,2025-12-09,Fashion,T-Shirt,154,2,308,West Malaysia,Selangor,TNG eWallet
ORD12380,2025-10-13,Fashion,T-Shirt,249,3,747,West Malaysia,Penang,FPX
ORD12381,2025-09-25,Fashion,Sunglasses,263,2,526,East Malaysia,Sabah,TNG eWallet
ORD12382,2025-03-19,Home,Air Purifier,702,3,2106,West Malaysia,Perak,FPX
ORD12383,2025-06-28,Fashion,Backpack,202,4,808,East Malaysia,Sarawak,TNG eWallet
ORD12384,2025-01-28,Home,Air Purifier,430,1,430,West Malaysia,Pahang,TNG eWallet
ORD12385,2025-07-01,Electronics,Laptop,3900,3,11700,East Malaysia,Sabah,GrabPay
ORD12386,2025-11-11,Electronics,Wireless Earbuds,2383,1,2383,East Malaysia,Sarawak,Credit Card
ORD12387,2025-12-05,Fashion,Backpack,350,4,1400,East Malaysia,Sarawak,GrabPay
ORD12388,2025-03-08,Electronics,Wireless Earbuds,1865,2,3730,East Malaysia,Sarawak,Credit Card
ORD12389,2025-05-23,Home,Office Chair,128,4,512,West Malaysia,Johor,GrabPay
ORD12390,2025-06-28,Fashion,Sneakers,80,3,240,East Malaysia,Sabah,Credit Card
ORD12391,2025-12-11,Home,Office Chair,622,1,622,West Malaysia,Kuala Lumpur,GrabPay
ORD12392,2025-05-17,Home,Office Chair,507,2,1014,East Malaysia,Sarawak,Credit Card
ORD12393,2025-08-17,Home,Office Chair,324,3,972,West Malaysia,Pahang,GrabPay
ORD12394,2025-04-03,Electronics,Laptop,1274,4,5096,West Malaysia,Kuala Lumpur,GrabPay
ORD12395,2025-03-02,Home,Desk Lamp,729,3,2187,West Malaysia,Melaka,GrabPay
ORD12396,2025-06-14,Electronics,Smartphone,2067,1,2067,East Malaysia,Sarawak,FPX
ORD12397,2025-11-27,Electronics,Smartwatch,400,2,800,West Malaysia,Kuala Lumpur,GrabPay
ORD12398,2025-02-16,Fashion,Sneakers,215,1,215,West Malaysia,Selangor,GrabPay
ORD12399,2025-06-15,Electronics,Wireless Earbuds,1994,1,1994,West Malaysia,Perak,GrabPay
ORD12400,2025-08-22,Electronics,Wireless Earbuds,4049,1,4049,East Malaysia,Sarawak,GrabPay
ORD12401,2025-05-16,Electronics,Laptop,3118,4,12472,East Malaysia,Sabah,GrabPay
ORD12402,2025-01-23,Home,Air Purifier,318,1,318,West Malaysia,Johor,TNG eWallet
ORD12403,2025-04-21,Home,Office Chair,496,3,1488,West Malaysia,Kedah,GrabPay
ORD12404,2025-07-11,Home,Coffee Maker,314,1,314,East Malaysia,Sabah,Credit Card
ORD12405,2025-08-12,Fashion,Backpack,103,1,103,West Malaysia,Melaka,TNG eWallet
ORD12406,2025-05-12,Fashion,Sneakers,104,2,208,East Malaysia,Sabah,Credit Card
ORD12407,2025-10-23,Electronics,Smartphone,3273,3,9819,East Malaysia,Sarawak,Credit Card
ORD12408,2025-06-04,Home,Coffee Maker,668,3,2004,West Malaysia,Pahang,Credit Card
ORD12409,2025-07-30,Home,Office Chair,186,4,744,West Malaysia,Johor,FPX
ORD12410,2025-04-16,Fashion,Sunglasses,213,1,213,East Malaysia,Sabah,FPX
ORD12411,2025-04-18,Fashion,Backpack,60,2,120,West Malaysia,Kuala Lumpur,GrabPay
ORD12412,2025-07-06,Fashion,T-Shirt,388,3,1164,East Malaysia,Sarawak,Credit Card
ORD12413,2025-07-20,Electronics,Wireless Earbuds,1580,4,6320,West Malaysia,Penang,GrabPay
ORD12414,2025-01-06,Electronics,Smartwatch,3102,2,6204,East Malaysia,Sabah,TNG eWallet
ORD12415,2025-03-18,Electronics,Wireless Earbuds,3416,1,3416,East Malaysia,Sarawak,FPX
ORD12416,2025-09-09,Home,Coffee Maker,292,1,292,West Malaysia,Kedah,FPX
ORD12417,2025-09-15,Home,Air Purifier,577,4,2308,East Malaysia,Sabah,FPX
ORD12418,2025-02-23,Fashion,Backpack,364,4,1456,East Malaysia,Sabah,FPX
ORD12419,2025-02-14,Fashion,Sneakers,111,1,111,West Malaysia,Kuala Lumpur,Credit Card
ORD12420,2025-05-26,Electronics,Smartwatch,2045,4,8180,West Malaysia,Melaka,TNG eWallet
ORD12421,2025-11-15,Home,Air Purifier,145,3,435,East Malaysia,Sabah,Credit Card
ORD12422,2025-12-16,Electronics,Laptop,2659,4,10636,East Malaysia,Sarawak,TNG eWallet
ORD12423,2025-04-15,Home,Office Chair,445,4,1780,East Malaysia,Sarawak,Credit Card
ORD12424,2025-08-14,Fashion,Sneakers,266,1,266,East Malaysia,Sabah,GrabPay
ORD12425,2025-11-13,Electronics,Laptop,4024,2,8048,East Malaysia,Sarawak,FPX
ORD12426,2025-01-10,Electronics,Laptop,1970,3,5910,West Malaysia,Kedah,TNG eWallet
ORD12427,2025-12-05,Fashion,T-Shirt,162,1,162,West Malaysia,Kedah,Credit Card
ORD12428,2025-08-01,Electronics,Wireless Earbuds,3673,1,3673,East Malaysia,Sabah,Credit Card
ORD12429,2025-02-18,Fashion,T-Shirt,183,2,366,East Malaysia,Sabah,Credit Card
ORD12430,2025-06-22,Home,Desk Lamp,330,1,330,East Malaysia,Sarawak,GrabPay
ORD12431,2025-05-23,Fashion,T-Shirt,353,3,1059,West Malaysia,Selangor,GrabPay
ORD12432,2025-03-01,Fashion,Backpack,148,2,296,East Malaysia,Sarawak,Credit Card
ORD12433,2025-01-09,Fashion,T-Shirt,115,1,115,West Malaysia,Pahang,TNG eWallet
ORD12434,2025-09-26,Electronics,Laptop,3527,3,10581,East Malaysia,Sabah,GrabPay
ORD12435,2025-03-26,Electronics,Smartphone,2072,3,6216,East Malaysia,Sarawak,Credit Card
ORD12436,2025-10-24,Fashion,Backpack,256,1,256,West Malaysia,Kedah,FPX
ORD12437,2025-09-23,Fashion,T-Shirt,118,1,118,West Malaysia,Kedah,GrabPay
ORD12438,2025-08-21,Electronics,Smartwatch,413,1,413,West Malaysia,Pahang,GrabPay
ORD12439,2025-12-26,Electronics,Smartphone,4255,4,17020,East Malaysia,Sarawak,FPX
ORD12440,2025-02-21,Fashion,Sunglasses,126,4,504,West Malaysia,Penang,Credit Card
ORD12441,2025-07-11,Home,Air Purifier,421,2,842,East Malaysia,Sarawak,TNG eWallet
ORD12442,2025-11-09,Fashion,Sneakers,60,2,120,West Malaysia,Johor,FPX
ORD12443,2025-06-27,Electronics,Smartphone,1825,1,1825,East Malaysia,Sarawak,GrabPay
ORD12444,2025-08-11,Electronics,Laptop,1569,2,3138,East Malaysia,Sarawak,GrabPay
ORD12445,2025-12-15,Electronics,Smartwatch,3403,4,13612,West Malaysia,Penang,Credit Card
ORD12446,2025-12-03,Home,Coffee Maker,715,1,715,East Malaysia,Sabah,FPX
ORD12447,2025-12-09,Home,Coffee Maker,672,4,2688,West Malaysia,Penang,TNG eWallet
ORD12448,2025-06-16,Fashion,Sneakers,59,1,59,East Malaysia,Sabah,Credit Card
ORD12449,2025-04-07,Fashion,Backpack,253,4,1012,East Malaysia,Sarawak,FPX
ORD12450,2025-01-29,Fashion,Backpack,214,3,642,West Malaysia,Penang,Credit Card
ORD12451,2025-09-21,Fashion,Backpack,139,1,139,West Malaysia,Kuala Lumpur,FPX
ORD12452,2025-10-14,Electronics,Laptop,1022,2,2044,West Malaysia,Kedah,Credit Card
ORD12453,2025-03-02,Electronics,Smartphone,4302,2,8604,East Malaysia,Sarawak,FPX
ORD12454,2025-01-16,Electronics,Laptop,3309,4,13236,East Malaysia,Sabah,TNG eWallet
ORD12455,2025-08-18,Home,Coffee Maker,550,1,550,East Malaysia,Sabah,Credit Card
ORD12456,2025-03-10,Home,Office Chair,321,1,321,West Malaysia,Selangor,TNG eWallet
ORD12457,2025-05-12,Home,Desk Lamp,395,4,1580,East Malaysia,Sabah,FPX
ORD12458,2025-08-18,Fashion,Sunglasses,89,2,178,East Malaysia,Sarawak,GrabPay
ORD12459,2025-08-19,Fashion,Sunglasses,216,1,216,East Malaysia,Sabah,TNG eWallet
ORD12460,2025-03-05,Fashion,T-Shirt,337,2,674,East Malaysia,Sabah,TNG eWallet
ORD12461,2025-11-21,Fashion,Sneakers,289,4,1156,West Malaysia,Penang,GrabPay
ORD12462,2025-05-26,Fashion,Backpack,292,4,1168,West Malaysia,Kuala Lumpur,GrabPay
ORD12463,2025-06-27,Electronics,Wireless Earbuds,2538,1,2538,West Malaysia,Selangor,FPX
ORD12464,2025-04-16,Home,Air Purifier,680,4,2720,West Malaysia,Kuala Lumpur,Credit Card
ORD12465,2025-05-22,Home,Desk Lamp,457,2,914,West Malaysia,Penang,FPX
ORD12466,2025-02-19,Fashion,T-Shirt,383,1,383,West Malaysia,Kuala Lumpur,FPX
ORD12467,2025-01-06,Electronics,Smartphone,1209,2,2418,West Malaysia,Melaka,TNG eWallet
ORD12468,2025-11-02,Electronics,Smartwatch,527,1,527,East Malaysia,Sabah,Credit Card
ORD12469,2025-08-21,Home,Coffee Maker,373,1,373,West Malaysia,Perak,GrabPay
ORD12470,2025-07-25,Electronics,Laptop,540,3,1620,East Malaysia,Sabah,TNG eWallet
ORD12471,2025-03-11,Electronics,Smartphone,3680,1,3680,West Malaysia,Kuala Lumpur,FPX
ORD12472,2025-07-24,Home,Office Chair,385,2,770,East Malaysia,Sabah,Credit Card
ORD12473,2025-02-15,Home,Air Purifier,256,1,256,East Malaysia,Sabah,TNG eWallet
ORD12474,2025-06-23,Fashion,T-Shirt,263,2,526,West Malaysia,Selangor,GrabPay
ORD12475,2025-07-11,Electronics,Smartphone,4012,1,4012,West Malaysia,Kuala Lumpur,Credit Card
ORD12476,2025-04-17,Electronics,Smartwatch,1641,1,1641,East Malaysia,Sabah,GrabPay
ORD12477,2025-10-17,Home,Desk Lamp,773,4,3092,West Malaysia,Penang,TNG eWallet
ORD12478,2025-05-06,Home,Desk Lamp,485,3,1455,East Malaysia,Sarawak,TNG eWallet
ORD12479,2025-03-01,Electronics,Wireless Earbuds,2435,1,2435,East Malaysia,Sabah,GrabPay
ORD12480,2025-05-31,Home,Air Purifier,773,3,2319,West Malaysia,Melaka,GrabPay
ORD12481,2025-06-30,Home,Air Purifier,518,3,1554,West Malaysia,Pahang,Credit Card
ORD12482,2025-06-27,Home,Coffee Maker,599,3,1797,West Malaysia,Kedah,Credit Card
ORD12483,2025-09-21,Home,Air Purifier,377,3,1131,West Malaysia,Perak,FPX
ORD12484,2025-01-05,Fashion,Backpack,351,3,1053,West Malaysia,Penang,Credit Card
ORD12485,2025-05-20,Electronics,Smartwatch,2145,4,8580,West Malaysia,Perak,GrabPay
ORD12486,2025-08-15,Fashion,Sneakers,399,2,798,West Malaysia,Perak,TNG eWallet
ORD12487,2025-11-11,Electronics,Wireless Earbuds,2624,2,5248,East Malaysia,Sabah,GrabPay
ORD12488,2025-03-18,Electronics,Laptop,411,4,1644,East Malaysia,Sabah,GrabPay
ORD12489,2025-12-15,Home,Coffee Maker,278,1,278,East Malaysia,Sarawak,TNG eWallet
ORD12490,2025-06-06,Electronics,Smartwatch,1845,2,3690,East Malaysia,Sabah,TNG eWallet
ORD12491,2025-06-26,Fashion,Sneakers,123,4,492,West Malaysia,Kedah,TNG eWallet
ORD12492,2025-06-25,Electronics,Smartwatch,384,4,1536,West Malaysia,Pahang,GrabPay
ORD12493,2025-09-10,Home,Office Chair,406,2,812,West Malaysia,Perak,GrabPay
ORD12494,2025-05-14,Electronics,Smartphone,3177,3,9531,East Malaysia,Sarawak,TNG eWallet
ORD12495,2025-04-04,Electronics,Wireless Earbuds,4143,1,4143,East Malaysia,Sarawak,Credit Card
ORD12496,2025-10-03,Fashion,Backpack,175,2,350,East Malaysia,Sarawak,FPX
ORD12497,2025-07-04,Fashion,T-Shirt,388,4,1552,West Malaysia,Perak,TNG eWallet
ORD12498,2025-12-19,Electronics,Laptop,1189,1,1189,West Malaysia,Perak,FPX
ORD12499,2025-03-09,Electronics,Smartwatch,2018,2,4036,West Malaysia,Kuala Lumpur,Credit Card
ORD12500,2025-09-23,Fashion,Backpack,220,2,440,East Malaysia,Sarawak,GrabPay
ORD12501,2025-05-06,Electronics,Laptop,434,4,1736,East Malaysia,Sabah,Credit Card
ORD12502,2025-11-14,Fashion,Backpack,302,4,1208,East Malaysia,Sarawak,FPX
ORD12503,2025-06-08,Electronics,Smartwatch,2915,2,5830,East Malaysia,Sabah,GrabPay
ORD12504,2025-07-14,Fashion,T-Shirt,230,4,920,West Malaysia,Pahang,FPX
ORD12505,2025-08-02,Electronics,Laptop,1757,1,1757,West Malaysia,Penang,TNG eWallet
ORD12506,2025-08-13,Fashion,T-Shirt,284,2,568,East Malaysia,Sabah,GrabPay
ORD12507,2025-08-15,Electronics,Smartphone,410,3,1230,West Malaysia,Penang,FPX
ORD12508,2025-07-30,Fashion,Sunglasses,270,2,540,West Malaysia,Kuala Lumpur,TNG eWallet
ORD12509,2025-06-07,Fashion,T-Shirt,183,4,732,East Malaysia,Sarawak,GrabPay
ORD12510,2025-09-05,Electronics,Smartwatch,1292,3,3876,West Malaysia,Kuala Lumpur,FPX
ORD12511,2025-05-26,Electronics,Smartphone,1205,4,4820,West Malaysia,Perak,FPX
ORD12512,2025-04-27,Fashion,Backpack,131,1,131,East Malaysia,Sabah,Credit Card
ORD12513,2025-03-10,Home,Air Purifier,457,1,457,West Malaysia,Pahang,Credit Card
ORD12514,2025-08-28,Home,Office Chair,197,4,788,West Malaysia,Johor,GrabPay
ORD12515,2025-01-07,Fashion,Sneakers,380,4,1520,East Malaysia,Sarawak,GrabPay
ORD12516,2025-05-02,Fashion,Sneakers,295,2,590,West Malaysia,Johor,TNG eWallet
ORD12517,2025-05-09,Home,Air Purifier,697,3,2091,West Malaysia,Johor,TNG eWallet
ORD12518,2025-04-21,Electronics,Smartphone,353,1,353,East Malaysia,Sarawak,GrabPay
ORD12519,2025-10-12,Electronics,Wireless Earbuds,3630,1,3630,West Malaysia,Perak,TNG eWallet
ORD12520,2025-10-27,Home,Office Chair,297,1,297,West Malaysia,Penang,Credit Card
ORD12521,2025-08-11,Home,Office Chair,489,3,1467,West Malaysia,Melaka,FPX
ORD12522,2025-06-02,Home,Desk Lamp,760,4,3040,West Malaysia,Selangor,Credit Card
ORD12523,2025-07-12,Electronics,Wireless Earbuds,1910,3,5730,East Malaysia,Sarawak,GrabPay
ORD12524,2025-09-15,Home,Office Chair,747,3,2241,West Malaysia,Kuala Lumpur,GrabPay
ORD12525,2025-07-16,Home,Air Purifier,147,2,294,West Malaysia,Kuala Lumpur,Credit Card
ORD12526,2025-12-30,Home,Desk Lamp,410,4,1640,East Malaysia,Sabah,Credit Card
ORD12527,2025-07-08,Fashion,Backpack,140,1,140,East Malaysia,Sabah,Credit Card
ORD12528,2025-09-09,Fashion,T-Shirt,190,1,190,West Malaysia,Melaka,FPX
ORD12529,2025-12-11,Electronics,Smartphone,2148,3,6444,East Malaysia,Sarawak,Credit Card
ORD12530,2025-03-17,Home,Desk Lamp,204,4,816,East Malaysia,Sabah,TNG eWallet
ORD12531,2025-09-16,Home,Desk Lamp,279,3,837,West Malaysia,Melaka,Credit Card
ORD12532,2025-06-23,Electronics,Laptop,3203,3,9609,East Malaysia,Sabah,TNG eWallet
ORD12533,2025-10-18,Electronics,Laptop,775,4,3100,East Malaysia,Sabah,FPX
ORD12534,2025-10-11,Home,Air Purifier,554,2,1108,West Malaysia,Perak,Credit Card
ORD12535,2025-02-15,Home,Office Chair,131,4,524,East Malaysia,Sarawak,Credit Card
ORD12536,2025-01-26,Electronics,Smartphone,1709,2,3418,West Malaysia,Penang,TNG eWallet
ORD12537,2025-10-04,Home,Coffee Maker,707,2,1414,East Malaysia,Sabah,TNG eWallet
ORD12538,2025-12-22,Fashion,Sneakers,195,2,390,West Malaysia,Pahang,FPX
ORD12539,2025-08-08,Electronics,Laptop,3880,3,11640,East Malaysia,Sabah,Credit Card
ORD12540,2025-12-13,Fashion,Sneakers,304,1,304,East Malaysia,Sabah,FPX
ORD12541,2025-08-25,Electronics,Laptop,2343,2,4686,East Malaysia,Sarawak,Credit Card
ORD12542,2025-08-20,Electronics,Wireless Earbuds,2105,1,2105,East Malaysia,Sabah,TNG eWallet
ORD12543,2025-11-28,Home,Air Purifier,374,1,374,West Malaysia,Kedah,Credit Card
ORD12544,2025-05-09,Electronics,Wireless Earbuds,2571,1,2571,East Malaysia,Sarawak,FPX
ORD12545,2025-10-06,Electronics,Smartphone,1453,4,5812,East Malaysia,Sabah,Credit Card
ORD12546,2025-05-02,Fashion,T-Shirt,149,2,298,West Malaysia,Johor,Credit Card
ORD12547,2025-10-09,Home,Coffee Maker,649,4,2596,East Malaysia,Sarawak,GrabPay
ORD12548,2025-12-11,Home,Office Chair,317,1,317,West Malaysia,Perak,Credit Card
ORD12549,2025-03-11,Fashion,Backpack,98,3,294,West Malaysia,Perak,FPX
ORD12550,2025-06-03,Fashion,Backpack,235,3,705,West Malaysia,Selangor,Credit Card
ORD12551,2025-05-01,Electronics,Wireless Earbuds,3195,4,12780,West Malaysia,Perak,FPX
ORD12552,2025-12-01,Electronics,Smartwatch,727,3,2181,West Malaysia,Penang,GrabPay
ORD12553,2025-11-06,Home,Coffee Maker,361,2,722,West Malaysia,Melaka,Credit Card
ORD12554,2025-03-20,Fashion,Sneakers,165,1,165,West Malaysia,Melaka,TNG eWallet
ORD12555,2025-06-29,Fashion,Sneakers,65,2,130,West Malaysia,Johor,FPX
ORD12556,2025-07-26,Electronics,Smartwatch,2870,3,8610,West Malaysia,Johor,GrabPay
ORD12557,2025-01-12,Home,Office Chair,253,2,506,East Malaysia,Sarawak,FPX
ORD12558,2025-06-10,Home,Air Purifier,230,3,690,East Malaysia,Sarawak,FPX
ORD12559,2025-11-08,Electronics,Laptop,3795,1,3795,East Malaysia,Sabah,GrabPay
ORD12560,2025-04-29,Fashion,Sneakers,77,4,308,East Malaysia,Sabah,Credit Card
ORD12561,2025-12-19,Home,Desk Lamp,731,2,1462,West Malaysia,Melaka,FPX
ORD12562,2025-06-08,Electronics,Wireless Earbuds,2019,2,4038,East Malaysia,Sarawak,GrabPay
ORD12563,2025-03-16,Fashion,Sunglasses,350,1,350,East Malaysia,Sarawak,FPX
ORD12564,2025-07-26,Electronics,Smartwatch,3507,3,10521,East Malaysia,Sarawak,GrabPay
ORD12565,2025-05-12,Electronics,Laptop,3569,3,10707,East Malaysia,Sarawak,GrabPay
ORD12566,2025-05-25,Electronics,Smartphone,2634,4,10536,West Malaysia,Selangor,GrabPay
ORD12567,2025-12-15,Electronics,Smartphone,1171,3,3513,East Malaysia,Sarawak,Credit Card
ORD12568,2025-09-19,Fashion,Sneakers,156,1,156,West Malaysia,Kedah,Credit Card
ORD12569,2025-06-03,Home,Coffee Maker,333,3,999,West Malaysia,Penang,Credit Card
ORD12570,2025-08-21,Home,Office Chair,716,2,1432,West Malaysia,Melaka,GrabPay
ORD12571,2025-12-03,Fashion,T-Shirt,144,1,144,East Malaysia,Sabah,Credit Card
ORD12572,2025-05-28,Electronics,Laptop,2786,2,5572,West Malaysia,Penang,GrabPay
ORD12573,2025-08-06,Fashion,Sneakers,236,4,944,West Malaysia,Kedah,GrabPay
ORD12574,2025-05-03,Fashion,Backpack,266,3,798,East Malaysia,Sabah,FPX
ORD12575,2025-03-19,Home,Air Purifier,676,2,1352,West Malaysia,Penang,GrabPay
ORD12576,2025-07-24,Home,Air Purifier,391,4,1564,East Malaysia,Sarawak,TNG eWallet
ORD12577,2025-12-12,Fashion,Backpack,242,4,968,East Malaysia,Sarawak,Credit Card
ORD12578,2025-03-04,Fashion,Sneakers,311,3,933,East Malaysia,Sarawak,TNG eWallet
ORD12579,2025-08-09,Home,Desk Lamp,396,2,792,East Malaysia,Sarawak,TNG eWallet
ORD12580,2025-01-25,Electronics,Smartwatch,848,1,848,East Malaysia,Sarawak,Credit Card
ORD12581,2025-11-16,Home,Office Chair,627,1,627,East Malaysia,Sarawak,TNG eWallet
ORD12582,2025-07-17,Fashion,Backpack,156,3,468,East Malaysia,Sarawak,GrabPay
ORD12583,2025-08-25,Home,Air Purifier,679,4,2716,East Malaysia,Sabah,GrabPay
ORD12584,2025-05-25,Electronics,Wireless Earbuds,799,2,1598,East Malaysia,Sarawak,GrabPay
ORD12585,2025-01-03,Electronics,Smartwatch,667,2,1334,West Malaysia,Kuala Lumpur,FPX
ORD12586,2025-02-17,Fashion,T-Shirt,300,4,1200,West Malaysia,Kedah,TNG eWallet
ORD12587,2025-09-26,Home,Office Chair,401,2,802,West Malaysia,Perak,Credit Card
ORD12588,2025-09-19,Electronics,Smartphone,4459,1,4459,East Malaysia,Sabah,FPX
ORD12589,2025-09-25,Fashion,Sunglasses,361,4,1444,East Malaysia,Sabah,GrabPay
ORD12590,2025-11-26,Fashion,Sunglasses,162,1,162,East Malaysia,Sabah,Credit Card
ORD12591,2025-02-06,Electronics,Smartphone,3685,2,7370,West Malaysia,Kedah,TNG eWallet
ORD12592,2025-02-22,Home,Coffee Maker,552,1,552,West Malaysia,Pahang,TNG eWallet
ORD12593,2025-05-19,Electronics,Smartphone,2910,2,5820,East Malaysia,Sarawak,Credit Card
ORD12594,2025-06-13,Home,Desk Lamp,595,1,595,East Malaysia,Sabah,TNG eWallet
ORD12595,2025-12-25,Fashion,Backpack,50,2,100,East Malaysia,Sabah,GrabPay
ORD12596,2025-05-08,Fashion,Sneakers,187,1,187,East Malaysia,Sabah,Credit Card
ORD12597,2025-08-13,Electronics,Laptop,738,1,738,East Malaysia,Sarawak,GrabPay
ORD12598,2025-02-22,Fashion,Backpack,396,1,396,West Malaysia,Perak,FPX
ORD12599,2025-08-01,Electronics,Laptop,4102,3,12306,West Malaysia,Kedah,GrabPay
ORD12600,2025-02-19,Electronics,Laptop,1548,2,3096,West Malaysia,Pahang,GrabPay
ORD12601,2025-12-14,Electronics,Smartphone,1894,1,1894,East Malaysia,Sarawak,TNG eWallet
ORD12602,2025-09-20,Fashion,Sunglasses,62,3,186,West Malaysia,Perak,TNG eWallet
ORD12603,2025-03-28,Fashion,Sunglasses,78,1,78,East Malaysia,Sarawak,GrabPay
ORD12604,2025-11-16,Fashion,Backpack,395,1,395,West Malaysia,Melaka,GrabPay
ORD12605,2025-02-17,Electronics,Laptop,4161,2,8322,West Malaysia,Melaka,GrabPay
ORD12606,2025-05-20,Fashion,Backpack,294,2,588,West Malaysia,Perak,FPX
ORD12607,2025-03-29,Fashion,Sneakers,223,1,223,West Malaysia,Selangor,TNG eWallet
ORD12608,2025-06-05,Fashion,Sunglasses,358,1,358,West Malaysia,Perak,Credit Card
ORD12609,2025-07-13,Fashion,Sneakers,69,2,138,East Malaysia,Sarawak,GrabPay
ORD12610,2025-04-11,Fashion,Backpack,280,4,1120,East Malaysia,Sarawak,TNG eWallet
ORD12611,2025-04-29,Home,Air Purifier,196,3,588,East Malaysia,Sabah,Credit Card
ORD12612,2025-03-24,Electronics,Smartphone,2561,2,5122,West Malaysia,Melaka,TNG eWallet
ORD12613,2025-09-13,Home,Air Purifier,336,2,672,East Malaysia,Sarawak,Credit Card
ORD12614,2025-08-29,Fashion,Backpack,250,2,500,West Malaysia,Selangor,Credit Card
ORD12615,2025-08-23,Fashion,Sunglasses,136,3,408,West Malaysia,Pahang,Credit Card
ORD12616,2025-03-07,Home,Coffee Maker,134,4,536,West Malaysia,Penang,TNG eWallet
ORD12617,2025-08-17,Electronics,Laptop,3269,2,6538,West Malaysia,Kuala Lumpur,GrabPay
ORD12618,2025-03-08,Home,Coffee Maker,314,1,314,East Malaysia,Sarawak,FPX
ORD12619,2025-11-28,Fashion,Backpack,265,1,265,West Malaysia,Kuala Lumpur,FPX
ORD12620,2025-01-12,Home,Air Purifier,293,4,1172,West Malaysia,Kuala Lumpur,GrabPay
ORD12621,2025-04-29,Electronics,Wireless Earbuds,1838,2,3676,West Malaysia,Kuala Lumpur,GrabPay
ORD12622,2025-10-15,Electronics,Smartphone,879,2,1758,West Malaysia,Selangor,TNG eWallet
ORD12623,2025-11-04,Fashion,Sneakers,162,4,648,West Malaysia,Melaka,TNG eWallet
ORD12624,2025-12-30,Home,Coffee Maker,467,4,1868,East Malaysia,Sarawak,Credit Card
ORD12625,2025-06-23,Electronics,Smartwatch,4106,1,4106,East Malaysia,Sarawak,TNG eWallet
ORD12626,2025-05-24,Fashion,Backpack,247,4,988,East Malaysia,Sarawak,Credit Card
ORD12627,2025-02-08,Fashion,Sneakers,143,2,286,East Malaysia,Sabah,TNG eWallet
ORD12628,2025-12-24,Electronics,Wireless Earbuds,4443,3,13329,West Malaysia,Selangor,TNG eWallet
ORD12629,2025-11-11,Home,Desk Lamp,690,2,1380,East Malaysia,Sabah,Credit Card
ORD12630,2025-11-24,Home,Air Purifier,682,3,2046,West Malaysia,Perak,TNG eWallet
ORD12631,2025-02-19,Home,Air Purifier,657,4,2628,East Malaysia,Sarawak,TNG eWallet
ORD12632,2025-10-28,Fashion,Sneakers,313,3,939,East Malaysia,Sarawak,GrabPay
ORD12633,2025-09-27,Home,Air Purifier,542,4,2168,East Malaysia,Sabah,FPX
ORD12634,2025-02-24,Home,Desk Lamp,298,2,596,East Malaysia,Sarawak,FPX
ORD12635,2025-04-13,Fashion,T-Shirt,382,3,1146,West Malaysia,Kuala Lumpur,TNG eWallet
ORD12636,2025-06-18,Fashion,Backpack,375,3,1125,West Malaysia,Pahang,Credit Card
ORD12637,2025-06-22,Home,Coffee Maker,418,3,1254,East Malaysia,Sabah,GrabPay
ORD12638,2025-02-03,Fashion,T-Shirt,129,3,387,East Malaysia,Sarawak,Credit Card
ORD12639,2025-04-09,Home,Desk Lamp,337,4,1348,West Malaysia,Perak,GrabPay
ORD12640,2025-07-02,Electronics,Smartwatch,1588,1,1588,East Malaysia,Sabah,FPX
ORD12641,2025-10-04,Home,Office Chair,234,1,234,West Malaysia,Kuala Lumpur,TNG eWallet
ORD12642,2025-10-25,Fashion,Backpack,286,2,572,West Malaysia,Johor,FPX
ORD12643,2025-08-10,Electronics,Wireless Earbuds,2724,3,8172,East Malaysia,Sarawak,Credit Card
ORD12644,2025-01-01,Electronics,Laptop,352,1,352,West Malaysia,Kedah,GrabPay
ORD12645,2025-05-12,Fashion,Sunglasses,399,4,1596,East Malaysia,Sabah,FPX
ORD12646,2025-01-29,Fashion,Backpack,310,2,620,East Malaysia,Sabah,GrabPay
ORD12647,2025-09-16,Home,Air Purifier,566,4,2264,West Malaysia,Kedah,Credit Card
ORD12648,2025-03-11,Home,Coffee Maker,800,3,2400,East Malaysia,Sarawak,GrabPay
ORD12649,2025-04-16,Home,Coffee Maker,177,2,354,East Malaysia,Sabah,TNG eWallet
ORD12650,2025-05-22,Fashion,Sneakers,183,4,732,East Malaysia,Sarawak,FPX
ORD12651,2025-05-22,Home,Office Chair,133,1,133,East Malaysia,Sabah,Credit Card
ORD12652,2025-08-27,Fashion,Backpack,56,4,224,East Malaysia,Sarawak,TNG eWallet
ORD12653,2025-04-18,Home,Air Purifier,682,1,682,West Malaysia,Pahang,TNG eWallet
ORD12654,2025-11-06,Home,Desk Lamp,273,4,1092,West Malaysia,Melaka,FPX
ORD12655,2025-10-03,Home,Office Chair,535,2,1070,West Malaysia,Perak,TNG eWallet
ORD12656,2025-03-17,Electronics,Wireless Earbuds,1600,2,3200,West Malaysia,Johor,TNG eWallet
ORD12657,2025-03-30,Electronics,Smartphone,3089,4,12356,East Malaysia,Sabah,FPX
ORD12658,2025-11-24,Home,Air Purifier,370,3,1110,East Malaysia,Sabah,TNG eWallet
ORD12659,2025-01-14,Fashion,Backpack,206,4,824,East Malaysia,Sarawak,GrabPay
ORD12660,2025-05-27,Fashion,Sneakers,86,1,86,East Malaysia,Sarawak,GrabPay
ORD12661,2025-07-05,Home,Office Chair,442,2,884,East Malaysia,Sarawak,GrabPay
ORD12662,2025-10-11,Fashion,T-Shirt,258,2,516,West Malaysia,Selangor,TNG eWallet
ORD12663,2025-11-28,Fashion,T-Shirt,238,4,952,West Malaysia,Kuala Lumpur,Credit Card
ORD12664,2025-02-22,Fashion,T-Shirt,78,4,312,West Malaysia,Perak,TNG eWallet
ORD12665,2025-05-08,Electronics,Laptop,1921,2,3842,East Malaysia,Sarawak,TNG eWallet
ORD12666,2025-09-28,Home,Air Purifier,395,4,1580,West Malaysia,Perak,GrabPay
ORD12667,2025-06-26,Electronics,Wireless Earbuds,1529,4,6116,West Malaysia,Melaka,TNG eWallet
ORD12668,2025-01-23,Home,Coffee Maker,739,2,1478,East Malaysia,Sarawak,FPX
ORD12669,2025-06-30,Fashion,T-Shirt,229,1,229,West Malaysia,Penang,FPX
ORD12670,2025-09-18,Fashion,T-Shirt,268,2,536,West Malaysia,Selangor,FPX
ORD12671,2025-12-14,Electronics,Laptop,1006,4,4024,West Malaysia,Kedah,TNG eWallet
ORD12672,2025-11-28,Electronics,Smartwatch,1948,2,3896,East Malaysia,Sabah,GrabPay
ORD12673,2025-02-17,Electronics,Laptop,2244,3,6732,West Malaysia,Kuala Lumpur,Credit Card
ORD12674,2025-02-01,Home,Air Purifier,585,4,2340,West Malaysia,Johor,GrabPay
ORD12675,2025-06-13,Home,Coffee Maker,516,2,1032,East Malaysia,Sabah,Credit Card
ORD12676,2025-08-05,Fashion,T-Shirt,283,1,283,East Malaysia,Sabah,FPX
ORD12677,2025-09-28,Fashion,Backpack,355,4,1420,West Malaysia,Kuala Lumpur,TNG eWallet
ORD12678,2025-10-30,Electronics,Wireless Earbuds,4268,2,8536,East Malaysia,Sarawak,TNG eWallet
ORD12679,2025-09-07,Fashion,Sneakers,255,2,510,East Malaysia,Sabah,Credit Card
ORD12680,2025-09-03,Electronics,Wireless Earbuds,1267,3,3801,East Malaysia,Sarawak,Credit Card
ORD12681,2025-07-11,Fashion,Sneakers,56,4,224,East Malaysia,Sarawak,Credit Card
ORD12682,2025-09-30,Fashion,Sunglasses,102,4,408,East Malaysia,Sabah,GrabPay
ORD12683,2025-06-02,Home,Desk Lamp,417,2,834,East Malaysia,Sarawak,FPX
ORD12684,2025-12-10,Home,Office Chair,694,2,1388,East Malaysia,Sabah,Credit Card
ORD12685,2025-04-02,Electronics,Smartwatch,4105,1,4105,East Malaysia,Sarawak,FPX
ORD12686,2025-10-09,Home,Air Purifier,685,1,685,West Malaysia,Perak,GrabPay
ORD12687,2025-05-07,Fashion,Sneakers,227,1,227,West Malaysia,Kuala Lumpur,Credit Card
ORD12688,2025-12-15,Home,Air Purifier,154,1,154,East Malaysia,Sarawak,TNG eWallet
ORD12689,2025-04-02,Electronics,Smartwatch,3632,2,7264,West Malaysia,Kedah,Credit Card
ORD12690,2025-03-29,Electronics,Wireless Earbuds,4481,1,4481,West Malaysia,Selangor,GrabPay
ORD12691,2025-12-20,Fashion,Backpack,320,1,320,East Malaysia,Sabah,Credit Card
ORD12692,2025-06-22,Fashion,Sneakers,239,1,239,West Malaysia,Melaka,Credit Card
ORD12693,2025-06-11,Home,Air Purifier,315,1,315,West Malaysia,Johor,Credit Card
ORD12694,2025-03-26,Electronics,Smartphone,895,1,895,West Malaysia,Selangor,TNG eWallet
ORD12695,2025-06-03,Home,Coffee Maker,528,3,1584,West Malaysia,Perak,FPX
ORD12696,2025-12-08,Home,Coffee Maker,622,3,1866,West Malaysia,Melaka,TNG eWallet
ORD12697,2025-08-23,Electronics,Wireless Earbuds,1671,1,1671,East Malaysia,Sarawak,FPX
ORD12698,2025-08-28,Home,Air Purifier,738,3,2214,West Malaysia,Selangor,Credit Card
ORD12699,2025-11-17,Home,Air Purifier,326,1,326,West Malaysia,Selangor,GrabPay
ORD12700,2025-06-04,Fashion,Sneakers,335,1,335,West Malaysia,Penang,Credit Card
ORD12701,2025-11-16,Home,Desk Lamp,539,1,539,West Malaysia,Johor,GrabPay
ORD12702,2025-07-26,Home,Coffee Maker,262,1,262,West Malaysia,Pahang,GrabPay
ORD12703,2025-06-26,Electronics,Laptop,2680,4,10720,East Malaysia,Sabah,Credit Card
ORD12704,2025-01-15,Home,Desk Lamp,562,3,1686,East Malaysia,Sarawak,Credit Card
ORD12705,2025-07-10,Home,Office Chair,221,2,442,West Malaysia,Selangor,FPX
ORD12706,2025-06-29,Fashion,Sneakers,54,2,108,East Malaysia,Sabah,GrabPay
ORD12707,2025-11-02,Fashion,T-Shirt,55,3,165,East Malaysia,Sarawak,TNG eWallet
ORD12708,2025-12-18,Fashion,Backpack,117,1,117,East Malaysia,Sarawak,GrabPay
ORD12709,2025-12-13,Electronics,Wireless Earbuds,2778,2,5556,West Malaysia,Selangor,FPX
ORD12710,2025-12-18,Fashion,Sneakers,318,3,954,West Malaysia,Penang,FPX
ORD12711,2025-01-18,Electronics,Smartwatch,3228,1,3228,East Malaysia,Sabah,FPX
ORD12712,2025-09-29,Fashion,Backpack,60,2,120,West Malaysia,Melaka,Credit Card
ORD12713,2025-06-12,Electronics,Smartwatch,1436,3,4308,West Malaysia,Perak,FPX
ORD12714,2025-07-27,Home,Desk Lamp,238,3,714,East Malaysia,Sabah,FPX
ORD12715,2025-08-11,Fashion,Backpack,231,2,462,East Malaysia,Sabah,TNG eWallet
ORD12716,2025-08-01,Fashion,Backpack,66,3,198,East Malaysia,Sarawak,GrabPay
ORD12717,2025-06-25,Fashion,Backpack,182,1,182,East Malaysia,Sarawak,FPX
ORD12718,2025-07-15,Fashion,Sunglasses,364,1,364,West Malaysia,Kedah,TNG eWallet
ORD12719,2025-07-09,Fashion,Sunglasses,284,1,284,West Malaysia,Selangor,TNG eWallet
ORD12720,2025-09-20,Fashion,T-Shirt,222,3,666,West Malaysia,Kuala Lumpur,FPX
ORD12721,2025-01-08,Fashion,Sunglasses,245,2,490,East Malaysia,Sarawak,TNG eWallet
ORD12722,2025-12-12,Home,Office Chair,741,4,2964,West Malaysia,Kuala Lumpur,GrabPay
ORD12723,2025-07-31,Home,Desk Lamp,126,2,252,East Malaysia,Sarawak,Credit Card
ORD12724,2025-06-25,Home,Coffee Maker,547,2,1094,West Malaysia,Penang,TNG eWallet
ORD12725,2025-01-01,Electronics,Laptop,984,1,984,East Malaysia,Sarawak,GrabPay
ORD12726,2025-08-18,Home,Air Purifier,796,3,2388,West Malaysia,Kedah,GrabPay
ORD12727,2025-04-27,Fashion,Sneakers,256,3,768,East Malaysia,Sarawak,Credit Card
ORD12728,2025-05-27,Fashion,T-Shirt,234,1,234,West Malaysia,Perak,TNG eWallet
ORD12729,2025-06-28,Electronics,Smartphone,4290,4,17160,East Malaysia,Sarawak,GrabPay
ORD12730,2025-03-10,Fashion,Backpack,105,2,210,West Malaysia,Perak,GrabPay
ORD12731,2025-12-09,Home,Coffee Maker,349,4,1396,West Malaysia,Penang,TNG eWallet
ORD12732,2025-04-10,Electronics,Smartwatch,2291,4,9164,West Malaysia,Perak,GrabPay
ORD12733,2025-03-11,Home,Desk Lamp,446,4,1784,West Malaysia,Melaka,GrabPay
ORD12734,2025-03-21,Fashion,Sneakers,217,4,868,West Malaysia,Kedah,Credit Card
ORD12735,2025-02-13,Electronics,Wireless Earbuds,1302,1,1302,East Malaysia,Sabah,Credit Card
ORD12736,2025-08-19,Electronics,Laptop,512,4,2048,West Malaysia,Selangor,Credit Card
ORD12737,2025-10-08,Electronics,Smartwatch,3661,4,14644,East Malaysia,Sabah,Credit Card
ORD12738,2025-02-03,Fashion,Backpack,127,2,254,East Malaysia,Sarawak,Credit Card
ORD12739,2025-11-02,Electronics,Laptop,1309,3,3927,East Malaysia,Sabah,FPX
ORD12740,2025-06-22,Fashion,Sneakers,398,4,1592,East Malaysia,Sarawak,FPX
ORD12741,2025-09-26,Home,Office Chair,347,2,694,West Malaysia,Johor,TNG eWallet
ORD12742,2025-04-01,Home,Office Chair,195,1,195,East Malaysia,Sabah,FPX
ORD12743,2025-04-04,Fashion,Sneakers,141,4,564,West Malaysia,Kedah,FPX
ORD12744,2025-04-28,Fashion,Sneakers,133,2,266,West Malaysia,Selangor,GrabPay
ORD12745,2025-02-26,Electronics,Smartwatch,1419,4,5676,West Malaysia,Penang,FPX
ORD12746,2025-04-28,Home,Office Chair,467,2,934,West Malaysia,Melaka,TNG eWallet
ORD12747,2025-05-15,Fashion,T-Shirt,124,2,248,East Malaysia,Sarawak,GrabPay
ORD12748,2025-04-24,Electronics,Smartwatch,2244,3,6732,East Malaysia,Sarawak,GrabPay
ORD12749,2025-12-28,Electronics,Laptop,2171,1,2171,East Malaysia,Sabah,TNG eWallet
ORD12750,2025-12-04,Fashion,Sunglasses,128,2,256,East Malaysia,Sarawak,Credit Card
ORD12751,2025-03-11,Electronics,Smartphone,1329,3,3987,East Malaysia,Sarawak,FPX
ORD12752,2025-08-04,Fashion,Backpack,379,4,1516,East Malaysia,Sabah,FPX
ORD12753,2025-11-05,Fashion,Backpack,265,2,530,East Malaysia,Sarawak,FPX
ORD12754,2025-10-20,Home,Coffee Maker,147,4,588,East Malaysia,Sabah,FPX
ORD12755,2025-03-27,Electronics,Laptop,2861,2,5722,East Malaysia,Sarawak,GrabPay
ORD12756,2025-03-12,Home,Office Chair,676,4,2704,East Malaysia,Sabah,GrabPay
ORD12757,2025-12-11,Electronics,Wireless Earbuds,4279,2,8558,West Malaysia,Pahang,GrabPay
ORD12758,2025-07-11,Electronics,Smartphone,1284,4,5136,East Malaysia,Sabah,FPX
ORD12759,2025-07-31,Electronics,Smartwatch,1006,3,3018,West Malaysia,Melaka,TNG eWallet
ORD12760,2025-05-21,Electronics,Smartphone,766,2,1532,West Malaysia,Kedah,Credit Card
ORD12761,2025-03-23,Electronics,Smartphone,320,4,1280,West Malaysia,Penang,FPX
ORD12762,2025-08-03,Home,Air Purifier,598,1,598,West Malaysia,Pahang,TNG eWallet
ORD12763,2025-05-12,Electronics,Laptop,4373,2,8746,East Malaysia,Sarawak,TNG eWallet
ORD12764,2025-06-13,Fashion,Sunglasses,328,2,656,East Malaysia,Sabah,GrabPay
ORD12765,2025-06-08,Home,Office Chair,170,4,680,East Malaysia,Sarawak,GrabPay
ORD12766,2025-09-08,Electronics,Laptop,4386,4,17544,East Malaysia,Sarawak,Credit Card
ORD12767,2025-09-01,Fashion,Sneakers,131,2,262,East Malaysia,Sarawak,GrabPay
ORD12768,2025-08-13,Home,Desk Lamp,268,3,804,East Malaysia,Sarawak,GrabPay
ORD12769,2025-09-19,Fashion,T-Shirt,375,3,1125,East Malaysia,Sabah,FPX
ORD12770,2025-09-27,Electronics,Wireless Earbuds,785,2,1570,West Malaysia,Selangor,Credit Card
ORD12771,2025-09-13,Fashion,Sunglasses,181,3,543,West Malaysia,Melaka,GrabPay
ORD12772,2025-04-27,Fashion,Sunglasses,176,2,352,East Malaysia,Sabah,Credit Card
ORD12773,2025-09-01,Home,Coffee Maker,361,4,1444,West Malaysia,Melaka,GrabPay
ORD12774,2025-10-15,Electronics,Smartphone,1613,2,3226,East Malaysia,Sabah,FPX
ORD12775,2025-04-19,Electronics,Laptop,2941,1,2941,West Malaysia,Melaka,Credit Card
ORD12776,2025-11-13,Fashion,T-Shirt,334,3,1002,East Malaysia,Sarawak,GrabPay
ORD12777,2025-06-15,Fashion,Sneakers,299,3,897,East Malaysia,Sarawak,FPX
ORD12778,2025-07-21,Electronics,Smartphone,652,2,1304,West Malaysia,Johor,GrabPay
ORD12779,2025-10-03,Home,Air Purifier,198,2,396,East Malaysia,Sabah,Credit Card
ORD12780,2025-07-22,Fashion,Backpack,270,2,540,East Malaysia,Sabah,GrabPay
ORD12781,2025-10-23,Electronics,Laptop,617,4,2468,West Malaysia,Pahang,TNG eWallet
ORD12782,2025-06-21,Electronics,Smartwatch,1342,2,2684,East Malaysia,Sabah,FPX
ORD12783,2025-02-03,Home,Air Purifier,379,4,1516,West Malaysia,Johor,GrabPay
ORD12784,2025-03-02,Electronics,Laptop,3799,1,3799,West Malaysia,Perak,TNG eWallet
ORD12785,2025-03-11,Home,Office Chair,681,3,2043,West Malaysia,Kedah,FPX
ORD12786,2025-02-27,Electronics,Laptop,1672,1,1672,West Malaysia,Selangor,FPX
ORD12787,2025-05-09,Fashion,Backpack,317,1,317,West Malaysia,Pahang,TNG eWallet
ORD12788,2025-06-25,Home,Office Chair,760,2,1520,East Malaysia,Sabah,GrabPay
ORD12789,2025-04-03,Fashion,T-Shirt,192,2,384,West Malaysia,Pahang,FPX
ORD12790,2025-02-25,Home,Air Purifier,223,2,446,East Malaysia,Sabah,FPX
ORD12791,2025-02-03,Electronics,Wireless Earbuds,3343,3,10029,West Malaysia,Selangor,TNG eWallet
ORD12792,2025-12-27,Home,Coffee Maker,463,1,463,East Malaysia,Sabah,FPX
ORD12793,2025-04-21,Fashion,Sneakers,120,3,360,East Malaysia,Sarawak,FPX
ORD12794,2025-10-31,Electronics,Smartphone,1358,2,2716,West Malaysia,Selangor,TNG eWallet
ORD12795,2025-08-24,Home,Office Chair,766,1,766,East Malaysia,Sarawak,Credit Card
ORD12796,2025-03-22,Home,Desk Lamp,726,3,2178,East Malaysia,Sabah,TNG eWallet
ORD12797,2025-05-25,Home,Desk Lamp,469,2,938,East Malaysia,Sarawak,Credit Card
ORD12798,2025-11-17,Fashion,Sneakers,272,4,1088,East Malaysia,Sarawak,TNG eWallet
ORD12799,2025-02-20,Fashion,Sunglasses,134,2,268,East Malaysia,Sarawak,FPX
ORD12800,2025-07-24,Home,Desk Lamp,197,4,788,West Malaysia,Kuala Lumpur,FPX
ORD12801,2025-08-05,Electronics,Wireless Earbuds,1409,2,2818,West Malaysia,Selangor,FPX
ORD12802,2025-02-06,Electronics,Smartwatch,3536,4,14144,West Malaysia,Penang,Credit Card
ORD12803,2025-07-05,Home,Office Chair,350,3,1050,West Malaysia,Penang,GrabPay
ORD12804,2025-02-23,Home,Desk Lamp,313,1,313,West Malaysia,Kuala Lumpur,FPX
ORD12805,2025-04-05,Fashion,T-Shirt,333,3,999,East Malaysia,Sarawak,GrabPay
ORD12806,2025-11-15,Fashion,Backpack,164,4,656,East Malaysia,Sabah,Credit Card
ORD12807,2025-12-01,Fashion,Sneakers,380,2,760,East Malaysia,Sabah,Credit Card
ORD12808,2025-07-11,Fashion,Sneakers,289,2,578,West Malaysia,Perak,FPX
ORD12809,2025-08-18,Fashion,T-Shirt,349,3,1047,East Malaysia,Sarawak,FPX
ORD12810,2025-08-08,Fashion,Sunglasses,137,1,137,East Malaysia,Sarawak,FPX
ORD12811,2025-11-21,Electronics,Smartphone,2556,2,5112,West Malaysia,Melaka,Credit Card
ORD12812,2025-05-02,Home,Air Purifier,760,2,1520,West Malaysia,Kuala Lumpur,GrabPay
ORD12813,2025-10-02,Electronics,Laptop,3547,2,7094,East Malaysia,Sabah,GrabPay
ORD12814,2025-12-27,Electronics,Smartwatch,1798,4,7192,East Malaysia,Sabah,Credit Card
ORD12815,2025-03-26,Fashion,Sneakers,164,1,164,East Malaysia,Sabah,FPX
ORD12816,2025-04-23,Fashion,T-Shirt,75,4,300,West Malaysia,Kedah,FPX
ORD12817,2025-04-17,Fashion,Backpack,291,1,291,East Malaysia,Sabah,FPX
ORD12818,2025-09-11,Fashion,T-Shirt,388,3,1164,East Malaysia,Sarawak,FPX
ORD12819,2025-08-24,Electronics,Laptop,4036,3,12108,West Malaysia,Penang,Credit Card
ORD12820,2025-05-08,Fashion,T-Shirt,219,4,876,West Malaysia,Penang,TNG eWallet
ORD12821,2025-03-04,Electronics,Smartphone,2775,2,5550,West Malaysia,Kedah,GrabPay
ORD12822,2025-07-27,Electronics,Smartphone,4271,3,12813,West Malaysia,Johor,TNG eWallet
ORD12823,2025-10-04,Electronics,Smartphone,677,2,1354,West Malaysia,Selangor,GrabPay
ORD12824,2025-12-17,Home,Coffee Maker,563,4,2252,West Malaysia,Kuala Lumpur,GrabPay
ORD12825,2025-01-22,Fashion,T-Shirt,69,2,138,West Malaysia,Johor,GrabPay
ORD12826,2025-10-28,Home,Air Purifier,739,3,2217,East Malaysia,Sarawak,FPX
ORD12827,2025-09-26,Home,Office Chair,582,2,1164,West Malaysia,Perak,TNG eWallet
ORD12828,2025-12-15,Fashion,Sneakers,359,3,1077,West Malaysia,Penang,Credit Card
ORD12829,2025-12-20,Fashion,Backpack,111,2,222,East Malaysia,Sarawak,TNG eWallet
ORD12830,2025-11-15,Home,Coffee Maker,333,3,999,West Malaysia,Melaka,Credit Card
ORD12831,2025-12-10,Home,Desk Lamp,474,2,948,East Malaysia,Sabah,Credit Card
ORD12832,2025-09-14,Electronics,Wireless Earbuds,904,2,1808,East Malaysia,Sabah,GrabPay
ORD12833,2025-06-18,Fashion,Sunglasses,53,2,106,West Malaysia,Pahang,Credit Card
ORD12834,2025-02-06,Home,Coffee Maker,521,4,2084,East Malaysia,Sarawak,TNG eWallet
ORD12835,2025-10-12,Home,Desk Lamp,485,2,970,East Malaysia,Sabah,GrabPay
ORD12836,2025-06-20,Home,Office Chair,396,3,1188,West Malaysia,Pahang,TNG eWallet
ORD12837,2025-11-22,Electronics,Wireless Earbuds,1398,2,2796,West Malaysia,Perak,Credit Card
ORD12838,2025-02-15,Home,Air Purifier,742,3,2226,East Malaysia,Sarawak,GrabPay
ORD12839,2025-04-15,Electronics,Laptop,826,3,2478,East Malaysia,Sarawak,FPX
ORD12840,2025-07-05,Electronics,Laptop,4455,1,4455,West Malaysia,Pahang,GrabPay
ORD12841,2025-01-01,Fashion,T-Shirt,350,2,700,West Malaysia,Selangor,TNG eWallet
ORD12842,2025-05-11,Electronics,Wireless Earbuds,4493,3,13479,East Malaysia,Sabah,FPX
ORD12843,2025-10-12,Electronics,Smartwatch,2613,2,5226,West Malaysia,Perak,TNG eWallet
ORD12844,2025-04-22,Fashion,T-Shirt,370,1,370,West Malaysia,Kedah,GrabPay
ORD12845,2025-12-12,Fashion,T-Shirt,310,2,620,West Malaysia,Penang,TNG eWallet
ORD12846,2025-07-01,Home,Desk Lamp,180,3,540,East Malaysia,Sabah,FPX
ORD12847,2025-07-26,Fashion,Sunglasses,317,4,1268,West Malaysia,Kedah,FPX
ORD12848,2025-05-26,Fashion,T-Shirt,129,4,516,East Malaysia,Sabah,Credit Card
ORD12849,2025-10-19,Electronics,Smartphone,1621,2,3242,East Malaysia,Sarawak,Credit Card
ORD12850,2025-08-25,Home,Office Chair,553,3,1659,East Malaysia,Sarawak,FPX
ORD12851,2025-04-29,Home,Office Chair,616,1,616,East Malaysia,Sarawak,GrabPay
ORD12852,2025-04-04,Electronics,Smartphone,2391,4,9564,West Malaysia,Selangor,TNG eWallet
ORD12853,2025-06-09,Home,Coffee Maker,540,2,1080,East Malaysia,Sarawak,FPX
ORD12854,2025-06-27,Home,Office Chair,125,1,125,East Malaysia,Sabah,TNG eWallet
ORD12855,2025-08-13,Electronics,Smartwatch,879,2,1758,East Malaysia,Sarawak,FPX
ORD12856,2025-10-22,Home,Air Purifier,162,4,648,West Malaysia,Johor,GrabPay
ORD12857,2025-02-26,Fashion,Sunglasses,379,4,1516,East Malaysia,Sarawak,FPX
ORD12858,2025-03-02,Fashion,T-Shirt,162,4,648,West Malaysia,Selangor,GrabPay
ORD12859,2025-07-16,Home,Air Purifier,154,3,462,West Malaysia,Penang,GrabPay
ORD12860,2025-11-06,Fashion,T-Shirt,62,2,124,East Malaysia,Sarawak,Credit Card
ORD12861,2025-02-13,Fashion,Sneakers,352,1,352,East Malaysia,Sarawak,Credit Card
ORD12862,2025-05-01,Home,Office Chair,753,3,2259,East Malaysia,Sabah,FPX
ORD12863,2025-06-10,Home,Desk Lamp,371,1,371,West Malaysia,Melaka,Credit Card
ORD12864,2025-12-23,Fashion,T-Shirt,328,4,1312,West Malaysia,Penang,GrabPay
ORD12865,2025-07-31,Home,Coffee Maker,746,3,2238,West Malaysia,Selangor,FPX
ORD12866,2025-07-12,Fashion,Backpack,190,2,380,West Malaysia,Kuala Lumpur,TNG eWallet
ORD12867,2025-11-03,Home,Desk Lamp,775,4,3100,East Malaysia,Sabah,Credit Card
ORD12868,2025-12-01,Fashion,Backpack,200,3,600,West Malaysia,Penang,FPX
ORD12869,2025-06-06,Fashion,Sunglasses,192,3,576,West Malaysia,Pahang,Credit Card
ORD12870,2025-08-27,Home,Coffee Maker,598,2,1196,East Malaysia,Sarawak,TNG eWallet
ORD12871,2025-04-09,Electronics,Smartwatch,4240,1,4240,West Malaysia,Kuala Lumpur,GrabPay
ORD12872,2025-02-13,Electronics,Wireless Earbuds,2184,2,4368,West Malaysia,Pahang,Credit Card
ORD12873,2025-08-29,Electronics,Laptop,352,2,704,West Malaysia,Johor,GrabPay
ORD12874,2025-04-07,Electronics,Smartphone,1033,3,3099,East Malaysia,Sabah,TNG eWallet
ORD12875,2025-12-23,Fashion,T-Shirt,128,4,512,West Malaysia,Pahang,TNG eWallet
ORD12876,2025-12-20,Home,Air Purifier,157,1,157,East Malaysia,Sarawak,FPX
ORD12877,2025-02-14,Electronics,Wireless Earbuds,4361,4,17444,West Malaysia,Johor,GrabPay
ORD12878,2025-11-26,Electronics,Wireless Earbuds,3328,4,13312,East Malaysia,Sabah,Credit Card
ORD12879,2025-09-25,Home,Air Purifier,216,2,432,East Malaysia,Sarawak,Credit Card
ORD12880,2025-06-15,Fashion,Backpack,96,4,384,East Malaysia,Sabah,Credit Card
ORD12881,2025-03-13,Fashion,Sneakers,211,2,422,East Malaysia,Sabah,GrabPay
ORD12882,2025-05-10,Electronics,Smartphone,2207,1,2207,East Malaysia,Sarawak,GrabPay
ORD12883,2025-10-03,Fashion,Backpack,325,4,1300,West Malaysia,Pahang,FPX
ORD12884,2025-06-11,Fashion,Sunglasses,68,3,204,East Malaysia,Sarawak,GrabPay
ORD12885,2025-08-04,Electronics,Wireless Earbuds,2121,2,4242,West Malaysia,Kedah,Credit Card
ORD12886,2025-09-26,Home,Air Purifier,258,3,774,East Malaysia,Sarawak,Credit Card
ORD12887,2025-11-16,Home,Air Purifier,554,2,1108,East Malaysia,Sarawak,GrabPay
ORD12888,2025-11-03,Home,Coffee Maker,742,4,2968,West Malaysia,Selangor,GrabPay
ORD12889,2025-09-26,Fashion,Sunglasses,122,3,366,East Malaysia,Sabah,GrabPay
ORD12890,2025-02-16,Home,Office Chair,686,3,2058,West Malaysia,Pahang,Credit Card
ORD12891,2025-01-10,Fashion,Sneakers,231,4,924,East Malaysia,Sabah,FPX
ORD12892,2025-04-29,Home,Desk Lamp,255,2,510,East Malaysia,Sarawak,GrabPay
ORD12893,2025-12-26,Fashion,T-Shirt,200,1,200,East Malaysia,Sabah,Credit Card
ORD12894,2025-12-02,Fashion,Backpack,94,1,94,East Malaysia,Sabah,GrabPay
ORD12895,2025-06-15,Fashion,Backpack,239,4,956,East Malaysia,Sarawak,TNG eWallet
ORD12896,2025-05-13,Electronics,Smartphone,3090,2,6180,East Malaysia,Sabah,Credit Card
ORD12897,2025-04-21,Home,Desk Lamp,342,1,342,West Malaysia,Selangor,GrabPay
ORD12898,2025-04-09,Home,Office Chair,361,4,1444,East Malaysia,Sarawak,FPX
ORD12899,2025-12-17,Electronics,Smartwatch,1554,1,1554,East Malaysia,Sabah,FPX
ORD12900,2025-05-25,Home,Air Purifier,522,3,1566,West Malaysia,Kuala Lumpur,FPX
ORD12901,2025-05-10,Electronics,Wireless Earbuds,1659,3,4977,West Malaysia,Johor,FPX
ORD12902,2025-02-15,Electronics,Laptop,1047,4,4188,West Malaysia,Perak,TNG eWallet
ORD12903,2025-05-25,Fashion,Sneakers,333,3,999,East Malaysia,Sabah,FPX
ORD12904,2025-08-27,Electronics,Smartphone,2756,3,8268,East Malaysia,Sabah,GrabPay
ORD12905,2025-04-14,Fashion,Backpack,86,1,86,West Malaysia,Kuala Lumpur,Credit Card
ORD12906,2025-10-22,Fashion,Sunglasses,251,4,1004,West Malaysia,Johor,GrabPay
ORD12907,2025-01-06,Electronics,Laptop,3319,1,3319,West Malaysia,Perak,FPX
ORD12908,2025-11-09,Home,Office Chair,393,3,1179,East Malaysia,Sarawak,FPX
ORD12909,2025-11-13,Fashion,T-Shirt,175,4,700,East Malaysia,Sarawak,Credit Card
ORD12910,2025-02-18,Electronics,Wireless Earbuds,1310,4,5240,West Malaysia,Selangor,GrabPay
ORD12911,2025-12-20,Home,Air Purifier,743,1,743,East Malaysia,Sarawak,GrabPay
ORD12912,2025-09-27,Fashion,Sunglasses,327,1,327,East Malaysia,Sarawak,Credit Card
ORD12913,2025-04-15,Fashion,Backpack,291,4,1164,East Malaysia,Sarawak,TNG eWallet
ORD12914,2025-09-23,Fashion,Backpack,143,2,286,West Malaysia,Pahang,TNG eWallet
ORD12915,2025-03-07,Home,Coffee Maker,261,1,261,East Malaysia,Sabah,Credit Card
ORD12916,2025-06-12,Electronics,Smartphone,1001,2,2002,West Malaysia,Kuala Lumpur,FPX
ORD12917,2025-11-10,Fashion,Sunglasses,69,2,138,West Malaysia,Perak,FPX
ORD12918,2025-11-07,Fashion,Sunglasses,169,4,676,West Malaysia,Selangor,Credit Card
ORD12919,2025-10-30,Home,Coffee Maker,703,4,2812,West Malaysia,Kuala Lumpur,GrabPay
ORD12920,2025-07-26,Electronics,Laptop,1651,3,4953,West Malaysia,Pahang,Credit Card
ORD12921,2025-02-22,Electronics,Wireless Earbuds,1818,1,1818,West Malaysia,Selangor,Credit Card
ORD12922,2025-08-15,Electronics,Smartwatch,859,2,1718,East Malaysia,Sabah,GrabPay
ORD12923,2025-12-30,Home,Coffee Maker,382,2,764,East Malaysia,Sabah,TNG eWallet
ORD12924,2025-01-11,Home,Office Chair,732,1,732,West Malaysia,Penang,GrabPay
ORD12925,2025-07-18,Home,Office Chair,337,2,674,East Malaysia,Sarawak,TNG eWallet
ORD12926,2025-10-17,Electronics,Smartwatch,1679,3,5037,East Malaysia,Sarawak,TNG eWallet
ORD12927,2025-01-10,Fashion,T-Shirt,182,1,182,East Malaysia,Sarawak,FPX
ORD12928,2025-05-21,Fashion,Sneakers,154,1,154,West Malaysia,Melaka,FPX
ORD12929,2025-07-10,Home,Office Chair,197,4,788,West Malaysia,Perak,TNG eWallet
ORD12930,2025-01-09,Electronics,Smartwatch,4492,1,4492,West Malaysia,Pahang,TNG eWallet
ORD12931,2025-04-11,Home,Office Chair,392,1,392,East Malaysia,Sabah,TNG eWallet
ORD12932,2025-09-22,Home,Desk Lamp,723,2,1446,East Malaysia,Sabah,TNG eWallet
ORD12933,2025-04-02,Fashion,Sunglasses,284,3,852,West Malaysia,Pahang,TNG eWallet
ORD12934,2025-01-24,Electronics,Laptop,3291,3,9873,East Malaysia,Sarawak,GrabPay
ORD12935,2025-12-27,Electronics,Smartwatch,3428,3,10284,West Malaysia,Perak,Credit Card
ORD12936,2025-06-25,Electronics,Smartphone,1436,3,4308,East Malaysia,Sabah,Credit Card
ORD12937,2025-02-18,Fashion,Sneakers,237,4,948,West Malaysia,Perak,Credit Card
ORD12938,2025-08-02,Electronics,Smartphone,697,4,2788,West Malaysia,Perak,FPX
ORD12939,2025-05-28,Home,Coffee Maker,296,3,888,West Malaysia,Selangor,TNG eWallet
ORD12940,2025-08-24,Home,Coffee Maker,296,1,296,West Malaysia,Penang,FPX
ORD12941,2025-09-24,Home,Coffee Maker,324,1,324,East Malaysia,Sabah,FPX
ORD12942,2025-12-10,Fashion,Sneakers,80,2,160,West Malaysia,Penang,GrabPay
ORD12943,2025-10-11,Electronics,Wireless Earbuds,1939,4,7756,West Malaysia,Johor,GrabPay
ORD12944,2025-04-05,Electronics,Smartwatch,4131,4,16524,West Malaysia,Perak,Credit Card
ORD12945,2025-06-07,Home,Coffee Maker,730,1,730,East Malaysia,Sabah,GrabPay
ORD12946,2025-09-10,Fashion,Sunglasses,114,1,114,East Malaysia,Sabah,GrabPay
ORD12947,2025-02-19,Home,Office Chair,303,1,303,East Malaysia,Sabah,Credit Card
ORD12948,2025-11-23,Electronics,Wireless Earbuds,1758,1,1758,East Malaysia,Sabah,FPX
ORD12949,2025-11-13,Home,Coffee Maker,493,3,1479,West Malaysia,Kuala Lumpur,GrabPay
ORD12950,2025-07-11,Fashion,Backpack,271,3,813,West Malaysia,Johor,Credit Card
ORD12951,2025-11-05,Electronics,Smartphone,2306,3,6918,West Malaysia,Johor,TNG eWallet
ORD12952,2025-07-10,Fashion,Sunglasses,276,3,828,West Malaysia,Pahang,GrabPay
ORD12953,2025-09-27,Electronics,Laptop,3637,1,3637,West Malaysia,Kuala Lumpur,FPX
ORD12954,2025-07-18,Fashion,Sunglasses,76,1,76,East Malaysia,Sarawak,Credit Card
ORD12955,2025-04-24,Fashion,T-Shirt,172,3,516,East Malaysia,Sabah,Credit Card
ORD12956,2025-08-03,Fashion,Backpack,69,2,138,West Malaysia,Kedah,FPX
ORD12957,2025-09-23,Fashion,Sunglasses,334,3,1002,West Malaysia,Melaka,FPX
ORD12958,2025-10-09,Electronics,Smartwatch,3181,2,6362,West Malaysia,Penang,Credit Card
ORD12959,2025-02-27,Fashion,Sunglasses,369,1,369,West Malaysia,Selangor,FPX
ORD12960,2025-05-24,Fashion,T-Shirt,309,3,927,East Malaysia,Sarawak,TNG eWallet
ORD12961,2025-03-06,Fashion,T-Shirt,350,3,1050,East Malaysia,Sabah,TNG eWallet
ORD12962,2025-08-10,Fashion,Sunglasses,384,4,1536,East Malaysia,Sarawak,GrabPay
ORD12963,2025-06-23,Fashion,T-Shirt,67,1,67,West Malaysia,Melaka,GrabPay
ORD12964,2025-04-01,Electronics,Smartphone,1305,1,1305,West Malaysia,Selangor,Credit Card
ORD12965,2025-11-18,Electronics,Wireless Earbuds,4149,1,4149,West Malaysia,Perak,Credit Card
ORD12966,2025-01-22,Electronics,Smartphone,1729,2,3458,West Malaysia,Kuala Lumpur,Credit Card
ORD12967,2025-05-23,Home,Air Purifier,178,1,178,West Malaysia,Selangor,FPX
ORD12968,2025-06-17,Home,Air Purifier,471,2,942,East Malaysia,Sarawak,FPX
ORD12969,2025-12-18,Home,Desk Lamp,310,4,1240,West Malaysia,Selangor,FPX
ORD12970,2025-11-17,Fashion,T-Shirt,204,2,408,East Malaysia,Sabah,GrabPay
ORD12971,2025-12-20,Electronics,Smartwatch,4031,3,12093,West Malaysia,Selangor,GrabPay
ORD12972,2025-04-26,Home,Coffee Maker,145,4,580,West Malaysia,Melaka,GrabPay
ORD12973,2025-09-06,Fashion,Sneakers,266,4,1064,East Malaysia,Sarawak,GrabPay
ORD12974,2025-11-25,Home,Desk Lamp,698,4,2792,West Malaysia,Penang,Credit Card
ORD12975,2025-02-21,Home,Office Chair,268,1,268,East Malaysia,Sabah,GrabPay
ORD12976,2025-09-24,Fashion,Sneakers,275,2,550,West Malaysia,Kedah,FPX
ORD12977,2025-11-03,Electronics,Smartwatch,834,2,1668,East Malaysia,Sabah,TNG eWallet
ORD12978,2025-09-12,Electronics,Wireless Earbuds,4362,4,17448,East Malaysia,Sabah,FPX
ORD12979,2025-10-03,Fashion,Sneakers,323,4,1292,East Malaysia,Sarawak,Credit Card
ORD12980,2025-08-04,Electronics,Laptop,1628,2,3256,East Malaysia,Sabah,FPX
ORD12981,2025-06-05,Electronics,Wireless Earbuds,4039,2,8078,West Malaysia,Perak,FPX
ORD12982,2025-08-12,Fashion,Backpack,318,3,954,West Malaysia,Perak,TNG eWallet
ORD12983,2025-02-12,Home,Office Chair,649,4,2596,East Malaysia,Sabah,GrabPay
ORD12984,2025-06-15,Electronics,Laptop,1887,4,7548,West Malaysia,Perak,FPX
ORD12985,2025-04-13,Home,Office Chair,783,3,2349,West Malaysia,Melaka,Credit Card
ORD12986,2025-07-25,Fashion,Backpack,222,1,222,West Malaysia,Penang,GrabPay
ORD12987,2025-11-23,Electronics,Wireless Earbuds,4136,1,4136,East Malaysia,Sarawak,Credit Card
ORD12988,2025-05-02,Home,Desk Lamp,465,3,1395,East Malaysia,Sarawak,GrabPay
ORD12989,2025-05-29,Electronics,Smartwatch,1464,1,1464,West Malaysia,Penang,GrabPay
ORD12990,2025-09-20,Home,Desk Lamp,254,2,508,West Malaysia,Perak,Credit Card
ORD12991,2025-10-11,Home,Air Purifier,390,4,1560,East Malaysia,Sarawak,GrabPay
ORD12992,2025-03-12,Electronics,Smartphone,338,4,1352,East Malaysia,Sarawak,GrabPay
ORD12993,2025-08-08,Electronics,Smartphone,1761,4,7044,East Malaysia,Sarawak,GrabPay
ORD12994,2025-03-24,Home,Coffee Maker,418,4,1672,East Malaysia,Sarawak,GrabPay
ORD12995,2025-12-29,Fashion,T-Shirt,161,4,644,West Malaysia,Melaka,Credit Card
ORD12996,2025-09-12,Electronics,Smartphone,2218,4,8872,East Malaysia,Sarawak,GrabPay
ORD12997,2025-07-26,Electronics,Smartphone,2266,3,6798,East Malaysia,Sabah,FPX
ORD12998,2025-05-07,Electronics,Smartwatch,2603,1,2603,West Malaysia,Melaka,TNG eWallet
ORD12999,2025-03-28,Home,Air Purifier,312,3,936,East Malaysia,Sarawak,TNG eWallet
ORD13000,2025-02-26,Home,Office Chair,626,1,626,West Malaysia,Johor,GrabPay
ORD13001,2025-10-20,Fashion,Backpack,127,3,381,East Malaysia,Sabah,Credit Card
ORD13002,2025-11-15,Electronics,Wireless Earbuds,664,1,664,East Malaysia,Sabah,FPX
ORD13003,2025-03-22,Fashion,Backpack,237,3,711,West Malaysia,Pahang,Credit Card
ORD13004,2025-12-16,Electronics,Smartphone,4206,2,8412,West Malaysia,Melaka,GrabPay
ORD13005,2025-09-07,Electronics,Wireless Earbuds,4198,2,8396,West Malaysia,Kuala Lumpur,FPX
ORD13006,2025-05-24,Electronics,Smartphone,4059,1,4059,East Malaysia,Sabah,GrabPay
ORD13007,2025-05-01,Electronics,Laptop,1753,3,5259,East Malaysia,Sabah,Credit Card
ORD13008,2025-11-25,Home,Air Purifier,108,3,324,West Malaysia,Pahang,GrabPay
ORD13009,2025-06-15,Fashion,Sunglasses,217,2,434,West Malaysia,Kuala Lumpur,Credit Card
ORD13010,2025-10-04,Electronics,Smartphone,3241,1,3241,West Malaysia,Kuala Lumpur,GrabPay
ORD13011,2025-02-23,Home,Coffee Maker,392,3,1176,West Malaysia,Melaka,TNG eWallet
ORD13012,2025-12-12,Fashion,Sneakers,376,3,1128,West Malaysia,Pahang,FPX
ORD13013,2025-08-26,Fashion,Sneakers,87,1,87,West Malaysia,Johor,FPX
ORD13014,2025-07-02,Electronics,Smartphone,979,1,979,West Malaysia,Perak,FPX
ORD13015,2025-09-22,Electronics,Laptop,4361,3,13083,West Malaysia,Kuala Lumpur,FPX
ORD13016,2025-09-23,Home,Office Chair,379,1,379,West Malaysia,Selangor,FPX
ORD13017,2025-08-24,Fashion,Sunglasses,170,1,170,East Malaysia,Sabah,GrabPay
ORD13018,2025-10-02,Home,Air Purifier,347,4,1388,West Malaysia,Melaka,FPX
ORD13019,2025-03-03,Fashion,Sunglasses,138,3,414,East Malaysia,Sarawak,Credit Card
ORD13020,2025-05-09,Electronics,Laptop,1765,3,5295,West Malaysia,Perak,GrabPay
ORD13021,2025-10-26,Fashion,T-Shirt,319,3,957,East Malaysia,Sabah,FPX
ORD13022,2025-03-25,Fashion,Sunglasses,291,2,582,East Malaysia,Sabah,GrabPay
ORD13023,2025-09-25,Fashion,T-Shirt,191,3,573,West Malaysia,Johor,Credit Card
ORD13024,2025-11-26,Home,Office Chair,175,4,700,East Malaysia,Sarawak,TNG eWallet
ORD13025,2025-08-18,Home,Desk Lamp,276,2,552,East Malaysia,Sarawak,TNG eWallet
ORD13026,2025-09-16,Fashion,T-Shirt,283,1,283,West Malaysia,Selangor,Credit Card
ORD13027,2025-09-18,Fashion,Sunglasses,126,2,252,East Malaysia,Sabah,FPX
ORD13028,2025-07-03,Fashion,Sneakers,273,2,546,East Malaysia,Sarawak,Credit Card
ORD13029,2025-04-14,Fashion,Sneakers,284,2,568,West Malaysia,Johor,TNG eWallet
ORD13030,2025-03-21,Electronics,Wireless Earbuds,3624,1,3624,West Malaysia,Johor,Credit Card
ORD13031,2025-10-24,Fashion,Sunglasses,282,1,282,East Malaysia,Sarawak,FPX
ORD13032,2025-10-03,Fashion,T-Shirt,342,3,1026,West Malaysia,Melaka,FPX
ORD13033,2025-03-13,Fashion,T-Shirt,180,2,360,West Malaysia,Melaka,GrabPay
ORD13034,2025-09-20,Home,Office Chair,687,1,687,East Malaysia,Sarawak,FPX
ORD13035,2025-01-18,Home,Air Purifier,518,4,2072,West Malaysia,Pahang,GrabPay
ORD13036,2025-12-02,Home,Desk Lamp,149,4,596,East Malaysia,Sabah,Credit Card
ORD13037,2025-03-04,Fashion,Sunglasses,71,4,284,West Malaysia,Melaka,GrabPay
ORD13038,2025-04-25,Home,Coffee Maker,669,4,2676,West Malaysia,Kedah,GrabPay
ORD13039,2025-12-27,Fashion,Backpack,117,3,351,West Malaysia,Selangor,TNG eWallet
ORD13040,2025-01-21,Electronics,Laptop,1270,3,3810,West Malaysia,Perak,TNG eWallet
ORD13041,2025-04-27,Home,Air Purifier,427,3,1281,East Malaysia,Sabah,GrabPay
ORD13042,2025-11-29,Electronics,Laptop,1264,1,1264,East Malaysia,Sarawak,TNG eWallet
ORD13043,2025-10-12,Electronics,Laptop,3538,3,10614,East Malaysia,Sabah,TNG eWallet
ORD13044,2025-12-12,Home,Coffee Maker,630,2,1260,West Malaysia,Pahang,FPX
ORD13045,2025-05-04,Fashion,Sneakers,364,1,364,East Malaysia,Sarawak,GrabPay
ORD13046,2025-12-27,Electronics,Smartwatch,898,3,2694,West Malaysia,Selangor,Credit Card
ORD13047,2025-05-15,Electronics,Laptop,3406,3,10218,East Malaysia,Sarawak,TNG eWallet
ORD13048,2025-10-27,Electronics,Smartphone,1635,3,4905,West Malaysia,Selangor,GrabPay
ORD13049,2025-05-08,Electronics,Wireless Earbuds,3911,2,7822,East Malaysia,Sarawak,TNG eWallet
ORD13050,2025-04-15,Electronics,Laptop,3405,1,3405,West Malaysia,Selangor,TNG eWallet
ORD13051,2025-08-18,Electronics,Smartwatch,2613,4,10452,West Malaysia,Selangor,Credit Card
ORD13052,2025-01-31,Electronics,Laptop,2986,2,5972,East Malaysia,Sarawak,GrabPay
ORD13053,2025-02-22,Fashion,T-Shirt,169,2,338,East Malaysia,Sarawak,GrabPay
ORD13054,2025-07-17,Electronics,Smartwatch,2291,2,4582,East Malaysia,Sabah,GrabPay
ORD13055,2025-09-22,Fashion,T-Shirt,317,2,634,East Malaysia,Sabah,FPX
ORD13056,2025-03-25,Home,Office Chair,475,1,475,West Malaysia,Johor,FPX
ORD13057,2025-06-14,Home,Air Purifier,536,2,1072,East Malaysia,Sabah,GrabPay
ORD13058,2025-08-02,Home,Air Purifier,306,2,612,West Malaysia,Selangor,Credit Card
ORD13059,2025-08-22,Fashion,Sneakers,53,2,106,East Malaysia,Sabah,FPX
ORD13060,2025-05-06,Home,Coffee Maker,580,2,1160,West Malaysia,Melaka,Credit Card
ORD13061,2025-06-13,Fashion,Sunglasses,340,1,340,West Malaysia,Kuala Lumpur,Credit Card
ORD13062,2025-03-03,Electronics,Laptop,710,4,2840,West Malaysia,Kuala Lumpur,GrabPay
ORD13063,2025-02-10,Fashion,Backpack,332,4,1328,West Malaysia,Johor,FPX
ORD13064,2025-10-13,Fashion,Sunglasses,136,1,136,East Malaysia,Sabah,GrabPay
ORD13065,2025-08-12,Fashion,Sneakers,147,3,441,East Malaysia,Sabah,GrabPay
ORD13066,2025-08-12,Electronics,Laptop,4407,2,8814,East Malaysia,Sarawak,GrabPay
ORD13067,2025-09-10,Fashion,Backpack,202,3,606,East Malaysia,Sarawak,GrabPay
ORD13068,2025-02-22,Electronics,Laptop,894,3,2682,West Malaysia,Selangor,GrabPay
ORD13069,2025-04-29,Home,Air Purifier,116,4,464,West Malaysia,Johor,GrabPay
ORD13070,2025-03-10,Electronics,Smartwatch,2221,1,2221,East Malaysia,Sabah,TNG eWallet
ORD13071,2025-12-03,Home,Desk Lamp,521,3,1563,West Malaysia,Kedah,FPX
ORD13072,2025-09-27,Home,Desk Lamp,741,2,1482,East Malaysia,Sabah,FPX
ORD13073,2025-04-26,Electronics,Smartwatch,1863,4,7452,West Malaysia,Penang,GrabPay
ORD13074,2025-05-28,Home,Desk Lamp,743,1,743,East Malaysia,Sabah,GrabPay
ORD13075,2025-09-02,Electronics,Smartphone,2571,1,2571,East Malaysia,Sabah,GrabPay
ORD13076,2025-10-12,Electronics,Laptop,964,4,3856,West Malaysia,Kedah,GrabPay
ORD13077,2025-04-02,Fashion,Sneakers,352,2,704,East Malaysia,Sabah,TNG eWallet
ORD13078,2025-05-20,Fashion,T-Shirt,192,1,192,East Malaysia,Sarawak,TNG eWallet
ORD13079,2025-01-06,Home,Air Purifier,610,4,2440,East Malaysia,Sarawak,FPX
ORD13080,2025-11-08,Electronics,Smartwatch,4176,3,12528,East Malaysia,Sarawak,Credit Card
ORD13081,2025-03-14,Electronics,Laptop,3105,2,6210,West Malaysia,Kuala Lumpur,GrabPay
ORD13082,2025-05-30,Electronics,Wireless Earbuds,2319,1,2319,West Malaysia,Selangor,FPX
ORD13083,2025-08-09,Electronics,Laptop,4206,2,8412,West Malaysia,Pahang,Credit Card
ORD13084,2025-07-05,Fashion,Sneakers,290,1,290,West Malaysia,Perak,FPX
ORD13085,2025-11-13,Home,Coffee Maker,137,1,137,East Malaysia,Sabah,GrabPay
ORD13086,2025-05-30,Electronics,Smartwatch,3048,1,3048,West Malaysia,Melaka,FPX
ORD13087,2025-01-27,Electronics,Laptop,2427,3,7281,East Malaysia,Sarawak,TNG eWallet
ORD13088,2025-08-22,Fashion,Sunglasses,360,1,360,West Malaysia,Johor,FPX
ORD13089,2025-06-03,Electronics,Smartwatch,4388,2,8776,West Malaysia,Melaka,TNG eWallet
ORD13090,2025-10-28,Home,Coffee Maker,541,1,541,West Malaysia,Penang,Credit Card
ORD13091,2025-09-25,Home,Desk Lamp,703,4,2812,East Malaysia,Sarawak,TNG eWallet
ORD13092,2025-04-28,Fashion,Sneakers,300,1,300,West Malaysia,Pahang,TNG eWallet
ORD13093,2025-08-20,Home,Office Chair,145,1,145,East Malaysia,Sabah,TNG eWallet
ORD13094,2025-11-23,Electronics,Wireless Earbuds,3986,3,11958,West Malaysia,Johor,GrabPay
ORD13095,2025-09-21,Fashion,Sneakers,100,4,400,West Malaysia,Selangor,Credit Card
ORD13096,2025-08-01,Fashion,Sunglasses,223,1,223,East Malaysia,Sabah,Credit Card
ORD13097,2025-11-21,Home,Office Chair,429,2,858,West Malaysia,Kuala Lumpur,TNG eWallet
ORD13098,2025-12-15,Electronics,Wireless Earbuds,3510,4,14040,East Malaysia,Sarawak,TNG eWallet
ORD13099,2025-07-23,Home,Air Purifier,119,2,238,West Malaysia,Melaka,Credit Card
ORD13100,2025-11-07,Electronics,Smartwatch,3319,1,3319,West Malaysia,Kuala Lumpur,TNG eWallet
ORD13101,2025-01-13,Home,Office Chair,419,3,1257,East Malaysia,Sabah,FPX
ORD13102,2025-08-08,Fashion,Sneakers,243,3,729,West Malaysia,Selangor,Credit Card
ORD13103,2025-02-18,Fashion,Sneakers,99,3,297,West Malaysia,Perak,TNG eWallet
ORD13104,2025-07-26,Fashion,Sneakers,288,1,288,West Malaysia,Melaka,FPX
ORD13105,2025-04-09,Home,Office Chair,729,1,729,East Malaysia,Sabah,Credit Card
ORD13106,2025-01-03,Home,Desk Lamp,206,2,412,East Malaysia,Sarawak,FPX
ORD13107,2025-01-16,Fashion,Backpack,285,2,570,East Malaysia,Sabah,FPX
ORD13108,2025-07-17,Electronics,Wireless Earbuds,773,4,3092,East Malaysia,Sabah,FPX
ORD13109,2025-07-13,Fashion,Backpack,187,2,374,East Malaysia,Sarawak,FPX
ORD13110,2025-08-14,Home,Air Purifier,722,4,2888,East Malaysia,Sarawak,GrabPay
ORD13111,2025-05-11,Fashion,Sneakers,338,1,338,East Malaysia,Sarawak,Credit Card
ORD13112,2025-04-03,Fashion,T-Shirt,144,1,144,East Malaysia,Sarawak,Credit Card
ORD13113,2025-03-23,Fashion,Sneakers,225,4,900,East Malaysia,Sarawak,Credit Card
ORD13114,2025-01-08,Fashion,Backpack,376,1,376,East Malaysia,Sarawak,TNG eWallet
ORD13115,2025-07-03,Electronics,Smartphone,1540,4,6160,West Malaysia,Penang,FPX
ORD13116,2025-03-04,Fashion,Backpack,69,3,207,West Malaysia,Penang,GrabPay
ORD13117,2025-09-20,Electronics,Smartwatch,4305,4,17220,East Malaysia,Sabah,TNG eWallet
ORD13118,2025-01-16,Home,Coffee Maker,389,1,389,West Malaysia,Melaka,FPX
ORD13119,2025-05-22,Fashion,Sunglasses,269,4,1076,West Malaysia,Melaka,Credit Card
ORD13120,2025-01-29,Home,Coffee Maker,535,2,1070,East Malaysia,Sarawak,TNG eWallet
ORD13121,2025-04-26,Fashion,Sneakers,322,2,644,West Malaysia,Kedah,GrabPay
ORD13122,2025-05-21,Home,Coffee Maker,439,3,1317,East Malaysia,Sabah,FPX
ORD13123,2025-06-07,Electronics,Laptop,2259,1,2259,West Malaysia,Johor,Credit Card
ORD13124,2025-07-17,Electronics,Wireless Earbuds,2420,3,7260,East Malaysia,Sabah,FPX
ORD13125,2025-12-18,Fashion,T-Shirt,315,3,945,East Malaysia,Sabah,Credit Card
ORD13126,2025-05-10,Home,Coffee Maker,291,4,1164,West Malaysia,Johor,TNG eWallet
ORD13127,2025-01-10,Fashion,Backpack,140,1,140,West Malaysia,Johor,GrabPay
ORD13128,2025-12-14,Home,Office Chair,756,3,2268,East Malaysia,Sarawak,TNG eWallet
ORD13129,2025-10-21,Electronics,Wireless Earbuds,3002,3,9006,West Malaysia,Perak,TNG eWallet
ORD13130,2025-10-03,Home,Air Purifier,357,4,1428,West Malaysia,Selangor,GrabPay
ORD13131,2025-11-02,Home,Desk Lamp,475,3,1425,East Malaysia,Sabah,GrabPay
ORD13132,2025-09-16,Fashion,Sunglasses,78,2,156,East Malaysia,Sabah,Credit Card
ORD13133,2025-04-04,Fashion,Sneakers,316,1,316,West Malaysia,Penang,Credit Card
ORD13134,2025-02-12,Home,Office Chair,336,4,1344,East Malaysia,Sabah,TNG eWallet
ORD13135,2025-04-07,Electronics,Smartwatch,4015,2,8030,West Malaysia,Pahang,FPX
ORD13136,2025-01-28,Home,Air Purifier,786,4,3144,West Malaysia,Perak,GrabPay
ORD13137,2025-05-16,Fashion,Backpack,68,4,272,West Malaysia,Kuala Lumpur,Credit Card
ORD13138,2025-11-06,Home,Desk Lamp,273,2,546,East Malaysia,Sabah,TNG eWallet
ORD13139,2025-12-10,Electronics,Laptop,4252,3,12756,West Malaysia,Johor,TNG eWallet
ORD13140,2025-04-13,Fashion,Backpack,278,2,556,East Malaysia,Sabah,FPX
ORD13141,2025-08-19,Fashion,Sunglasses,273,3,819,West Malaysia,Penang,Credit Card
ORD13142,2025-05-14,Fashion,T-Shirt,275,3,825,East Malaysia,Sabah,GrabPay
ORD13143,2025-01-29,Fashion,Backpack,276,3,828,West Malaysia,Kuala Lumpur,Credit Card
ORD13144,2025-12-31,Electronics,Wireless Earbuds,2683,1,2683,East Malaysia,Sarawak,FPX
ORD13145,2025-11-17,Home,Desk Lamp,127,1,127,West Malaysia,Kedah,Credit Card
ORD13146,2025-09-05,Fashion,T-Shirt,144,3,432,East Malaysia,Sabah,FPX
ORD13147,2025-09-14,Home,Coffee Maker,783,4,3132,West Malaysia,Kuala Lumpur,Credit Card
ORD13148,2025-08-20,Fashion,Backpack,82,1,82,West Malaysia,Selangor,FPX
ORD13149,2025-12-16,Fashion,Sneakers,288,1,288,East Malaysia,Sabah,GrabPay
ORD13150,2025-06-11,Electronics,Smartwatch,606,1,606,East Malaysia,Sabah,Credit Card
ORD13151,2025-09-05,Electronics,Smartwatch,597,4,2388,West Malaysia,Selangor,TNG eWallet
ORD13152,2025-06-22,Home,Air Purifier,439,2,878,West Malaysia,Melaka,FPX
ORD13153,2025-11-26,Home,Desk Lamp,767,4,3068,East Malaysia,Sabah,TNG eWallet
ORD13154,2025-10-22,Home,Air Purifier,271,2,542,East Malaysia,Sabah,Credit Card
ORD13155,2025-04-22,Home,Office Chair,596,4,2384,West Malaysia,Johor,TNG eWallet
ORD13156,2025-09-24,Electronics,Wireless Earbuds,4496,1,4496,East Malaysia,Sabah,Credit Card
ORD13157,2025-11-15,Electronics,Wireless Earbuds,1592,1,1592,West Malaysia,Melaka,GrabPay
ORD13158,2025-07-15,Home,Air Purifier,608,4,2432,East Malaysia,Sabah,FPX
ORD13159,2025-08-31,Home,Air Purifier,600,4,2400,West Malaysia,Perak,Credit Card
ORD13160,2025-01-05,Home,Desk Lamp,133,2,266,East Malaysia,Sarawak,GrabPay
ORD13161,2025-06-29,Home,Coffee Maker,214,3,642,West Malaysia,Selangor,Credit Card
ORD13162,2025-09-06,Fashion,Sneakers,150,4,600,East Malaysia,Sabah,GrabPay
ORD13163,2025-02-09,Electronics,Smartphone,1281,1,1281,East Malaysia,Sabah,Credit Card
ORD13164,2025-11-20,Fashion,T-Shirt,292,1,292,East Malaysia,Sarawak,Credit Card
ORD13165,2025-03-09,Home,Desk Lamp,136,2,272,East Malaysia,Sabah,Credit Card
ORD13166,2025-06-07,Home,Coffee Maker,550,4,2200,East Malaysia,Sabah,Credit Card
ORD13167,2025-04-04,Electronics,Laptop,1546,1,1546,East Malaysia,Sarawak,TNG eWallet
ORD13168,2025-12-15,Electronics,Smartwatch,4213,3,12639,West Malaysia,Selangor,GrabPay
ORD13169,2025-06-01,Fashion,T-Shirt,85,1,85,East Malaysia,Sabah,FPX
ORD13170,2025-06-07,Electronics,Smartwatch,2886,2,5772,West Malaysia,Johor,TNG eWallet
ORD13171,2025-08-30,Home,Office Chair,157,4,628,West Malaysia,Penang,TNG eWallet
ORD13172,2025-02-25,Electronics,Smartphone,1940,1,1940,East Malaysia,Sarawak,Credit Card
ORD13173,2025-10-15,Fashion,Sneakers,389,3,1167,West Malaysia,Kedah,GrabPay
ORD13174,2025-06-17,Electronics,Laptop,3168,2,6336,West Malaysia,Pahang,TNG eWallet
ORD13175,2025-04-27,Fashion,Sneakers,357,4,1428,West Malaysia,Johor,TNG eWallet
ORD13176,2025-02-17,Fashion,Sunglasses,292,4,1168,East Malaysia,Sabah,Credit Card
ORD13177,2025-07-06,Fashion,T-Shirt,82,1,82,East Malaysia,Sabah,FPX
ORD13178,2025-08-03,Home,Coffee Maker,484,1,484,East Malaysia,Sarawak,FPX
ORD13179,2025-01-27,Electronics,Smartphone,3129,1,3129,West Malaysia,Melaka,GrabPay
ORD13180,2025-12-26,Electronics,Smartphone,4031,4,16124,East Malaysia,Sabah,TNG eWallet
ORD13181,2025-04-23,Home,Office Chair,542,1,542,East Malaysia,Sarawak,Credit Card
ORD13182,2025-12-25,Electronics,Wireless Earbuds,431,1,431,East Malaysia,Sarawak,TNG eWallet
ORD13183,2025-11-13,Fashion,Sneakers,161,2,322,East Malaysia,Sarawak,GrabPay
ORD13184,2025-11-08,Home,Coffee Maker,516,2,1032,West Malaysia,Penang,Credit Card
ORD13185,2025-09-15,Electronics,Smartphone,1543,2,3086,West Malaysia,Melaka,TNG eWallet
ORD13186,2025-11-01,Fashion,T-Shirt,94,4,376,East Malaysia,Sabah,Credit Card
ORD13187,2025-10-19,Electronics,Wireless Earbuds,3393,3,10179,East Malaysia,Sabah,Credit Card
ORD13188,2025-12-24,Home,Coffee Maker,187,4,748,West Malaysia,Melaka,TNG eWallet
ORD13189,2025-11-16,Fashion,Backpack,99,2,198,West Malaysia,Perak,Credit Card
ORD13190,2025-08-30,Home,Office Chair,325,2,650,West Malaysia,Kuala Lumpur,GrabPay
ORD13191,2025-02-21,Home,Coffee Maker,736,3,2208,West Malaysia,Johor,GrabPay
ORD13192,2025-09-08,Home,Air Purifier,618,1,618,West Malaysia,Penang,GrabPay
ORD13193,2025-08-09,Home,Coffee Maker,420,2,840,East Malaysia,Sabah,TNG eWallet
ORD13194,2025-01-10,Fashion,Sneakers,112,3,336,West Malaysia,Melaka,Credit Card
ORD13195,2025-02-20,Electronics,Smartphone,3215,4,12860,West Malaysia,Selangor,GrabPay
ORD13196,2025-10-10,Home,Coffee Maker,614,2,1228,West Malaysia,Johor,GrabPay
ORD13197,2025-08-05,Electronics,Wireless Earbuds,1996,4,7984,East Malaysia,Sabah,TNG eWallet
ORD13198,2025-03-17,Electronics,Smartwatch,4398,1,4398,East Malaysia,Sabah,TNG eWallet
ORD13199,2025-10-12,Electronics,Laptop,4180,2,8360,West Malaysia,Johor,Credit Card
ORD13200,2025-12-25,Fashion,Backpack,140,2,280,East Malaysia,Sarawak,FPX
ORD13201,2025-04-07,Electronics,Wireless Earbuds,3305,4,13220,West Malaysia,Kedah,TNG eWallet
ORD13202,2025-12-02,Fashion,Backpack,247,2,494,East Malaysia,Sabah,FPX
ORD13203,2025-07-12,Fashion,T-Shirt,104,2,208,East Malaysia,Sabah,GrabPay
ORD13204,2025-09-10,Fashion,Backpack,64,2,128,West Malaysia,Melaka,FPX
ORD13205,2025-11-22,Home,Coffee Maker,242,4,968,West Malaysia,Selangor,TNG eWallet
ORD13206,2025-12-17,Electronics,Smartphone,1632,4,6528,East Malaysia,Sarawak,FPX
ORD13207,2025-07-12,Electronics,Smartwatch,4245,3,12735,East Malaysia,Sarawak,TNG eWallet
ORD13208,2025-11-03,Home,Office Chair,505,1,505,East Malaysia,Sabah,GrabPay
ORD13209,2025-02-22,Electronics,Smartphone,2159,4,8636,West Malaysia,Kuala Lumpur,GrabPay
ORD13210,2025-10-19,Electronics,Wireless Earbuds,3002,4,12008,West Malaysia,Pahang,TNG eWallet
ORD13211,2025-11-10,Home,Coffee Maker,513,4,2052,West Malaysia,Selangor,FPX
ORD13212,2025-01-29,Fashion,Sunglasses,74,4,296,East Malaysia,Sarawak,GrabPay
ORD13213,2025-07-01,Fashion,T-Shirt,259,2,518,West Malaysia,Perak,Credit Card
ORD13214,2025-01-05,Electronics,Wireless Earbuds,2756,2,5512,East Malaysia,Sabah,GrabPay
ORD13215,2025-09-12,Fashion,Sunglasses,230,2,460,East Malaysia,Sabah,FPX
ORD13216,2025-03-24,Home,Office Chair,452,4,1808,East Malaysia,Sabah,GrabPay
ORD13217,2025-09-19,Home,Air Purifier,227,2,454,East Malaysia,Sarawak,GrabPay
ORD13218,2025-01-24,Electronics,Smartphone,2435,1,2435,East Malaysia,Sarawak,Credit Card
ORD13219,2025-10-26,Fashion,Backpack,192,1,192,East Malaysia,Sabah,TNG eWallet
ORD13220,2025-08-15,Home,Coffee Maker,494,3,1482,East Malaysia,Sabah,TNG eWallet
ORD13221,2025-01-12,Electronics,Smartwatch,3954,2,7908,West Malaysia,Selangor,TNG eWallet
ORD13222,2025-05-11,Fashion,Sneakers,70,1,70,East Malaysia,Sarawak,FPX
ORD13223,2025-04-22,Electronics,Smartwatch,3131,1,3131,East Malaysia,Sabah,Credit Card
ORD13224,2025-03-02,Home,Air Purifier,717,3,2151,West Malaysia,Johor,FPX
ORD13225,2025-07-17,Home,Desk Lamp,469,4,1876,West Malaysia,Melaka,TNG eWallet
ORD13226,2025-04-27,Electronics,Wireless Earbuds,4455,4,17820,East Malaysia,Sarawak,Credit Card
ORD13227,2025-10-28,Fashion,Sneakers,347,1,347,West Malaysia,Penang,FPX
ORD13228,2025-08-22,Home,Office Chair,273,2,546,East Malaysia,Sabah,Credit Card
ORD13229,2025-05-15,Electronics,Smartwatch,626,4,2504,West Malaysia,Pahang,GrabPay
ORD13230,2025-07-29,Electronics,Smartwatch,2889,2,5778,West Malaysia,Pahang,Credit Card
ORD13231,2025-09-12,Home,Air Purifier,498,4,1992,West Malaysia,Johor,TNG eWallet
ORD13232,2025-11-19,Electronics,Smartphone,1970,3,5910,West Malaysia,Melaka,FPX
ORD13233,2025-04-05,Home,Desk Lamp,337,4,1348,East Malaysia,Sarawak,TNG eWallet
ORD13234,2025-12-16,Home,Air Purifier,326,2,652,East Malaysia,Sabah,FPX
ORD13235,2025-05-21,Home,Coffee Maker,537,4,2148,West Malaysia,Kedah,GrabPay
ORD13236,2025-10-27,Home,Office Chair,594,3,1782,West Malaysia,Pahang,TNG eWallet
ORD13237,2025-05-29,Fashion,Sneakers,192,2,384,West Malaysia,Perak,FPX
ORD13238,2025-05-03,Fashion,Sunglasses,117,4,468,East Malaysia,Sarawak,Credit Card
ORD13239,2025-04-03,Home,Air Purifier,604,4,2416,East Malaysia,Sarawak,TNG eWallet
ORD13240,2025-05-15,Home,Desk Lamp,532,4,2128,West Malaysia,Penang,FPX
ORD13241,2025-05-08,Electronics,Wireless Earbuds,2940,3,8820,East Malaysia,Sabah,TNG eWallet
ORD13242,2025-08-24,Fashion,Backpack,112,3,336,West Malaysia,Kedah,GrabPay
ORD13243,2025-08-12,Home,Office Chair,798,4,3192,West Malaysia,Johor,TNG eWallet
ORD13244,2025-10-14,Home,Office Chair,565,4,2260,West Malaysia,Pahang,FPX
ORD13245,2025-01-11,Electronics,Smartwatch,4386,1,4386,West Malaysia,Perak,TNG eWallet
ORD13246,2025-11-09,Home,Air Purifier,203,3,609,East Malaysia,Sarawak,TNG eWallet
ORD13247,2025-11-06,Fashion,T-Shirt,248,3,744,East Malaysia,Sabah,FPX
ORD13248,2025-07-07,Home,Air Purifier,558,3,1674,East Malaysia,Sarawak,Credit Card
ORD13249,2025-06-27,Electronics,Wireless Earbuds,3772,4,15088,East Malaysia,Sarawak,FPX
ORD13250,2025-12-15,Electronics,Wireless Earbuds,4336,4,17344,East Malaysia,Sabah,Credit Card
ORD13251,2025-07-11,Fashion,T-Shirt,217,1,217,West Malaysia,Pahang,FPX
ORD13252,2025-11-14,Home,Coffee Maker,556,2,1112,West Malaysia,Perak,TNG eWallet
ORD13253,2025-09-13,Home,Desk Lamp,588,1,588,East Malaysia,Sabah,GrabPay
ORD13254,2025-10-05,Home,Coffee Maker,351,2,702,West Malaysia,Perak,GrabPay
ORD13255,2025-08-26,Home,Coffee Maker,447,3,1341,West Malaysia,Kuala Lumpur,TNG eWallet
ORD13256,2025-06-07,Fashion,Sneakers,191,4,764,East Malaysia,Sabah,TNG eWallet
ORD13257,2025-12-07,Fashion,Sneakers,358,1,358,East Malaysia,Sabah,Credit Card
ORD13258,2025-01-23,Fashion,Sneakers,360,1,360,East Malaysia,Sabah,TNG eWallet
ORD13259,2025-08-27,Home,Office Chair,673,3,2019,West Malaysia,Kedah,Credit Card
ORD13260,2025-10-20,Fashion,T-Shirt,159,1,159,East Malaysia,Sabah,GrabPay
ORD13261,2025-06-06,Fashion,T-Shirt,282,4,1128,East Malaysia,Sarawak,FPX
ORD13262,2025-04-18,Home,Coffee Maker,475,2,950,West Malaysia,Kedah,Credit Card
ORD13263,2025-07-02,Electronics,Wireless Earbuds,3600,1,3600,East Malaysia,Sarawak,FPX
ORD13264,2025-05-24,Fashion,T-Shirt,196,4,784,West Malaysia,Pahang,GrabPay
ORD13265,2025-09-22,Electronics,Smartwatch,2046,4,8184,West Malaysia,Pahang,GrabPay
ORD13266,2025-07-05,Home,Office Chair,676,3,2028,East Malaysia,Sarawak,TNG eWallet
ORD13267,2025-03-13,Home,Air Purifier,146,4,584,East Malaysia,Sabah,Credit Card
ORD13268,2025-05-07,Home,Desk Lamp,591,1,591,East Malaysia,Sabah,FPX
ORD13269,2025-10-26,Fashion,Backpack,385,4,1540,East Malaysia,Sarawak,Credit Card
ORD13270,2025-06-26,Home,Desk Lamp,384,4,1536,East Malaysia,Sabah,Credit Card
ORD13271,2026-01-01,Electronics,Wireless Earbuds,2826,2,5652,West Malaysia,Selangor,FPX
ORD13272,2025-11-19,Electronics,Smartphone,3949,4,15796,West Malaysia,Selangor,FPX
ORD13273,2025-01-23,Home,Air Purifier,375,3,1125,West Malaysia,Melaka,TNG eWallet
ORD13274,2025-05-13,Home,Air Purifier,202,4,808,East Malaysia,Sarawak,FPX
ORD13275,2025-06-19,Electronics,Wireless Earbuds,2904,1,2904,West Malaysia,Johor,FPX
ORD13276,2025-06-26,Fashion,Backpack,262,4,1048,West Malaysia,Perak,TNG eWallet
ORD13277,2025-02-07,Home,Coffee Maker,720,1,720,West Malaysia,Melaka,Credit Card
ORD13278,2025-07-09,Electronics,Laptop,2970,1,2970,East Malaysia,Sarawak,FPX
ORD13279,2025-04-18,Home,Coffee Maker,422,1,422,East Malaysia,Sarawak,Credit Card
ORD13280,2025-06-30,Electronics,Smartphone,4479,4,17916,East Malaysia,Sarawak,FPX
ORD13281,2025-08-16,Home,Coffee Maker,673,4,2692,East Malaysia,Sarawak,Credit Card
ORD13282,2025-09-13,Home,Air Purifier,767,4,3068,East Malaysia,Sabah,FPX
ORD13283,2025-11-24,Fashion,Backpack,223,2,446,West Malaysia,Johor,GrabPay
ORD13284,2025-09-02,Fashion,Sunglasses,320,1,320,West Malaysia,Kuala Lumpur,Credit Card
ORD13285,2025-01-28,Electronics,Smartwatch,2559,2,5118,West Malaysia,Perak,TNG eWallet
ORD13286,2025-02-06,Home,Desk Lamp,393,4,1572,West Malaysia,Kuala Lumpur,Credit Card
ORD13287,2025-06-02,Electronics,Laptop,2046,3,6138,West Malaysia,Selangor,FPX
ORD13288,2025-08-03,Home,Office Chair,653,1,653,West Malaysia,Selangor,Credit Card
ORD13289,2025-06-28,Home,Desk Lamp,440,1,440,West Malaysia,Johor,TNG eWallet
ORD13290,2025-02-13,Electronics,Wireless Earbuds,4055,3,12165,West Malaysia,Melaka,FPX
ORD13291,2025-03-10,Fashion,Sneakers,123,1,123,West Malaysia,Perak,GrabPay
ORD13292,2025-11-20,Home,Office Chair,382,4,1528,West Malaysia,Selangor,Credit Card
ORD13293,2025-07-28,Home,Office Chair,538,1,538,East Malaysia,Sarawak,GrabPay
ORD13294,2025-09-17,Home,Air Purifier,661,4,2644,West Malaysia,Melaka,GrabPay
ORD13295,2025-06-25,Fashion,Backpack,217,3,651,East Malaysia,Sabah,Credit Card
ORD13296,2025-11-17,Electronics,Smartwatch,2680,2,5360,West Malaysia,Kuala Lumpur,Credit Card
ORD13297,2025-07-25,Home,Office Chair,485,3,1455,East Malaysia,Sarawak,FPX
ORD13298,2025-08-05,Home,Office Chair,360,1,360,East Malaysia,Sabah,FPX
ORD13299,2025-05-30,Electronics,Wireless Earbuds,3829,3,11487,West Malaysia,Penang,GrabPay
ORD13300,2025-03-02,Electronics,Smartwatch,3122,1,3122,West Malaysia,Kedah,TNG eWallet
ORD13301,2025-06-07,Home,Air Purifier,517,3,1551,West Malaysia,Selangor,GrabPay
ORD13302,2025-08-07,Home,Office Chair,709,1,709,East Malaysia,Sarawak,GrabPay
ORD13303,2025-07-16,Electronics,Wireless Earbuds,3635,3,10905,East Malaysia,Sarawak,FPX
ORD13304,2025-01-27,Electronics,Smartphone,474,4,1896,West Malaysia,Kedah,Credit Card
ORD13305,2025-07-14,Fashion,Backpack,269,2,538,West Malaysia,Melaka,GrabPay
ORD13306,2025-04-07,Home,Desk Lamp,666,1,666,East Malaysia,Sabah,TNG eWallet
ORD13307,2025-09-27,Home,Desk Lamp,525,3,1575,East Malaysia,Sarawak,Credit Card
ORD13308,2025-07-01,Home,Desk Lamp,458,1,458,West Malaysia,Pahang,Credit Card
ORD13309,2025-05-09,Electronics,Smartphone,317,3,951,West Malaysia,Selangor,FPX
ORD13310,2025-01-19,Fashion,Sneakers,50,4,200,West Malaysia,Kedah,GrabPay
ORD13311,2025-10-26,Fashion,Backpack,373,3,1119,West Malaysia,Perak,GrabPay
ORD13312,2025-05-18,Fashion,T-Shirt,351,1,351,East Malaysia,Sabah,TNG eWallet
ORD13313,2025-04-24,Electronics,Smartwatch,2982,3,8946,West Malaysia,Penang,TNG eWallet
ORD13314,2025-02-22,Fashion,Sneakers,72,3,216,East Malaysia,Sabah,Credit Card
ORD13315,2025-04-03,Electronics,Smartwatch,3326,4,13304,East Malaysia,Sabah,FPX
ORD13316,2025-07-09,Fashion,T-Shirt,295,4,1180,East Malaysia,Sarawak,TNG eWallet
ORD13317,2025-04-26,Fashion,Sunglasses,139,3,417,West Malaysia,Penang,FPX
ORD13318,2025-03-20,Home,Coffee Maker,542,4,2168,East Malaysia,Sarawak,Credit Card
ORD13319,2025-11-06,Fashion,T-Shirt,173,3,519,East Malaysia,Sarawak,FPX
ORD13320,2025-02-04,Fashion,Backpack,67,3,201,East Malaysia,Sarawak,GrabPay
ORD13321,2025-03-20,Fashion,T-Shirt,111,1,111,West Malaysia,Penang,Credit Card
ORD13322,2025-04-06,Home,Air Purifier,623,2,1246,West Malaysia,Selangor,Credit Card
ORD13323,2025-02-17,Electronics,Smartwatch,2248,3,6744,East Malaysia,Sarawak,GrabPay
ORD13324,2025-02-05,Electronics,Laptop,776,3,2328,West Malaysia,Penang,Credit Card
ORD13325,2025-01-18,Electronics,Smartphone,2356,1,2356,West Malaysia,Kuala Lumpur,TNG eWallet
ORD13326,2025-07-06,Electronics,Smartphone,4336,4,17344,West Malaysia,Kuala Lumpur,Credit Card
ORD13327,2025-03-29,Home,Office Chair,720,4,2880,East Malaysia,Sabah,FPX
ORD13328,2025-08-07,Fashion,T-Shirt,91,1,91,East Malaysia,Sabah,TNG eWallet
ORD13329,2025-02-24,Electronics,Wireless Earbuds,1252,4,5008,West Malaysia,Perak,Credit Card
ORD13330,2025-08-16,Home,Desk Lamp,126,1,126,West Malaysia,Melaka,TNG eWallet
ORD13331,2025-08-28,Fashion,Backpack,152,2,304,East Malaysia,Sarawak,FPX
ORD13332,2025-08-23,Home,Office Chair,616,3,1848,East Malaysia,Sarawak,GrabPay
ORD13333,2025-01-27,Home,Office Chair,127,3,381,West Malaysia,Perak,GrabPay
ORD13334,2025-07-05,Home,Office Chair,448,2,896,East Malaysia,Sarawak,GrabPay
ORD13335,2025-11-24,Home,Air Purifier,514,2,1028,West Malaysia,Pahang,Credit Card
ORD13336,2025-02-25,Fashion,Backpack,293,1,293,West Malaysia,Kedah,GrabPay
ORD13337,2025-05-26,Home,Office Chair,359,3,1077,West Malaysia,Melaka,Credit Card
ORD13338,2025-03-18,Home,Air Purifier,561,4,2244,West Malaysia,Pahang,FPX
ORD13339,2025-01-08,Electronics,Wireless Earbuds,1743,3,5229,East Malaysia,Sarawak,TNG eWallet
ORD13340,2025-12-16,Electronics,Wireless Earbuds,3177,4,12708,East Malaysia,Sabah,TNG eWallet
ORD13341,2025-10-29,Home,Coffee Maker,691,2,1382,East Malaysia,Sabah,TNG eWallet
ORD13342,2025-01-27,Fashion,Sunglasses,174,3,522,West Malaysia,Penang,FPX
ORD13343,2025-03-17,Electronics,Smartphone,3342,3,10026,East Malaysia,Sarawak,FPX
ORD13344,2025-06-09,Fashion,Sneakers,144,3,432,West Malaysia,Perak,Credit Card
ORD13345,2025-09-27,Home,Air Purifier,417,2,834,East Malaysia,Sarawak,FPX
ORD13346,2025-01-05,Home,Desk Lamp,706,1,706,West Malaysia,Selangor,FPX
ORD13347,2025-10-16,Fashion,T-Shirt,296,1,296,East Malaysia,Sarawak,TNG eWallet
ORD13348,2025-06-01,Fashion,Sneakers,50,3,150,West Malaysia,Perak,TNG eWallet
ORD13349,2025-02-07,Fashion,Backpack,118,3,354,West Malaysia,Melaka,TNG eWallet
ORD13350,2025-10-08,Electronics,Smartwatch,3145,2,6290,East Malaysia,Sarawak,Credit Card
ORD13351,2025-09-21,Electronics,Wireless Earbuds,3732,4,14928,West Malaysia,Johor,FPX
ORD13352,2025-05-07,Fashion,Backpack,196,2,392,West Malaysia,Pahang,TNG eWallet
ORD13353,2025-10-19,Electronics,Smartphone,2674,1,2674,East Malaysia,Sabah,FPX
ORD13354,2025-02-08,Fashion,T-Shirt,374,1,374,East Malaysia,Sarawak,GrabPay
ORD13355,2025-01-29,Fashion,Sunglasses,92,3,276,West Malaysia,Melaka,FPX
ORD13356,2025-02-13,Home,Office Chair,326,2,652,West Malaysia,Penang,Credit Card
ORD13357,2025-07-30,Home,Air Purifier,131,2,262,West Malaysia,Perak,FPX
ORD13358,2025-01-20,Fashion,Sunglasses,265,2,530,West Malaysia,Kedah,FPX
ORD13359,2025-09-13,Home,Air Purifier,112,2,224,West Malaysia,Melaka,TNG eWallet
ORD13360,2025-09-02,Home,Air Purifier,416,2,832,East Malaysia,Sabah,TNG eWallet
ORD13361,2025-02-01,Electronics,Smartwatch,377,3,1131,West Malaysia,Kuala Lumpur,Credit Card
ORD13362,2025-11-15,Electronics,Smartphone,3089,2,6178,East Malaysia,Sabah,TNG eWallet
ORD13363,2025-10-14,Fashion,Sneakers,301,4,1204,East Malaysia,Sarawak,Credit Card
ORD13364,2025-04-18,Fashion,Sneakers,109,2,218,East Malaysia,Sarawak,GrabPay
ORD13365,2025-10-23,Fashion,Sneakers,203,2,406,West Malaysia,Penang,FPX
ORD13366,2025-10-05,Fashion,Sunglasses,102,2,204,East Malaysia,Sabah,GrabPay
ORD13367,2025-08-12,Fashion,Sunglasses,199,1,199,East Malaysia,Sabah,Credit Card
ORD13368,2025-09-29,Electronics,Laptop,1185,4,4740,East Malaysia,Sabah,FPX
ORD13369,2025-08-20,Home,Office Chair,659,2,1318,East Malaysia,Sarawak,Credit Card
ORD13370,2025-10-22,Home,Office Chair,131,1,131,West Malaysia,Perak,Credit Card
ORD13371,2025-08-31,Electronics,Laptop,3269,1,3269,West Malaysia,Melaka,Credit Card
ORD13372,2025-07-17,Fashion,Sneakers,64,3,192,West Malaysia,Johor,TNG eWallet
ORD13373,2025-01-17,Fashion,Sneakers,352,4,1408,East Malaysia,Sabah,TNG eWallet
ORD13374,2025-08-30,Electronics,Smartphone,2873,1,2873,West Malaysia,Kedah,GrabPay
ORD13375,2025-12-28,Fashion,Sneakers,165,4,660,West Malaysia,Johor,FPX
ORD13376,2025-06-29,Electronics,Laptop,3115,2,6230,West Malaysia,Kedah,TNG eWallet
ORD13377,2025-12-09,Home,Air Purifier,480,3,1440,West Malaysia,Selangor,Credit Card
ORD13378,2025-07-06,Electronics,Smartwatch,2020,3,6060,East Malaysia,Sarawak,Credit Card
ORD13379,2025-09-08,Electronics,Smartwatch,3333,2,6666,East Malaysia,Sabah,FPX
ORD13380,2025-07-05,Home,Desk Lamp,799,2,1598,West Malaysia,Pahang,FPX
ORD13381,2025-10-05,Electronics,Smartwatch,2861,2,5722,West Malaysia,Penang,TNG eWallet
ORD13382,2025-04-16,Electronics,Smartphone,1514,2,3028,East Malaysia,Sarawak,GrabPay
ORD13383,2025-01-28,Fashion,T-Shirt,102,4,408,West Malaysia,Pahang,Credit Card
ORD13384,2025-12-02,Fashion,Backpack,348,2,696,East Malaysia,Sarawak,GrabPay
ORD13385,2025-08-08,Home,Air Purifier,115,3,345,West Malaysia,Melaka,GrabPay
ORD13386,2025-02-08,Electronics,Smartphone,4244,3,12732,East Malaysia,Sarawak,Credit Card
ORD13387,2025-07-03,Fashion,Backpack,199,3,597,East Malaysia,Sarawak,GrabPay
ORD13388,2025-10-19,Home,Coffee Maker,499,4,1996,West Malaysia,Kedah,FPX
ORD13389,2025-12-27,Home,Coffee Maker,648,2,1296,West Malaysia,Pahang,GrabPay
ORD13390,2025-04-12,Fashion,Sneakers,119,4,476,East Malaysia,Sabah,Credit Card
ORD13391,2025-06-27,Fashion,T-Shirt,186,1,186,West Malaysia,Pahang,Credit Card
ORD13392,2025-03-07,Fashion,Backpack,275,3,825,West Malaysia,Pahang,Credit Card
ORD13393,2025-12-29,Fashion,Backpack,195,2,390,East Malaysia,Sarawak,FPX
ORD13394,2025-08-02,Home,Coffee Maker,691,2,1382,West Malaysia,Kuala Lumpur,FPX
ORD13395,2025-11-23,Fashion,Sneakers,106,3,318,East Malaysia,Sarawak,GrabPay
ORD13396,2025-11-25,Electronics,Smartwatch,2980,4,11920,West Malaysia,Melaka,GrabPay
ORD13397,2025-05-17,Home,Desk Lamp,665,4,2660,East Malaysia,Sabah,TNG eWallet
ORD13398,2025-01-15,Fashion,Sneakers,395,4,1580,East Malaysia,Sarawak,Credit Card
ORD13399,2025-12-16,Home,Desk Lamp,703,3,2109,West Malaysia,Pahang,Credit Card
ORD13400,2025-11-19,Fashion,T-Shirt,142,4,568,East Malaysia,Sabah,Credit Card
ORD13401,2025-06-17,Electronics,Wireless Earbuds,3262,1,3262,West Malaysia,Melaka,Credit Card
ORD13402,2025-09-14,Electronics,Smartphone,2477,4,9908,West Malaysia,Penang,FPX
ORD13403,2025-05-19,Electronics,Smartphone,3117,3,9351,East Malaysia,Sabah,TNG eWallet
ORD13404,2025-12-03,Electronics,Smartphone,1609,3,4827,West Malaysia,Melaka,TNG eWallet
ORD13405,2025-03-13,Home,Desk Lamp,115,1,115,West Malaysia,Selangor,Credit Card
ORD13406,2025-02-17,Fashion,Sunglasses,390,4,1560,West Malaysia,Johor,Credit Card
ORD13407,2025-08-25,Electronics,Smartphone,350,1,350,East Malaysia,Sarawak,GrabPay
ORD13408,2025-10-18,Home,Desk Lamp,546,1,546,West Malaysia,Selangor,TNG eWallet
ORD13409,2025-06-26,Home,Air Purifier,380,3,1140,West Malaysia,Selangor,TNG eWallet
ORD13410,2025-11-12,Home,Coffee Maker,550,1,550,East Malaysia,Sabah,TNG eWallet
ORD13411,2025-02-17,Electronics,Smartwatch,1994,2,3988,East Malaysia,Sarawak,TNG eWallet
ORD13412,2025-02-27,Electronics,Smartwatch,1282,4,5128,East Malaysia,Sabah,Credit Card
ORD13413,2025-03-12,Fashion,Sunglasses,319,3,957,West Malaysia,Kedah,TNG eWallet
ORD13414,2025-02-18,Electronics,Smartwatch,4381,3,13143,West Malaysia,Kuala Lumpur,TNG eWallet
ORD13415,2025-07-05,Electronics,Wireless Earbuds,2151,4,8604,East Malaysia,Sarawak,FPX
ORD13416,2025-01-19,Fashion,Sunglasses,226,4,904,East Malaysia,Sabah,TNG eWallet
ORD13417,2025-02-16,Fashion,Sneakers,321,3,963,West Malaysia,Johor,FPX
ORD13418,2025-07-04,Fashion,Sunglasses,364,4,1456,West Malaysia,Penang,TNG eWallet
ORD13419,2025-09-21,Fashion,Backpack,399,3,1197,East Malaysia,Sabah,TNG eWallet
ORD13420,2025-12-15,Fashion,T-Shirt,150,4,600,East Malaysia,Sarawak,FPX
ORD13421,2025-07-08,Electronics,Smartwatch,666,1,666,West Malaysia,Melaka,TNG eWallet
ORD13422,2025-09-08,Electronics,Wireless Earbuds,3624,1,3624,East Malaysia,Sarawak,TNG eWallet
ORD13423,2025-04-29,Electronics,Smartwatch,2143,1,2143,West Malaysia,Melaka,FPX
ORD13424,2025-05-18,Electronics,Smartwatch,2353,3,7059,East Malaysia,Sabah,FPX
ORD13425,2025-03-21,Home,Coffee Maker,594,1,594,East Malaysia,Sabah,FPX
ORD13426,2025-06-27,Home,Desk Lamp,337,4,1348,East Malaysia,Sarawak,TNG eWallet
ORD13427,2025-04-16,Fashion,Sneakers,362,1,362,West Malaysia,Penang,Credit Card
ORD13428,2025-07-19,Home,Office Chair,601,3,1803,East Malaysia,Sabah,Credit Card
ORD13429,2025-03-08,Fashion,Sneakers,56,3,168,East Malaysia,Sarawak,FPX
ORD13430,2025-02-15,Electronics,Smartwatch,1195,4,4780,West Malaysia,Melaka,GrabPay
ORD13431,2025-09-05,Electronics,Smartwatch,3842,4,15368,East Malaysia,Sarawak,TNG eWallet
ORD13432,2025-06-05,Electronics,Smartwatch,3815,1,3815,West Malaysia,Perak,TNG eWallet
ORD13433,2025-05-31,Home,Air Purifier,139,1,139,West Malaysia,Kedah,FPX
ORD13434,2025-08-30,Fashion,Sunglasses,86,2,172,West Malaysia,Pahang,TNG eWallet
ORD13435,2025-03-01,Home,Coffee Maker,231,2,462,West Malaysia,Kedah,TNG eWallet
ORD13436,2025-06-06,Electronics,Laptop,927,2,1854,East Malaysia,Sabah,Credit Card
ORD13437,2025-10-02,Home,Office Chair,651,3,1953,East Malaysia,Sabah,GrabPay
ORD13438,2025-05-07,Home,Office Chair,238,4,952,West Malaysia,Johor,Credit Card
ORD13439,2025-04-16,Electronics,Smartwatch,1408,4,5632,East Malaysia,Sarawak,FPX
ORD13440,2025-03-20,Home,Office Chair,593,1,593,East Malaysia,Sabah,TNG eWallet
ORD13441,2025-06-16,Home,Desk Lamp,306,1,306,West Malaysia,Kuala Lumpur,GrabPay
ORD13442,2025-09-08,Electronics,Smartwatch,2209,2,4418,East Malaysia,Sabah,FPX
ORD13443,2025-04-28,Electronics,Smartphone,3643,1,3643,East Malaysia,Sarawak,TNG eWallet
ORD13444,2025-11-03,Electronics,Wireless Earbuds,377,2,754,West Malaysia,Johor,GrabPay
ORD13445,2025-10-29,Fashion,Sneakers,230,2,460,West Malaysia,Johor,FPX
ORD13446,2025-02-13,Electronics,Smartwatch,1015,3,3045,East Malaysia,Sabah,TNG eWallet
ORD13447,2025-02-09,Fashion,T-Shirt,138,2,276,West Malaysia,Johor,FPX
ORD13448,2025-06-14,Fashion,T-Shirt,188,2,376,West Malaysia,Selangor,GrabPay
ORD13449,2025-05-28,Fashion,Sneakers,388,4,1552,West Malaysia,Pahang,GrabPay
ORD13450,2025-01-12,Electronics,Smartwatch,862,3,2586,East Malaysia,Sarawak,GrabPay
ORD13451,2025-05-08,Fashion,T-Shirt,181,4,724,West Malaysia,Pahang,TNG eWallet
ORD13452,2025-06-08,Fashion,T-Shirt,313,1,313,East Malaysia,Sarawak,GrabPay
ORD13453,2025-03-12,Fashion,Sunglasses,207,2,414,East Malaysia,Sarawak,FPX
ORD13454,2025-08-12,Home,Air Purifier,676,3,2028,West Malaysia,Melaka,FPX
ORD13455,2025-11-10,Fashion,Backpack,135,2,270,West Malaysia,Pahang,Credit Card
ORD13456,2025-05-22,Fashion,T-Shirt,166,1,166,West Malaysia,Selangor,Credit Card
ORD13457,2025-05-26,Fashion,T-Shirt,245,2,490,East Malaysia,Sabah,Credit Card
ORD13458,2025-01-23,Home,Office Chair,581,1,581,West Malaysia,Kedah,FPX
ORD13459,2025-01-09,Home,Desk Lamp,522,1,522,East Malaysia,Sarawak,FPX
ORD13460,2025-09-07,Home,Desk Lamp,465,4,1860,West Malaysia,Penang,TNG eWallet
ORD13461,2025-09-20,Fashion,Backpack,329,2,658,East Malaysia,Sarawak,GrabPay
ORD13462,2025-07-11,Fashion,Sunglasses,56,2,112,East Malaysia,Sabah,FPX
ORD13463,2025-09-29,Electronics,Smartphone,1445,1,1445,East Malaysia,Sarawak,TNG eWallet
ORD13464,2025-11-22,Fashion,Sneakers,135,3,405,East Malaysia,Sarawak,GrabPay
ORD13465,2025-02-17,Electronics,Smartphone,3867,1,3867,East Malaysia,Sabah,GrabPay
ORD13466,2025-09-27,Fashion,Sneakers,126,2,252,West Malaysia,Melaka,TNG eWallet
ORD13467,2025-02-21,Home,Coffee Maker,211,3,633,West Malaysia,Pahang,Credit Card
ORD13468,2025-08-09,Electronics,Smartphone,1849,1,1849,East Malaysia,Sabah,FPX
ORD13469,2025-12-30,Electronics,Smartphone,2468,2,4936,East Malaysia,Sabah,TNG eWallet
ORD13470,2025-03-12,Fashion,Sunglasses,248,3,744,East Malaysia,Sarawak,FPX
ORD13471,2025-05-30,Electronics,Laptop,3497,1,3497,East Malaysia,Sabah,GrabPay
ORD13472,2025-06-09,Fashion,Sunglasses,257,1,257,East Malaysia,Sarawak,GrabPay
ORD13473,2025-07-21,Home,Air Purifier,728,1,728,West Malaysia,Melaka,TNG eWallet
ORD13474,2025-06-19,Fashion,Sneakers,267,3,801,East Malaysia,Sabah,GrabPay
ORD13475,2025-05-27,Home,Desk Lamp,734,2,1468,East Malaysia,Sarawak,TNG eWallet
ORD13476,2025-12-03,Electronics,Laptop,3327,1,3327,East Malaysia,Sarawak,GrabPay
ORD13477,2025-10-09,Electronics,Smartphone,3160,1,3160,East Malaysia,Sarawak,TNG eWallet
ORD13478,2025-02-28,Home,Coffee Maker,451,4,1804,East Malaysia,Sarawak,GrabPay
ORD13479,2025-04-15,Fashion,Sunglasses,296,1,296,East Malaysia,Sabah,TNG eWallet
ORD13480,2025-01-16,Home,Desk Lamp,778,3,2334,West Malaysia,Kuala Lumpur,TNG eWallet
ORD13481,2025-04-24,Electronics,Wireless Earbuds,2710,4,10840,West Malaysia,Kedah,Credit Card
ORD13482,2025-09-29,Electronics,Wireless Earbuds,981,4,3924,West Malaysia,Penang,TNG eWallet
ORD13483,2025-09-03,Home,Coffee Maker,323,3,969,East Malaysia,Sarawak,GrabPay
ORD13484,2025-02-22,Home,Office Chair,403,1,403,West Malaysia,Pahang,GrabPay
ORD13485,2025-04-19,Electronics,Smartphone,1873,4,7492,East Malaysia,Sarawak,FPX
ORD13486,2025-09-16,Electronics,Smartwatch,1571,1,1571,West Malaysia,Johor,GrabPay
ORD13487,2025-04-10,Fashion,Sneakers,150,4,600,West Malaysia,Penang,TNG eWallet
ORD13488,2025-10-12,Fashion,Sunglasses,96,2,192,East Malaysia,Sabah,GrabPay
ORD13489,2025-05-10,Fashion,Sunglasses,389,3,1167,West Malaysia,Melaka,Credit Card
ORD13490,2025-09-14,Electronics,Wireless Earbuds,576,4,2304,West Malaysia,Pahang,FPX
ORD13491,2025-06-07,Home,Desk Lamp,207,2,414,West Malaysia,Selangor,FPX
ORD13492,2025-07-12,Electronics,Wireless Earbuds,3730,4,14920,East Malaysia,Sarawak,TNG eWallet
ORD13493,2025-12-10,Electronics,Smartphone,4261,1,4261,East Malaysia,Sarawak,Credit Card
ORD13494,2025-11-11,Fashion,Sunglasses,368,2,736,West Malaysia,Kuala Lumpur,Credit Card
ORD13495,2025-07-15,Fashion,T-Shirt,149,2,298,West Malaysia,Kuala Lumpur,Credit Card
ORD13496,2025-05-23,Fashion,Sneakers,58,3,174,West Malaysia,Johor,GrabPay
ORD13497,2025-02-11,Electronics,Wireless Earbuds,4377,4,17508,West Malaysia,Pahang,FPX
ORD13498,2025-11-22,Electronics,Smartphone,2946,4,11784,West Malaysia,Kedah,FPX
ORD13499,2025-10-02,Fashion,Backpack,111,3,333,East Malaysia,Sarawak,FPX
ORD13500,2025-01-31,Fashion,T-Shirt,368,3,1104,East Malaysia,Sabah,FPX
ORD13501,2025-06-08,Home,Desk Lamp,473,1,473,West Malaysia,Pahang,GrabPay
ORD13502,2025-06-30,Fashion,Sneakers,264,4,1056,East Malaysia,Sabah,FPX
ORD13503,2025-11-06,Fashion,Sunglasses,246,4,984,West Malaysia,Selangor,GrabPay
ORD13504,2025-10-04,Electronics,Smartphone,933,2,1866,West Malaysia,Kedah,TNG eWallet
ORD13505,2025-02-03,Fashion,Sunglasses,380,2,760,West Malaysia,Selangor,FPX
ORD13506,2025-07-03,Electronics,Smartphone,2790,1,2790,West Malaysia,Pahang,TNG eWallet
ORD13507,2025-11-25,Electronics,Laptop,2005,1,2005,West Malaysia,Melaka,GrabPay
ORD13508,2025-01-20,Electronics,Smartwatch,684,4,2736,East Malaysia,Sarawak,FPX
ORD13509,2025-11-18,Home,Coffee Maker,549,4,2196,East Malaysia,Sarawak,FPX
ORD13510,2025-07-17,Fashion,Sunglasses,107,1,107,West Malaysia,Perak,TNG eWallet
ORD13511,2025-11-25,Fashion,T-Shirt,119,4,476,East Malaysia,Sabah,Credit Card
ORD13512,2025-08-19,Electronics,Smartphone,1824,2,3648,East Malaysia,Sabah,Credit Card
ORD13513,2025-05-17,Electronics,Wireless Earbuds,1662,1,1662,West Malaysia,Kedah,Credit Card
ORD13514,2025-04-24,Home,Air Purifier,779,1,779,West Malaysia,Kuala Lumpur,GrabPay
ORD13515,2025-12-31,Fashion,Backpack,246,4,984,West Malaysia,Perak,GrabPay
ORD13516,2025-04-06,Home,Coffee Maker,723,3,2169,West Malaysia,Perak,Credit Card
ORD13517,2025-07-10,Electronics,Smartphone,3530,2,7060,West Malaysia,Johor,GrabPay
ORD13518,2025-12-14,Home,Desk Lamp,492,3,1476,West Malaysia,Melaka,TNG eWallet
ORD13519,2025-07-06,Fashion,T-Shirt,190,2,380,East Malaysia,Sarawak,GrabPay
ORD13520,2025-02-18,Fashion,T-Shirt,314,3,942,East Malaysia,Sabah,GrabPay
ORD13521,2025-04-29,Fashion,Sneakers,257,4,1028,West Malaysia,Johor,TNG eWallet
ORD13522,2025-03-16,Fashion,Backpack,333,4,1332,East Malaysia,Sarawak,FPX
ORD13523,2025-08-20,Electronics,Laptop,3143,3,9429,West Malaysia,Johor,TNG eWallet
ORD13524,2025-05-13,Electronics,Wireless Earbuds,3560,1,3560,West Malaysia,Kuala Lumpur,FPX
ORD13525,2025-09-18,Fashion,T-Shirt,300,3,900,East Malaysia,Sabah,GrabPay
ORD13526,2025-12-07,Home,Air Purifier,633,4,2532,East Malaysia,Sarawak,Credit Card
ORD13527,2025-02-01,Electronics,Smartwatch,2311,2,4622,West Malaysia,Perak,TNG eWallet
ORD13528,2025-04-23,Electronics,Laptop,3375,1,3375,West Malaysia,Kedah,Credit Card
ORD13529,2025-03-24,Fashion,Sunglasses,392,2,784,West Malaysia,Melaka,GrabPay
ORD13530,2025-03-26,Home,Air Purifier,666,4,2664,West Malaysia,Melaka,TNG eWallet
ORD13531,2025-06-28,Home,Coffee Maker,723,2,1446,West Malaysia,Penang,TNG eWallet
ORD13532,2025-07-10,Electronics,Smartphone,4116,3,12348,West Malaysia,Melaka,FPX
ORD13533,2025-10-29,Home,Office Chair,489,3,1467,West Malaysia,Perak,GrabPay
ORD13534,2025-08-31,Electronics,Wireless Earbuds,1184,2,2368,East Malaysia,Sabah,GrabPay
ORD13535,2025-09-02,Electronics,Smartphone,1177,1,1177,East Malaysia,Sarawak,Credit Card
ORD13536,2025-05-01,Electronics,Smartwatch,3692,4,14768,East Malaysia,Sabah,FPX
ORD13537,2025-12-16,Electronics,Smartwatch,3782,4,15128,West Malaysia,Penang,TNG eWallet
ORD13538,2025-11-13,Home,Office Chair,626,2,1252,West Malaysia,Kedah,TNG eWallet
ORD13539,2025-08-17,Electronics,Smartphone,1353,3,4059,West Malaysia,Johor,Credit Card
ORD13540,2025-11-08,Fashion,T-Shirt,284,4,1136,West Malaysia,Johor,GrabPay
ORD13541,2025-08-03,Electronics,Wireless Earbuds,867,1,867,East Malaysia,Sabah,GrabPay
ORD13542,2025-01-22,Electronics,Smartphone,1517,3,4551,East Malaysia,Sabah,Credit Card
ORD13543,2025-03-12,Fashion,Sneakers,336,3,1008,East Malaysia,Sabah,FPX
ORD13544,2025-03-08,Electronics,Smartwatch,577,4,2308,West Malaysia,Kuala Lumpur,Credit Card
ORD13545,2025-07-14,Home,Office Chair,415,1,415,East Malaysia,Sabah,FPX
ORD13546,2025-05-06,Fashion,Sunglasses,290,1,290,West Malaysia,Pahang,FPX
ORD13547,2025-08-05,Electronics,Wireless Earbuds,3035,3,9105,East Malaysia,Sarawak,FPX
ORD13548,2025-10-27,Electronics,Smartphone,3749,3,11247,East Malaysia,Sarawak,TNG eWallet
ORD13549,2025-10-24,Electronics,Laptop,449,1,449,West Malaysia,Kuala Lumpur,Credit Card
ORD13550,2025-11-16,Home,Coffee Maker,118,3,354,West Malaysia,Penang,TNG eWallet
ORD13551,2025-07-27,Fashion,Sunglasses,181,3,543,East Malaysia,Sarawak,GrabPay
ORD13552,2025-02-21,Electronics,Smartphone,859,1,859,West Malaysia,Perak,TNG eWallet
ORD13553,2025-03-03,Fashion,Backpack,365,3,1095,West Malaysia,Melaka,TNG eWallet
ORD13554,2025-10-21,Fashion,T-Shirt,272,4,1088,West Malaysia,Kedah,TNG eWallet
ORD13555,2025-06-15,Fashion,Backpack,240,2,480,East Malaysia,Sabah,Credit Card
ORD13556,2025-06-27,Electronics,Smartphone,1013,2,2026,West Malaysia,Penang,Credit Card
ORD13557,2025-09-07,Home,Coffee Maker,298,4,1192,West Malaysia,Perak,GrabPay
ORD13558,2025-09-14,Electronics,Wireless Earbuds,330,4,1320,East Malaysia,Sabah,Credit Card
ORD13559,2025-06-11,Home,Air Purifier,754,4,3016,West Malaysia,Kedah,GrabPay
ORD13560,2025-04-14,Home,Air Purifier,271,3,813,West Malaysia,Johor,FPX
ORD13561,2025-09-07,Electronics,Smartwatch,1399,4,5596,East Malaysia,Sarawak,FPX
ORD13562,2025-02-20,Electronics,Smartphone,3893,4,15572,East Malaysia,Sabah,FPX
ORD13563,2025-10-19,Home,Desk Lamp,792,4,3168,East Malaysia,Sarawak,GrabPay
ORD13564,2025-12-09,Home,Desk Lamp,589,4,2356,West Malaysia,Pahang,Credit Card
ORD13565,2025-09-29,Fashion,T-Shirt,253,1,253,East Malaysia,Sabah,FPX
ORD13566,2025-08-16,Home,Air Purifier,701,3,2103,West Malaysia,Perak,Credit Card
ORD13567,2025-12-20,Home,Air Purifier,717,3,2151,East Malaysia,Sabah,Credit Card
ORD13568,2025-08-13,Home,Office Chair,150,1,150,West Malaysia,Perak,Credit Card
ORD13569,2025-10-28,Fashion,T-Shirt,358,1,358,East Malaysia,Sabah,GrabPay
ORD13570,2025-10-15,Electronics,Smartwatch,3313,4,13252,East Malaysia,Sabah,TNG eWallet
ORD13571,2025-08-02,Home,Air Purifier,672,1,672,East Malaysia,Sarawak,Credit Card
ORD13572,2025-09-16,Electronics,Smartphone,879,1,879,East Malaysia,Sabah,GrabPay
ORD13573,2025-10-24,Fashion,Sneakers,158,2,316,West Malaysia,Perak,Credit Card
ORD13574,2025-07-05,Electronics,Laptop,1414,1,1414,West Malaysia,Melaka,Credit Card
ORD13575,2025-10-13,Electronics,Laptop,3632,3,10896,East Malaysia,Sabah,GrabPay
ORD13576,2025-04-28,Fashion,Sunglasses,391,2,782,West Malaysia,Selangor,Credit Card
ORD13577,2025-12-22,Electronics,Smartphone,742,2,1484,West Malaysia,Kuala Lumpur,FPX
ORD13578,2025-12-02,Fashion,T-Shirt,231,1,231,East Malaysia,Sabah,FPX
ORD13579,2025-09-27,Electronics,Smartphone,371,4,1484,East Malaysia,Sarawak,FPX
ORD13580,2025-09-06,Electronics,Smartwatch,1168,1,1168,West Malaysia,Melaka,GrabPay
ORD13581,2025-10-07,Home,Coffee Maker,797,3,2391,West Malaysia,Melaka,TNG eWallet
ORD13582,2025-12-05,Home,Air Purifier,365,3,1095,East Malaysia,Sabah,GrabPay
ORD13583,2025-07-24,Fashion,T-Shirt,266,3,798,East Malaysia,Sabah,FPX
ORD13584,2025-12-03,Fashion,Backpack,92,1,92,East Malaysia,Sabah,Credit Card
ORD13585,2025-01-29,Home,Desk Lamp,109,4,436,East Malaysia,Sabah,Credit Card
ORD13586,2025-04-30,Fashion,Backpack,96,2,192,West Malaysia,Perak,TNG eWallet
ORD13587,2025-06-29,Electronics,Laptop,549,2,1098,West Malaysia,Selangor,GrabPay
ORD13588,2025-09-26,Home,Coffee Maker,686,3,2058,East Malaysia,Sarawak,FPX
ORD13589,2025-08-25,Electronics,Smartwatch,2492,4,9968,West Malaysia,Perak,GrabPay
ORD13590,2025-05-14,Home,Office Chair,247,2,494,East Malaysia,Sarawak,FPX
ORD13591,2025-07-17,Electronics,Smartwatch,4249,4,16996,East Malaysia,Sabah,FPX
ORD13592,2025-03-01,Home,Desk Lamp,694,1,694,East Malaysia,Sabah,TNG eWallet
ORD13593,2025-06-05,Electronics,Smartphone,4056,1,4056,West Malaysia,Melaka,TNG eWallet
ORD13594,2025-02-14,Electronics,Smartphone,2798,2,5596,West Malaysia,Kedah,Credit Card
ORD13595,2025-08-05,Electronics,Smartphone,1312,2,2624,West Malaysia,Kedah,TNG eWallet
ORD13596,2025-07-17,Home,Office Chair,189,4,756,East Malaysia,Sarawak,GrabPay
ORD13597,2025-03-11,Fashion,Backpack,87,2,174,West Malaysia,Kuala Lumpur,GrabPay
ORD13598,2025-01-25,Home,Office Chair,647,1,647,East Malaysia,Sarawak,GrabPay
ORD13599,2025-06-27,Electronics,Laptop,3514,4,14056,East Malaysia,Sabah,GrabPay
ORD13600,2025-08-17,Fashion,Backpack,74,1,74,East Malaysia,Sabah,TNG eWallet
ORD13601,2025-07-14,Electronics,Smartwatch,1057,3,3171,East Malaysia,Sabah,GrabPay
ORD13602,2025-01-16,Fashion,Sunglasses,148,3,444,East Malaysia,Sabah,FPX
ORD13603,2025-01-28,Home,Coffee Maker,535,3,1605,West Malaysia,Perak,FPX
ORD13604,2025-02-28,Electronics,Smartwatch,2724,1,2724,East Malaysia,Sarawak,TNG eWallet
ORD13605,2025-02-24,Fashion,Sneakers,291,1,291,West Malaysia,Perak,GrabPay
ORD13606,2025-05-29,Electronics,Smartphone,963,3,2889,East Malaysia,Sabah,GrabPay
ORD13607,2025-07-07,Home,Coffee Maker,591,2,1182,East Malaysia,Sarawak,Credit Card
ORD13608,2025-04-10,Fashion,T-Shirt,51,2,102,East Malaysia,Sabah,FPX
ORD13609,2025-12-21,Electronics,Wireless Earbuds,495,3,1485,West Malaysia,Melaka,TNG eWallet
ORD13610,2025-04-13,Home,Office Chair,108,1,108,East Malaysia,Sarawak,GrabPay
ORD13611,2025-04-03,Home,Desk Lamp,501,2,1002,East Malaysia,Sabah,Credit Card
ORD13612,2025-05-22,Fashion,Sunglasses,315,1,315,East Malaysia,Sarawak,FPX
ORD13613,2025-11-21,Home,Air Purifier,396,3,1188,West Malaysia,Melaka,GrabPay
ORD13614,2025-03-24,Electronics,Smartphone,1337,2,2674,West Malaysia,Kuala Lumpur,GrabPay
ORD13615,2025-02-15,Electronics,Smartwatch,2246,1,2246,East Malaysia,Sarawak,TNG eWallet
ORD13616,2025-03-19,Fashion,Backpack,230,3,690,West Malaysia,Johor,Credit Card
ORD13617,2025-07-10,Fashion,Sneakers,255,4,1020,West Malaysia,Johor,FPX
ORD13618,2025-06-04,Fashion,Sneakers,224,4,896,West Malaysia,Kuala Lumpur,GrabPay
ORD13619,2025-08-30,Fashion,Backpack,98,3,294,West Malaysia,Kedah,FPX
ORD13620,2025-01-25,Fashion,Backpack,294,3,882,East Malaysia,Sabah,FPX
ORD13621,2025-07-05,Fashion,Sneakers,386,2,772,West Malaysia,Melaka,TNG eWallet
ORD13622,2025-12-02,Home,Desk Lamp,279,1,279,West Malaysia,Melaka,Credit Card
ORD13623,2025-07-01,Home,Office Chair,621,3,1863,West Malaysia,Kedah,GrabPay
ORD13624,2025-03-31,Home,Office Chair,562,2,1124,East Malaysia,Sarawak,GrabPay
ORD13625,2025-08-27,Fashion,Sunglasses,50,1,50,East Malaysia,Sabah,Credit Card
ORD13626,2025-08-30,Home,Coffee Maker,465,2,930,East Malaysia,Sarawak,Credit Card
ORD13627,2025-05-31,Fashion,T-Shirt,213,3,639,East Malaysia,Sabah,TNG eWallet
ORD13628,2025-11-20,Electronics,Laptop,2617,2,5234,West Malaysia,Melaka,Credit Card
ORD13629,2025-07-08,Electronics,Smartwatch,4330,3,12990,East Malaysia,Sabah,FPX
ORD13630,2025-03-29,Home,Desk Lamp,254,2,508,East Malaysia,Sabah,GrabPay
ORD13631,2025-01-04,Electronics,Smartwatch,833,4,3332,East Malaysia,Sarawak,Credit Card
ORD13632,2025-06-16,Electronics,Laptop,3297,3,9891,West Malaysia,Penang,TNG eWallet
ORD13633,2025-05-09,Electronics,Wireless Earbuds,3441,4,13764,East Malaysia,Sabah,Credit Card
ORD13634,2025-09-11,Electronics,Wireless Earbuds,1155,2,2310,East Malaysia,Sabah,Credit Card
ORD13635,2025-06-04,Home,Desk Lamp,707,3,2121,West Malaysia,Kedah,Credit Card
ORD13636,2025-10-12,Electronics,Wireless Earbuds,2172,3,6516,East Malaysia,Sarawak,TNG eWallet
ORD13637,2025-02-14,Electronics,Laptop,2274,4,9096,West Malaysia,Selangor,FPX
ORD13638,2025-11-18,Home,Desk Lamp,410,1,410,East Malaysia,Sabah,FPX
ORD13639,2025-01-20,Fashion,Sneakers,303,3,909,East Malaysia,Sabah,TNG eWallet
ORD13640,2025-01-30,Fashion,Backpack,373,1,373,West Malaysia,Kedah,FPX
ORD13641,2025-03-21,Home,Desk Lamp,215,4,860,West Malaysia,Melaka,Credit Card
ORD13642,2025-04-16,Electronics,Smartwatch,2207,4,8828,East Malaysia,Sabah,TNG eWallet
ORD13643,2025-08-20,Home,Desk Lamp,687,4,2748,East Malaysia,Sarawak,FPX
ORD13644,2025-11-04,Home,Desk Lamp,580,4,2320,West Malaysia,Kuala Lumpur,Credit Card
ORD13645,2025-01-16,Fashion,Sunglasses,71,4,284,West Malaysia,Johor,Credit Card
ORD13646,2025-07-18,Electronics,Smartwatch,3120,4,12480,West Malaysia,Kedah,TNG eWallet
ORD13647,2025-01-20,Home,Coffee Maker,210,1,210,West Malaysia,Selangor,TNG eWallet
ORD13648,2025-10-05,Electronics,Wireless Earbuds,2860,2,5720,West Malaysia,Pahang,GrabPay
ORD13649,2025-11-03,Home,Office Chair,298,4,1192,East Malaysia,Sabah,FPX
ORD13650,2025-05-19,Home,Air Purifier,399,3,1197,East Malaysia,Sabah,FPX
ORD13651,2025-03-08,Home,Desk Lamp,586,2,1172,East Malaysia,Sabah,FPX
ORD13652,2025-09-18,Home,Coffee Maker,712,2,1424,East Malaysia,Sabah,Credit Card
ORD13653,2025-02-19,Fashion,Sneakers,313,3,939,East Malaysia,Sarawak,TNG eWallet
ORD13654,2025-12-09,Home,Air Purifier,590,4,2360,East Malaysia,Sarawak,TNG eWallet
ORD13655,2025-01-27,Electronics,Wireless Earbuds,4407,2,8814,West Malaysia,Perak,GrabPay
ORD13656,2025-03-25,Fashion,Sneakers,172,2,344,West Malaysia,Selangor,GrabPay
ORD13657,2025-05-31,Home,Desk Lamp,323,3,969,West Malaysia,Kuala Lumpur,TNG eWallet
ORD13658,2025-02-11,Fashion,T-Shirt,241,2,482,East Malaysia,Sabah,FPX
ORD13659,2025-11-24,Home,Coffee Maker,493,4,1972,West Malaysia,Kedah,Credit Card
ORD13660,2025-03-19,Fashion,Sunglasses,86,1,86,East Malaysia,Sarawak,FPX
ORD13661,2025-10-03,Electronics,Laptop,3597,3,10791,East Malaysia,Sarawak,GrabPay
ORD13662,2025-05-26,Electronics,Smartwatch,2258,4,9032,East Malaysia,Sarawak,FPX
ORD13663,2025-08-28,Home,Desk Lamp,341,1,341,East Malaysia,Sarawak,TNG eWallet
ORD13664,2025-09-15,Fashion,Sunglasses,348,2,696,West Malaysia,Penang,Credit Card
ORD13665,2025-11-08,Electronics,Wireless Earbuds,3438,4,13752,East Malaysia,Sabah,FPX
ORD13666,2025-09-03,Electronics,Wireless Earbuds,3093,4,12372,East Malaysia,Sarawak,FPX
ORD13667,2025-08-12,Home,Office Chair,185,1,185,West Malaysia,Kuala Lumpur,GrabPay
ORD13668,2025-04-29,Home,Desk Lamp,716,1,716,East Malaysia,Sarawak,Credit Card
ORD13669,2025-01-02,Electronics,Wireless Earbuds,3776,2,7552,East Malaysia,Sarawak,GrabPay
ORD13670,2025-10-31,Electronics,Smartwatch,672,1,672,West Malaysia,Johor,FPX
ORD13671,2025-01-23,Fashion,Backpack,152,4,608,East Malaysia,Sarawak,FPX
ORD13672,2025-09-13,Electronics,Wireless Earbuds,1182,3,3546,East Malaysia,Sarawak,TNG eWallet
ORD13673,2025-10-09,Fashion,Sunglasses,371,4,1484,East Malaysia,Sabah,GrabPay
ORD13674,2025-07-13,Fashion,Sneakers,144,2,288,West Malaysia,Pahang,Credit Card
ORD13675,2025-07-07,Fashion,Sneakers,235,4,940,East Malaysia,Sarawak,TNG eWallet
ORD13676,2025-10-25,Fashion,Backpack,216,3,648,West Malaysia,Penang,Credit Card
ORD13677,2025-03-13,Electronics,Laptop,3745,4,14980,West Malaysia,Penang,TNG eWallet
ORD13678,2025-12-09,Electronics,Smartphone,1580,3,4740,West Malaysia,Selangor,Credit Card
ORD13679,2025-09-05,Fashion,T-Shirt,53,3,159,West Malaysia,Pahang,TNG eWallet
ORD13680,2025-12-23,Fashion,Sneakers,382,2,764,West Malaysia,Pahang,FPX
ORD13681,2025-04-22,Fashion,T-Shirt,304,4,1216,West Malaysia,Johor,Credit Card
ORD13682,2025-09-28,Home,Coffee Maker,126,2,252,East Malaysia,Sarawak,Credit Card
ORD13683,2025-08-16,Home,Air Purifier,389,4,1556,West Malaysia,Kedah,GrabPay
ORD13684,2025-12-25,Electronics,Laptop,4259,1,4259,East Malaysia,Sarawak,FPX
ORD13685,2025-11-22,Home,Office Chair,289,4,1156,East Malaysia,Sabah,GrabPay
ORD13686,2025-06-06,Electronics,Laptop,3862,3,11586,West Malaysia,Perak,TNG eWallet
ORD13687,2025-11-13,Electronics,Wireless Earbuds,1102,2,2204,West Malaysia,Perak,FPX
ORD13688,2025-06-29,Electronics,Smartphone,4247,2,8494,West Malaysia,Penang,GrabPay
ORD13689,2025-05-02,Fashion,Backpack,391,3,1173,West Malaysia,Perak,FPX
ORD13690,2025-05-06,Electronics,Smartphone,4038,1,4038,West Malaysia,Selangor,FPX
ORD13691,2025-09-10,Home,Desk Lamp,452,4,1808,West Malaysia,Kedah,Credit Card
ORD13692,2025-05-21,Electronics,Wireless Earbuds,3938,4,15752,East Malaysia,Sabah,FPX
ORD13693,2025-03-21,Fashion,Backpack,173,1,173,East Malaysia,Sarawak,Credit Card
ORD13694,2025-11-06,Home,Office Chair,559,3,1677,East Malaysia,Sabah,FPX
ORD13695,2025-12-11,Electronics,Laptop,4050,3,12150,West Malaysia,Kedah,Credit Card
ORD13696,2025-10-13,Fashion,Sunglasses,259,4,1036,East Malaysia,Sabah,GrabPay
ORD13697,2025-07-22,Fashion,Backpack,390,1,390,West Malaysia,Perak,Credit Card
ORD13698,2025-04-07,Fashion,T-Shirt,148,4,592,West Malaysia,Pahang,GrabPay
ORD13699,2025-09-15,Electronics,Smartphone,1342,3,4026,East Malaysia,Sabah,TNG eWallet
ORD13700,2025-01-30,Electronics,Smartphone,1644,1,1644,East Malaysia,Sabah,GrabPay
ORD13701,2025-11-17,Home,Coffee Maker,221,4,884,West Malaysia,Kuala Lumpur,FPX
ORD13702,2025-08-28,Home,Air Purifier,299,4,1196,West Malaysia,Melaka,TNG eWallet
ORD13703,2025-09-24,Electronics,Smartphone,2144,2,4288,East Malaysia,Sabah,Credit Card
ORD13704,2025-01-26,Home,Office Chair,117,1,117,East Malaysia,Sabah,FPX
ORD13705,2025-01-12,Electronics,Smartphone,982,1,982,West Malaysia,Selangor,GrabPay
ORD13706,2025-06-14,Fashion,T-Shirt,139,4,556,West Malaysia,Melaka,TNG eWallet
ORD13707,2025-01-05,Home,Office Chair,442,4,1768,West Malaysia,Melaka,GrabPay
ORD13708,2025-07-12,Electronics,Smartwatch,3468,1,3468,East Malaysia,Sabah,GrabPay
ORD13709,2025-04-18,Home,Office Chair,720,1,720,East Malaysia,Sabah,FPX
ORD13710,2025-01-12,Home,Desk Lamp,535,4,2140,East Malaysia,Sabah,Credit Card
ORD13711,2025-01-31,Electronics,Smartphone,2137,3,6411,East Malaysia,Sabah,Credit Card
ORD13712,2025-07-05,Fashion,T-Shirt,55,3,165,West Malaysia,Perak,TNG eWallet
ORD13713,2025-09-10,Electronics,Laptop,2026,2,4052,East Malaysia,Sabah,Credit Card
ORD13714,2025-07-31,Electronics,Wireless Earbuds,1466,4,5864,West Malaysia,Penang,TNG eWallet
ORD13715,2025-10-23,Home,Desk Lamp,694,1,694,West Malaysia,Melaka,FPX
ORD13716,2025-11-09,Electronics,Wireless Earbuds,3352,1,3352,West Malaysia,Selangor,TNG eWallet
ORD13717,2025-07-22,Fashion,T-Shirt,394,3,1182,East Malaysia,Sarawak,Credit Card
ORD13718,2025-10-29,Electronics,Smartwatch,1590,4,6360,West Malaysia,Melaka,GrabPay
ORD13719,2025-08-14,Home,Air Purifier,115,3,345,East Malaysia,Sarawak,GrabPay
ORD13720,2025-01-22,Electronics,Laptop,1163,3,3489,East Malaysia,Sarawak,FPX
ORD13721,2025-03-18,Home,Office Chair,292,3,876,East Malaysia,Sabah,GrabPay
ORD13722,2025-10-30,Home,Office Chair,223,1,223,East Malaysia,Sarawak,GrabPay
ORD13723,2025-10-18,Home,Coffee Maker,430,4,1720,East Malaysia,Sabah,FPX
ORD13724,2025-01-09,Fashion,Sunglasses,305,3,915,West Malaysia,Johor,GrabPay
ORD13725,2025-12-03,Fashion,Sunglasses,91,2,182,West Malaysia,Melaka,GrabPay
ORD13726,2025-12-04,Fashion,Backpack,349,4,1396,East Malaysia,Sarawak,Credit Card
ORD13727,2025-01-11,Home,Coffee Maker,189,3,567,West Malaysia,Penang,Credit Card
ORD13728,2025-03-03,Fashion,T-Shirt,271,4,1084,West Malaysia,Kedah,TNG eWallet
ORD13729,2025-07-24,Electronics,Smartphone,3954,3,11862,East Malaysia,Sarawak,Credit Card
ORD13730,2025-07-16,Fashion,Backpack,315,3,945,West Malaysia,Pahang,GrabPay
ORD13731,2025-06-06,Electronics,Smartphone,1363,4,5452,West Malaysia,Melaka,GrabPay
ORD13732,2025-09-03,Electronics,Smartphone,1735,2,3470,East Malaysia,Sarawak,TNG eWallet
ORD13733,2025-05-03,Fashion,Sneakers,57,2,114,East Malaysia,Sabah,FPX
ORD13734,2025-02-05,Home,Coffee Maker,682,3,2046,West Malaysia,Penang,TNG eWallet
ORD13735,2025-01-20,Electronics,Wireless Earbuds,1972,1,1972,East Malaysia,Sabah,GrabPay
ORD13736,2025-11-27,Fashion,Backpack,84,2,168,East Malaysia,Sabah,TNG eWallet
ORD13737,2025-04-23,Home,Coffee Maker,442,1,442,West Malaysia,Penang,TNG eWallet
ORD13738,2025-02-16,Home,Coffee Maker,758,2,1516,East Malaysia,Sabah,Credit Card
ORD13739,2025-04-06,Fashion,Sunglasses,170,4,680,West Malaysia,Penang,GrabPay
ORD13740,2025-06-03,Electronics,Wireless Earbuds,3218,4,12872,West Malaysia,Johor,Credit Card
ORD13741,2025-06-27,Electronics,Wireless Earbuds,1017,3,3051,West Malaysia,Perak,FPX
ORD13742,2025-12-08,Fashion,Backpack,343,3,1029,West Malaysia,Penang,Credit Card
ORD13743,2025-04-08,Fashion,Sunglasses,75,4,300,East Malaysia,Sabah,TNG eWallet
ORD13744,2025-02-02,Home,Air Purifier,373,1,373,East Malaysia,Sarawak,TNG eWallet
ORD13745,2025-04-19,Electronics,Smartwatch,4288,4,17152,East Malaysia,Sabah,GrabPay
ORD13746,2025-09-16,Home,Office Chair,472,3,1416,East Malaysia,Sabah,GrabPay
ORD13747,2025-06-22,Electronics,Laptop,2315,1,2315,East Malaysia,Sabah,Credit Card
ORD13748,2025-02-01,Home,Coffee Maker,187,4,748,East Malaysia,Sabah,FPX
ORD13749,2025-02-12,Home,Office Chair,394,1,394,East Malaysia,Sarawak,FPX
ORD13750,2025-11-03,Fashion,Sneakers,393,2,786,West Malaysia,Melaka,GrabPay
ORD13751,2025-10-08,Electronics,Laptop,2595,3,7785,East Malaysia,Sabah,Credit Card
ORD13752,2025-05-20,Home,Coffee Maker,437,2,874,West Malaysia,Johor,TNG eWallet
ORD13753,2025-10-06,Fashion,T-Shirt,215,4,860,East Malaysia,Sabah,GrabPay
ORD13754,2025-02-17,Fashion,Sneakers,360,1,360,East Malaysia,Sabah,Credit Card
ORD13755,2025-09-26,Home,Coffee Maker,558,4,2232,East Malaysia,Sarawak,FPX
ORD13756,2025-10-04,Electronics,Laptop,4042,3,12126,East Malaysia,Sarawak,TNG eWallet
ORD13757,2025-05-06,Home,Coffee Maker,354,4,1416,East Malaysia,Sabah,FPX
ORD13758,2025-06-05,Home,Office Chair,323,1,323,West Malaysia,Pahang,Credit Card
ORD13759,2025-03-17,Fashion,Sunglasses,126,2,252,West Malaysia,Melaka,Credit Card
ORD13760,2025-05-01,Electronics,Laptop,4423,3,13269,West Malaysia,Johor,FPX
ORD13761,2025-05-14,Electronics,Laptop,3977,1,3977,East Malaysia,Sarawak,Credit Card
ORD13762,2025-02-17,Fashion,Sunglasses,141,4,564,East Malaysia,Sabah,FPX
ORD13763,2025-05-01,Electronics,Wireless Earbuds,2843,2,5686,West Malaysia,Kedah,GrabPay
ORD13764,2025-06-11,Electronics,Smartwatch,2710,1,2710,East Malaysia,Sabah,Credit Card
ORD13765,2025-03-05,Home,Office Chair,796,2,1592,East Malaysia,Sabah,Credit Card
ORD13766,2025-11-11,Home,Desk Lamp,555,2,1110,East Malaysia,Sabah,TNG eWallet
ORD13767,2025-04-03,Electronics,Smartphone,881,2,1762,East Malaysia,Sarawak,GrabPay
ORD13768,2025-11-07,Home,Office Chair,388,3,1164,East Malaysia,Sarawak,GrabPay
ORD13769,2025-05-27,Home,Air Purifier,379,2,758,East Malaysia,Sarawak,TNG eWallet
ORD13770,2025-08-14,Fashion,Sneakers,345,1,345,East Malaysia,Sarawak,GrabPay
ORD13771,2025-01-29,Fashion,Sneakers,303,2,606,East Malaysia,Sarawak,Credit Card
ORD13772,2025-03-04,Electronics,Wireless Earbuds,983,4,3932,East Malaysia,Sabah,GrabPay
ORD13773,2025-03-16,Electronics,Wireless Earbuds,2023,3,6069,East Malaysia,Sarawak,FPX
ORD13774,2025-12-26,Home,Office Chair,104,4,416,West Malaysia,Perak,TNG eWallet
ORD13775,2025-12-30,Electronics,Smartphone,1311,1,1311,East Malaysia,Sarawak,TNG eWallet
ORD13776,2025-08-11,Electronics,Smartphone,404,2,808,West Malaysia,Pahang,Credit Card
ORD13777,2025-12-30,Electronics,Smartphone,1458,3,4374,West Malaysia,Johor,TNG eWallet
ORD13778,2025-08-08,Fashion,T-Shirt,93,3,279,West Malaysia,Kedah,FPX
ORD13779,2025-01-05,Home,Air Purifier,183,3,549,East Malaysia,Sarawak,TNG eWallet
ORD13780,2025-01-03,Home,Desk Lamp,233,4,932,East Malaysia,Sabah,FPX
ORD13781,2025-02-23,Electronics,Smartwatch,4395,2,8790,West Malaysia,Penang,Credit Card
ORD13782,2025-04-13,Electronics,Wireless Earbuds,2050,1,2050,West Malaysia,Selangor,Credit Card
ORD13783,2025-10-20,Fashion,Sneakers,364,4,1456,West Malaysia,Selangor,FPX
ORD13784,2025-11-26,Fashion,Backpack,217,4,868,West Malaysia,Perak,TNG eWallet
ORD13785,2025-12-12,Fashion,Backpack,235,3,705,West Malaysia,Pahang,TNG eWallet
ORD13786,2025-10-23,Home,Air Purifier,787,2,1574,West Malaysia,Selangor,FPX
ORD13787,2025-05-28,Fashion,Sunglasses,115,3,345,West Malaysia,Pahang,TNG eWallet
ORD13788,2025-01-06,Electronics,Laptop,3540,2,7080,East Malaysia,Sabah,GrabPay
ORD13789,2025-02-19,Electronics,Wireless Earbuds,615,2,1230,East Malaysia,Sabah,TNG eWallet
ORD13790,2025-10-19,Fashion,Sneakers,159,4,636,East Malaysia,Sarawak,FPX
ORD13791,2025-04-09,Electronics,Laptop,2106,1,2106,West Malaysia,Penang,Credit Card
ORD13792,2025-12-22,Electronics,Laptop,3651,1,3651,East Malaysia,Sabah,Credit Card
ORD13793,2025-04-11,Home,Air Purifier,374,3,1122,East Malaysia,Sabah,FPX
ORD13794,2025-11-09,Home,Air Purifier,699,1,699,East Malaysia,Sabah,TNG eWallet
ORD13795,2025-02-16,Home,Office Chair,459,3,1377,West Malaysia,Perak,Credit Card
ORD13796,2025-04-25,Fashion,Sneakers,232,2,464,West Malaysia,Selangor,Credit Card
ORD13797,2025-06-16,Home,Desk Lamp,459,2,918,East Malaysia,Sarawak,FPX
ORD13798,2025-04-25,Home,Coffee Maker,746,3,2238,East Malaysia,Sabah,Credit Card
ORD13799,2025-11-09,Home,Office Chair,664,2,1328,West Malaysia,Melaka,FPX
ORD13800,2025-06-06,Electronics,Smartphone,965,3,2895,West Malaysia,Perak,FPX
ORD13801,2025-02-07,Home,Desk Lamp,161,1,161,West Malaysia,Penang,Credit Card
ORD13802,2025-04-24,Home,Coffee Maker,601,4,2404,West Malaysia,Johor,Credit Card
ORD13803,2025-04-24,Home,Office Chair,614,1,614,West Malaysia,Selangor,GrabPay
ORD13804,2025-04-24,Fashion,Sunglasses,206,4,824,East Malaysia,Sarawak,TNG eWallet
ORD13805,2025-12-31,Electronics,Smartphone,2459,2,4918,West Malaysia,Kuala Lumpur,TNG eWallet
ORD13806,2025-02-16,Electronics,Smartwatch,408,1,408,West Malaysia,Johor,Credit Card
ORD13807,2025-10-16,Fashion,Sneakers,384,4,1536,East Malaysia,Sabah,TNG eWallet
ORD13808,2025-07-02,Electronics,Laptop,1888,2,3776,West Malaysia,Melaka,Credit Card
ORD13809,2025-03-26,Electronics,Smartphone,2485,1,2485,East Malaysia,Sabah,TNG eWallet
ORD13810,2025-02-21,Home,Office Chair,482,2,964,East Malaysia,Sabah,TNG eWallet
ORD13811,2025-06-29,Home,Office Chair,278,3,834,West Malaysia,Kuala Lumpur,GrabPay
ORD13812,2025-08-09,Electronics,Smartphone,4389,1,4389,East Malaysia,Sarawak,Credit Card
ORD13813,2025-03-19,Fashion,Sneakers,212,3,636,West Malaysia,Penang,Credit Card
ORD13814,2025-05-04,Electronics,Smartphone,1303,4,5212,West Malaysia,Johor,FPX
ORD13815,2025-01-01,Electronics,Smartwatch,2389,2,4778,West Malaysia,Kedah,FPX
ORD13816,2025-10-02,Electronics,Laptop,2375,1,2375,West Malaysia,Selangor,FPX
ORD13817,2025-08-11,Fashion,T-Shirt,58,1,58,West Malaysia,Selangor,TNG eWallet
ORD13818,2025-04-21,Fashion,T-Shirt,135,2,270,East Malaysia,Sarawak,FPX
ORD13819,2025-10-09,Electronics,Smartwatch,2141,4,8564,East Malaysia,Sarawak,TNG eWallet
ORD13820,2025-01-20,Electronics,Smartphone,1731,1,1731,West Malaysia,Melaka,GrabPay
ORD13821,2025-03-24,Electronics,Smartwatch,3825,3,11475,East Malaysia,Sarawak,GrabPay
ORD13822,2025-04-22,Electronics,Smartwatch,1284,1,1284,East Malaysia,Sabah,TNG eWallet
ORD13823,2025-09-15,Electronics,Smartphone,2016,2,4032,East Malaysia,Sabah,Credit Card
ORD13824,2025-03-15,Fashion,Sneakers,325,2,650,West Malaysia,Selangor,FPX
ORD13825,2025-10-22,Home,Office Chair,462,4,1848,East Malaysia,Sarawak,GrabPay
ORD13826,2025-02-26,Home,Coffee Maker,679,3,2037,West Malaysia,Selangor,FPX
ORD13827,2025-07-30,Fashion,T-Shirt,107,2,214,West Malaysia,Johor,TNG eWallet
ORD13828,2025-01-28,Fashion,Sunglasses,394,4,1576,West Malaysia,Pahang,TNG eWallet
ORD13829,2025-05-11,Fashion,Sunglasses,181,3,543,East Malaysia,Sabah,FPX
ORD13830,2025-04-23,Electronics,Laptop,2858,4,11432,West Malaysia,Penang,FPX
ORD13831,2025-08-08,Fashion,Backpack,171,1,171,West Malaysia,Kuala Lumpur,Credit Card
ORD13832,2025-04-02,Home,Office Chair,565,2,1130,East Malaysia,Sabah,Credit Card
ORD13833,2025-01-13,Home,Air Purifier,171,2,342,West Malaysia,Melaka,FPX
ORD13834,2025-11-26,Electronics,Wireless Earbuds,3655,1,3655,East Malaysia,Sarawak,Credit Card
ORD13835,2025-05-11,Electronics,Smartwatch,974,2,1948,East Malaysia,Sabah,GrabPay
ORD13836,2025-11-27,Electronics,Smartwatch,4322,3,12966,West Malaysia,Johor,FPX
ORD13837,2025-07-30,Home,Coffee Maker,621,2,1242,East Malaysia,Sabah,TNG eWallet
ORD13838,2025-09-19,Home,Office Chair,204,1,204,East Malaysia,Sabah,Credit Card
ORD13839,2025-09-26,Electronics,Laptop,3860,4,15440,East Malaysia,Sarawak,FPX
ORD13840,2025-01-07,Fashion,Sunglasses,66,1,66,East Malaysia,Sarawak,Credit Card
ORD13841,2025-07-14,Home,Desk Lamp,410,1,410,East Malaysia,Sabah,TNG eWallet
ORD13842,2025-08-21,Electronics,Laptop,2717,1,2717,West Malaysia,Kedah,GrabPay
ORD13843,2025-01-07,Electronics,Wireless Earbuds,327,2,654,East Malaysia,Sarawak,GrabPay
ORD13844,2025-01-06,Fashion,Backpack,73,1,73,West Malaysia,Johor,FPX
ORD13845,2025-06-27,Electronics,Smartphone,2604,3,7812,West Malaysia,Kedah,FPX
ORD13846,2025-06-06,Electronics,Wireless Earbuds,2844,3,8532,West Malaysia,Kedah,GrabPay
ORD13847,2025-06-17,Home,Office Chair,246,4,984,West Malaysia,Pahang,TNG eWallet
ORD13848,2025-08-02,Home,Air Purifier,514,4,2056,West Malaysia,Penang,FPX
ORD13849,2025-02-19,Electronics,Wireless Earbuds,2738,3,8214,West Malaysia,Melaka,Credit Card
ORD13850,2025-08-20,Home,Office Chair,435,3,1305,East Malaysia,Sabah,Credit Card
ORD13851,2025-12-08,Fashion,T-Shirt,278,3,834,East Malaysia,Sarawak,GrabPay
ORD13852,2025-07-21,Home,Office Chair,688,3,2064,East Malaysia,Sarawak,FPX
ORD13853,2025-07-15,Electronics,Laptop,1261,4,5044,West Malaysia,Johor,TNG eWallet
ORD13854,2025-12-25,Fashion,T-Shirt,163,3,489,East Malaysia,Sarawak,TNG eWallet
ORD13855,2025-10-19,Home,Coffee Maker,417,1,417,East Malaysia,Sarawak,TNG eWallet
ORD13856,2025-01-28,Home,Coffee Maker,644,3,1932,West Malaysia,Pahang,Credit Card
ORD13857,2025-02-26,Electronics,Smartwatch,3106,1,3106,East Malaysia,Sarawak,Credit Card
ORD13858,2025-06-23,Fashion,Backpack,149,3,447,East Malaysia,Sarawak,Credit Card
ORD13859,2025-03-25,Electronics,Smartwatch,1572,2,3144,West Malaysia,Kedah,Credit Card
ORD13860,2025-07-04,Electronics,Laptop,3593,1,3593,East Malaysia,Sarawak,TNG eWallet
ORD13861,2025-09-04,Electronics,Smartwatch,3108,2,6216,East Malaysia,Sarawak,Credit Card
ORD13862,2025-01-29,Electronics,Smartwatch,4028,4,16112,East Malaysia,Sabah,TNG eWallet
ORD13863,2025-03-28,Electronics,Smartwatch,774,2,1548,West Malaysia,Perak,TNG eWallet
ORD13864,2025-02-02,Home,Air Purifier,281,4,1124,West Malaysia,Kuala Lumpur,GrabPay
ORD13865,2025-05-14,Home,Air Purifier,486,4,1944,East Malaysia,Sabah,GrabPay
ORD13866,2025-03-12,Fashion,T-Shirt,62,2,124,West Malaysia,Johor,Credit Card
ORD13867,2025-09-14,Home,Office Chair,725,1,725,West Malaysia,Penang,GrabPay
ORD13868,2025-01-17,Home,Desk Lamp,674,3,2022,West Malaysia,Pahang,GrabPay
ORD13869,2025-12-25,Fashion,T-Shirt,288,1,288,West Malaysia,Melaka,Credit Card
ORD13870,2025-08-10,Fashion,Backpack,119,2,238,East Malaysia,Sabah,Credit Card
ORD13871,2025-09-01,Electronics,Wireless Earbuds,1608,2,3216,West Malaysia,Johor,GrabPay
ORD13872,2025-10-20,Home,Air Purifier,638,1,638,East Malaysia,Sabah,TNG eWallet
ORD13873,2025-01-04,Home,Air Purifier,647,3,1941,East Malaysia,Sabah,FPX
ORD13874,2025-08-01,Fashion,Backpack,309,1,309,East Malaysia,Sarawak,TNG eWallet
ORD13875,2025-03-04,Electronics,Smartphone,595,3,1785,East Malaysia,Sarawak,TNG eWallet
ORD13876,2025-09-06,Fashion,Backpack,96,4,384,East Malaysia,Sarawak,TNG eWallet
ORD13877,2025-08-26,Electronics,Smartwatch,3748,1,3748,West Malaysia,Kedah,FPX
ORD13878,2025-12-18,Electronics,Smartphone,4113,1,4113,West Malaysia,Melaka,FPX
ORD13879,2025-08-06,Fashion,Sunglasses,238,2,476,West Malaysia,Johor,TNG eWallet
ORD13880,2025-03-30,Fashion,Backpack,65,1,65,West Malaysia,Kuala Lumpur,TNG eWallet
ORD13881,2025-01-31,Fashion,Backpack,80,3,240,West Malaysia,Penang,TNG eWallet
ORD13882,2025-01-02,Home,Air Purifier,180,4,720,East Malaysia,Sabah,GrabPay
ORD13883,2025-11-23,Home,Office Chair,411,2,822,East Malaysia,Sarawak,GrabPay
ORD13884,2025-03-26,Fashion,Sunglasses,201,3,603,East Malaysia,Sabah,GrabPay
ORD13885,2025-04-23,Home,Desk Lamp,350,2,700,West Malaysia,Kuala Lumpur,TNG eWallet
ORD13886,2025-09-23,Home,Coffee Maker,154,4,616,West Malaysia,Penang,GrabPay
ORD13887,2025-04-29,Home,Desk Lamp,652,3,1956,West Malaysia,Melaka,Credit Card
ORD13888,2025-01-01,Electronics,Laptop,505,3,1515,East Malaysia,Sabah,FPX
ORD13889,2025-10-08,Electronics,Wireless Earbuds,3645,4,14580,West Malaysia,Johor,FPX
ORD13890,2025-10-19,Home,Desk Lamp,787,4,3148,East Malaysia,Sabah,Credit Card
ORD13891,2025-06-08,Home,Coffee Maker,719,3,2157,East Malaysia,Sarawak,FPX
ORD13892,2025-11-11,Home,Air Purifier,235,1,235,West Malaysia,Perak,Credit Card
ORD13893,2025-03-20,Home,Air Purifier,230,2,460,West Malaysia,Selangor,FPX
ORD13894,2025-03-22,Electronics,Smartwatch,4328,2,8656,West Malaysia,Kuala Lumpur,FPX
ORD13895,2025-02-15,Electronics,Laptop,2658,1,2658,East Malaysia,Sarawak,TNG eWallet
ORD13896,2025-03-19,Home,Air Purifier,732,3,2196,East Malaysia,Sabah,FPX
ORD13897,2025-08-26,Home,Coffee Maker,134,2,268,East Malaysia,Sabah,Credit Card
ORD13898,2025-05-09,Home,Office Chair,407,1,407,West Malaysia,Selangor,TNG eWallet
ORD13899,2025-02-23,Home,Air Purifier,259,2,518,West Malaysia,Perak,Credit Card
ORD13900,2025-09-12,Home,Desk Lamp,155,4,620,West Malaysia,Penang,GrabPay
ORD13901,2025-12-24,Electronics,Wireless Earbuds,3443,4,13772,West Malaysia,Pahang,FPX
ORD13902,2025-10-19,Home,Air Purifier,690,3,2070,West Malaysia,Selangor,Credit Card
ORD13903,2025-11-03,Fashion,T-Shirt,355,4,1420,West Malaysia,Penang,FPX
ORD13904,2025-09-12,Fashion,Backpack,312,3,936,West Malaysia,Melaka,GrabPay
ORD13905,2025-12-31,Fashion,Sunglasses,187,1,187,East Malaysia,Sabah,TNG eWallet
ORD13906,2025-09-23,Fashion,Backpack,54,3,162,East Malaysia,Sabah,FPX
ORD13907,2025-08-22,Fashion,Backpack,93,4,372,East Malaysia,Sarawak,TNG eWallet
ORD13908,2025-07-25,Home,Desk Lamp,616,1,616,West Malaysia,Kuala Lumpur,Credit Card
ORD13909,2025-01-30,Fashion,T-Shirt,272,2,544,East Malaysia,Sabah,GrabPay
ORD13910,2025-03-26,Electronics,Smartphone,2545,3,7635,East Malaysia,Sarawak,GrabPay
ORD13911,2025-10-24,Fashion,Sneakers,150,2,300,East Malaysia,Sarawak,Credit Card
ORD13912,2025-08-18,Electronics,Smartwatch,4241,1,4241,West Malaysia,Johor,Credit Card
ORD13913,2025-07-11,Electronics,Laptop,3004,3,9012,East Malaysia,Sabah,Credit Card
ORD13914,2025-06-23,Home,Office Chair,427,3,1281,East Malaysia,Sabah,Credit Card
ORD13915,2025-10-25,Fashion,Backpack,282,3,846,East Malaysia,Sabah,Credit Card
ORD13916,2025-03-11,Fashion,Sunglasses,284,3,852,West Malaysia,Perak,Credit Card
ORD13917,2025-11-28,Home,Air Purifier,347,3,1041,West Malaysia,Kedah,TNG eWallet
ORD13918,2025-08-18,Fashion,Backpack,354,3,1062,West Malaysia,Kedah,GrabPay
ORD13919,2025-02-18,Home,Desk Lamp,734,2,1468,East Malaysia,Sabah,Credit Card
ORD13920,2025-06-03,Electronics,Smartphone,4131,4,16524,West Malaysia,Melaka,GrabPay
ORD13921,2025-02-02,Home,Desk Lamp,534,4,2136,East Malaysia,Sarawak,TNG eWallet
ORD13922,2025-02-18,Fashion,Sneakers,246,1,246,West Malaysia,Penang,TNG eWallet
ORD13923,2025-01-15,Fashion,Backpack,379,1,379,East Malaysia,Sabah,FPX
ORD13924,2025-03-21,Electronics,Smartphone,2191,3,6573,East Malaysia,Sarawak,Credit Card
ORD13925,2025-01-20,Fashion,Backpack,145,4,580,West Malaysia,Kuala Lumpur,TNG eWallet
ORD13926,2025-07-28,Electronics,Smartwatch,2563,3,7689,West Malaysia,Selangor,FPX
ORD13927,2025-09-02,Electronics,Smartwatch,2105,4,8420,West Malaysia,Selangor,FPX
ORD13928,2025-07-18,Fashion,T-Shirt,280,1,280,East Malaysia,Sarawak,GrabPay
ORD13929,2025-01-13,Electronics,Laptop,486,1,486,West Malaysia,Kedah,GrabPay
ORD13930,2025-06-12,Fashion,Sunglasses,372,2,744,West Malaysia,Selangor,Credit Card
ORD13931,2025-06-09,Fashion,Backpack,345,2,690,East Malaysia,Sabah,FPX
ORD13932,2025-04-11,Fashion,Backpack,134,3,402,East Malaysia,Sarawak,TNG eWallet
ORD13933,2025-03-16,Home,Air Purifier,527,1,527,East Malaysia,Sabah,TNG eWallet
ORD13934,2025-03-14,Fashion,T-Shirt,89,1,89,West Malaysia,Kedah,FPX
ORD13935,2025-08-15,Home,Desk Lamp,774,4,3096,East Malaysia,Sarawak,TNG eWallet
ORD13936,2025-04-28,Electronics,Smartphone,3164,4,12656,East Malaysia,Sarawak,GrabPay
ORD13937,2025-04-29,Fashion,Sunglasses,96,1,96,West Malaysia,Pahang,FPX
ORD13938,2025-01-15,Home,Office Chair,612,1,612,West Malaysia,Penang,Credit Card
ORD13939,2025-01-05,Fashion,Sneakers,156,3,468,East Malaysia,Sarawak,FPX
ORD13940,2025-12-13,Fashion,Sunglasses,257,4,1028,West Malaysia,Melaka,GrabPay
ORD13941,2025-10-10,Home,Office Chair,700,3,2100,East Malaysia,Sarawak,Credit Card
ORD13942,2025-08-17,Electronics,Laptop,2952,2,5904,West Malaysia,Johor,FPX
ORD13943,2025-05-23,Fashion,Sneakers,111,1,111,East Malaysia,Sabah,GrabPay
ORD13944,2025-01-16,Home,Air Purifier,570,3,1710,West Malaysia,Melaka,GrabPay
ORD13945,2025-06-18,Fashion,T-Shirt,125,3,375,East Malaysia,Sabah,FPX
ORD13946,2025-03-05,Electronics,Wireless Earbuds,2263,3,6789,East Malaysia,Sarawak,TNG eWallet
ORD13947,2025-02-27,Fashion,Sunglasses,349,3,1047,West Malaysia,Johor,GrabPay
ORD13948,2025-01-19,Home,Coffee Maker,133,3,399,East Malaysia,Sabah,Credit Card
ORD13949,2025-06-07,Electronics,Laptop,3834,2,7668,West Malaysia,Johor,Credit Card
ORD13950,2025-06-22,Fashion,Backpack,220,2,440,West Malaysia,Pahang,GrabPay
ORD13951,2025-08-23,Fashion,T-Shirt,237,2,474,East Malaysia,Sarawak,TNG eWallet
ORD13952,2025-03-22,Electronics,Smartwatch,1509,4,6036,West Malaysia,Kuala Lumpur,FPX
ORD13953,2025-05-03,Fashion,Sunglasses,182,2,364,West Malaysia,Penang,FPX
ORD13954,2025-07-13,Electronics,Wireless Earbuds,2664,4,10656,East Malaysia,Sarawak,GrabPay
ORD13955,2025-01-14,Home,Office Chair,605,2,1210,East Malaysia,Sarawak,TNG eWallet
ORD13956,2025-02-02,Electronics,Smartphone,1406,2,2812,East Malaysia,Sarawak,TNG eWallet
ORD13957,2025-12-30,Home,Desk Lamp,208,3,624,West Malaysia,Kedah,TNG eWallet
ORD13958,2025-08-20,Fashion,Sunglasses,178,2,356,West Malaysia,Melaka,TNG eWallet
ORD13959,2025-01-01,Home,Desk Lamp,271,3,813,East Malaysia,Sarawak,TNG eWallet
ORD13960,2025-01-22,Home,Desk Lamp,395,3,1185,East Malaysia,Sabah,TNG eWallet
ORD13961,2025-04-18,Electronics,Laptop,1654,4,6616,East Malaysia,Sarawak,FPX
ORD13962,2025-06-22,Home,Office Chair,402,4,1608,West Malaysia,Kedah,FPX
ORD13963,2025-11-30,Home,Air Purifier,107,4,428,East Malaysia,Sabah,TNG eWallet
ORD13964,2025-02-22,Home,Desk Lamp,350,3,1050,East Malaysia,Sarawak,GrabPay
ORD13965,2025-07-05,Home,Air Purifier,762,2,1524,East Malaysia,Sarawak,GrabPay
ORD13966,2025-11-01,Fashion,Sunglasses,204,3,612,East Malaysia,Sarawak,FPX
ORD13967,2025-10-12,Fashion,T-Shirt,357,1,357,West Malaysia,Perak,FPX
ORD13968,2025-03-21,Electronics,Smartphone,1906,3,5718,West Malaysia,Pahang,Credit Card
ORD13969,2025-10-14,Home,Coffee Maker,277,1,277,West Malaysia,Perak,Credit Card
ORD13970,2025-11-17,Electronics,Laptop,1780,4,7120,East Malaysia,Sabah,TNG eWallet
ORD13971,2025-10-09,Fashion,Backpack,206,1,206,West Malaysia,Melaka,Credit Card
ORD13972,2025-02-19,Electronics,Laptop,957,1,957,West Malaysia,Perak,FPX
ORD13973,2025-09-03,Home,Office Chair,308,3,924,West Malaysia,Pahang,GrabPay
ORD13974,2025-09-13,Electronics,Laptop,3469,2,6938,East Malaysia,Sarawak,GrabPay
ORD13975,2025-12-22,Electronics,Wireless Earbuds,2117,1,2117,East Malaysia,Sabah,GrabPay
ORD13976,2025-07-23,Electronics,Smartwatch,543,1,543,East Malaysia,Sabah,TNG eWallet
ORD13977,2025-07-28,Home,Office Chair,653,2,1306,East Malaysia,Sarawak,FPX
ORD13978,2025-03-20,Electronics,Laptop,2061,4,8244,East Malaysia,Sarawak,FPX
ORD13979,2025-06-12,Home,Office Chair,105,2,210,East Malaysia,Sabah,FPX
ORD13980,2025-07-17,Home,Coffee Maker,305,1,305,West Malaysia,Kuala Lumpur,Credit Card
ORD13981,2025-05-03,Fashion,Sunglasses,218,4,872,West Malaysia,Kedah,GrabPay
ORD13982,2025-04-19,Electronics,Smartwatch,2140,2,4280,East Malaysia,Sabah,Credit Card
ORD13983,2025-01-08,Electronics,Smartwatch,3602,1,3602,East Malaysia,Sabah,TNG eWallet
ORD13984,2025-06-03,Fashion,Sneakers,273,2,546,West Malaysia,Selangor,FPX
ORD13985,2025-04-12,Home,Air Purifier,197,3,591,West Malaysia,Melaka,Credit Card
ORD13986,2025-11-25,Fashion,Sunglasses,190,2,380,East Malaysia,Sabah,Credit Card
ORD13987,2025-10-24,Electronics,Laptop,3984,3,11952,West Malaysia,Melaka,TNG eWallet
ORD13988,2025-05-30,Fashion,T-Shirt,352,1,352,West Malaysia,Johor,TNG eWallet
ORD13989,2025-04-10,Home,Desk Lamp,489,1,489,East Malaysia,Sabah,Credit Card
ORD13990,2025-08-16,Electronics,Laptop,3362,2,6724,West Malaysia,Melaka,TNG eWallet
ORD13991,2025-07-04,Electronics,Wireless Earbuds,333,2,666,West Malaysia,Penang,Credit Card
ORD13992,2025-01-20,Fashion,Sneakers,152,4,608,West Malaysia,Perak,GrabPay
ORD13993,2025-07-23,Fashion,Sunglasses,169,2,338,East Malaysia,Sabah,GrabPay
ORD13994,2025-08-05,Fashion,Backpack,376,3,1128,West Malaysia,Pahang,Credit Card
ORD13995,2025-05-02,Home,Desk Lamp,737,3,2211,West Malaysia,Pahang,TNG eWallet
ORD13996,2025-04-15,Electronics,Smartwatch,1811,4,7244,West Malaysia,Perak,Credit Card
ORD13997,2025-01-16,Home,Desk Lamp,673,1,673,East Malaysia,Sarawak,FPX
ORD13998,2025-07-24,Electronics,Laptop,2886,1,2886,West Malaysia,Johor,Credit Card
ORD13999,2025-10-26,Home,Coffee Maker,735,2,1470,East Malaysia,Sabah,TNG eWallet
ORD14000,2025-03-08,Electronics,Smartphone,1540,3,4620,West Malaysia,Johor,FPX
ORD14001,2025-11-04,Home,Coffee Maker,764,1,764,East Malaysia,Sarawak,Credit Card
ORD14002,2025-02-05,Home,Air Purifier,332,4,1328,East Malaysia,Sarawak,TNG eWallet
ORD14003,2025-09-26,Home,Coffee Maker,662,2,1324,West Malaysia,Johor,GrabPay
ORD14004,2025-07-04,Electronics,Smartwatch,4048,1,4048,West Malaysia,Johor,Credit Card
ORD14005,2025-03-24,Fashion,Backpack,387,3,1161,West Malaysia,Johor,Credit Card
ORD14006,2025-03-08,Home,Office Chair,753,1,753,West Malaysia,Kuala Lumpur,TNG eWallet
ORD14007,2026-01-01,Home,Air Purifier,270,2,540,West Malaysia,Selangor,FPX
ORD14008,2025-06-22,Home,Desk Lamp,122,2,244,East Malaysia,Sarawak,FPX
ORD14009,2025-02-11,Home,Air Purifier,793,2,1586,East Malaysia,Sarawak,FPX
ORD14010,2025-05-07,Electronics,Smartwatch,2096,4,8384,East Malaysia,Sabah,TNG eWallet
ORD14011,2025-02-05,Fashion,Backpack,169,2,338,West Malaysia,Penang,GrabPay
ORD14012,2025-12-16,Home,Desk Lamp,586,3,1758,East Malaysia,Sabah,TNG eWallet
ORD14013,2025-09-20,Home,Coffee Maker,244,2,488,East Malaysia,Sarawak,FPX
ORD14014,2025-03-14,Electronics,Wireless Earbuds,3673,4,14692,East Malaysia,Sarawak,FPX
ORD14015,2025-04-24,Home,Air Purifier,738,2,1476,West Malaysia,Kedah,FPX
ORD14016,2025-05-26,Fashion,Sunglasses,174,3,522,East Malaysia,Sabah,GrabPay
ORD14017,2025-06-25,Electronics,Smartphone,2105,1,2105,West Malaysia,Pahang,FPX
ORD14018,2025-04-18,Home,Office Chair,472,1,472,East Malaysia,Sarawak,GrabPay
ORD14019,2025-10-28,Electronics,Smartwatch,2918,3,8754,East Malaysia,Sabah,FPX
ORD14020,2025-06-20,Home,Office Chair,247,1,247,East Malaysia,Sarawak,FPX
ORD14021,2025-04-10,Electronics,Laptop,1878,4,7512,West Malaysia,Kuala Lumpur,TNG eWallet
ORD14022,2025-04-25,Home,Air Purifier,216,1,216,East Malaysia,Sabah,Credit Card
ORD14023,2025-08-27,Electronics,Smartphone,2769,1,2769,East Malaysia,Sarawak,TNG eWallet
ORD14024,2025-09-01,Fashion,T-Shirt,159,3,477,West Malaysia,Johor,GrabPay
ORD14025,2025-01-04,Fashion,Backpack,361,4,1444,East Malaysia,Sabah,FPX
ORD14026,2025-05-01,Home,Coffee Maker,242,2,484,East Malaysia,Sarawak,GrabPay
ORD14027,2025-07-27,Electronics,Smartphone,1740,3,5220,West Malaysia,Penang,FPX
ORD14028,2025-09-22,Home,Office Chair,628,2,1256,East Malaysia,Sarawak,Credit Card
ORD14029,2025-01-21,Electronics,Smartwatch,1624,2,3248,East Malaysia,Sabah,Credit Card
ORD14030,2025-05-25,Home,Air Purifier,153,3,459,East Malaysia,Sarawak,GrabPay
ORD14031,2025-09-16,Electronics,Wireless Earbuds,624,3,1872,West Malaysia,Pahang,FPX
ORD14032,2025-03-13,Fashion,Sneakers,155,4,620,West Malaysia,Kuala Lumpur,Credit Card
ORD14033,2025-03-28,Fashion,Sunglasses,77,3,231,East Malaysia,Sabah,TNG eWallet
ORD14034,2025-01-04,Fashion,Sneakers,116,1,116,West Malaysia,Pahang,Credit Card
ORD14035,2025-07-04,Electronics,Wireless Earbuds,2927,3,8781,East Malaysia,Sarawak,GrabPay
ORD14036,2025-02-03,Electronics,Smartwatch,1757,1,1757,West Malaysia,Selangor,TNG eWallet
ORD14037,2025-11-11,Electronics,Wireless Earbuds,1056,2,2112,West Malaysia,Melaka,Credit Card
ORD14038,2025-06-06,Electronics,Smartwatch,2807,1,2807,East Malaysia,Sarawak,TNG eWallet
ORD14039,2025-02-25,Home,Office Chair,159,2,318,West Malaysia,Melaka,TNG eWallet
ORD14040,2025-09-02,Fashion,T-Shirt,148,1,148,West Malaysia,Kuala Lumpur,GrabPay
ORD14041,2025-01-10,Fashion,T-Shirt,203,3,609,East Malaysia,Sarawak,GrabPay
ORD14042,2025-10-31,Electronics,Laptop,4488,4,17952,East Malaysia,Sarawak,GrabPay
ORD14043,2025-12-10,Home,Coffee Maker,129,3,387,East Malaysia,Sabah,FPX
ORD14044,2025-06-13,Home,Air Purifier,435,3,1305,East Malaysia,Sarawak,GrabPay
ORD14045,2025-08-08,Electronics,Laptop,2533,2,5066,West Malaysia,Melaka,FPX
ORD14046,2025-01-11,Fashion,Sunglasses,88,2,176,East Malaysia,Sabah,GrabPay
ORD14047,2025-06-30,Fashion,T-Shirt,280,4,1120,East Malaysia,Sarawak,Credit Card
ORD14048,2025-03-07,Electronics,Smartwatch,3122,3,9366,East Malaysia,Sarawak,FPX
ORD14049,2025-11-07,Electronics,Laptop,589,2,1178,West Malaysia,Kedah,Credit Card
ORD14050,2025-02-02,Fashion,Sneakers,350,2,700,East Malaysia,Sarawak,FPX
ORD14051,2025-12-14,Electronics,Smartwatch,3376,2,6752,West Malaysia,Perak,GrabPay
ORD14052,2025-09-04,Fashion,Backpack,134,2,268,East Malaysia,Sabah,FPX
ORD14053,2025-12-11,Electronics,Smartwatch,4251,1,4251,East Malaysia,Sabah,GrabPay
ORD14054,2025-11-10,Home,Desk Lamp,282,4,1128,East Malaysia,Sarawak,Credit Card
ORD14055,2025-02-22,Fashion,Sunglasses,258,2,516,East Malaysia,Sabah,Credit Card
ORD14056,2025-04-14,Home,Air Purifier,627,4,2508,East Malaysia,Sabah,Credit Card
ORD14057,2025-10-22,Home,Desk Lamp,592,3,1776,West Malaysia,Selangor,GrabPay
ORD14058,2025-05-03,Fashion,Sneakers,235,2,470,East Malaysia,Sarawak,TNG eWallet
ORD14059,2026-01-01,Fashion,Sunglasses,169,1,169,West Malaysia,Melaka,Credit Card
ORD14060,2025-09-26,Home,Office Chair,519,1,519,West Malaysia,Melaka,Credit Card
ORD14061,2025-08-20,Home,Desk Lamp,331,2,662,West Malaysia,Kuala Lumpur,TNG eWallet
ORD14062,2025-08-28,Electronics,Laptop,345,2,690,West Malaysia,Selangor,Credit Card
ORD14063,2025-10-15,Fashion,Backpack,365,1,365,East Malaysia,Sarawak,Credit Card
ORD14064,2025-06-26,Fashion,Sneakers,115,2,230,East Malaysia,Sarawak,GrabPay
ORD14065,2025-09-20,Fashion,Sunglasses,358,3,1074,West Malaysia,Perak,Credit Card
ORD14066,2025-06-01,Fashion,Backpack,370,1,370,West Malaysia,Johor,FPX
ORD14067,2025-06-16,Fashion,T-Shirt,347,3,1041,West Malaysia,Johor,Credit Card
ORD14068,2025-12-07,Home,Coffee Maker,485,3,1455,West Malaysia,Perak,TNG eWallet
ORD14069,2025-09-23,Home,Office Chair,269,4,1076,West Malaysia,Kuala Lumpur,GrabPay
ORD14070,2025-09-03,Home,Desk Lamp,325,3,975,West Malaysia,Kedah,FPX
ORD14071,2025-04-17,Fashion,T-Shirt,302,1,302,East Malaysia,Sabah,TNG eWallet
ORD14072,2025-06-24,Fashion,Sunglasses,74,3,222,East Malaysia,Sarawak,GrabPay
ORD14073,2025-04-15,Fashion,Sunglasses,333,3,999,West Malaysia,Selangor,FPX
ORD14074,2025-08-01,Fashion,Sneakers,217,2,434,East Malaysia,Sabah,TNG eWallet
ORD14075,2025-03-09,Electronics,Smartwatch,1027,3,3081,East Malaysia,Sarawak,Credit Card
ORD14076,2025-12-18,Electronics,Laptop,2235,4,8940,West Malaysia,Kuala Lumpur,FPX
ORD14077,2025-05-23,Fashion,Backpack,302,4,1208,East Malaysia,Sabah,GrabPay
ORD14078,2025-05-22,Home,Office Chair,300,2,600,West Malaysia,Pahang,Credit Card
ORD14079,2025-06-20,Home,Air Purifier,626,3,1878,West Malaysia,Penang,TNG eWallet
ORD14080,2025-07-13,Fashion,Sunglasses,245,3,735,West Malaysia,Penang,GrabPay
ORD14081,2025-10-29,Fashion,T-Shirt,229,3,687,East Malaysia,Sabah,TNG eWallet
ORD14082,2025-09-03,Electronics,Smartwatch,728,2,1456,East Malaysia,Sarawak,TNG eWallet
ORD14083,2025-03-08,Home,Coffee Maker,657,4,2628,West Malaysia,Johor,FPX
ORD14084,2025-12-22,Electronics,Wireless Earbuds,936,2,1872,West Malaysia,Selangor,FPX
ORD14085,2025-04-09,Home,Coffee Maker,182,2,364,East Malaysia,Sarawak,Credit Card
ORD14086,2025-02-20,Fashion,Backpack,111,4,444,West Malaysia,Melaka,FPX
ORD14087,2025-03-18,Fashion,Sneakers,296,1,296,West Malaysia,Pahang,Credit Card
ORD14088,2025-12-12,Fashion,Backpack,395,4,1580,East Malaysia,Sarawak,Credit Card
ORD14089,2025-03-06,Home,Office Chair,270,4,1080,East Malaysia,Sabah,TNG eWallet
ORD14090,2025-12-23,Home,Office Chair,395,2,790,East Malaysia,Sabah,TNG eWallet
ORD14091,2025-12-27,Fashion,Sneakers,336,2,672,East Malaysia,Sarawak,GrabPay
ORD14092,2025-04-22,Electronics,Smartphone,4282,4,17128,West Malaysia,Pahang,GrabPay
ORD14093,2025-08-29,Fashion,T-Shirt,247,2,494,East Malaysia,Sabah,GrabPay
ORD14094,2025-08-01,Home,Desk Lamp,508,4,2032,East Malaysia,Sarawak,TNG eWallet
ORD14095,2025-08-19,Fashion,Sunglasses,135,2,270,East Malaysia,Sabah,TNG eWallet
ORD14096,2025-05-16,Fashion,Sunglasses,185,1,185,East Malaysia,Sabah,TNG eWallet
ORD14097,2025-03-31,Electronics,Laptop,4412,2,8824,East Malaysia,Sarawak,TNG eWallet
ORD14098,2025-04-07,Electronics,Laptop,2806,3,8418,East Malaysia,Sarawak,FPX
ORD14099,2025-11-10,Electronics,Smartwatch,3556,3,10668,East Malaysia,Sabah,GrabPay
ORD14100,2025-10-22,Electronics,Smartphone,3062,3,9186,West Malaysia,Kedah,GrabPay
ORD14101,2025-03-11,Home,Air Purifier,646,2,1292,East Malaysia,Sarawak,FPX
ORD14102,2025-04-30,Electronics,Smartwatch,4092,4,16368,East Malaysia,Sarawak,Credit Card
ORD14103,2025-08-01,Electronics,Smartphone,3232,1,3232,West Malaysia,Johor,Credit Card
ORD14104,2025-10-10,Home,Coffee Maker,795,2,1590,West Malaysia,Kedah,Credit Card
ORD14105,2025-08-15,Home,Air Purifier,185,1,185,West Malaysia,Kuala Lumpur,FPX
ORD14106,2025-03-06,Electronics,Smartphone,4300,3,12900,West Malaysia,Kedah,Credit Card
ORD14107,2025-03-09,Fashion,Backpack,349,1,349,East Malaysia,Sarawak,FPX
ORD14108,2025-09-08,Electronics,Wireless Earbuds,4112,1,4112,West Malaysia,Kuala Lumpur,FPX
ORD14109,2025-10-19,Home,Desk Lamp,784,1,784,West Malaysia,Penang,GrabPay
ORD14110,2025-09-21,Fashion,Sneakers,159,1,159,East Malaysia,Sabah,TNG eWallet
ORD14111,2025-10-21,Home,Office Chair,360,2,720,East Malaysia,Sabah,GrabPay
ORD14112,2025-12-22,Home,Office Chair,706,1,706,East Malaysia,Sarawak,FPX
ORD14113,2025-10-20,Fashion,Backpack,315,4,1260,West Malaysia,Johor,FPX
ORD14114,2025-12-15,Home,Desk Lamp,584,4,2336,East Malaysia,Sabah,GrabPay
ORD14115,2025-11-23,Electronics,Smartwatch,1501,3,4503,East Malaysia,Sabah,FPX
ORD14116,2025-05-28,Fashion,Sunglasses,78,1,78,West Malaysia,Kuala Lumpur,Credit Card
ORD14117,2025-02-10,Home,Desk Lamp,268,3,804,West Malaysia,Kedah,GrabPay
ORD14118,2025-03-14,Home,Office Chair,159,2,318,West Malaysia,Johor,FPX
ORD14119,2025-12-14,Electronics,Laptop,2571,3,7713,West Malaysia,Kedah,TNG eWallet
ORD14120,2025-07-15,Electronics,Wireless Earbuds,2318,2,4636,East Malaysia,Sabah,FPX
ORD14121,2025-09-09,Fashion,Sneakers,383,4,1532,West Malaysia,Selangor,FPX
ORD14122,2025-06-12,Electronics,Smartwatch,3927,4,15708,East Malaysia,Sabah,Credit Card
ORD14123,2025-02-04,Home,Coffee Maker,599,1,599,East Malaysia,Sarawak,TNG eWallet
ORD14124,2025-06-05,Fashion,Sneakers,146,2,292,West Malaysia,Perak,Credit Card
ORD14125,2025-10-18,Home,Desk Lamp,242,4,968,East Malaysia,Sabah,GrabPay
ORD14126,2025-11-09,Fashion,Sneakers,144,4,576,East Malaysia,Sarawak,TNG eWallet
ORD14127,2025-02-22,Home,Office Chair,428,1,428,West Malaysia,Kuala Lumpur,TNG eWallet
ORD14128,2025-03-11,Electronics,Wireless Earbuds,684,1,684,East Malaysia,Sarawak,Credit Card
ORD14129,2025-03-18,Fashion,T-Shirt,278,3,834,East Malaysia,Sabah,TNG eWallet
ORD14130,2025-08-21,Electronics,Laptop,4229,4,16916,West Malaysia,Kuala Lumpur,Credit Card
ORD14131,2025-02-25,Home,Office Chair,552,3,1656,West Malaysia,Perak,GrabPay
ORD14132,2025-12-12,Home,Desk Lamp,414,1,414,East Malaysia,Sabah,Credit Card
ORD14133,2025-04-28,Electronics,Wireless Earbuds,4372,2,8744,West Malaysia,Johor,FPX
ORD14134,2025-05-09,Home,Desk Lamp,365,2,730,West Malaysia,Johor,Credit Card
ORD14135,2025-03-08,Home,Desk Lamp,774,2,1548,West Malaysia,Kuala Lumpur,GrabPay
ORD14136,2025-01-18,Electronics,Laptop,790,3,2370,West Malaysia,Melaka,TNG eWallet
ORD14137,2025-12-28,Electronics,Smartphone,1319,3,3957,East Malaysia,Sabah,Credit Card
ORD14138,2025-04-12,Electronics,Smartwatch,2787,2,5574,West Malaysia,Perak,TNG eWallet
ORD14139,2025-05-18,Fashion,Sneakers,383,3,1149,East Malaysia,Sabah,Credit Card
ORD14140,2025-07-03,Electronics,Wireless Earbuds,2233,1,2233,West Malaysia,Pahang,GrabPay
ORD14141,2025-09-11,Home,Office Chair,626,2,1252,West Malaysia,Johor,FPX
ORD14142,2025-08-28,Electronics,Laptop,2714,4,10856,West Malaysia,Penang,Credit Card
ORD14143,2025-10-30,Electronics,Smartphone,3033,1,3033,East Malaysia,Sabah,TNG eWallet
ORD14144,2025-05-05,Fashion,T-Shirt,170,3,510,East Malaysia,Sarawak,Credit Card
ORD14145,2025-04-13,Fashion,Sneakers,298,3,894,East Malaysia,Sarawak,TNG eWallet
ORD14146,2025-02-11,Fashion,Backpack,364,2,728,East Malaysia,Sarawak,TNG eWallet
ORD14147,2025-01-23,Electronics,Smartphone,4027,4,16108,West Malaysia,Perak,TNG eWallet
ORD14148,2025-03-28,Fashion,Sneakers,284,1,284,East Malaysia,Sarawak,GrabPay
ORD14149,2025-03-12,Electronics,Smartwatch,3116,2,6232,East Malaysia,Sarawak,FPX
ORD14150,2025-09-25,Home,Office Chair,762,1,762,West Malaysia,Perak,GrabPay
ORD14151,2025-10-14,Fashion,Backpack,350,1,350,West Malaysia,Johor,FPX
ORD14152,2025-01-30,Electronics,Wireless Earbuds,3086,2,6172,West Malaysia,Kuala Lumpur,FPX
ORD14153,2025-11-15,Fashion,Backpack,222,2,444,East Malaysia,Sabah,GrabPay
ORD14154,2025-10-23,Electronics,Wireless Earbuds,3873,2,7746,West Malaysia,Johor,FPX
ORD14155,2025-08-18,Electronics,Wireless Earbuds,1629,4,6516,West Malaysia,Selangor,TNG eWallet
ORD14156,2025-10-15,Fashion,T-Shirt,51,3,153,East Malaysia,Sabah,FPX
ORD14157,2025-02-10,Home,Air Purifier,299,4,1196,East Malaysia,Sabah,GrabPay
ORD14158,2025-07-02,Fashion,Sunglasses,306,4,1224,East Malaysia,Sabah,Credit Card
ORD14159,2025-03-16,Home,Office Chair,603,3,1809,East Malaysia,Sarawak,TNG eWallet
ORD14160,2025-02-15,Home,Office Chair,343,2,686,East Malaysia,Sabah,GrabPay
ORD14161,2025-12-02,Electronics,Laptop,1097,4,4388,East Malaysia,Sarawak,TNG eWallet
ORD14162,2025-03-31,Electronics,Smartphone,2593,2,5186,East Malaysia,Sabah,TNG eWallet
ORD14163,2025-02-10,Electronics,Laptop,3756,3,11268,West Malaysia,Kedah,Credit Card
ORD14164,2025-08-21,Fashion,Sunglasses,209,1,209,East Malaysia,Sabah,TNG eWallet
ORD14165,2025-11-06,Fashion,Sneakers,76,3,228,East Malaysia,Sarawak,TNG eWallet
ORD14166,2025-02-16,Fashion,Sneakers,372,4,1488,West Malaysia,Perak,Credit Card
ORD14167,2025-10-18,Home,Coffee Maker,291,1,291,West Malaysia,Johor,Credit Card
ORD14168,2025-09-08,Home,Desk Lamp,413,3,1239,East Malaysia,Sarawak,GrabPay
ORD14169,2025-02-11,Electronics,Smartwatch,1647,4,6588,East Malaysia,Sarawak,GrabPay
ORD14170,2025-03-13,Fashion,T-Shirt,351,2,702,East Malaysia,Sarawak,TNG eWallet
ORD14171,2025-05-16,Home,Desk Lamp,548,1,548,East Malaysia,Sarawak,Credit Card
ORD14172,2025-03-03,Fashion,Backpack,84,3,252,West Malaysia,Penang,Credit Card
ORD14173,2025-01-28,Fashion,Sneakers,369,1,369,East Malaysia,Sarawak,FPX
ORD14174,2025-11-29,Electronics,Smartphone,4035,1,4035,East Malaysia,Sabah,Credit Card
ORD14175,2025-02-06,Electronics,Wireless Earbuds,921,4,3684,East Malaysia,Sabah,TNG eWallet
ORD14176,2025-03-08,Home,Coffee Maker,264,4,1056,East Malaysia,Sarawak,Credit Card
ORD14177,2025-01-19,Electronics,Smartphone,4196,4,16784,West Malaysia,Penang,GrabPay
ORD14178,2025-12-24,Electronics,Wireless Earbuds,2725,3,8175,West Malaysia,Melaka,Credit Card
ORD14179,2025-08-17,Home,Office Chair,539,2,1078,East Malaysia,Sabah,FPX
ORD14180,2025-09-10,Fashion,Sneakers,187,2,374,West Malaysia,Penang,GrabPay
ORD14181,2025-11-12,Fashion,Backpack,366,3,1098,East Malaysia,Sabah,TNG eWallet
ORD14182,2025-04-28,Fashion,Sneakers,179,2,358,East Malaysia,Sarawak,FPX
ORD14183,2025-06-20,Fashion,Sunglasses,104,3,312,West Malaysia,Perak,TNG eWallet
ORD14184,2025-10-20,Electronics,Smartphone,2322,2,4644,East Malaysia,Sarawak,FPX
ORD14185,2025-02-08,Electronics,Wireless Earbuds,2882,1,2882,East Malaysia,Sarawak,Credit Card
ORD14186,2026-01-01,Fashion,Backpack,302,3,906,East Malaysia,Sabah,Credit Card
ORD14187,2025-08-21,Electronics,Wireless Earbuds,1973,3,5919,West Malaysia,Perak,GrabPay
ORD14188,2025-03-26,Home,Office Chair,307,3,921,West Malaysia,Selangor,Credit Card
ORD14189,2025-02-21,Fashion,Sneakers,174,3,522,West Malaysia,Perak,GrabPay
ORD14190,2025-06-01,Home,Air Purifier,707,1,707,West Malaysia,Penang,GrabPay
ORD14191,2025-03-29,Fashion,T-Shirt,242,1,242,West Malaysia,Kuala Lumpur,TNG eWallet
ORD14192,2025-08-21,Home,Office Chair,157,2,314,East Malaysia,Sabah,FPX
ORD14193,2025-03-28,Electronics,Smartphone,3135,2,6270,West Malaysia,Kedah,GrabPay
ORD14194,2025-11-22,Fashion,Sunglasses,214,1,214,East Malaysia,Sarawak,FPX
ORD14195,2025-03-16,Electronics,Wireless Earbuds,3809,2,7618,East Malaysia,Sabah,GrabPay
ORD14196,2025-03-17,Electronics,Smartphone,2370,3,7110,West Malaysia,Pahang,FPX
ORD14197,2025-04-02,Fashion,Backpack,361,1,361,East Malaysia,Sabah,GrabPay
ORD14198,2025-03-18,Home,Coffee Maker,216,2,432,East Malaysia,Sarawak,FPX
ORD14199,2025-01-14,Electronics,Smartwatch,656,4,2624,West Malaysia,Penang,FPX
ORD14200,2025-11-20,Home,Coffee Maker,283,3,849,West Malaysia,Johor,TNG eWallet
ORD14201,2025-01-21,Electronics,Smartwatch,822,3,2466,East Malaysia,Sabah,FPX
ORD14202,2025-09-23,Fashion,Backpack,116,2,232,West Malaysia,Pahang,TNG eWallet
ORD14203,2025-08-23,Fashion,Sneakers,109,1,109,East Malaysia,Sabah,Credit Card
ORD14204,2025-10-24,Electronics,Smartwatch,798,2,1596,East Malaysia,Sarawak,FPX
ORD14205,2025-08-12,Electronics,Smartphone,1992,3,5976,East Malaysia,Sabah,TNG eWallet
ORD14206,2025-10-14,Electronics,Wireless Earbuds,3806,2,7612,East Malaysia,Sarawak,FPX
ORD14207,2025-03-03,Electronics,Smartwatch,3715,1,3715,East Malaysia,Sabah,FPX
ORD14208,2025-09-07,Fashion,Sunglasses,395,3,1185,East Malaysia,Sabah,FPX
ORD14209,2025-11-02,Home,Office Chair,405,2,810,West Malaysia,Melaka,Credit Card
ORD14210,2025-09-06,Home,Desk Lamp,326,4,1304,West Malaysia,Kuala Lumpur,Credit Card
ORD14211,2025-10-29,Electronics,Laptop,839,2,1678,West Malaysia,Penang,GrabPay
ORD14212,2025-12-13,Fashion,Backpack,265,2,530,West Malaysia,Kedah,FPX
ORD14213,2025-04-11,Home,Desk Lamp,634,3,1902,West Malaysia,Melaka,GrabPay
ORD14214,2025-01-02,Electronics,Wireless Earbuds,3777,4,15108,East Malaysia,Sabah,TNG eWallet
ORD14215,2025-04-26,Electronics,Smartwatch,870,1,870,West Malaysia,Perak,GrabPay
ORD14216,2025-10-30,Home,Office Chair,662,4,2648,West Malaysia,Selangor,TNG eWallet
ORD14217,2025-04-08,Home,Office Chair,327,2,654,East Malaysia,Sabah,Credit Card
ORD14218,2025-07-04,Home,Coffee Maker,378,3,1134,East Malaysia,Sabah,Credit Card
ORD14219,2025-04-12,Home,Air Purifier,368,2,736,East Malaysia,Sabah,FPX
ORD14220,2025-05-10,Fashion,T-Shirt,314,3,942,West Malaysia,Penang,TNG eWallet
ORD14221,2025-06-14,Home,Office Chair,304,4,1216,East Malaysia,Sabah,FPX
ORD14222,2025-12-04,Electronics,Smartwatch,4121,4,16484,West Malaysia,Penang,FPX
ORD14223,2025-09-16,Electronics,Smartwatch,1866,2,3732,West Malaysia,Pahang,Credit Card
ORD14224,2025-01-25,Home,Coffee Maker,243,4,972,East Malaysia,Sabah,TNG eWallet
ORD14225,2025-09-27,Fashion,Sneakers,386,3,1158,West Malaysia,Kedah,GrabPay
ORD14226,2025-06-14,Electronics,Wireless Earbuds,2248,4,8992,West Malaysia,Selangor,FPX
ORD14227,2025-08-08,Electronics,Laptop,2083,1,2083,East Malaysia,Sarawak,TNG eWallet
ORD14228,2025-11-25,Fashion,Backpack,300,2,600,East Malaysia,Sarawak,Credit Card
ORD14229,2025-03-26,Home,Office Chair,762,1,762,West Malaysia,Melaka,TNG eWallet
ORD14230,2025-03-05,Home,Desk Lamp,453,4,1812,West Malaysia,Penang,GrabPay
ORD14231,2025-01-24,Electronics,Laptop,1665,3,4995,East Malaysia,Sarawak,TNG eWallet
ORD14232,2025-03-04,Electronics,Wireless Earbuds,3809,4,15236,West Malaysia,Selangor,GrabPay
ORD14233,2025-05-09,Electronics,Laptop,4130,2,8260,East Malaysia,Sabah,FPX
ORD14234,2025-09-26,Fashion,Sneakers,123,1,123,West Malaysia,Kedah,Credit Card
ORD14235,2025-07-23,Fashion,T-Shirt,258,4,1032,East Malaysia,Sabah,GrabPay
ORD14236,2025-09-07,Electronics,Smartphone,762,2,1524,East Malaysia,Sarawak,TNG eWallet
ORD14237,2025-06-08,Electronics,Smartphone,1143,2,2286,West Malaysia,Penang,GrabPay
ORD14238,2025-06-07,Fashion,Sneakers,351,3,1053,East Malaysia,Sabah,TNG eWallet
ORD14239,2025-03-15,Home,Coffee Maker,469,3,1407,West Malaysia,Pahang,FPX
ORD14240,2025-03-22,Electronics,Wireless Earbuds,686,4,2744,West Malaysia,Perak,FPX
ORD14241,2025-08-30,Fashion,Backpack,128,2,256,East Malaysia,Sabah,Credit Card
ORD14242,2025-08-24,Home,Office Chair,115,3,345,West Malaysia,Penang,FPX
ORD14243,2025-02-22,Electronics,Laptop,1550,4,6200,West Malaysia,Pahang,Credit Card
ORD14244,2025-08-19,Home,Office Chair,196,1,196,West Malaysia,Selangor,TNG eWallet
ORD14245,2025-06-06,Home,Coffee Maker,441,3,1323,West Malaysia,Kuala Lumpur,Credit Card
ORD14246,2025-03-29,Electronics,Laptop,3928,4,15712,East Malaysia,Sabah,Credit Card
ORD14247,2025-07-20,Home,Desk Lamp,248,1,248,East Malaysia,Sarawak,Credit Card
ORD14248,2025-06-10,Home,Air Purifier,459,3,1377,East Malaysia,Sarawak,FPX
ORD14249,2025-08-25,Electronics,Smartwatch,3807,2,7614,East Malaysia,Sarawak,GrabPay
ORD14250,2025-02-26,Electronics,Smartphone,852,3,2556,West Malaysia,Selangor,TNG eWallet
ORD14251,2025-06-05,Electronics,Smartphone,3366,3,10098,East Malaysia,Sarawak,Credit Card
ORD14252,2025-12-15,Fashion,Sunglasses,209,2,418,East Malaysia,Sabah,GrabPay
ORD14253,2025-02-01,Electronics,Laptop,1207,2,2414,East Malaysia,Sarawak,Credit Card
ORD14254,2025-10-05,Electronics,Wireless Earbuds,3877,4,15508,West Malaysia,Pahang,Credit Card
ORD14255,2025-04-12,Electronics,Smartwatch,2685,1,2685,East Malaysia,Sabah,Credit Card
ORD14256,2025-06-10,Electronics,Laptop,3397,4,13588,East Malaysia,Sabah,TNG eWallet
ORD14257,2025-04-18,Home,Office Chair,360,1,360,East Malaysia,Sabah,GrabPay
ORD14258,2025-05-02,Fashion,Sneakers,273,4,1092,West Malaysia,Kedah,Credit Card
ORD14259,2025-09-18,Home,Desk Lamp,740,1,740,East Malaysia,Sarawak,TNG eWallet
ORD14260,2025-11-10,Home,Coffee Maker,207,2,414,East Malaysia,Sarawak,TNG eWallet
ORD14261,2025-02-24,Fashion,Sneakers,255,4,1020,East Malaysia,Sabah,TNG eWallet
ORD14262,2025-11-27,Home,Office Chair,132,1,132,West Malaysia,Perak,GrabPay
ORD14263,2025-07-13,Electronics,Laptop,1350,1,1350,West Malaysia,Penang,FPX
ORD14264,2025-10-09,Fashion,Sunglasses,188,4,752,West Malaysia,Melaka,Credit Card
ORD14265,2025-04-29,Home,Coffee Maker,481,2,962,West Malaysia,Kuala Lumpur,GrabPay
ORD14266,2025-07-20,Home,Air Purifier,567,3,1701,West Malaysia,Pahang,Credit Card
ORD14267,2025-02-16,Electronics,Smartphone,424,4,1696,East Malaysia,Sabah,FPX
ORD14268,2025-01-03,Fashion,Sneakers,282,1,282,East Malaysia,Sarawak,Credit Card
ORD14269,2025-07-10,Fashion,Sneakers,84,3,252,West Malaysia,Perak,TNG eWallet
ORD14270,2025-08-22,Fashion,Sunglasses,105,2,210,East Malaysia,Sabah,FPX
ORD14271,2025-11-14,Fashion,Sneakers,159,3,477,East Malaysia,Sabah,FPX
ORD14272,2025-06-19,Home,Office Chair,426,1,426,West Malaysia,Selangor,FPX
ORD14273,2025-03-13,Home,Desk Lamp,259,4,1036,East Malaysia,Sabah,GrabPay
ORD14274,2025-07-09,Home,Desk Lamp,148,3,444,West Malaysia,Perak,FPX
ORD14275,2025-03-27,Home,Air Purifier,794,4,3176,East Malaysia,Sarawak,GrabPay
ORD14276,2025-06-07,Home,Desk Lamp,538,1,538,East Malaysia,Sabah,FPX
ORD14277,2025-04-13,Fashion,Backpack,88,2,176,West Malaysia,Pahang,Credit Card
ORD14278,2025-10-14,Home,Desk Lamp,211,1,211,West Malaysia,Selangor,Credit Card
ORD14279,2025-10-26,Home,Office Chair,597,1,597,East Malaysia,Sarawak,GrabPay
ORD14280,2025-11-13,Electronics,Laptop,3981,3,11943,East Malaysia,Sarawak,GrabPay
ORD14281,2025-04-25,Electronics,Smartwatch,1156,3,3468,West Malaysia,Kedah,GrabPay
ORD14282,2025-05-22,Home,Office Chair,156,1,156,East Malaysia,Sarawak,FPX
ORD14283,2025-01-16,Home,Air Purifier,256,2,512,East Malaysia,Sabah,TNG eWallet
ORD14284,2025-11-13,Home,Desk Lamp,514,2,1028,West Malaysia,Perak,Credit Card
ORD14285,2025-11-19,Home,Office Chair,184,4,736,East Malaysia,Sabah,TNG eWallet
ORD14286,2025-12-11,Fashion,Sunglasses,304,2,608,West Malaysia,Pahang,FPX
ORD14287,2025-05-20,Home,Air Purifier,470,3,1410,East Malaysia,Sabah,FPX
ORD14288,2025-02-28,Fashion,Backpack,376,2,752,East Malaysia,Sarawak,FPX
ORD14289,2025-10-14,Electronics,Smartwatch,903,2,1806,East Malaysia,Sabah,TNG eWallet
ORD14290,2025-08-05,Electronics,Smartphone,493,3,1479,West Malaysia,Selangor,FPX
ORD14291,2025-12-06,Electronics,Smartwatch,2840,1,2840,West Malaysia,Selangor,GrabPay
ORD14292,2025-10-01,Home,Office Chair,673,4,2692,East Malaysia,Sabah,TNG eWallet
ORD14293,2025-07-12,Fashion,Sunglasses,117,2,234,East Malaysia,Sabah,FPX
ORD14294,2025-03-07,Electronics,Smartphone,762,3,2286,East Malaysia,Sarawak,Credit Card
ORD14295,2025-08-13,Electronics,Laptop,1391,1,1391,West Malaysia,Kuala Lumpur,Credit Card
ORD14296,2025-12-02,Home,Air Purifier,483,2,966,East Malaysia,Sarawak,GrabPay
ORD14297,2025-06-20,Fashion,T-Shirt,164,1,164,West Malaysia,Selangor,GrabPay
ORD14298,2025-05-28,Fashion,Sunglasses,74,3,222,West Malaysia,Selangor,Credit Card
ORD14299,2025-12-20,Electronics,Wireless Earbuds,1973,1,1973,West Malaysia,Melaka,Credit Card
ORD14300,2025-01-08,Fashion,T-Shirt,197,2,394,West Malaysia,Melaka,GrabPay
ORD14301,2025-01-11,Fashion,T-Shirt,276,1,276,West Malaysia,Kedah,Credit Card
ORD14302,2025-02-01,Fashion,Backpack,345,1,345,West Malaysia,Kuala Lumpur,GrabPay
ORD14303,2025-05-29,Fashion,Sneakers,350,3,1050,East Malaysia,Sarawak,Credit Card
ORD14304,2025-08-27,Electronics,Laptop,1972,2,3944,West Malaysia,Melaka,FPX
ORD14305,2025-12-24,Electronics,Smartwatch,2047,2,4094,West Malaysia,Perak,Credit Card
ORD14306,2025-07-23,Fashion,Sneakers,135,3,405,West Malaysia,Kuala Lumpur,GrabPay
ORD14307,2025-10-22,Fashion,Sneakers,294,4,1176,East Malaysia,Sabah,Credit Card
ORD14308,2025-10-27,Fashion,Sunglasses,121,1,121,East Malaysia,Sabah,Credit Card
ORD14309,2025-03-07,Fashion,Sneakers,398,4,1592,West Malaysia,Selangor,GrabPay
ORD14310,2025-12-01,Home,Office Chair,300,4,1200,West Malaysia,Kuala Lumpur,TNG eWallet
ORD14311,2025-06-12,Electronics,Smartphone,2432,1,2432,West Malaysia,Melaka,GrabPay
ORD14312,2025-11-30,Electronics,Laptop,2588,4,10352,West Malaysia,Melaka,TNG eWallet
ORD14313,2025-06-15,Home,Office Chair,546,3,1638,West Malaysia,Pahang,GrabPay
ORD14314,2025-08-14,Home,Desk Lamp,170,2,340,West Malaysia,Perak,FPX
ORD14315,2025-06-29,Home,Coffee Maker,620,1,620,West Malaysia,Kuala Lumpur,FPX
ORD14316,2025-08-09,Home,Coffee Maker,463,4,1852,West Malaysia,Perak,Credit Card
ORD14317,2025-12-19,Home,Coffee Maker,437,4,1748,East Malaysia,Sabah,FPX
ORD14318,2025-08-04,Fashion,Backpack,275,2,550,East Malaysia,Sabah,GrabPay
ORD14319,2025-03-17,Fashion,T-Shirt,240,4,960,East Malaysia,Sarawak,TNG eWallet
ORD14320,2025-05-04,Electronics,Wireless Earbuds,3446,1,3446,West Malaysia,Pahang,Credit Card
ORD14321,2025-03-18,Electronics,Wireless Earbuds,4132,3,12396,East Malaysia,Sabah,GrabPay
ORD14322,2025-09-27,Home,Coffee Maker,450,3,1350,East Malaysia,Sarawak,Credit Card
ORD14323,2025-11-12,Home,Coffee Maker,604,1,604,East Malaysia,Sabah,Credit Card
ORD14324,2025-05-17,Fashion,Sneakers,240,1,240,West Malaysia,Pahang,FPX
ORD14325,2025-02-18,Electronics,Wireless Earbuds,4327,1,4327,East Malaysia,Sarawak,FPX
ORD14326,2025-02-20,Home,Air Purifier,113,3,339,East Malaysia,Sarawak,GrabPay
ORD14327,2025-01-19,Electronics,Smartphone,1729,1,1729,West Malaysia,Kuala Lumpur,GrabPay
ORD14328,2025-12-07,Home,Coffee Maker,459,4,1836,East Malaysia,Sabah,FPX
ORD14329,2025-10-05,Electronics,Smartphone,3878,1,3878,East Malaysia,Sabah,TNG eWallet
ORD14330,2025-04-03,Home,Desk Lamp,574,4,2296,West Malaysia,Kuala Lumpur,Credit Card
ORD14331,2025-03-21,Home,Desk Lamp,628,3,1884,West Malaysia,Melaka,FPX
ORD14332,2025-08-13,Fashion,Sunglasses,122,2,244,West Malaysia,Pahang,Credit Card
ORD14333,2025-05-21,Electronics,Laptop,2529,3,7587,West Malaysia,Perak,GrabPay
ORD14334,2025-08-02,Fashion,Sunglasses,149,1,149,West Malaysia,Melaka,Credit Card
ORD14335,2025-05-10,Home,Desk Lamp,737,2,1474,East Malaysia,Sarawak,Credit Card
ORD14336,2025-07-15,Fashion,Sneakers,181,2,362,East Malaysia,Sarawak,Credit Card
ORD14337,2025-07-11,Home,Office Chair,738,1,738,East Malaysia,Sarawak,GrabPay
ORD14338,2025-08-16,Fashion,Backpack,311,4,1244,West Malaysia,Kuala Lumpur,GrabPay
ORD14339,2025-01-29,Fashion,Sunglasses,96,1,96,West Malaysia,Selangor,GrabPay
ORD14340,2025-08-20,Home,Coffee Maker,794,1,794,West Malaysia,Penang,FPX
ORD14341,2025-11-17,Home,Air Purifier,267,4,1068,West Malaysia,Perak,Credit Card
ORD14342,2025-07-11,Electronics,Smartwatch,4408,3,13224,East Malaysia,Sabah,TNG eWallet
ORD14343,2025-07-03,Electronics,Wireless Earbuds,2133,4,8532,East Malaysia,Sabah,GrabPay
ORD14344,2025-02-05,Home,Desk Lamp,654,2,1308,West Malaysia,Pahang,GrabPay
ORD14345,2025-12-03,Electronics,Smartwatch,1576,2,3152,West Malaysia,Kedah,FPX
ORD14346,2025-11-08,Home,Office Chair,210,1,210,West Malaysia,Melaka,Credit Card
ORD14347,2025-05-24,Home,Desk Lamp,162,1,162,West Malaysia,Perak,GrabPay
ORD14348,2025-11-14,Home,Coffee Maker,226,4,904,East Malaysia,Sarawak,Credit Card
ORD14349,2025-12-07,Electronics,Wireless Earbuds,3053,4,12212,East Malaysia,Sarawak,TNG eWallet
ORD14350,2025-06-17,Home,Desk Lamp,274,3,822,East Malaysia,Sabah,GrabPay
ORD14351,2025-10-29,Home,Coffee Maker,677,1,677,East Malaysia,Sarawak,GrabPay
ORD14352,2025-02-20,Fashion,Backpack,368,4,1472,West Malaysia,Melaka,TNG eWallet
ORD14353,2025-11-20,Home,Desk Lamp,240,1,240,East Malaysia,Sabah,FPX
ORD14354,2025-08-06,Home,Air Purifier,519,2,1038,West Malaysia,Pahang,TNG eWallet
ORD14355,2025-02-06,Home,Coffee Maker,436,2,872,West Malaysia,Kedah,Credit Card
ORD14356,2025-09-07,Electronics,Wireless Earbuds,2786,4,11144,West Malaysia,Kuala Lumpur,FPX
ORD14357,2025-12-15,Fashion,Sunglasses,295,1,295,East Malaysia,Sarawak,Credit Card
ORD14358,2025-10-30,Home,Desk Lamp,701,1,701,West Malaysia,Kedah,Credit Card
ORD14359,2025-04-05,Electronics,Laptop,4051,2,8102,West Malaysia,Penang,GrabPay
ORD14360,2025-03-30,Home,Air Purifier,190,3,570,East Malaysia,Sabah,TNG eWallet
ORD14361,2025-09-11,Electronics,Wireless Earbuds,1581,1,1581,West Malaysia,Melaka,FPX
ORD14362,2025-10-13,Home,Coffee Maker,793,1,793,West Malaysia,Penang,GrabPay
ORD14363,2025-08-31,Fashion,T-Shirt,232,4,928,West Malaysia,Perak,GrabPay
ORD14364,2025-12-21,Electronics,Wireless Earbuds,4001,2,8002,East Malaysia,Sabah,GrabPay
ORD14365,2025-05-26,Electronics,Smartwatch,3239,3,9717,West Malaysia,Perak,TNG eWallet
ORD14366,2025-02-03,Fashion,Sneakers,356,3,1068,East Malaysia,Sarawak,TNG eWallet
ORD14367,2025-11-03,Fashion,Backpack,126,2,252,West Malaysia,Selangor,GrabPay
ORD14368,2025-12-26,Electronics,Wireless Earbuds,3865,3,11595,East Malaysia,Sarawak,Credit Card
ORD14369,2025-05-07,Electronics,Laptop,3214,1,3214,West Malaysia,Kuala Lumpur,Credit Card
ORD14370,2025-01-28,Electronics,Smartwatch,2718,4,10872,West Malaysia,Melaka,TNG eWallet
ORD14371,2025-04-23,Fashion,T-Shirt,372,4,1488,West Malaysia,Selangor,Credit Card
ORD14372,2025-07-20,Electronics,Laptop,3606,4,14424,West Malaysia,Kuala Lumpur,FPX
ORD14373,2025-07-29,Home,Coffee Maker,246,4,984,East Malaysia,Sarawak,GrabPay
ORD14374,2025-07-03,Fashion,Backpack,360,3,1080,West Malaysia,Johor,GrabPay
ORD14375,2025-11-16,Electronics,Wireless Earbuds,1947,2,3894,East Malaysia,Sarawak,TNG eWallet
ORD14376,2025-07-10,Fashion,Backpack,113,3,339,East Malaysia,Sabah,Credit Card
ORD14377,2025-04-08,Home,Air Purifier,186,4,744,East Malaysia,Sabah,FPX
ORD14378,2025-10-14,Fashion,Sunglasses,109,4,436,West Malaysia,Pahang,Credit Card
ORD14379,2025-03-28,Fashion,Backpack,361,3,1083,West Malaysia,Melaka,TNG eWallet
ORD14380,2025-06-25,Home,Desk Lamp,166,1,166,East Malaysia,Sarawak,FPX
ORD14381,2025-06-09,Electronics,Laptop,2293,2,4586,West Malaysia,Melaka,FPX
ORD14382,2025-11-29,Fashion,Sunglasses,205,1,205,West Malaysia,Melaka,Credit Card
ORD14383,2025-06-05,Fashion,Backpack,297,4,1188,West Malaysia,Kedah,FPX
ORD14384,2026-01-01,Home,Desk Lamp,786,2,1572,West Malaysia,Selangor,TNG eWallet
ORD14385,2025-07-23,Home,Office Chair,204,2,408,East Malaysia,Sarawak,TNG eWallet
ORD14386,2025-04-24,Electronics,Smartwatch,2616,3,7848,West Malaysia,Kuala Lumpur,Credit Card
ORD14387,2025-10-13,Home,Office Chair,156,2,312,West Malaysia,Penang,FPX
ORD14388,2025-12-20,Electronics,Laptop,3649,3,10947,East Malaysia,Sabah,TNG eWallet
ORD14389,2025-03-03,Electronics,Smartphone,3257,2,6514,West Malaysia,Kedah,Credit Card
ORD14390,2025-06-19,Fashion,Sunglasses,368,3,1104,West Malaysia,Kuala Lumpur,GrabPay
ORD14391,2025-01-04,Electronics,Smartwatch,1201,3,3603,East Malaysia,Sarawak,FPX
ORD14392,2025-06-30,Electronics,Smartwatch,2757,2,5514,West Malaysia,Kuala Lumpur,Credit Card
ORD14393,2025-01-02,Electronics,Smartphone,1570,4,6280,West Malaysia,Melaka,Credit Card
ORD14394,2025-07-14,Home,Air Purifier,619,1,619,East Malaysia,Sabah,Credit Card
ORD14395,2025-12-30,Home,Desk Lamp,459,3,1377,East Malaysia,Sarawak,FPX
ORD14396,2025-02-03,Home,Air Purifier,333,3,999,West Malaysia,Pahang,GrabPay
ORD14397,2025-12-23,Home,Office Chair,170,4,680,East Malaysia,Sarawak,FPX
ORD14398,2025-01-09,Home,Desk Lamp,384,2,768,East Malaysia,Sarawak,Credit Card
ORD14399,2025-07-24,Fashion,Backpack,259,1,259,East Malaysia,Sarawak,GrabPay
ORD14400,2025-04-16,Electronics,Smartphone,2467,4,9868,East Malaysia,Sabah,TNG eWallet
ORD14401,2025-04-23,Electronics,Smartwatch,639,3,1917,West Malaysia,Selangor,Credit Card
ORD14402,2025-02-14,Fashion,Sneakers,395,4,1580,East Malaysia,Sabah,FPX
ORD14403,2025-11-04,Home,Coffee Maker,100,4,400,West Malaysia,Kedah,Credit Card
ORD14404,2025-10-22,Electronics,Smartphone,2201,2,4402,West Malaysia,Perak,TNG eWallet
ORD14405,2025-04-26,Electronics,Laptop,3792,2,7584,West Malaysia,Melaka,Credit Card
ORD14406,2025-05-03,Fashion,Sneakers,128,3,384,East Malaysia,Sarawak,TNG eWallet
ORD14407,2025-08-27,Home,Air Purifier,211,1,211,East Malaysia,Sabah,TNG eWallet
ORD14408,2025-07-02,Home,Desk Lamp,683,2,1366,West Malaysia,Johor,GrabPay
ORD14409,2025-03-14,Fashion,Sunglasses,200,1,200,East Malaysia,Sabah,TNG eWallet
ORD14410,2025-04-15,Electronics,Smartwatch,1849,2,3698,West Malaysia,Melaka,TNG eWallet
ORD14411,2025-01-19,Fashion,Backpack,138,2,276,West Malaysia,Perak,TNG eWallet
ORD14412,2025-11-27,Fashion,Sneakers,65,1,65,West Malaysia,Melaka,FPX
ORD14413,2025-04-05,Electronics,Smartphone,2948,3,8844,East Malaysia,Sarawak,TNG eWallet
ORD14414,2025-06-23,Fashion,T-Shirt,365,3,1095,West Malaysia,Kuala Lumpur,Credit Card
ORD14415,2025-07-27,Fashion,Sunglasses,250,4,1000,West Malaysia,Johor,GrabPay
ORD14416,2025-05-12,Electronics,Smartwatch,3039,3,9117,East Malaysia,Sarawak,GrabPay
ORD14417,2025-02-22,Home,Air Purifier,790,2,1580,East Malaysia,Sabah,Credit Card
ORD14418,2025-10-17,Home,Coffee Maker,706,3,2118,East Malaysia,Sarawak,FPX
ORD14419,2025-10-09,Home,Air Purifier,518,2,1036,West Malaysia,Kedah,FPX
ORD14420,2025-06-09,Home,Desk Lamp,682,3,2046,East Malaysia,Sabah,FPX
ORD14421,2025-09-10,Home,Air Purifier,633,2,1266,West Malaysia,Kuala Lumpur,GrabPay
ORD14422,2025-10-02,Home,Desk Lamp,678,1,678,East Malaysia,Sabah,FPX
ORD14423,2025-06-26,Electronics,Smartphone,1381,2,2762,West Malaysia,Melaka,GrabPay
ORD14424,2025-10-29,Fashion,T-Shirt,222,1,222,West Malaysia,Penang,FPX
ORD14425,2025-03-24,Home,Office Chair,521,2,1042,East Malaysia,Sabah,TNG eWallet
ORD14426,2025-03-30,Fashion,Sunglasses,232,2,464,West Malaysia,Pahang,GrabPay
ORD14427,2025-05-14,Fashion,T-Shirt,383,4,1532,East Malaysia,Sarawak,TNG eWallet
ORD14428,2025-01-14,Fashion,Backpack,80,2,160,East Malaysia,Sabah,GrabPay
ORD14429,2025-03-28,Home,Air Purifier,190,1,190,East Malaysia,Sarawak,GrabPay
ORD14430,2025-09-13,Fashion,Backpack,243,4,972,West Malaysia,Kuala Lumpur,GrabPay
ORD14431,2025-11-02,Home,Desk Lamp,477,3,1431,West Malaysia,Kuala Lumpur,GrabPay
ORD14432,2025-03-18,Electronics,Smartwatch,2480,1,2480,East Malaysia,Sabah,FPX
ORD14433,2025-12-21,Home,Coffee Maker,632,2,1264,East Malaysia,Sarawak,FPX
ORD14434,2025-05-07,Home,Coffee Maker,181,1,181,East Malaysia,Sarawak,TNG eWallet
ORD14435,2025-07-04,Electronics,Smartwatch,3751,2,7502,West Malaysia,Kedah,Credit Card
ORD14436,2025-07-27,Electronics,Smartphone,4419,2,8838,East Malaysia,Sabah,GrabPay
ORD14437,2025-02-01,Home,Air Purifier,254,4,1016,East Malaysia,Sarawak,TNG eWallet
ORD14438,2025-06-22,Electronics,Wireless Earbuds,3580,2,7160,West Malaysia,Perak,GrabPay
ORD14439,2025-04-22,Fashion,Sunglasses,130,1,130,East Malaysia,Sarawak,FPX
ORD14440,2025-04-07,Electronics,Laptop,2654,3,7962,East Malaysia,Sabah,GrabPay
ORD14441,2025-12-25,Home,Air Purifier,225,4,900,West Malaysia,Perak,TNG eWallet
ORD14442,2025-09-11,Home,Desk Lamp,504,1,504,West Malaysia,Kuala Lumpur,Credit Card
ORD14443,2025-03-03,Electronics,Wireless Earbuds,2555,2,5110,East Malaysia,Sarawak,FPX
ORD14444,2025-04-04,Home,Air Purifier,631,1,631,East Malaysia,Sarawak,GrabPay
ORD14445,2025-08-25,Home,Air Purifier,562,3,1686,West Malaysia,Perak,Credit Card
ORD14446,2025-09-24,Home,Coffee Maker,431,1,431,East Malaysia,Sabah,FPX
ORD14447,2025-03-16,Fashion,Backpack,258,4,1032,East Malaysia,Sarawak,GrabPay
ORD14448,2025-07-23,Home,Coffee Maker,544,1,544,West Malaysia,Selangor,FPX
ORD14449,2025-10-31,Electronics,Laptop,3133,4,12532,East Malaysia,Sabah,GrabPay
ORD14450,2025-05-20,Fashion,Sunglasses,126,2,252,East Malaysia,Sabah,FPX
ORD14451,2025-08-31,Fashion,Sneakers,88,3,264,East Malaysia,Sabah,FPX
ORD14452,2025-05-11,Fashion,Sunglasses,83,4,332,West Malaysia,Perak,Credit Card
ORD14453,2025-05-16,Fashion,Sunglasses,154,1,154,East Malaysia,Sarawak,FPX
ORD14454,2025-05-18,Electronics,Smartwatch,2893,4,11572,West Malaysia,Penang,FPX
ORD14455,2025-09-09,Fashion,Backpack,304,1,304,East Malaysia,Sarawak,TNG eWallet
ORD14456,2025-07-05,Electronics,Wireless Earbuds,3432,1,3432,East Malaysia,Sarawak,Credit Card
ORD14457,2025-10-08,Fashion,Sunglasses,207,4,828,West Malaysia,Kuala Lumpur,Credit Card
ORD14458,2025-02-07,Electronics,Smartphone,548,2,1096,East Malaysia,Sabah,Credit Card
ORD14459,2025-04-14,Fashion,Backpack,205,2,410,West Malaysia,Melaka,FPX
ORD14460,2025-11-25,Home,Coffee Maker,363,3,1089,West Malaysia,Kedah,FPX
ORD14461,2025-10-09,Electronics,Smartwatch,1360,1,1360,West Malaysia,Penang,GrabPay
ORD14462,2025-02-03,Fashion,Sunglasses,209,3,627,East Malaysia,Sabah,FPX
ORD14463,2025-08-19,Home,Air Purifier,452,3,1356,East Malaysia,Sarawak,Credit Card
ORD14464,2025-05-17,Fashion,T-Shirt,133,4,532,West Malaysia,Melaka,TNG eWallet
ORD14465,2025-10-09,Home,Coffee Maker,791,2,1582,West Malaysia,Johor,FPX
ORD14466,2025-10-01,Home,Air Purifier,683,1,683,East Malaysia,Sabah,FPX
ORD14467,2025-05-22,Electronics,Smartphone,2272,1,2272,West Malaysia,Melaka,TNG eWallet
ORD14468,2025-01-03,Electronics,Laptop,4420,1,4420,West Malaysia,Johor,FPX
ORD14469,2025-07-18,Electronics,Laptop,1862,1,1862,East Malaysia,Sarawak,GrabPay
ORD14470,2025-12-29,Electronics,Smartphone,3922,3,11766,East Malaysia,Sarawak,FPX
ORD14471,2025-05-16,Home,Desk Lamp,119,2,238,East Malaysia,Sarawak,GrabPay
ORD14472,2025-04-22,Home,Office Chair,570,2,1140,East Malaysia,Sabah,TNG eWallet
ORD14473,2025-10-05,Fashion,Backpack,130,4,520,East Malaysia,Sabah,FPX
ORD14474,2025-09-09,Electronics,Smartwatch,750,3,2250,East Malaysia,Sabah,Credit Card
ORD14475,2025-11-01,Home,Office Chair,569,3,1707,West Malaysia,Penang,Credit Card
ORD14476,2025-02-28,Home,Air Purifier,752,2,1504,East Malaysia,Sarawak,Credit Card
ORD14477,2025-09-16,Home,Office Chair,591,4,2364,West Malaysia,Kedah,GrabPay
ORD14478,2025-01-21,Fashion,T-Shirt,241,1,241,West Malaysia,Melaka,TNG eWallet
ORD14479,2025-06-26,Home,Air Purifier,249,2,498,East Malaysia,Sarawak,GrabPay
ORD14480,2025-06-19,Fashion,T-Shirt,139,4,556,West Malaysia,Penang,GrabPay
ORD14481,2025-07-08,Fashion,Sunglasses,356,2,712,East Malaysia,Sabah,TNG eWallet
ORD14482,2025-09-14,Home,Coffee Maker,365,3,1095,East Malaysia,Sarawak,TNG eWallet
ORD14483,2025-01-08,Fashion,Sneakers,202,1,202,West Malaysia,Johor,Credit Card
ORD14484,2025-04-15,Home,Coffee Maker,369,2,738,West Malaysia,Penang,TNG eWallet
ORD14485,2025-04-21,Fashion,T-Shirt,368,1,368,West Malaysia,Pahang,Credit Card
ORD14486,2025-03-14,Home,Office Chair,685,1,685,East Malaysia,Sarawak,GrabPay
ORD14487,2025-05-15,Fashion,Sunglasses,243,1,243,East Malaysia,Sabah,GrabPay
ORD14488,2025-01-19,Home,Desk Lamp,582,2,1164,West Malaysia,Perak,GrabPay
ORD14489,2025-03-29,Fashion,T-Shirt,139,4,556,East Malaysia,Sabah,TNG eWallet
ORD14490,2025-03-19,Home,Coffee Maker,524,1,524,West Malaysia,Selangor,FPX
ORD14491,2025-02-24,Fashion,Backpack,273,2,546,East Malaysia,Sabah,Credit Card
ORD14492,2025-09-09,Electronics,Laptop,656,4,2624,West Malaysia,Melaka,FPX
ORD14493,2025-05-11,Electronics,Smartphone,3833,3,11499,East Malaysia,Sabah,TNG eWallet
ORD14494,2025-02-14,Electronics,Laptop,3703,4,14812,East Malaysia,Sarawak,GrabPay
ORD14495,2025-08-26,Fashion,Sunglasses,70,4,280,West Malaysia,Johor,GrabPay
ORD14496,2025-10-20,Electronics,Laptop,2587,2,5174,West Malaysia,Selangor,FPX
ORD14497,2025-01-30,Fashion,Sneakers,276,1,276,West Malaysia,Johor,TNG eWallet
ORD14498,2025-03-19,Home,Air Purifier,752,2,1504,West Malaysia,Penang,GrabPay
ORD14499,2025-10-08,Electronics,Smartwatch,2693,4,10772,East Malaysia,Sarawak,Credit Card
ORD14500,2025-01-24,Home,Office Chair,412,1,412,West Malaysia,Penang,TNG eWallet
ORD14501,2025-03-20,Electronics,Laptop,4438,4,17752,East Malaysia,Sabah,GrabPay
ORD14502,2025-03-23,Fashion,T-Shirt,258,3,774,East Malaysia,Sabah,GrabPay
ORD14503,2025-04-29,Fashion,Sunglasses,388,4,1552,East Malaysia,Sarawak,Credit Card
ORD14504,2025-09-01,Electronics,Wireless Earbuds,435,4,1740,East Malaysia,Sarawak,Credit Card
ORD14505,2025-08-31,Home,Air Purifier,255,3,765,West Malaysia,Penang,FPX
ORD14506,2025-08-10,Electronics,Wireless Earbuds,3371,1,3371,East Malaysia,Sarawak,TNG eWallet
ORD14507,2025-11-17,Home,Office Chair,285,4,1140,East Malaysia,Sabah,FPX
ORD14508,2025-06-17,Fashion,T-Shirt,301,3,903,East Malaysia,Sarawak,GrabPay
ORD14509,2025-11-14,Fashion,Backpack,302,4,1208,East Malaysia,Sarawak,TNG eWallet
ORD14510,2025-11-02,Electronics,Smartphone,3315,2,6630,West Malaysia,Perak,FPX
ORD14511,2025-05-06,Electronics,Smartwatch,2280,2,4560,East Malaysia,Sarawak,GrabPay
ORD14512,2025-04-27,Home,Air Purifier,261,1,261,West Malaysia,Kuala Lumpur,TNG eWallet
ORD14513,2025-06-06,Electronics,Smartwatch,4217,4,16868,East Malaysia,Sabah,GrabPay
ORD14514,2025-02-12,Home,Desk Lamp,533,3,1599,East Malaysia,Sarawak,FPX
ORD14515,2025-11-01,Fashion,Backpack,174,3,522,West Malaysia,Pahang,GrabPay
ORD14516,2025-04-20,Electronics,Laptop,1626,2,3252,East Malaysia,Sabah,TNG eWallet
ORD14517,2025-04-08,Electronics,Smartphone,2733,1,2733,East Malaysia,Sabah,FPX
ORD14518,2025-10-14,Home,Coffee Maker,413,2,826,West Malaysia,Melaka,FPX
ORD14519,2025-08-19,Fashion,T-Shirt,111,1,111,East Malaysia,Sarawak,TNG eWallet
ORD14520,2025-06-12,Electronics,Smartwatch,933,4,3732,West Malaysia,Kuala Lumpur,FPX
ORD14521,2025-07-10,Electronics,Smartwatch,3459,4,13836,East Malaysia,Sarawak,GrabPay
ORD14522,2025-03-13,Electronics,Laptop,3216,2,6432,West Malaysia,Penang,Credit Card
ORD14523,2025-01-06,Electronics,Smartwatch,1082,4,4328,East Malaysia,Sarawak,FPX
ORD14524,2025-09-28,Fashion,Sneakers,67,2,134,East Malaysia,Sabah,GrabPay
ORD14525,2025-02-16,Home,Desk Lamp,542,3,1626,West Malaysia,Perak,TNG eWallet
ORD14526,2025-07-27,Fashion,Backpack,312,4,1248,East Malaysia,Sabah,GrabPay
ORD14527,2025-10-21,Fashion,Sneakers,111,2,222,East Malaysia,Sabah,Credit Card
ORD14528,2025-07-05,Fashion,Sneakers,190,4,760,West Malaysia,Kedah,GrabPay
ORD14529,2025-08-14,Home,Desk Lamp,143,3,429,East Malaysia,Sabah,FPX
ORD14530,2025-09-18,Home,Air Purifier,528,2,1056,East Malaysia,Sabah,Credit Card
ORD14531,2025-06-16,Fashion,Backpack,361,1,361,East Malaysia,Sabah,Credit Card
ORD14532,2025-08-15,Fashion,Sneakers,119,3,357,East Malaysia,Sabah,TNG eWallet
ORD14533,2025-07-31,Fashion,Sneakers,91,3,273,West Malaysia,Kedah,GrabPay
ORD14534,2025-06-26,Fashion,Backpack,347,2,694,West Malaysia,Perak,GrabPay
ORD14535,2025-09-28,Fashion,T-Shirt,263,2,526,West Malaysia,Penang,Credit Card
ORD14536,2025-12-12,Home,Air Purifier,754,3,2262,West Malaysia,Pahang,TNG eWallet
ORD14537,2025-06-08,Fashion,Backpack,363,2,726,East Malaysia,Sabah,TNG eWallet
ORD14538,2025-07-07,Home,Air Purifier,440,1,440,East Malaysia,Sarawak,FPX
ORD14539,2025-06-15,Fashion,Sunglasses,366,3,1098,East Malaysia,Sarawak,Credit Card
ORD14540,2025-06-20,Fashion,Sneakers,281,1,281,East Malaysia,Sarawak,Credit Card
ORD14541,2025-03-14,Electronics,Wireless Earbuds,3532,3,10596,West Malaysia,Perak,TNG eWallet
ORD14542,2025-05-20,Home,Coffee Maker,132,1,132,East Malaysia,Sarawak,Credit Card
ORD14543,2025-02-17,Home,Desk Lamp,542,1,542,West Malaysia,Pahang,FPX
ORD14544,2025-10-28,Home,Desk Lamp,243,3,729,West Malaysia,Penang,TNG eWallet
ORD14545,2025-02-20,Electronics,Wireless Earbuds,2145,3,6435,East Malaysia,Sabah,TNG eWallet
ORD14546,2025-02-01,Home,Air Purifier,471,2,942,West Malaysia,Perak,TNG eWallet
ORD14547,2025-07-11,Electronics,Smartphone,3894,4,15576,West Malaysia,Melaka,TNG eWallet
ORD14548,2025-12-23,Electronics,Smartwatch,3399,4,13596,West Malaysia,Johor,GrabPay
ORD14549,2025-06-01,Home,Coffee Maker,484,2,968,West Malaysia,Selangor,GrabPay
ORD14550,2025-12-01,Home,Desk Lamp,162,1,162,East Malaysia,Sarawak,TNG eWallet
ORD14551,2025-10-10,Home,Coffee Maker,505,1,505,East Malaysia,Sarawak,Credit Card
ORD14552,2025-06-30,Electronics,Wireless Earbuds,1590,2,3180,West Malaysia,Johor,TNG eWallet
ORD14553,2025-06-09,Fashion,Sunglasses,272,2,544,West Malaysia,Kedah,FPX
ORD14554,2025-12-21,Fashion,Sneakers,369,1,369,East Malaysia,Sarawak,FPX
ORD14555,2025-02-16,Home,Air Purifier,686,2,1372,East Malaysia,Sarawak,FPX
ORD14556,2025-06-24,Home,Desk Lamp,200,3,600,West Malaysia,Selangor,TNG eWallet
ORD14557,2025-09-15,Fashion,T-Shirt,196,2,392,West Malaysia,Melaka,Credit Card
ORD14558,2025-09-07,Home,Desk Lamp,327,2,654,East Malaysia,Sarawak,Credit Card
ORD14559,2025-12-06,Home,Office Chair,604,1,604,East Malaysia,Sabah,Credit Card
ORD14560,2025-06-05,Electronics,Laptop,3791,4,15164,East Malaysia,Sabah,TNG eWallet
ORD14561,2025-01-20,Fashion,Sneakers,207,3,621,West Malaysia,Melaka,TNG eWallet
ORD14562,2025-04-06,Electronics,Laptop,1037,3,3111,West Malaysia,Melaka,GrabPay
ORD14563,2025-07-26,Home,Air Purifier,131,4,524,East Malaysia,Sarawak,GrabPay
ORD14564,2025-06-29,Electronics,Laptop,2434,4,9736,East Malaysia,Sabah,FPX
ORD14565,2025-10-16,Electronics,Smartwatch,4111,2,8222,West Malaysia,Selangor,FPX
ORD14566,2025-08-31,Electronics,Wireless Earbuds,3881,3,11643,East Malaysia,Sarawak,FPX
ORD14567,2025-04-02,Fashion,T-Shirt,55,4,220,East Malaysia,Sabah,TNG eWallet
ORD14568,2025-12-16,Electronics,Smartphone,3036,2,6072,West Malaysia,Johor,Credit Card
ORD14569,2025-06-30,Fashion,Sunglasses,251,1,251,West Malaysia,Selangor,TNG eWallet
ORD14570,2025-12-04,Fashion,Sunglasses,247,4,988,West Malaysia,Kedah,GrabPay
ORD14571,2025-08-24,Fashion,Sneakers,342,2,684,East Malaysia,Sarawak,GrabPay
ORD14572,2025-02-08,Electronics,Wireless Earbuds,2576,1,2576,West Malaysia,Selangor,FPX
ORD14573,2025-10-12,Home,Coffee Maker,213,2,426,East Malaysia,Sabah,FPX
ORD14574,2025-06-10,Fashion,Sunglasses,135,4,540,East Malaysia,Sabah,TNG eWallet
ORD14575,2025-11-14,Fashion,Sneakers,299,3,897,West Malaysia,Kuala Lumpur,FPX
ORD14576,2025-08-10,Electronics,Smartwatch,4152,4,16608,West Malaysia,Melaka,Credit Card
ORD14577,2025-12-11,Home,Desk Lamp,278,3,834,East Malaysia,Sabah,Credit Card
ORD14578,2025-11-01,Home,Air Purifier,100,2,200,East Malaysia,Sarawak,GrabPay
ORD14579,2025-01-20,Electronics,Smartwatch,1649,1,1649,West Malaysia,Penang,TNG eWallet
ORD14580,2025-11-09,Home,Coffee Maker,656,4,2624,East Malaysia,Sarawak,TNG eWallet
ORD14581,2025-07-04,Electronics,Smartphone,4281,1,4281,West Malaysia,Perak,FPX
ORD14582,2025-01-31,Fashion,Sunglasses,343,2,686,East Malaysia,Sabah,FPX
ORD14583,2025-06-30,Home,Office Chair,572,1,572,West Malaysia,Melaka,Credit Card
ORD14584,2025-10-17,Home,Coffee Maker,745,3,2235,East Malaysia,Sarawak,TNG eWallet
ORD14585,2025-12-20,Electronics,Smartwatch,3642,3,10926,East Malaysia,Sarawak,FPX
ORD14586,2025-02-09,Fashion,Sunglasses,234,4,936,East Malaysia,Sarawak,FPX
ORD14587,2025-02-14,Electronics,Smartphone,591,1,591,East Malaysia,Sabah,TNG eWallet
ORD14588,2025-10-24,Home,Air Purifier,290,3,870,East Malaysia,Sabah,TNG eWallet
ORD14589,2025-03-01,Electronics,Laptop,2094,1,2094,East Malaysia,Sarawak,FPX
ORD14590,2025-08-11,Home,Coffee Maker,505,3,1515,East Malaysia,Sabah,Credit Card
ORD14591,2025-04-28,Home,Desk Lamp,758,4,3032,West Malaysia,Kedah,GrabPay
ORD14592,2025-08-04,Home,Air Purifier,797,2,1594,West Malaysia,Kedah,GrabPay
ORD14593,2025-02-08,Electronics,Smartwatch,4099,1,4099,East Malaysia,Sarawak,Credit Card
ORD14594,2025-09-02,Electronics,Smartphone,1828,3,5484,East Malaysia,Sarawak,Credit Card
ORD14595,2025-10-08,Fashion,Sneakers,213,4,852,East Malaysia,Sabah,TNG eWallet
ORD14596,2025-03-05,Home,Coffee Maker,349,1,349,West Malaysia,Johor,Credit Card
ORD14597,2025-07-10,Home,Coffee Maker,682,4,2728,West Malaysia,Kedah,FPX
ORD14598,2025-05-28,Home,Desk Lamp,559,3,1677,East Malaysia,Sarawak,FPX
ORD14599,2025-06-04,Electronics,Wireless Earbuds,2144,4,8576,East Malaysia,Sarawak,TNG eWallet
ORD14600,2025-06-10,Home,Air Purifier,366,2,732,West Malaysia,Kedah,Credit Card
ORD14601,2025-04-11,Fashion,Sneakers,102,2,204,West Malaysia,Pahang,Credit Card
ORD14602,2025-07-01,Fashion,Backpack,275,4,1100,West Malaysia,Kedah,FPX
ORD14603,2025-02-09,Home,Air Purifier,585,2,1170,East Malaysia,Sabah,TNG eWallet
ORD14604,2025-05-24,Fashion,Sunglasses,280,4,1120,East Malaysia,Sabah,TNG eWallet
ORD14605,2025-03-04,Fashion,Sneakers,67,1,67,East Malaysia,Sabah,Credit Card
ORD14606,2025-05-29,Fashion,Sneakers,289,4,1156,East Malaysia,Sabah,TNG eWallet
ORD14607,2025-03-20,Fashion,Sneakers,302,1,302,West Malaysia,Pahang,GrabPay
ORD14608,2025-03-26,Fashion,Sneakers,237,1,237,East Malaysia,Sabah,TNG eWallet
ORD14609,2025-08-30,Fashion,T-Shirt,176,1,176,East Malaysia,Sabah,Credit Card
ORD14610,2025-12-27,Home,Air Purifier,168,4,672,East Malaysia,Sabah,Credit Card
ORD14611,2025-10-19,Home,Office Chair,493,1,493,East Malaysia,Sarawak,TNG eWallet
ORD14612,2025-11-18,Electronics,Laptop,477,3,1431,East Malaysia,Sarawak,TNG eWallet
ORD14613,2025-08-03,Electronics,Laptop,457,1,457,East Malaysia,Sarawak,TNG eWallet
ORD14614,2025-01-30,Fashion,Sunglasses,51,1,51,East Malaysia,Sarawak,TNG eWallet
ORD14615,2025-11-01,Home,Air Purifier,775,4,3100,West Malaysia,Kuala Lumpur,GrabPay
ORD14616,2025-09-04,Electronics,Wireless Earbuds,2768,4,11072,West Malaysia,Selangor,TNG eWallet
ORD14617,2025-08-26,Fashion,Sunglasses,254,1,254,East Malaysia,Sarawak,Credit Card
ORD14618,2025-08-25,Home,Coffee Maker,631,1,631,East Malaysia,Sabah,GrabPay
ORD14619,2025-12-23,Home,Desk Lamp,115,1,115,East Malaysia,Sabah,TNG eWallet
ORD14620,2025-09-19,Fashion,Backpack,266,4,1064,East Malaysia,Sabah,GrabPay
ORD14621,2025-11-11,Fashion,Sneakers,164,3,492,East Malaysia,Sarawak,Credit Card
ORD14622,2025-01-14,Electronics,Smartwatch,3202,2,6404,West Malaysia,Kedah,GrabPay
ORD14623,2025-06-20,Home,Desk Lamp,511,1,511,West Malaysia,Melaka,Credit Card
ORD14624,2025-02-11,Electronics,Smartphone,4387,2,8774,West Malaysia,Kedah,FPX
ORD14625,2025-02-03,Home,Coffee Maker,787,1,787,East Malaysia,Sabah,FPX
ORD14626,2025-02-01,Home,Office Chair,112,3,336,East Malaysia,Sarawak,Credit Card
ORD14627,2025-07-03,Electronics,Laptop,1930,1,1930,East Malaysia,Sabah,TNG eWallet
ORD14628,2025-05-13,Electronics,Smartphone,658,4,2632,East Malaysia,Sarawak,FPX
ORD14629,2025-10-07,Electronics,Smartphone,2583,4,10332,West Malaysia,Perak,Credit Card
ORD14630,2025-09-28,Home,Air Purifier,793,1,793,East Malaysia,Sabah,TNG eWallet
ORD14631,2025-10-29,Electronics,Smartwatch,1815,2,3630,East Malaysia,Sabah,FPX
ORD14632,2025-02-19,Fashion,Sunglasses,358,2,716,West Malaysia,Perak,GrabPay
ORD14633,2025-06-14,Fashion,T-Shirt,205,2,410,East Malaysia,Sabah,TNG eWallet
ORD14634,2025-08-06,Home,Coffee Maker,215,4,860,East Malaysia,Sabah,FPX
ORD14635,2025-07-19,Fashion,Sunglasses,210,3,630,East Malaysia,Sabah,Credit Card
ORD14636,2025-02-11,Home,Office Chair,689,1,689,West Malaysia,Selangor,TNG eWallet
ORD14637,2025-09-06,Home,Desk Lamp,562,4,2248,West Malaysia,Perak,TNG eWallet
ORD14638,2025-05-18,Electronics,Smartwatch,1196,4,4784,East Malaysia,Sarawak,FPX
ORD14639,2025-07-21,Fashion,T-Shirt,202,4,808,East Malaysia,Sabah,GrabPay
ORD14640,2025-02-24,Fashion,T-Shirt,187,3,561,East Malaysia,Sabah,GrabPay
ORD14641,2025-09-30,Home,Desk Lamp,428,4,1712,West Malaysia,Johor,Credit Card
ORD14642,2025-03-13,Fashion,T-Shirt,290,4,1160,West Malaysia,Penang,GrabPay
ORD14643,2025-12-07,Fashion,Backpack,326,2,652,East Malaysia,Sabah,FPX
ORD14644,2025-08-16,Electronics,Laptop,836,3,2508,West Malaysia,Perak,FPX
ORD14645,2025-07-15,Home,Office Chair,268,4,1072,West Malaysia,Perak,Credit Card
ORD14646,2025-01-11,Home,Coffee Maker,156,2,312,East Malaysia,Sabah,GrabPay
ORD14647,2025-08-11,Electronics,Laptop,932,3,2796,East Malaysia,Sabah,TNG eWallet
ORD14648,2025-05-03,Home,Desk Lamp,166,2,332,East Malaysia,Sarawak,GrabPay
ORD14649,2025-04-25,Home,Coffee Maker,121,1,121,West Malaysia,Penang,Credit Card
ORD14650,2025-09-20,Home,Coffee Maker,632,1,632,East Malaysia,Sarawak,GrabPay
ORD14651,2025-05-21,Fashion,Backpack,92,4,368,West Malaysia,Kuala Lumpur,TNG eWallet
ORD14652,2025-09-05,Home,Office Chair,166,4,664,West Malaysia,Kuala Lumpur,GrabPay
ORD14653,2025-08-16,Fashion,T-Shirt,174,4,696,West Malaysia,Penang,TNG eWallet
ORD14654,2025-02-01,Fashion,Sneakers,202,2,404,West Malaysia,Kuala Lumpur,FPX
ORD14655,2025-08-20,Electronics,Smartphone,1676,4,6704,East Malaysia,Sarawak,FPX
ORD14656,2025-01-20,Fashion,Backpack,202,4,808,West Malaysia,Selangor,FPX
ORD14657,2025-05-09,Fashion,T-Shirt,133,1,133,East Malaysia,Sarawak,GrabPay
ORD14658,2025-04-20,Home,Coffee Maker,614,1,614,West Malaysia,Melaka,GrabPay
ORD14659,2025-12-24,Electronics,Laptop,4384,4,17536,East Malaysia,Sarawak,GrabPay
ORD14660,2025-07-27,Fashion,Sunglasses,377,2,754,East Malaysia,Sabah,Credit Card
ORD14661,2025-12-22,Fashion,T-Shirt,209,4,836,West Malaysia,Johor,TNG eWallet
ORD14662,2025-11-19,Fashion,Sneakers,179,1,179,West Malaysia,Pahang,FPX
ORD14663,2025-04-05,Electronics,Smartwatch,4175,1,4175,West Malaysia,Pahang,Credit Card
ORD14664,2025-10-22,Electronics,Laptop,844,4,3376,West Malaysia,Penang,TNG eWallet
ORD14665,2025-10-03,Electronics,Smartwatch,3614,4,14456,East Malaysia,Sarawak,GrabPay
ORD14666,2025-07-31,Home,Air Purifier,551,3,1653,East Malaysia,Sarawak,FPX
ORD14667,2025-05-10,Electronics,Laptop,3839,3,11517,East Malaysia,Sarawak,FPX
ORD14668,2025-08-31,Home,Air Purifier,151,4,604,West Malaysia,Selangor,Credit Card
ORD14669,2025-11-15,Home,Desk Lamp,256,3,768,East Malaysia,Sarawak,Credit Card
ORD14670,2025-12-04,Home,Office Chair,360,4,1440,West Malaysia,Melaka,GrabPay
ORD14671,2025-01-26,Home,Coffee Maker,441,2,882,East Malaysia,Sabah,FPX
ORD14672,2025-01-30,Fashion,Sunglasses,65,3,195,East Malaysia,Sabah,Credit Card
ORD14673,2025-12-25,Fashion,Sneakers,64,4,256,West Malaysia,Melaka,FPX
ORD14674,2025-06-12,Fashion,Sneakers,268,1,268,East Malaysia,Sabah,GrabPay
ORD14675,2025-01-02,Home,Office Chair,317,1,317,East Malaysia,Sarawak,Credit Card
ORD14676,2025-01-14,Fashion,T-Shirt,122,3,366,East Malaysia,Sarawak,Credit Card
ORD14677,2025-06-10,Electronics,Laptop,3060,3,9180,West Malaysia,Perak,TNG eWallet
ORD14678,2025-10-21,Home,Coffee Maker,592,1,592,West Malaysia,Penang,Credit Card
ORD14679,2025-09-09,Electronics,Smartwatch,1263,2,2526,East Malaysia,Sabah,GrabPay
ORD14680,2025-08-23,Home,Air Purifier,739,1,739,East Malaysia,Sarawak,TNG eWallet
ORD14681,2025-11-14,Home,Office Chair,792,2,1584,East Malaysia,Sarawak,FPX
ORD14682,2025-07-19,Fashion,Sneakers,277,4,1108,West Malaysia,Kedah,Credit Card
ORD14683,2025-10-05,Home,Office Chair,722,2,1444,West Malaysia,Melaka,FPX
ORD14684,2026-01-01,Electronics,Wireless Earbuds,2836,1,2836,East Malaysia,Sarawak,Credit Card
ORD14685,2025-03-13,Home,Office Chair,493,2,986,West Malaysia,Penang,FPX
ORD14686,2025-11-30,Electronics,Smartphone,513,1,513,West Malaysia,Selangor,GrabPay
ORD14687,2025-01-27,Home,Air Purifier,246,4,984,East Malaysia,Sarawak,GrabPay
ORD14688,2025-02-10,Fashion,Backpack,377,1,377,East Malaysia,Sarawak,Credit Card
ORD14689,2025-01-19,Electronics,Wireless Earbuds,4004,1,4004,East Malaysia,Sarawak,TNG eWallet
ORD14690,2025-01-07,Fashion,Sneakers,134,4,536,West Malaysia,Perak,GrabPay
ORD14691,2025-03-09,Home,Desk Lamp,104,3,312,East Malaysia,Sabah,TNG eWallet
ORD14692,2025-11-06,Electronics,Laptop,3279,4,13116,West Malaysia,Selangor,GrabPay
ORD14693,2025-02-03,Fashion,Sneakers,80,1,80,West Malaysia,Selangor,GrabPay
ORD14694,2025-03-07,Fashion,Sneakers,356,2,712,East Malaysia,Sarawak,Credit Card
ORD14695,2025-03-30,Electronics,Wireless Earbuds,750,2,1500,East Malaysia,Sarawak,Credit Card
ORD14696,2025-07-14,Fashion,T-Shirt,379,1,379,West Malaysia,Pahang,TNG eWallet
ORD14697,2025-03-15,Fashion,Sunglasses,332,2,664,West Malaysia,Kuala Lumpur,TNG eWallet
ORD14698,2025-03-16,Electronics,Smartphone,1520,2,3040,West Malaysia,Melaka,GrabPay
ORD14699,2025-08-04,Fashion,Sneakers,397,4,1588,East Malaysia,Sabah,GrabPay
ORD14700,2025-08-11,Electronics,Smartwatch,2929,3,8787,West Malaysia,Penang,TNG eWallet
ORD14701,2025-03-31,Home,Air Purifier,746,1,746,East Malaysia,Sabah,Credit Card
ORD14702,2025-11-30,Home,Coffee Maker,453,2,906,East Malaysia,Sarawak,Credit Card
ORD14703,2025-08-17,Fashion,Backpack,171,4,684,West Malaysia,Kuala Lumpur,FPX
ORD14704,2025-07-11,Fashion,Sneakers,192,3,576,East Malaysia,Sarawak,TNG eWallet
ORD14705,2025-06-13,Electronics,Laptop,612,3,1836,West Malaysia,Selangor,FPX
ORD14706,2025-08-19,Electronics,Smartwatch,3988,1,3988,West Malaysia,Selangor,FPX
ORD14707,2025-09-22,Fashion,T-Shirt,315,3,945,East Malaysia,Sarawak,FPX
ORD14708,2025-02-03,Electronics,Wireless Earbuds,1194,2,2388,West Malaysia,Selangor,GrabPay
ORD14709,2025-05-14,Home,Desk Lamp,178,4,712,West Malaysia,Penang,FPX
ORD14710,2025-10-14,Fashion,Sneakers,325,2,650,East Malaysia,Sarawak,TNG eWallet
ORD14711,2025-12-23,Home,Air Purifier,713,1,713,West Malaysia,Kedah,FPX
ORD14712,2025-11-13,Home,Office Chair,263,2,526,East Malaysia,Sabah,GrabPay
ORD14713,2025-10-28,Home,Desk Lamp,631,1,631,East Malaysia,Sarawak,GrabPay
ORD14714,2025-06-20,Fashion,Sunglasses,171,4,684,West Malaysia,Kedah,FPX
ORD14715,2025-12-12,Fashion,Backpack,354,2,708,West Malaysia,Johor,FPX
ORD14716,2025-01-08,Fashion,T-Shirt,71,1,71,East Malaysia,Sabah,TNG eWallet
ORD14717,2025-12-18,Fashion,T-Shirt,286,1,286,West Malaysia,Melaka,FPX
ORD14718,2025-01-22,Electronics,Laptop,4335,3,13005,West Malaysia,Melaka,GrabPay
ORD14719,2025-08-26,Home,Coffee Maker,703,2,1406,East Malaysia,Sarawak,Credit Card
ORD14720,2025-12-21,Fashion,Backpack,154,3,462,West Malaysia,Penang,GrabPay
ORD14721,2025-10-23,Home,Coffee Maker,122,4,488,East Malaysia,Sabah,FPX
ORD14722,2025-10-25,Fashion,Backpack,390,2,780,East Malaysia,Sarawak,GrabPay
ORD14723,2025-10-13,Electronics,Smartwatch,4468,1,4468,East Malaysia,Sabah,Credit Card
ORD14724,2025-10-03,Home,Coffee Maker,754,3,2262,West Malaysia,Kedah,TNG eWallet
ORD14725,2025-04-09,Fashion,T-Shirt,306,1,306,East Malaysia,Sarawak,Credit Card
ORD14726,2025-05-15,Electronics,Wireless Earbuds,487,2,974,East Malaysia,Sarawak,TNG eWallet
ORD14727,2025-04-08,Fashion,Backpack,317,2,634,East Malaysia,Sarawak,FPX
ORD14728,2025-03-03,Home,Coffee Maker,702,4,2808,East Malaysia,Sarawak,FPX
ORD14729,2025-01-25,Fashion,T-Shirt,130,4,520,East Malaysia,Sarawak,FPX
ORD14730,2025-03-17,Fashion,Sunglasses,162,3,486,West Malaysia,Pahang,GrabPay
ORD14731,2025-11-26,Fashion,Backpack,179,4,716,West Malaysia,Kuala Lumpur,GrabPay
ORD14732,2025-02-10,Home,Office Chair,277,1,277,East Malaysia,Sarawak,TNG eWallet
ORD14733,2025-08-05,Electronics,Laptop,1194,1,1194,East Malaysia,Sarawak,Credit Card
ORD14734,2025-10-24,Fashion,Backpack,253,3,759,East Malaysia,Sarawak,GrabPay
ORD14735,2025-06-24,Home,Coffee Maker,660,4,2640,West Malaysia,Johor,Credit Card
ORD14736,2025-02-24,Electronics,Smartphone,3981,4,15924,West Malaysia,Johor,GrabPay
ORD14737,2025-11-20,Electronics,Smartphone,3406,1,3406,West Malaysia,Penang,FPX
ORD14738,2025-06-09,Fashion,T-Shirt,352,3,1056,West Malaysia,Johor,FPX
ORD14739,2025-04-04,Electronics,Laptop,3027,4,12108,East Malaysia,Sarawak,GrabPay
ORD14740,2025-04-25,Electronics,Smartphone,4173,4,16692,West Malaysia,Penang,GrabPay
ORD14741,2025-07-07,Electronics,Wireless Earbuds,2865,2,5730,East Malaysia,Sabah,GrabPay
ORD14742,2025-07-24,Electronics,Wireless Earbuds,2588,1,2588,East Malaysia,Sarawak,GrabPay
ORD14743,2025-10-16,Home,Desk Lamp,368,2,736,East Malaysia,Sarawak,GrabPay
ORD14744,2025-09-19,Electronics,Wireless Earbuds,4366,2,8732,East Malaysia,Sarawak,FPX
ORD14745,2025-01-11,Home,Desk Lamp,526,4,2104,East Malaysia,Sabah,GrabPay
ORD14746,2025-10-26,Electronics,Wireless Earbuds,2927,4,11708,East Malaysia,Sarawak,FPX
ORD14747,2025-01-25,Fashion,T-Shirt,287,3,861,West Malaysia,Johor,GrabPay
ORD14748,2025-01-30,Home,Air Purifier,358,2,716,East Malaysia,Sabah,GrabPay
ORD14749,2025-12-04,Electronics,Smartphone,1541,2,3082,East Malaysia,Sabah,Credit Card
ORD14750,2025-09-08,Electronics,Wireless Earbuds,3599,4,14396,West Malaysia,Melaka,FPX
ORD14751,2025-01-19,Home,Coffee Maker,513,2,1026,East Malaysia,Sabah,TNG eWallet
ORD14752,2025-04-09,Home,Air Purifier,613,3,1839,East Malaysia,Sabah,FPX
ORD14753,2025-11-24,Home,Office Chair,558,1,558,East Malaysia,Sabah,FPX
ORD14754,2025-12-10,Home,Office Chair,625,3,1875,East Malaysia,Sabah,Credit Card
ORD14755,2025-10-16,Electronics,Wireless Earbuds,2664,4,10656,West Malaysia,Kedah,TNG eWallet
ORD14756,2025-10-26,Fashion,Sunglasses,145,1,145,West Malaysia,Kedah,FPX
ORD14757,2025-08-27,Home,Air Purifier,247,4,988,West Malaysia,Selangor,TNG eWallet
ORD14758,2025-02-07,Fashion,Sunglasses,197,2,394,West Malaysia,Kedah,GrabPay
ORD14759,2025-01-30,Home,Office Chair,358,4,1432,West Malaysia,Pahang,Credit Card
ORD14760,2025-03-31,Electronics,Laptop,4206,3,12618,West Malaysia,Pahang,FPX
ORD14761,2025-09-17,Electronics,Laptop,3506,2,7012,West Malaysia,Kedah,Credit Card
ORD14762,2025-05-23,Fashion,T-Shirt,79,3,237,West Malaysia,Melaka,TNG eWallet
ORD14763,2025-12-16,Fashion,Backpack,399,3,1197,West Malaysia,Selangor,GrabPay
ORD14764,2025-10-29,Fashion,Backpack,375,2,750,East Malaysia,Sabah,TNG eWallet
ORD14765,2025-11-25,Home,Office Chair,532,4,2128,West Malaysia,Pahang,Credit Card
ORD14766,2025-06-05,Electronics,Smartwatch,1582,3,4746,West Malaysia,Kedah,Credit Card
ORD14767,2025-10-17,Home,Air Purifier,482,4,1928,West Malaysia,Kedah,GrabPay
ORD14768,2025-06-15,Fashion,T-Shirt,322,4,1288,West Malaysia,Penang,GrabPay
ORD14769,2025-04-20,Home,Air Purifier,769,3,2307,West Malaysia,Johor,TNG eWallet
ORD14770,2025-01-05,Electronics,Wireless Earbuds,1454,3,4362,East Malaysia,Sabah,Credit Card
ORD14771,2025-04-16,Fashion,T-Shirt,84,3,252,West Malaysia,Penang,Credit Card
ORD14772,2025-03-22,Electronics,Smartphone,1019,1,1019,West Malaysia,Pahang,Credit Card
ORD14773,2025-05-22,Fashion,Sneakers,117,2,234,West Malaysia,Johor,FPX
ORD14774,2025-05-16,Fashion,T-Shirt,177,3,531,West Malaysia,Kedah,Credit Card
ORD14775,2025-11-17,Fashion,Sunglasses,63,4,252,West Malaysia,Johor,TNG eWallet
ORD14776,2025-01-19,Electronics,Laptop,975,3,2925,East Malaysia,Sarawak,FPX
ORD14777,2025-08-08,Fashion,Sunglasses,358,2,716,East Malaysia,Sarawak,TNG eWallet
ORD14778,2025-02-05,Fashion,T-Shirt,190,3,570,East Malaysia,Sabah,Credit Card
ORD14779,2025-02-09,Home,Desk Lamp,101,2,202,East Malaysia,Sarawak,TNG eWallet
ORD14780,2025-10-16,Fashion,T-Shirt,357,3,1071,East Malaysia,Sabah,GrabPay
ORD14781,2025-11-15,Fashion,T-Shirt,129,1,129,East Malaysia,Sarawak,Credit Card
ORD14782,2025-11-29,Fashion,Sunglasses,212,4,848,East Malaysia,Sarawak,GrabPay
ORD14783,2025-09-05,Fashion,Backpack,331,4,1324,East Malaysia,Sabah,GrabPay
ORD14784,2025-05-22,Fashion,Sunglasses,144,2,288,West Malaysia,Perak,GrabPay
ORD14785,2025-04-25,Fashion,T-Shirt,302,2,604,East Malaysia,Sabah,TNG eWallet
ORD14786,2025-01-23,Electronics,Laptop,741,2,1482,West Malaysia,Perak,TNG eWallet
ORD14787,2025-03-15,Electronics,Smartwatch,427,2,854,West Malaysia,Johor,FPX
ORD14788,2025-03-09,Home,Desk Lamp,617,2,1234,East Malaysia,Sabah,TNG eWallet
ORD14789,2025-11-22,Fashion,T-Shirt,122,4,488,West Malaysia,Kedah,TNG eWallet
ORD14790,2025-01-22,Electronics,Smartphone,2198,3,6594,West Malaysia,Kuala Lumpur,TNG eWallet
ORD14791,2025-04-18,Fashion,Sunglasses,228,2,456,East Malaysia,Sabah,FPX
ORD14792,2025-03-14,Electronics,Laptop,1167,1,1167,East Malaysia,Sabah,Credit Card
ORD14793,2025-09-12,Electronics,Smartphone,2863,2,5726,West Malaysia,Penang,TNG eWallet
ORD14794,2025-01-05,Electronics,Wireless Earbuds,2330,3,6990,East Malaysia,Sarawak,TNG eWallet
ORD14795,2025-04-11,Fashion,Sneakers,225,1,225,East Malaysia,Sabah,TNG eWallet
ORD14796,2025-01-09,Fashion,Sunglasses,263,4,1052,East Malaysia,Sarawak,TNG eWallet
ORD14797,2025-12-30,Fashion,Sneakers,325,2,650,East Malaysia,Sarawak,Credit Card
ORD14798,2025-05-01,Home,Coffee Maker,686,3,2058,East Malaysia,Sarawak,TNG eWallet
ORD14799,2025-01-17,Electronics,Smartwatch,546,3,1638,West Malaysia,Kuala Lumpur,FPX
ORD14800,2025-08-02,Fashion,Sunglasses,164,4,656,East Malaysia,Sabah,Credit Card
ORD14801,2025-03-24,Fashion,Sneakers,234,2,468,West Malaysia,Perak,Credit Card
ORD14802,2025-05-30,Electronics,Wireless Earbuds,3719,3,11157,West Malaysia,Johor,FPX
ORD14803,2025-09-15,Electronics,Smartphone,1486,2,2972,West Malaysia,Kedah,Credit Card
ORD14804,2025-02-04,Electronics,Smartwatch,3024,1,3024,West Malaysia,Penang,GrabPay
ORD14805,2025-07-03,Electronics,Wireless Earbuds,609,2,1218,East Malaysia,Sarawak,GrabPay
ORD14806,2025-01-31,Home,Coffee Maker,218,2,436,West Malaysia,Perak,FPX
ORD14807,2025-12-02,Electronics,Wireless Earbuds,2401,2,4802,West Malaysia,Penang,FPX
ORD14808,2025-11-19,Home,Coffee Maker,317,4,1268,West Malaysia,Kuala Lumpur,FPX
ORD14809,2025-08-11,Electronics,Laptop,3139,1,3139,West Malaysia,Johor,TNG eWallet
ORD14810,2025-09-20,Fashion,T-Shirt,381,3,1143,West Malaysia,Kuala Lumpur,TNG eWallet
ORD14811,2025-07-23,Home,Air Purifier,646,1,646,East Malaysia,Sabah,Credit Card
ORD14812,2025-08-08,Electronics,Laptop,1167,3,3501,East Malaysia,Sarawak,FPX
ORD14813,2025-10-09,Home,Office Chair,664,3,1992,West Malaysia,Selangor,Credit Card
ORD14814,2025-11-30,Fashion,Sunglasses,380,1,380,East Malaysia,Sabah,GrabPay
ORD14815,2025-02-11,Fashion,Sunglasses,148,2,296,East Malaysia,Sabah,TNG eWallet
ORD14816,2025-04-30,Home,Office Chair,406,1,406,West Malaysia,Kedah,Credit Card
ORD14817,2025-10-17,Electronics,Smartphone,2510,3,7530,West Malaysia,Kuala Lumpur,TNG eWallet
ORD14818,2025-01-06,Electronics,Smartphone,3057,2,6114,West Malaysia,Kuala Lumpur,FPX
ORD14819,2025-05-23,Home,Desk Lamp,342,2,684,East Malaysia,Sabah,Credit Card
ORD14820,2025-01-08,Fashion,Backpack,92,4,368,West Malaysia,Kedah,TNG eWallet
ORD14821,2025-03-25,Home,Air Purifier,679,3,2037,East Malaysia,Sabah,GrabPay
ORD14822,2025-02-26,Fashion,Backpack,345,2,690,East Malaysia,Sabah,Credit Card
ORD14823,2025-02-02,Fashion,T-Shirt,196,4,784,East Malaysia,Sarawak,GrabPay
ORD14824,2025-09-02,Home,Office Chair,109,3,327,West Malaysia,Melaka,TNG eWallet
ORD14825,2025-08-12,Fashion,Sunglasses,222,3,666,East Malaysia,Sarawak,Credit Card
ORD14826,2025-12-08,Electronics,Laptop,1780,2,3560,West Malaysia,Perak,Credit Card
ORD14827,2025-05-24,Fashion,Sunglasses,207,1,207,East Malaysia,Sabah,GrabPay
ORD14828,2025-07-23,Electronics,Wireless Earbuds,3641,3,10923,East Malaysia,Sabah,GrabPay
ORD14829,2025-12-16,Electronics,Smartphone,4095,1,4095,West Malaysia,Johor,Credit Card
ORD14830,2025-05-24,Fashion,Sneakers,253,1,253,East Malaysia,Sarawak,FPX
ORD14831,2025-12-01,Home,Office Chair,697,3,2091,East Malaysia,Sarawak,TNG eWallet
ORD14832,2025-01-07,Electronics,Smartwatch,2483,2,4966,West Malaysia,Selangor,FPX
ORD14833,2025-01-15,Fashion,Sunglasses,197,1,197,West Malaysia,Perak,TNG eWallet
ORD14834,2025-02-23,Fashion,Sneakers,200,4,800,East Malaysia,Sarawak,TNG eWallet
ORD14835,2025-10-23,Fashion,Backpack,51,3,153,East Malaysia,Sarawak,FPX
ORD14836,2025-06-03,Home,Coffee Maker,397,3,1191,West Malaysia,Perak,GrabPay
ORD14837,2025-02-23,Fashion,Sneakers,194,4,776,East Malaysia,Sabah,GrabPay
ORD14838,2025-07-12,Home,Coffee Maker,636,3,1908,West Malaysia,Kuala Lumpur,GrabPay
ORD14839,2025-11-21,Fashion,Sneakers,214,4,856,East Malaysia,Sabah,GrabPay
ORD14840,2025-05-19,Fashion,T-Shirt,83,4,332,West Malaysia,Kedah,GrabPay
ORD14841,2025-12-24,Fashion,T-Shirt,61,1,61,West Malaysia,Penang,TNG eWallet
ORD14842,2025-10-12,Electronics,Smartwatch,1821,4,7284,West Malaysia,Penang,TNG eWallet
ORD14843,2025-08-31,Fashion,Sneakers,355,2,710,East Malaysia,Sarawak,FPX
ORD14844,2025-06-20,Fashion,Sneakers,283,1,283,West Malaysia,Kuala Lumpur,TNG eWallet
ORD14845,2025-04-11,Fashion,T-Shirt,342,3,1026,East Malaysia,Sabah,GrabPay
ORD14846,2025-07-18,Home,Desk Lamp,596,1,596,East Malaysia,Sarawak,FPX
ORD14847,2025-12-11,Electronics,Laptop,2529,4,10116,East Malaysia,Sabah,FPX
ORD14848,2025-06-11,Electronics,Smartphone,2250,2,4500,West Malaysia,Perak,GrabPay
ORD14849,2025-04-09,Fashion,Sneakers,266,2,532,East Malaysia,Sarawak,GrabPay
ORD14850,2025-05-29,Electronics,Wireless Earbuds,4212,2,8424,West Malaysia,Johor,GrabPay
ORD14851,2025-04-17,Home,Desk Lamp,336,1,336,East Malaysia,Sarawak,TNG eWallet
ORD14852,2025-10-07,Fashion,Sneakers,252,4,1008,East Malaysia,Sarawak,FPX
ORD14853,2025-07-10,Home,Desk Lamp,453,3,1359,West Malaysia,Johor,Credit Card
ORD14854,2025-11-08,Home,Desk Lamp,387,4,1548,West Malaysia,Perak,Credit Card
ORD14855,2025-07-13,Fashion,T-Shirt,367,4,1468,East Malaysia,Sarawak,GrabPay
ORD14856,2025-07-07,Electronics,Laptop,986,3,2958,East Malaysia,Sabah,FPX
ORD14857,2025-11-15,Fashion,Sneakers,70,4,280,West Malaysia,Pahang,GrabPay
ORD14858,2025-06-13,Home,Office Chair,586,1,586,East Malaysia,Sarawak,TNG eWallet
ORD14859,2025-09-19,Electronics,Wireless Earbuds,1383,2,2766,West Malaysia,Selangor,FPX
ORD14860,2025-08-05,Fashion,Sneakers,114,2,228,West Malaysia,Johor,TNG eWallet
ORD14861,2025-09-15,Fashion,Sunglasses,323,4,1292,East Malaysia,Sabah,Credit Card
ORD14862,2025-04-15,Fashion,T-Shirt,226,1,226,West Malaysia,Johor,Credit Card
ORD14863,2025-11-15,Home,Desk Lamp,349,4,1396,West Malaysia,Kedah,GrabPay
ORD14864,2025-08-11,Electronics,Laptop,993,2,1986,East Malaysia,Sabah,Credit Card
ORD14865,2025-01-27,Fashion,Backpack,85,3,255,West Malaysia,Johor,GrabPay
ORD14866,2025-04-11,Electronics,Smartwatch,2350,1,2350,West Malaysia,Pahang,GrabPay
ORD14867,2025-07-16,Fashion,Sunglasses,289,3,867,West Malaysia,Kuala Lumpur,TNG eWallet
ORD14868,2025-06-12,Home,Desk Lamp,373,1,373,West Malaysia,Pahang,Credit Card
ORD14869,2025-04-04,Fashion,Sneakers,286,1,286,East Malaysia,Sarawak,FPX
ORD14870,2025-07-07,Electronics,Laptop,556,3,1668,West Malaysia,Selangor,Credit Card
ORD14871,2025-11-14,Fashion,Sunglasses,120,1,120,East Malaysia,Sabah,FPX
ORD14872,2025-04-25,Home,Desk Lamp,521,3,1563,West Malaysia,Johor,GrabPay
ORD14873,2025-07-05,Home,Desk Lamp,193,3,579,East Malaysia,Sabah,Credit Card
ORD14874,2025-01-09,Home,Air Purifier,730,2,1460,East Malaysia,Sarawak,TNG eWallet
ORD14875,2025-06-18,Home,Air Purifier,660,4,2640,East Malaysia,Sarawak,TNG eWallet
ORD14876,2025-01-28,Home,Desk Lamp,744,4,2976,East Malaysia,Sarawak,FPX
ORD14877,2025-07-19,Fashion,T-Shirt,286,4,1144,West Malaysia,Kuala Lumpur,Credit Card
ORD14878,2025-08-20,Home,Office Chair,789,4,3156,West Malaysia,Kuala Lumpur,FPX
ORD14879,2025-01-27,Fashion,Sneakers,339,2,678,East Malaysia,Sarawak,FPX
ORD14880,2025-01-29,Fashion,Backpack,218,1,218,West Malaysia,Melaka,Credit Card
ORD14881,2025-12-19,Electronics,Smartwatch,1239,1,1239,West Malaysia,Pahang,Credit Card
ORD14882,2025-10-09,Electronics,Laptop,2437,1,2437,West Malaysia,Johor,GrabPay
ORD14883,2025-10-25,Home,Air Purifier,380,3,1140,East Malaysia,Sarawak,TNG eWallet
ORD14884,2025-04-20,Fashion,T-Shirt,378,4,1512,East Malaysia,Sabah,TNG eWallet
ORD14885,2025-01-27,Home,Desk Lamp,375,3,1125,East Malaysia,Sabah,Credit Card
ORD14886,2025-11-12,Home,Office Chair,238,2,476,East Malaysia,Sarawak,Credit Card
ORD14887,2025-02-19,Electronics,Smartwatch,1783,2,3566,West Malaysia,Kedah,FPX
ORD14888,2025-11-06,Fashion,Sneakers,130,4,520,West Malaysia,Perak,TNG eWallet
ORD14889,2025-08-20,Home,Air Purifier,751,2,1502,East Malaysia,Sarawak,TNG eWallet
ORD14890,2025-07-07,Electronics,Wireless Earbuds,3733,2,7466,East Malaysia,Sarawak,TNG eWallet
ORD14891,2025-02-21,Electronics,Laptop,1887,2,3774,East Malaysia,Sabah,TNG eWallet
ORD14892,2025-05-21,Home,Office Chair,296,2,592,East Malaysia,Sabah,FPX
ORD14893,2025-08-20,Home,Office Chair,653,4,2612,West Malaysia,Kuala Lumpur,TNG eWallet
ORD14894,2025-11-09,Home,Desk Lamp,792,3,2376,West Malaysia,Selangor,Credit Card
ORD14895,2025-04-02,Home,Desk Lamp,262,2,524,West Malaysia,Melaka,GrabPay
ORD14896,2025-11-03,Electronics,Laptop,1533,4,6132,East Malaysia,Sabah,FPX
ORD14897,2025-09-12,Home,Air Purifier,387,1,387,West Malaysia,Perak,TNG eWallet
ORD14898,2025-06-16,Fashion,Sneakers,257,3,771,East Malaysia,Sabah,TNG eWallet
ORD14899,2025-01-03,Electronics,Smartphone,3954,2,7908,West Malaysia,Selangor,TNG eWallet
ORD14900,2025-01-11,Home,Desk Lamp,201,4,804,East Malaysia,Sabah,TNG eWallet
ORD14901,2025-08-11,Electronics,Wireless Earbuds,3208,2,6416,East Malaysia,Sabah,FPX
ORD14902,2025-08-15,Home,Desk Lamp,708,3,2124,West Malaysia,Penang,Credit Card
ORD14903,2025-05-10,Home,Air Purifier,414,4,1656,East Malaysia,Sabah,FPX
ORD14904,2025-09-04,Fashion,Sunglasses,270,1,270,East Malaysia,Sarawak,FPX
ORD14905,2025-06-30,Home,Coffee Maker,189,1,189,West Malaysia,Selangor,Credit Card
ORD14906,2025-07-13,Home,Office Chair,587,1,587,West Malaysia,Penang,Credit Card
ORD14907,2025-07-28,Home,Coffee Maker,249,3,747,East Malaysia,Sarawak,GrabPay
ORD14908,2025-12-24,Electronics,Wireless Earbuds,3527,1,3527,East Malaysia,Sarawak,GrabPay
ORD14909,2025-03-16,Fashion,Backpack,349,2,698,West Malaysia,Kuala Lumpur,FPX
ORD14910,2025-07-17,Electronics,Smartwatch,575,2,1150,East Malaysia,Sabah,FPX
ORD14911,2025-08-18,Home,Coffee Maker,151,3,453,East Malaysia,Sabah,TNG eWallet
ORD14912,2025-04-20,Electronics,Wireless Earbuds,2108,3,6324,West Malaysia,Perak,GrabPay
ORD14913,2025-04-03,Fashion,Sunglasses,87,3,261,West Malaysia,Kedah,FPX
ORD14914,2025-09-01,Home,Air Purifier,524,3,1572,West Malaysia,Melaka,GrabPay
ORD14915,2025-05-06,Home,Desk Lamp,726,2,1452,West Malaysia,Johor,GrabPay
ORD14916,2025-02-23,Fashion,Sunglasses,54,2,108,East Malaysia,Sarawak,FPX
ORD14917,2025-01-31,Fashion,Sunglasses,67,1,67,East Malaysia,Sarawak,TNG eWallet
ORD14918,2025-06-08,Home,Desk Lamp,277,4,1108,East Malaysia,Sarawak,Credit Card
ORD14919,2025-09-02,Electronics,Wireless Earbuds,969,2,1938,West Malaysia,Selangor,TNG eWallet
ORD14920,2025-11-15,Electronics,Wireless Earbuds,1968,4,7872,East Malaysia,Sabah,FPX
ORD14921,2025-03-30,Fashion,Sneakers,83,1,83,West Malaysia,Penang,FPX
ORD14922,2025-03-25,Fashion,Backpack,400,3,1200,East Malaysia,Sabah,TNG eWallet
ORD14923,2025-02-09,Electronics,Smartwatch,2758,2,5516,East Malaysia,Sabah,GrabPay
ORD14924,2025-01-31,Home,Coffee Maker,655,2,1310,East Malaysia,Sabah,TNG eWallet
ORD14925,2025-02-05,Fashion,Backpack,398,3,1194,West Malaysia,Selangor,TNG eWallet
ORD14926,2025-01-15,Fashion,T-Shirt,194,3,582,West Malaysia,Kuala Lumpur,TNG eWallet
ORD14927,2025-05-20,Electronics,Smartwatch,2221,4,8884,East Malaysia,Sarawak,TNG eWallet
ORD14928,2025-03-31,Electronics,Smartwatch,3649,2,7298,East Malaysia,Sabah,GrabPay
ORD14929,2025-12-14,Fashion,Sunglasses,54,3,162,East Malaysia,Sarawak,Credit Card
ORD14930,2025-03-15,Home,Air Purifier,588,1,588,East Malaysia,Sabah,FPX
ORD14931,2025-01-23,Electronics,Wireless Earbuds,2707,3,8121,West Malaysia,Kedah,FPX
ORD14932,2026-01-01,Electronics,Wireless Earbuds,1960,1,1960,East Malaysia,Sarawak,Credit Card
ORD14933,2025-09-26,Electronics,Wireless Earbuds,4267,1,4267,West Malaysia,Perak,TNG eWallet
ORD14934,2025-12-12,Electronics,Laptop,342,1,342,East Malaysia,Sabah,FPX
ORD14935,2025-10-05,Electronics,Smartphone,3936,3,11808,West Malaysia,Melaka,FPX
ORD14936,2025-03-11,Fashion,T-Shirt,199,3,597,West Malaysia,Perak,FPX
ORD14937,2025-11-24,Fashion,Sunglasses,141,4,564,East Malaysia,Sabah,GrabPay
ORD14938,2025-10-12,Fashion,Backpack,90,3,270,East Malaysia,Sabah,Credit Card
ORD14939,2025-01-31,Home,Air Purifier,728,3,2184,West Malaysia,Melaka,TNG eWallet
ORD14940,2025-10-06,Fashion,Backpack,253,4,1012,West Malaysia,Kedah,FPX
ORD14941,2025-08-30,Home,Office Chair,375,4,1500,West Malaysia,Perak,GrabPay
ORD14942,2025-08-21,Electronics,Smartphone,4019,1,4019,East Malaysia,Sabah,Credit Card
ORD14943,2025-08-16,Fashion,Backpack,76,1,76,West Malaysia,Selangor,Credit Card
ORD14944,2025-03-14,Fashion,Backpack,374,4,1496,West Malaysia,Melaka,GrabPay
ORD14945,2025-06-03,Fashion,Backpack,76,2,152,West Malaysia,Melaka,FPX
ORD14946,2025-11-19,Fashion,Sneakers,228,2,456,West Malaysia,Kedah,FPX
ORD14947,2025-07-05,Fashion,T-Shirt,130,1,130,West Malaysia,Pahang,Credit Card
ORD14948,2025-11-13,Fashion,Backpack,225,3,675,East Malaysia,Sabah,FPX
ORD14949,2025-05-08,Electronics,Smartwatch,1761,2,3522,West Malaysia,Melaka,GrabPay
ORD14950,2025-06-06,Home,Office Chair,399,1,399,West Malaysia,Perak,GrabPay
ORD14951,2025-04-16,Electronics,Smartphone,4099,3,12297,West Malaysia,Pahang,Credit Card
ORD14952,2025-01-13,Home,Office Chair,307,2,614,West Malaysia,Selangor,Credit Card
ORD14953,2025-04-10,Home,Desk Lamp,307,3,921,East Malaysia,Sabah,FPX
ORD14954,2025-05-31,Fashion,T-Shirt,229,4,916,West Malaysia,Penang,GrabPay
ORD14955,2025-02-10,Home,Desk Lamp,615,4,2460,East Malaysia,Sabah,GrabPay
ORD14956,2025-05-08,Electronics,Laptop,739,4,2956,East Malaysia,Sarawak,FPX
ORD14957,2025-03-05,Home,Coffee Maker,203,4,812,West Malaysia,Pahang,Credit Card
ORD14958,2025-09-24,Electronics,Wireless Earbuds,2934,2,5868,West Malaysia,Kedah,TNG eWallet
ORD14959,2025-09-16,Fashion,T-Shirt,165,1,165,West Malaysia,Selangor,TNG eWallet
ORD14960,2025-02-11,Home,Office Chair,442,3,1326,East Malaysia,Sarawak,FPX
ORD14961,2025-09-21,Home,Coffee Maker,561,2,1122,East Malaysia,Sarawak,GrabPay
ORD14962,2025-01-12,Electronics,Laptop,3410,3,10230,West Malaysia,Pahang,FPX
ORD14963,2025-02-28,Home,Desk Lamp,334,4,1336,East Malaysia,Sabah,FPX
ORD14964,2025-11-12,Electronics,Wireless Earbuds,376,2,752,West Malaysia,Kedah,TNG eWallet
ORD14965,2025-08-08,Electronics,Laptop,1820,3,5460,West Malaysia,Selangor,GrabPay
ORD14966,2025-02-12,Fashion,Sneakers,242,2,484,East Malaysia,Sarawak,GrabPay
ORD14967,2025-09-13,Home,Air Purifier,772,3,2316,West Malaysia,Kuala Lumpur,GrabPay
ORD14968,2025-06-29,Electronics,Smartphone,4288,2,8576,West Malaysia,Kedah,TNG eWallet
ORD14969,2025-05-12,Fashion,Sneakers,91,3,273,East Malaysia,Sabah,GrabPay
ORD14970,2025-07-07,Electronics,Smartwatch,2305,2,4610,West Malaysia,Pahang,FPX
ORD14971,2025-04-21,Fashion,T-Shirt,346,3,1038,East Malaysia,Sabah,GrabPay
ORD14972,2025-03-28,Home,Coffee Maker,524,3,1572,West Malaysia,Kuala Lumpur,Credit Card
ORD14973,2025-10-16,Home,Air Purifier,204,2,408,West Malaysia,Pahang,FPX
ORD14974,2025-08-11,Electronics,Wireless Earbuds,2155,2,4310,East Malaysia,Sabah,FPX
ORD14975,2025-01-24,Electronics,Smartphone,2674,1,2674,West Malaysia,Pahang,TNG eWallet
ORD14976,2025-06-04,Home,Desk Lamp,766,2,1532,West Malaysia,Pahang,FPX
ORD14977,2025-09-03,Fashion,T-Shirt,93,3,279,East Malaysia,Sabah,FPX
ORD14978,2025-04-21,Fashion,Sneakers,269,3,807,West Malaysia,Penang,TNG eWallet
ORD14979,2025-06-05,Electronics,Smartwatch,3581,1,3581,East Malaysia,Sabah,GrabPay
ORD14980,2025-03-24,Home,Air Purifier,261,3,783,East Malaysia,Sarawak,TNG eWallet
ORD14981,2025-05-14,Home,Office Chair,533,3,1599,East Malaysia,Sarawak,TNG eWallet
ORD14982,2025-09-24,Fashion,Sneakers,214,4,856,West Malaysia,Penang,GrabPay
ORD14983,2025-10-07,Electronics,Smartphone,1652,4,6608,West Malaysia,Kuala Lumpur,FPX
ORD14984,2025-04-13,Fashion,Sneakers,199,3,597,West Malaysia,Melaka,GrabPay
ORD14985,2025-06-06,Home,Office Chair,463,2,926,West Malaysia,Kedah,GrabPay
ORD14986,2025-06-02,Electronics,Smartwatch,3726,1,3726,West Malaysia,Melaka,GrabPay
ORD14987,2025-03-12,Electronics,Smartphone,1620,2,3240,West Malaysia,Penang,TNG eWallet
ORD14988,2025-12-03,Fashion,Backpack,162,2,324,West Malaysia,Melaka,Credit Card
ORD14989,2025-05-15,Fashion,Sneakers,231,2,462,East Malaysia,Sarawak,TNG eWallet
ORD14990,2025-10-05,Fashion,Sunglasses,393,1,393,East Malaysia,Sabah,TNG eWallet
ORD14991,2025-12-26,Fashion,T-Shirt,288,3,864,East Malaysia,Sabah,FPX
ORD14992,2025-06-18,Electronics,Laptop,2592,4,10368,East Malaysia,Sabah,Credit Card
ORD14993,2025-11-02,Electronics,Smartphone,2828,3,8484,East Malaysia,Sarawak,GrabPay
ORD14994,2025-02-10,Fashion,Backpack,85,1,85,East Malaysia,Sabah,FPX
ORD14995,2025-03-02,Home,Coffee Maker,305,3,915,East Malaysia,Sabah,FPX
ORD14996,2025-03-03,Fashion,Sneakers,243,3,729,East Malaysia,Sabah,TNG eWallet
ORD14997,2025-02-08,Electronics,Smartphone,780,1,780,West Malaysia,Johor,GrabPay
ORD14998,2025-05-16,Home,Office Chair,523,2,1046,West Malaysia,Kuala Lumpur,Credit Card
ORD14999,2025-11-25,Home,Office Chair,231,2,462,West Malaysia,Kedah,GrabPay
ORD15000,2025-10-13,Home,Air Purifier,231,1,231,West Malaysia,Kuala Lumpur,Credit Card
ORD15001,2025-03-26,Fashion,T-Shirt,175,3,525,East Malaysia,Sarawak,Credit Card
ORD15002,2025-04-24,Home,Desk Lamp,360,3,1080,East Malaysia,Sabah,GrabPay
ORD15003,2025-07-12,Home,Office Chair,500,2,1000,West Malaysia,Perak,Credit Card
ORD15004,2025-11-17,Electronics,Wireless Earbuds,3411,1,3411,East Malaysia,Sarawak,TNG eWallet
ORD15005,2025-02-08,Fashion,Backpack,367,2,734,West Malaysia,Kedah,GrabPay
ORD15006,2025-11-18,Home,Desk Lamp,155,3,465,West Malaysia,Pahang,FPX
ORD15007,2025-01-25,Electronics,Wireless Earbuds,3799,1,3799,West Malaysia,Pahang,FPX
ORD15008,2025-04-25,Fashion,Sneakers,171,3,513,West Malaysia,Kedah,GrabPay
ORD15009,2025-08-18,Home,Air Purifier,724,1,724,West Malaysia,Selangor,FPX
ORD15010,2025-09-19,Fashion,Sunglasses,325,4,1300,East Malaysia,Sarawak,GrabPay
ORD15011,2025-12-05,Home,Air Purifier,220,1,220,West Malaysia,Kuala Lumpur,FPX
ORD15012,2025-02-27,Electronics,Wireless Earbuds,884,2,1768,East Malaysia,Sarawak,FPX
ORD15013,2025-09-24,Electronics,Smartwatch,1959,3,5877,West Malaysia,Kedah,FPX
ORD15014,2025-03-25,Electronics,Smartwatch,1764,1,1764,West Malaysia,Selangor,TNG eWallet
ORD15015,2025-11-28,Home,Office Chair,555,3,1665,East Malaysia,Sarawak,GrabPay
ORD15016,2025-01-16,Home,Office Chair,123,2,246,East Malaysia,Sarawak,GrabPay
ORD15017,2025-07-02,Fashion,T-Shirt,277,3,831,West Malaysia,Perak,Credit Card
ORD15018,2025-01-27,Electronics,Smartphone,4161,1,4161,West Malaysia,Kuala Lumpur,GrabPay
ORD15019,2025-12-13,Electronics,Smartwatch,4460,4,17840,East Malaysia,Sabah,TNG eWallet
ORD15020,2025-03-17,Electronics,Smartphone,2803,4,11212,East Malaysia,Sabah,Credit Card
ORD15021,2025-03-31,Fashion,Sunglasses,283,1,283,West Malaysia,Penang,TNG eWallet
ORD15022,2025-01-11,Electronics,Laptop,2435,3,7305,West Malaysia,Kedah,TNG eWallet
ORD15023,2025-04-20,Fashion,Sunglasses,395,2,790,East Malaysia,Sabah,FPX
ORD15024,2025-11-19,Fashion,Backpack,223,2,446,East Malaysia,Sarawak,TNG eWallet
ORD15025,2025-03-13,Electronics,Smartphone,4200,4,16800,West Malaysia,Melaka,TNG eWallet
ORD15026,2025-05-18,Electronics,Smartphone,1446,2,2892,West Malaysia,Kuala Lumpur,Credit Card
ORD15027,2025-02-07,Electronics,Wireless Earbuds,2432,3,7296,West Malaysia,Johor,TNG eWallet
ORD15028,2025-05-12,Home,Coffee Maker,337,3,1011,West Malaysia,Johor,GrabPay
ORD15029,2025-08-04,Electronics,Wireless Earbuds,4020,4,16080,East Malaysia,Sabah,GrabPay
ORD15030,2025-01-20,Fashion,T-Shirt,53,2,106,East Malaysia,Sabah,TNG eWallet
ORD15031,2025-01-04,Home,Air Purifier,344,2,688,East Malaysia,Sabah,GrabPay
ORD15032,2025-12-13,Fashion,Sunglasses,390,1,390,East Malaysia,Sarawak,GrabPay
ORD15033,2025-04-09,Fashion,Sunglasses,306,3,918,East Malaysia,Sabah,Credit Card
ORD15034,2025-03-19,Home,Coffee Maker,794,4,3176,East Malaysia,Sabah,GrabPay
ORD15035,2025-09-30,Electronics,Wireless Earbuds,3037,1,3037,West Malaysia,Pahang,Credit Card
ORD15036,2025-09-07,Fashion,Backpack,79,4,316,West Malaysia,Kedah,FPX
ORD15037,2025-05-16,Fashion,T-Shirt,196,2,392,East Malaysia,Sabah,Credit Card
ORD15038,2025-03-30,Fashion,T-Shirt,102,2,204,East Malaysia,Sabah,Credit Card
ORD15039,2025-10-23,Electronics,Wireless Earbuds,1619,1,1619,East Malaysia,Sarawak,Credit Card
ORD15040,2025-03-17,Fashion,T-Shirt,296,1,296,East Malaysia,Sarawak,Credit Card
ORD15041,2025-07-17,Home,Desk Lamp,629,2,1258,West Malaysia,Pahang,Credit Card
ORD15042,2025-06-18,Home,Coffee Maker,570,4,2280,West Malaysia,Perak,TNG eWallet
ORD15043,2025-04-13,Electronics,Smartwatch,2951,4,11804,West Malaysia,Pahang,TNG eWallet
ORD15044,2025-07-05,Electronics,Laptop,1270,3,3810,East Malaysia,Sarawak,Credit Card
ORD15045,2025-12-05,Home,Coffee Maker,276,2,552,East Malaysia,Sarawak,Credit Card
ORD15046,2025-05-24,Home,Coffee Maker,703,4,2812,East Malaysia,Sarawak,TNG eWallet
ORD15047,2025-01-12,Home,Office Chair,615,1,615,West Malaysia,Melaka,Credit Card
ORD15048,2025-06-17,Home,Office Chair,506,4,2024,East Malaysia,Sabah,TNG eWallet
ORD15049,2025-12-03,Home,Air Purifier,798,1,798,East Malaysia,Sabah,Credit Card
ORD15050,2025-05-03,Home,Desk Lamp,442,3,1326,East Malaysia,Sarawak,GrabPay
ORD15051,2025-03-31,Electronics,Smartphone,2706,4,10824,East Malaysia,Sarawak,FPX
ORD15052,2025-10-17,Home,Desk Lamp,540,4,2160,East Malaysia,Sarawak,GrabPay
ORD15053,2025-06-21,Electronics,Laptop,2968,2,5936,West Malaysia,Johor,GrabPay
ORD15054,2025-02-15,Electronics,Smartphone,2617,4,10468,West Malaysia,Melaka,TNG eWallet
ORD15055,2025-01-16,Electronics,Laptop,3659,2,7318,East Malaysia,Sabah,TNG eWallet
ORD15056,2025-07-18,Fashion,T-Shirt,382,1,382,West Malaysia,Penang,GrabPay
ORD15057,2025-04-13,Electronics,Smartphone,1315,3,3945,West Malaysia,Johor,GrabPay
ORD15058,2025-05-18,Home,Office Chair,380,3,1140,East Malaysia,Sarawak,FPX
ORD15059,2025-10-21,Electronics,Laptop,3829,2,7658,West Malaysia,Pahang,Credit Card
ORD15060,2025-12-13,Home,Office Chair,236,1,236,West Malaysia,Kedah,GrabPay
ORD15061,2025-05-26,Home,Coffee Maker,784,2,1568,East Malaysia,Sarawak,FPX
ORD15062,2025-02-04,Electronics,Laptop,3842,2,7684,West Malaysia,Pahang,Credit Card
ORD15063,2025-05-20,Home,Desk Lamp,589,2,1178,East Malaysia,Sabah,GrabPay
ORD15064,2025-06-26,Electronics,Smartwatch,2613,1,2613,East Malaysia,Sabah,GrabPay
ORD15065,2025-02-19,Fashion,Backpack,67,4,268,West Malaysia,Kedah,Credit Card
ORD15066,2025-10-06,Home,Desk Lamp,506,2,1012,West Malaysia,Pahang,GrabPay
ORD15067,2025-10-27,Electronics,Smartwatch,2517,2,5034,East Malaysia,Sabah,TNG eWallet
ORD15068,2025-04-14,Electronics,Smartwatch,3094,3,9282,West Malaysia,Perak,GrabPay
ORD15069,2025-03-07,Fashion,Sneakers,365,4,1460,East Malaysia,Sabah,TNG eWallet
ORD15070,2025-06-13,Home,Office Chair,589,3,1767,West Malaysia,Penang,Credit Card
ORD15071,2025-02-09,Fashion,Sunglasses,294,3,882,East Malaysia,Sabah,FPX
ORD15072,2025-06-04,Electronics,Laptop,1936,1,1936,East Malaysia,Sabah,FPX
ORD15073,2025-03-13,Fashion,Backpack,292,3,876,West Malaysia,Perak,GrabPay
ORD15074,2025-07-30,Electronics,Wireless Earbuds,3993,4,15972,West Malaysia,Pahang,GrabPay
ORD15075,2025-03-11,Electronics,Laptop,3569,1,3569,West Malaysia,Johor,GrabPay
ORD15076,2025-04-30,Home,Desk Lamp,397,3,1191,East Malaysia,Sarawak,GrabPay
ORD15077,2025-06-01,Home,Desk Lamp,760,3,2280,East Malaysia,Sabah,Credit Card
ORD15078,2025-04-21,Home,Desk Lamp,244,3,732,West Malaysia,Pahang,Credit Card
ORD15079,2025-09-02,Home,Air Purifier,789,1,789,East Malaysia,Sarawak,TNG eWallet
ORD15080,2025-11-09,Electronics,Smartphone,2514,4,10056,West Malaysia,Pahang,GrabPay
ORD15081,2025-05-24,Fashion,Sneakers,229,2,458,East Malaysia,Sarawak,Credit Card
ORD15082,2025-03-14,Home,Office Chair,189,3,567,East Malaysia,Sarawak,FPX
ORD15083,2025-01-25,Electronics,Smartphone,1705,2,3410,East Malaysia,Sarawak,Credit Card
ORD15084,2025-12-07,Home,Air Purifier,261,1,261,West Malaysia,Johor,TNG eWallet
ORD15085,2025-08-26,Home,Office Chair,161,3,483,West Malaysia,Selangor,GrabPay
ORD15086,2025-07-01,Fashion,Sneakers,174,1,174,West Malaysia,Selangor,GrabPay
ORD15087,2025-09-17,Fashion,Sunglasses,133,4,532,East Malaysia,Sarawak,Credit Card
ORD15088,2025-03-30,Electronics,Smartphone,3277,3,9831,West Malaysia,Kuala Lumpur,FPX
ORD15089,2025-06-27,Fashion,Sneakers,335,3,1005,East Malaysia,Sarawak,Credit Card
ORD15090,2025-06-13,Fashion,T-Shirt,394,4,1576,West Malaysia,Kedah,GrabPay
ORD15091,2025-05-13,Fashion,T-Shirt,196,3,588,East Malaysia,Sarawak,FPX
ORD15092,2025-01-20,Electronics,Wireless Earbuds,3709,2,7418,West Malaysia,Perak,FPX
ORD15093,2025-11-22,Home,Coffee Maker,473,1,473,East Malaysia,Sabah,GrabPay
ORD15094,2025-10-17,Fashion,T-Shirt,125,3,375,East Malaysia,Sabah,FPX
ORD15095,2025-09-12,Home,Air Purifier,487,4,1948,East Malaysia,Sabah,Credit Card
ORD15096,2025-06-18,Electronics,Smartwatch,3552,2,7104,West Malaysia,Melaka,TNG eWallet
ORD15097,2025-08-25,Home,Office Chair,209,1,209,East Malaysia,Sarawak,FPX
ORD15098,2025-09-28,Fashion,Sunglasses,364,2,728,West Malaysia,Perak,FPX
ORD15099,2025-05-28,Fashion,T-Shirt,240,2,480,West Malaysia,Melaka,TNG eWallet
ORD15100,2025-11-24,Electronics,Smartwatch,4055,3,12165,West Malaysia,Johor,GrabPay
ORD15101,2025-01-04,Fashion,Sunglasses,133,2,266,West Malaysia,Johor,FPX
ORD15102,2025-03-09,Fashion,Sunglasses,328,1,328,West Malaysia,Penang,Credit Card
ORD15103,2025-02-24,Home,Air Purifier,495,2,990,West Malaysia,Johor,TNG eWallet
ORD15104,2025-05-02,Electronics,Smartwatch,2184,1,2184,East Malaysia,Sabah,FPX
ORD15105,2025-08-06,Fashion,T-Shirt,190,3,570,East Malaysia,Sabah,TNG eWallet
ORD15106,2025-12-09,Home,Desk Lamp,684,1,684,West Malaysia,Perak,Credit Card
ORD15107,2025-08-11,Fashion,Sunglasses,85,1,85,West Malaysia,Kedah,Credit Card
ORD15108,2025-08-07,Home,Office Chair,220,2,440,West Malaysia,Selangor,Credit Card
ORD15109,2025-08-23,Home,Desk Lamp,458,4,1832,West Malaysia,Kedah,FPX
ORD15110,2025-12-28,Fashion,T-Shirt,79,2,158,East Malaysia,Sarawak,FPX
ORD15111,2025-10-27,Electronics,Smartwatch,1712,2,3424,East Malaysia,Sabah,GrabPay
ORD15112,2025-07-11,Fashion,Sunglasses,290,3,870,West Malaysia,Johor,FPX
ORD15113,2025-01-28,Home,Office Chair,771,3,2313,West Malaysia,Selangor,Credit Card
ORD15114,2025-02-15,Home,Desk Lamp,216,3,648,West Malaysia,Penang,FPX
ORD15115,2025-04-07,Home,Desk Lamp,786,4,3144,East Malaysia,Sarawak,FPX
ORD15116,2025-11-11,Home,Office Chair,339,1,339,West Malaysia,Perak,GrabPay
ORD15117,2025-05-13,Fashion,T-Shirt,135,3,405,East Malaysia,Sarawak,Credit Card
ORD15118,2025-09-26,Home,Air Purifier,524,2,1048,East Malaysia,Sarawak,Credit Card
ORD15119,2025-12-02,Fashion,Sunglasses,72,1,72,East Malaysia,Sabah,FPX
ORD15120,2025-01-31,Home,Air Purifier,751,4,3004,East Malaysia,Sarawak,TNG eWallet
ORD15121,2025-01-08,Electronics,Smartphone,2425,2,4850,East Malaysia,Sabah,TNG eWallet
ORD15122,2025-09-05,Home,Coffee Maker,744,1,744,West Malaysia,Kuala Lumpur,Credit Card
ORD15123,2025-01-12,Home,Office Chair,387,4,1548,West Malaysia,Penang,GrabPay
ORD15124,2025-11-05,Electronics,Smartphone,2056,4,8224,West Malaysia,Johor,Credit Card
ORD15125,2025-01-26,Electronics,Smartphone,2178,2,4356,East Malaysia,Sarawak,FPX
ORD15126,2025-12-17,Fashion,Sneakers,105,2,210,West Malaysia,Kuala Lumpur,GrabPay
ORD15127,2025-02-19,Home,Air Purifier,116,2,232,West Malaysia,Kuala Lumpur,TNG eWallet
ORD15128,2025-04-12,Electronics,Laptop,2787,4,11148,West Malaysia,Kedah,GrabPay
ORD15129,2025-03-11,Home,Air Purifier,263,4,1052,West Malaysia,Melaka,Credit Card
ORD15130,2025-08-07,Electronics,Laptop,3950,1,3950,West Malaysia,Kedah,FPX
ORD15131,2025-09-24,Home,Air Purifier,341,2,682,East Malaysia,Sabah,FPX
ORD15132,2025-03-30,Home,Coffee Maker,717,3,2151,East Malaysia,Sarawak,FPX
ORD15133,2025-09-17,Home,Office Chair,775,1,775,East Malaysia,Sabah,Credit Card
ORD15134,2025-12-31,Home,Office Chair,600,1,600,West Malaysia,Pahang,GrabPay
ORD15135,2025-08-26,Electronics,Laptop,4253,1,4253,East Malaysia,Sarawak,FPX
ORD15136,2025-05-22,Home,Coffee Maker,407,1,407,West Malaysia,Melaka,TNG eWallet
ORD15137,2025-09-21,Electronics,Wireless Earbuds,3097,2,6194,East Malaysia,Sabah,Credit Card
ORD15138,2025-03-05,Electronics,Smartphone,3248,1,3248,West Malaysia,Pahang,FPX
ORD15139,2025-09-11,Home,Air Purifier,159,2,318,East Malaysia,Sarawak,TNG eWallet
ORD15140,2025-10-08,Electronics,Laptop,3107,1,3107,East Malaysia,Sarawak,TNG eWallet
ORD15141,2025-06-30,Home,Air Purifier,564,3,1692,West Malaysia,Kedah,FPX
ORD15142,2025-06-27,Fashion,Sunglasses,346,3,1038,West Malaysia,Selangor,TNG eWallet
ORD15143,2025-11-04,Electronics,Laptop,4230,1,4230,West Malaysia,Perak,Credit Card
ORD15144,2025-11-25,Home,Office Chair,774,3,2322,West Malaysia,Kuala Lumpur,GrabPay
ORD15145,2025-01-14,Fashion,Sunglasses,326,3,978,East Malaysia,Sabah,GrabPay
ORD15146,2025-11-06,Electronics,Wireless Earbuds,4307,1,4307,East Malaysia,Sarawak,GrabPay
ORD15147,2025-11-03,Home,Desk Lamp,642,3,1926,West Malaysia,Penang,Credit Card
ORD15148,2025-01-03,Home,Air Purifier,504,3,1512,East Malaysia,Sabah,GrabPay
ORD15149,2025-11-24,Home,Office Chair,154,3,462,East Malaysia,Sabah,TNG eWallet
ORD15150,2025-02-26,Home,Desk Lamp,622,3,1866,West Malaysia,Perak,TNG eWallet
ORD15151,2025-07-29,Home,Air Purifier,437,2,874,West Malaysia,Penang,Credit Card
ORD15152,2025-09-19,Fashion,Sunglasses,337,2,674,West Malaysia,Pahang,GrabPay
ORD15153,2025-04-18,Home,Desk Lamp,545,4,2180,West Malaysia,Johor,TNG eWallet
ORD15154,2025-08-29,Electronics,Laptop,636,3,1908,East Malaysia,Sabah,TNG eWallet
ORD15155,2025-09-28,Home,Desk Lamp,205,1,205,West Malaysia,Penang,TNG eWallet
ORD15156,2025-07-09,Electronics,Laptop,3557,1,3557,East Malaysia,Sarawak,GrabPay
ORD15157,2025-08-05,Fashion,Backpack,296,4,1184,West Malaysia,Perak,TNG eWallet
ORD15158,2025-05-10,Fashion,Backpack,285,2,570,West Malaysia,Pahang,Credit Card
ORD15159,2025-11-28,Fashion,Sunglasses,230,1,230,East Malaysia,Sarawak,TNG eWallet
ORD15160,2025-05-16,Electronics,Smartphone,3801,4,15204,East Malaysia,Sabah,FPX
ORD15161,2025-07-22,Home,Office Chair,738,1,738,East Malaysia,Sarawak,GrabPay
ORD15162,2025-01-04,Home,Office Chair,131,1,131,East Malaysia,Sabah,GrabPay
ORD15163,2025-12-31,Electronics,Smartwatch,1984,4,7936,East Malaysia,Sabah,Credit Card
ORD15164,2025-07-25,Home,Coffee Maker,610,2,1220,East Malaysia,Sarawak,TNG eWallet
ORD15165,2025-12-21,Home,Office Chair,171,1,171,East Malaysia,Sarawak,GrabPay
ORD15166,2025-10-01,Home,Desk Lamp,329,1,329,West Malaysia,Perak,GrabPay
ORD15167,2025-02-11,Electronics,Smartwatch,1803,4,7212,West Malaysia,Perak,GrabPay
ORD15168,2025-06-16,Home,Desk Lamp,320,2,640,East Malaysia,Sabah,GrabPay
ORD15169,2025-04-14,Electronics,Smartphone,3267,4,13068,East Malaysia,Sabah,GrabPay
ORD15170,2025-11-04,Electronics,Wireless Earbuds,2987,4,11948,East Malaysia,Sarawak,FPX
ORD15171,2025-09-15,Fashion,T-Shirt,255,2,510,East Malaysia,Sarawak,Credit Card
ORD15172,2025-09-01,Fashion,Sunglasses,126,1,126,West Malaysia,Pahang,FPX
ORD15173,2025-08-12,Fashion,Sneakers,116,4,464,East Malaysia,Sabah,Credit Card
ORD15174,2025-11-03,Home,Desk Lamp,762,3,2286,East Malaysia,Sarawak,TNG eWallet
ORD15175,2025-08-06,Fashion,Sneakers,394,4,1576,East Malaysia,Sabah,FPX
ORD15176,2025-05-02,Fashion,Sunglasses,95,1,95,West Malaysia,Johor,FPX
ORD15177,2025-01-11,Fashion,Sneakers,104,4,416,East Malaysia,Sabah,GrabPay
ORD15178,2025-08-17,Electronics,Smartwatch,3999,2,7998,East Malaysia,Sarawak,GrabPay
ORD15179,2025-08-26,Electronics,Laptop,1105,3,3315,West Malaysia,Melaka,GrabPay
ORD15180,2025-04-21,Fashion,Sneakers,176,1,176,East Malaysia,Sarawak,TNG eWallet
ORD15181,2025-09-16,Electronics,Laptop,2336,1,2336,East Malaysia,Sabah,FPX
ORD15182,2025-06-23,Fashion,Backpack,99,2,198,West Malaysia,Kedah,GrabPay
ORD15183,2025-11-05,Home,Coffee Maker,671,4,2684,West Malaysia,Pahang,TNG eWallet
ORD15184,2025-04-05,Home,Office Chair,183,4,732,West Malaysia,Melaka,Credit Card
ORD15185,2025-03-13,Electronics,Laptop,3641,3,10923,West Malaysia,Perak,FPX
ORD15186,2025-03-13,Home,Office Chair,436,3,1308,East Malaysia,Sarawak,GrabPay
ORD15187,2025-12-12,Electronics,Laptop,3619,1,3619,East Malaysia,Sabah,Credit Card
ORD15188,2025-12-08,Electronics,Laptop,965,1,965,West Malaysia,Pahang,GrabPay
ORD15189,2025-03-27,Home,Coffee Maker,386,3,1158,West Malaysia,Selangor,TNG eWallet
ORD15190,2025-04-19,Fashion,Sneakers,245,4,980,West Malaysia,Perak,Credit Card
ORD15191,2025-11-08,Electronics,Smartphone,801,4,3204,East Malaysia,Sarawak,Credit Card
ORD15192,2025-05-14,Home,Air Purifier,512,4,2048,East Malaysia,Sabah,TNG eWallet
ORD15193,2025-08-07,Home,Coffee Maker,303,1,303,East Malaysia,Sarawak,GrabPay
ORD15194,2025-11-05,Fashion,Backpack,283,3,849,West Malaysia,Kuala Lumpur,Credit Card
ORD15195,2025-05-29,Electronics,Wireless Earbuds,2941,2,5882,West Malaysia,Kedah,FPX
ORD15196,2025-08-22,Home,Air Purifier,742,4,2968,West Malaysia,Penang,FPX
ORD15197,2025-12-13,Fashion,Sneakers,133,1,133,East Malaysia,Sabah,GrabPay
ORD15198,2025-02-23,Fashion,T-Shirt,283,3,849,West Malaysia,Perak,TNG eWallet
ORD15199,2025-04-19,Fashion,Sneakers,99,3,297,West Malaysia,Penang,Credit Card
ORD15200,2025-09-25,Fashion,Backpack,367,2,734,East Malaysia,Sarawak,GrabPay
ORD15201,2025-04-10,Electronics,Smartwatch,3583,2,7166,West Malaysia,Kuala Lumpur,TNG eWallet
ORD15202,2025-08-05,Fashion,Backpack,225,1,225,East Malaysia,Sarawak,GrabPay
ORD15203,2025-01-26,Electronics,Smartwatch,1366,3,4098,West Malaysia,Kuala Lumpur,FPX
ORD15204,2025-07-10,Electronics,Smartphone,1888,2,3776,East Malaysia,Sarawak,TNG eWallet
ORD15205,2025-05-25,Home,Desk Lamp,655,2,1310,West Malaysia,Pahang,Credit Card
ORD15206,2025-08-07,Fashion,T-Shirt,398,4,1592,West Malaysia,Pahang,Credit Card
ORD15207,2025-02-11,Fashion,Sneakers,160,3,480,West Malaysia,Melaka,Credit Card
ORD15208,2025-09-21,Electronics,Wireless Earbuds,4396,3,13188,East Malaysia,Sarawak,FPX
ORD15209,2025-06-20,Home,Coffee Maker,329,3,987,East Malaysia,Sarawak,FPX
ORD15210,2025-06-27,Fashion,Backpack,187,2,374,West Malaysia,Kedah,TNG eWallet
ORD15211,2025-02-04,Fashion,Sneakers,202,3,606,West Malaysia,Melaka,GrabPay
ORD15212,2025-11-16,Home,Office Chair,510,2,1020,West Malaysia,Kedah,FPX
ORD15213,2025-06-10,Fashion,Sneakers,334,2,668,West Malaysia,Melaka,TNG eWallet
ORD15214,2025-11-08,Fashion,T-Shirt,50,2,100,West Malaysia,Perak,FPX
ORD15215,2025-09-12,Fashion,Sunglasses,344,1,344,West Malaysia,Penang,Credit Card
ORD15216,2025-01-31,Electronics,Wireless Earbuds,1414,1,1414,West Malaysia,Pahang,GrabPay
ORD15217,2025-10-27,Home,Desk Lamp,721,1,721,West Malaysia,Melaka,GrabPay
ORD15218,2025-05-04,Fashion,Sunglasses,179,3,537,West Malaysia,Penang,Credit Card
ORD15219,2025-06-29,Fashion,Sunglasses,375,2,750,East Malaysia,Sabah,FPX
ORD15220,2025-02-07,Electronics,Laptop,813,4,3252,West Malaysia,Kedah,TNG eWallet
ORD15221,2025-03-09,Home,Office Chair,606,2,1212,East Malaysia,Sarawak,GrabPay
ORD15222,2025-07-26,Electronics,Wireless Earbuds,2480,3,7440,East Malaysia,Sarawak,GrabPay
ORD15223,2025-09-08,Electronics,Wireless Earbuds,4388,2,8776,East Malaysia,Sarawak,TNG eWallet
ORD15224,2025-12-21,Fashion,Sunglasses,359,4,1436,West Malaysia,Perak,Credit Card
ORD15225,2025-06-06,Electronics,Smartphone,2900,3,8700,West Malaysia,Perak,Credit Card
ORD15226,2025-04-20,Fashion,Sneakers,381,4,1524,East Malaysia,Sarawak,GrabPay
ORD15227,2025-11-27,Fashion,Backpack,171,1,171,West Malaysia,Melaka,TNG eWallet
ORD15228,2025-04-06,Home,Air Purifier,652,2,1304,West Malaysia,Melaka,GrabPay
ORD15229,2025-03-01,Fashion,Backpack,81,4,324,West Malaysia,Perak,TNG eWallet
ORD15230,2025-10-02,Home,Desk Lamp,472,1,472,East Malaysia,Sabah,GrabPay
ORD15231,2025-04-28,Fashion,Backpack,337,2,674,West Malaysia,Pahang,GrabPay
ORD15232,2025-08-24,Home,Desk Lamp,292,3,876,West Malaysia,Johor,Credit Card
ORD15233,2025-02-18,Home,Office Chair,550,2,1100,East Malaysia,Sarawak,Credit Card
ORD15234,2025-01-20,Electronics,Smartphone,4062,2,8124,East Malaysia,Sarawak,FPX
ORD15235,2025-01-31,Home,Coffee Maker,662,2,1324,West Malaysia,Kedah,Credit Card
ORD15236,2025-10-29,Fashion,T-Shirt,190,2,380,West Malaysia,Melaka,FPX
ORD15237,2025-09-11,Fashion,Backpack,193,1,193,East Malaysia,Sarawak,FPX
ORD15238,2025-05-24,Electronics,Laptop,1305,4,5220,East Malaysia,Sarawak,TNG eWallet
ORD15239,2025-09-06,Electronics,Laptop,1409,2,2818,West Malaysia,Kuala Lumpur,TNG eWallet
ORD15240,2025-08-21,Electronics,Smartphone,1520,3,4560,East Malaysia,Sarawak,Credit Card
ORD15241,2025-06-07,Electronics,Laptop,1728,1,1728,West Malaysia,Penang,FPX
ORD15242,2025-09-12,Electronics,Smartphone,2632,4,10528,West Malaysia,Pahang,Credit Card
ORD15243,2025-06-11,Home,Coffee Maker,113,4,452,East Malaysia,Sarawak,Credit Card
ORD15244,2025-01-27,Electronics,Wireless Earbuds,3322,1,3322,East Malaysia,Sarawak,TNG eWallet
ORD15245,2025-08-22,Fashion,Backpack,357,2,714,East Malaysia,Sabah,GrabPay
ORD15246,2025-10-22,Home,Office Chair,721,2,1442,West Malaysia,Kuala Lumpur,FPX
ORD15247,2025-04-24,Home,Office Chair,359,2,718,East Malaysia,Sarawak,TNG eWallet
ORD15248,2025-10-06,Home,Air Purifier,310,1,310,East Malaysia,Sarawak,TNG eWallet
ORD15249,2025-11-27,Home,Air Purifier,378,3,1134,West Malaysia,Pahang,FPX
ORD15250,2025-06-03,Fashion,Sunglasses,295,4,1180,East Malaysia,Sabah,GrabPay
ORD15251,2025-03-24,Home,Air Purifier,329,1,329,East Malaysia,Sarawak,GrabPay
ORD15252,2025-10-12,Fashion,Sunglasses,299,1,299,East Malaysia,Sarawak,TNG eWallet
ORD15253,2025-06-15,Electronics,Laptop,2852,1,2852,East Malaysia,Sarawak,FPX
ORD15254,2025-02-26,Electronics,Smartphone,1790,3,5370,East Malaysia,Sabah,FPX
ORD15255,2025-03-28,Home,Coffee Maker,740,1,740,West Malaysia,Selangor,FPX
ORD15256,2025-02-22,Home,Desk Lamp,155,4,620,West Malaysia,Kuala Lumpur,TNG eWallet
ORD15257,2025-08-07,Electronics,Smartphone,591,2,1182,West Malaysia,Kedah,Credit Card
ORD15258,2025-06-17,Fashion,Backpack,179,2,358,West Malaysia,Kedah,TNG eWallet
ORD15259,2025-08-29,Electronics,Smartwatch,3997,4,15988,East Malaysia,Sarawak,GrabPay
ORD15260,2025-04-19,Electronics,Wireless Earbuds,1158,4,4632,East Malaysia,Sarawak,Credit Card
ORD15261,2025-12-15,Home,Coffee Maker,345,2,690,West Malaysia,Kuala Lumpur,Credit Card
ORD15262,2025-06-29,Home,Coffee Maker,696,2,1392,West Malaysia,Penang,GrabPay
ORD15263,2025-02-10,Fashion,Backpack,105,4,420,West Malaysia,Selangor,Credit Card
ORD15264,2025-09-13,Fashion,Backpack,319,4,1276,East Malaysia,Sarawak,Credit Card
ORD15265,2025-02-01,Fashion,Backpack,338,3,1014,West Malaysia,Pahang,Credit Card
ORD15266,2025-04-05,Electronics,Smartwatch,3507,4,14028,East Malaysia,Sarawak,TNG eWallet
ORD15267,2025-03-04,Fashion,Sunglasses,391,2,782,West Malaysia,Kuala Lumpur,GrabPay
ORD15268,2025-09-15,Electronics,Wireless Earbuds,644,1,644,West Malaysia,Selangor,GrabPay
ORD15269,2025-10-31,Fashion,T-Shirt,241,2,482,East Malaysia,Sarawak,GrabPay
ORD15270,2025-12-15,Electronics,Wireless Earbuds,3606,1,3606,West Malaysia,Melaka,TNG eWallet
ORD15271,2025-01-24,Home,Desk Lamp,796,2,1592,West Malaysia,Penang,TNG eWallet
ORD15272,2025-07-08,Fashion,Sunglasses,240,1,240,East Malaysia,Sabah,Credit Card
ORD15273,2025-12-31,Electronics,Laptop,3158,4,12632,East Malaysia,Sabah,FPX
ORD15274,2025-08-04,Home,Air Purifier,602,2,1204,East Malaysia,Sabah,GrabPay
ORD15275,2025-07-25,Electronics,Laptop,1290,2,2580,West Malaysia,Perak,FPX
ORD15276,2025-03-18,Electronics,Smartwatch,3834,4,15336,West Malaysia,Selangor,FPX
ORD15277,2025-01-26,Home,Desk Lamp,412,2,824,East Malaysia,Sarawak,GrabPay
ORD15278,2025-12-28,Electronics,Smartphone,1976,2,3952,East Malaysia,Sabah,Credit Card
ORD15279,2025-10-02,Home,Desk Lamp,749,1,749,East Malaysia,Sabah,GrabPay
ORD15280,2025-03-19,Fashion,Sneakers,377,3,1131,West Malaysia,Pahang,GrabPay
ORD15281,2025-12-24,Home,Air Purifier,395,3,1185,West Malaysia,Kedah,FPX
ORD15282,2025-04-10,Home,Air Purifier,672,3,2016,West Malaysia,Pahang,Credit Card
ORD15283,2025-03-15,Home,Coffee Maker,453,4,1812,West Malaysia,Pahang,TNG eWallet
ORD15284,2025-08-11,Electronics,Smartphone,2505,2,5010,East Malaysia,Sabah,Credit Card
ORD15285,2025-07-04,Home,Office Chair,401,1,401,West Malaysia,Johor,GrabPay
ORD15286,2025-11-18,Fashion,Sneakers,278,2,556,West Malaysia,Penang,Credit Card
ORD15287,2025-04-25,Electronics,Wireless Earbuds,4346,3,13038,West Malaysia,Perak,FPX
ORD15288,2025-02-12,Electronics,Laptop,3373,2,6746,East Malaysia,Sabah,FPX
ORD15289,2025-11-26,Fashion,Sneakers,341,2,682,East Malaysia,Sarawak,TNG eWallet
ORD15290,2025-08-10,Fashion,Sunglasses,375,4,1500,West Malaysia,Penang,GrabPay
ORD15291,2025-06-22,Electronics,Smartphone,3559,4,14236,East Malaysia,Sabah,FPX
ORD15292,2025-11-21,Fashion,Sunglasses,59,3,177,East Malaysia,Sabah,TNG eWallet
ORD15293,2025-09-30,Home,Office Chair,514,2,1028,West Malaysia,Pahang,FPX
ORD15294,2025-07-25,Home,Desk Lamp,371,3,1113,East Malaysia,Sarawak,FPX
ORD15295,2025-06-22,Home,Coffee Maker,577,4,2308,East Malaysia,Sabah,GrabPay
ORD15296,2025-09-28,Electronics,Wireless Earbuds,3125,4,12500,East Malaysia,Sarawak,Credit Card
ORD15297,2025-07-30,Home,Desk Lamp,251,2,502,West Malaysia,Kedah,FPX
ORD15298,2025-02-20,Fashion,T-Shirt,285,3,855,East Malaysia,Sabah,FPX
ORD15299,2025-08-22,Home,Air Purifier,734,1,734,East Malaysia,Sabah,GrabPay
ORD15300,2025-08-25,Fashion,Sunglasses,273,2,546,East Malaysia,Sabah,GrabPay
ORD15301,2025-12-19,Electronics,Smartwatch,372,2,744,West Malaysia,Pahang,GrabPay
ORD15302,2025-11-24,Home,Air Purifier,515,4,2060,West Malaysia,Pahang,FPX
ORD15303,2025-06-19,Electronics,Smartwatch,1413,3,4239,West Malaysia,Kedah,TNG eWallet
ORD15304,2025-04-24,Fashion,Sneakers,115,2,230,East Malaysia,Sarawak,FPX
ORD15305,2025-01-25,Electronics,Wireless Earbuds,545,4,2180,East Malaysia,Sabah,Credit Card
ORD15306,2025-08-13,Fashion,Backpack,287,1,287,West Malaysia,Penang,TNG eWallet
ORD15307,2025-01-18,Home,Office Chair,765,4,3060,East Malaysia,Sarawak,FPX
ORD15308,2025-08-12,Fashion,T-Shirt,228,2,456,West Malaysia,Kedah,GrabPay
ORD15309,2025-11-18,Fashion,Sneakers,400,3,1200,West Malaysia,Perak,GrabPay
ORD15310,2025-06-20,Home,Office Chair,630,3,1890,West Malaysia,Kuala Lumpur,GrabPay
ORD15311,2025-05-07,Home,Air Purifier,511,3,1533,West Malaysia,Johor,GrabPay
ORD15312,2025-07-21,Home,Coffee Maker,191,2,382,East Malaysia,Sabah,Credit Card
ORD15313,2025-12-01,Home,Air Purifier,499,3,1497,East Malaysia,Sarawak,FPX
ORD15314,2025-09-01,Home,Air Purifier,194,3,582,East Malaysia,Sabah,GrabPay
ORD15315,2025-08-12,Electronics,Smartwatch,908,3,2724,East Malaysia,Sarawak,GrabPay
ORD15316,2025-10-30,Home,Desk Lamp,253,4,1012,West Malaysia,Johor,GrabPay
ORD15317,2025-09-10,Home,Desk Lamp,149,3,447,East Malaysia,Sarawak,Credit Card
ORD15318,2025-11-25,Electronics,Smartphone,3087,3,9261,East Malaysia,Sarawak,FPX
ORD15319,2025-08-25,Home,Air Purifier,707,1,707,West Malaysia,Perak,FPX
ORD15320,2025-03-21,Home,Air Purifier,382,3,1146,West Malaysia,Penang,Credit Card
ORD15321,2025-04-14,Home,Office Chair,631,4,2524,West Malaysia,Kedah,TNG eWallet
ORD15322,2025-02-12,Electronics,Wireless Earbuds,324,1,324,East Malaysia,Sabah,GrabPay
ORD15323,2025-12-17,Home,Coffee Maker,578,4,2312,West Malaysia,Perak,TNG eWallet
ORD15324,2025-06-05,Home,Desk Lamp,776,4,3104,East Malaysia,Sabah,TNG eWallet
ORD15325,2025-07-15,Home,Office Chair,655,4,2620,East Malaysia,Sarawak,GrabPay
ORD15326,2025-03-03,Electronics,Wireless Earbuds,2323,4,9292,West Malaysia,Penang,FPX
ORD15327,2025-08-13,Electronics,Laptop,2730,4,10920,West Malaysia,Johor,TNG eWallet
ORD15328,2025-06-27,Electronics,Smartwatch,3080,4,12320,West Malaysia,Penang,Credit Card
ORD15329,2025-06-22,Electronics,Wireless Earbuds,4329,1,4329,West Malaysia,Kuala Lumpur,GrabPay
ORD15330,2025-10-24,Fashion,Backpack,295,4,1180,West Malaysia,Penang,GrabPay
ORD15331,2025-05-07,Electronics,Smartphone,2257,3,6771,East Malaysia,Sabah,FPX
ORD15332,2025-03-22,Home,Air Purifier,240,4,960,West Malaysia,Pahang,GrabPay
ORD15333,2025-10-22,Fashion,T-Shirt,83,2,166,West Malaysia,Kedah,TNG eWallet
ORD15334,2025-10-18,Electronics,Smartwatch,3517,2,7034,West Malaysia,Kedah,Credit Card
ORD15335,2025-02-06,Home,Office Chair,794,1,794,West Malaysia,Kedah,TNG eWallet
ORD15336,2025-01-25,Fashion,Sunglasses,72,2,144,East Malaysia,Sabah,GrabPay
ORD15337,2025-11-06,Fashion,Sneakers,63,3,189,West Malaysia,Melaka,Credit Card
ORD15338,2025-03-24,Electronics,Laptop,2339,1,2339,East Malaysia,Sarawak,GrabPay
ORD15339,2025-01-04,Electronics,Smartwatch,1206,2,2412,East Malaysia,Sarawak,Credit Card
ORD15340,2025-06-01,Electronics,Smartwatch,1686,2,3372,East Malaysia,Sabah,Credit Card
ORD15341,2025-01-17,Electronics,Smartphone,2232,1,2232,East Malaysia,Sabah,Credit Card
ORD15342,2025-06-29,Electronics,Wireless Earbuds,2918,2,5836,East Malaysia,Sarawak,GrabPay
ORD15343,2025-01-19,Fashion,T-Shirt,62,2,124,West Malaysia,Melaka,Credit Card
ORD15344,2025-01-01,Home,Coffee Maker,684,2,1368,West Malaysia,Selangor,TNG eWallet
ORD15345,2025-03-01,Electronics,Smartwatch,2694,2,5388,East Malaysia,Sarawak,GrabPay
ORD15346,2025-06-06,Fashion,T-Shirt,260,2,520,West Malaysia,Melaka,FPX
ORD15347,2025-12-26,Home,Coffee Maker,592,4,2368,East Malaysia,Sabah,TNG eWallet
ORD15348,2025-03-04,Home,Desk Lamp,536,3,1608,West Malaysia,Perak,GrabPay
ORD15349,2025-09-15,Fashion,Sneakers,393,1,393,West Malaysia,Kuala Lumpur,TNG eWallet
ORD15350,2025-02-18,Electronics,Wireless Earbuds,2368,2,4736,West Malaysia,Perak,FPX
ORD15351,2025-03-10,Electronics,Smartwatch,2325,3,6975,East Malaysia,Sarawak,Credit Card
ORD15352,2025-02-05,Home,Coffee Maker,340,4,1360,East Malaysia,Sarawak,GrabPay
ORD15353,2025-10-20,Home,Desk Lamp,541,4,2164,East Malaysia,Sarawak,GrabPay
ORD15354,2025-07-05,Home,Desk Lamp,185,2,370,West Malaysia,Johor,GrabPay
ORD15355,2025-03-02,Fashion,T-Shirt,311,1,311,West Malaysia,Pahang,TNG eWallet
ORD15356,2025-02-13,Fashion,T-Shirt,295,1,295,East Malaysia,Sabah,Credit Card
ORD15357,2025-10-03,Fashion,Backpack,172,3,516,East Malaysia,Sabah,GrabPay
ORD15358,2025-09-24,Electronics,Smartphone,2163,4,8652,West Malaysia,Melaka,TNG eWallet
ORD15359,2025-07-20,Home,Air Purifier,359,3,1077,West Malaysia,Penang,TNG eWallet
ORD15360,2025-08-25,Home,Desk Lamp,416,2,832,East Malaysia,Sarawak,FPX
ORD15361,2025-08-15,Electronics,Laptop,4277,4,17108,East Malaysia,Sabah,GrabPay
ORD15362,2025-11-04,Home,Air Purifier,603,1,603,West Malaysia,Kuala Lumpur,GrabPay
ORD15363,2025-02-21,Home,Office Chair,440,3,1320,East Malaysia,Sabah,Credit Card
ORD15364,2025-03-28,Electronics,Wireless Earbuds,726,3,2178,East Malaysia,Sabah,TNG eWallet
ORD15365,2025-01-12,Home,Coffee Maker,495,3,1485,West Malaysia,Perak,GrabPay
ORD15366,2025-09-25,Home,Desk Lamp,388,3,1164,West Malaysia,Kuala Lumpur,GrabPay
ORD15367,2025-08-04,Fashion,Backpack,162,4,648,East Malaysia,Sabah,TNG eWallet
ORD15368,2025-08-23,Home,Desk Lamp,638,4,2552,West Malaysia,Johor,GrabPay
ORD15369,2025-04-11,Fashion,Sunglasses,277,3,831,East Malaysia,Sarawak,FPX
ORD15370,2025-10-26,Fashion,T-Shirt,290,1,290,West Malaysia,Kuala Lumpur,FPX
ORD15371,2025-03-11,Electronics,Laptop,3742,3,11226,East Malaysia,Sabah,Credit Card
ORD15372,2025-08-22,Electronics,Smartphone,1362,4,5448,East Malaysia,Sabah,TNG eWallet
ORD15373,2025-04-07,Home,Office Chair,200,4,800,West Malaysia,Selangor,Credit Card
ORD15374,2025-11-11,Fashion,Sunglasses,281,2,562,East Malaysia,Sabah,TNG eWallet
ORD15375,2025-01-04,Fashion,Sunglasses,321,2,642,West Malaysia,Kuala Lumpur,Credit Card
ORD15376,2025-12-09,Fashion,Sneakers,200,3,600,West Malaysia,Johor,FPX
ORD15377,2025-10-22,Electronics,Laptop,1889,3,5667,West Malaysia,Johor,GrabPay
ORD15378,2025-11-01,Home,Office Chair,107,1,107,East Malaysia,Sarawak,Credit Card
ORD15379,2025-04-16,Home,Air Purifier,773,4,3092,West Malaysia,Perak,Credit Card
ORD15380,2025-01-21,Fashion,Backpack,366,2,732,East Malaysia,Sabah,Credit Card
ORD15381,2025-08-26,Home,Air Purifier,133,4,532,East Malaysia,Sabah,GrabPay
ORD15382,2025-08-04,Fashion,T-Shirt,353,3,1059,East Malaysia,Sabah,FPX
ORD15383,2025-07-21,Electronics,Smartphone,4033,1,4033,West Malaysia,Johor,GrabPay
ORD15384,2025-04-17,Home,Coffee Maker,651,1,651,East Malaysia,Sabah,Credit Card
ORD15385,2025-06-12,Fashion,Backpack,89,3,267,East Malaysia,Sarawak,TNG eWallet
ORD15386,2025-04-11,Home,Air Purifier,361,4,1444,East Malaysia,Sabah,Credit Card
ORD15387,2025-01-06,Home,Office Chair,200,4,800,West Malaysia,Selangor,FPX
ORD15388,2025-10-26,Fashion,T-Shirt,394,4,1576,West Malaysia,Pahang,GrabPay
ORD15389,2025-12-23,Electronics,Wireless Earbuds,752,2,1504,East Malaysia,Sarawak,Credit Card
ORD15390,2025-12-04,Electronics,Smartwatch,2613,1,2613,East Malaysia,Sarawak,FPX
ORD15391,2025-11-08,Home,Coffee Maker,383,4,1532,East Malaysia,Sarawak,Credit Card
ORD15392,2025-02-08,Electronics,Smartwatch,3978,1,3978,West Malaysia,Perak,Credit Card
ORD15393,2025-04-21,Home,Desk Lamp,620,2,1240,West Malaysia,Kuala Lumpur,TNG eWallet
ORD15394,2025-04-20,Home,Office Chair,334,1,334,West Malaysia,Perak,Credit Card
ORD15395,2025-02-20,Fashion,T-Shirt,143,2,286,West Malaysia,Kuala Lumpur,FPX
ORD15396,2025-11-11,Home,Coffee Maker,557,3,1671,East Malaysia,Sabah,TNG eWallet
ORD15397,2025-05-16,Home,Air Purifier,214,1,214,West Malaysia,Penang,TNG eWallet
ORD15398,2025-10-25,Fashion,Sneakers,173,3,519,East Malaysia,Sarawak,FPX
ORD15399,2025-11-25,Home,Coffee Maker,186,4,744,East Malaysia,Sarawak,GrabPay
ORD15400,2025-03-29,Fashion,Sneakers,394,2,788,East Malaysia,Sarawak,Credit Card
ORD15401,2025-09-27,Fashion,T-Shirt,93,4,372,East Malaysia,Sarawak,Credit Card
ORD15402,2025-06-22,Electronics,Smartwatch,1085,4,4340,West Malaysia,Melaka,GrabPay
ORD15403,2025-07-21,Fashion,T-Shirt,327,4,1308,East Malaysia,Sabah,TNG eWallet
ORD15404,2025-08-22,Electronics,Laptop,971,4,3884,West Malaysia,Penang,Credit Card
ORD15405,2025-07-03,Fashion,Sneakers,207,2,414,East Malaysia,Sarawak,TNG eWallet
ORD15406,2025-04-19,Home,Coffee Maker,533,4,2132,West Malaysia,Kuala Lumpur,Credit Card
ORD15407,2025-07-02,Electronics,Laptop,1785,4,7140,East Malaysia,Sarawak,TNG eWallet
ORD15408,2025-11-19,Fashion,T-Shirt,292,3,876,East Malaysia,Sabah,GrabPay
ORD15409,2025-12-31,Electronics,Laptop,2945,1,2945,East Malaysia,Sabah,Credit Card
ORD15410,2025-01-20,Electronics,Laptop,1887,3,5661,West Malaysia,Kedah,FPX
ORD15411,2025-12-29,Fashion,Sneakers,142,1,142,East Malaysia,Sarawak,Credit Card
ORD15412,2025-02-14,Home,Office Chair,769,4,3076,West Malaysia,Johor,TNG eWallet
ORD15413,2025-12-03,Fashion,Sunglasses,325,3,975,East Malaysia,Sarawak,GrabPay
ORD15414,2025-04-20,Electronics,Smartphone,1618,3,4854,East Malaysia,Sabah,Credit Card
ORD15415,2025-02-27,Home,Air Purifier,768,3,2304,West Malaysia,Kuala Lumpur,TNG eWallet
ORD15416,2025-04-18,Fashion,Sunglasses,265,4,1060,East Malaysia,Sabah,GrabPay
ORD15417,2025-12-27,Electronics,Smartwatch,2827,4,11308,East Malaysia,Sarawak,TNG eWallet
ORD15418,2025-08-03,Home,Desk Lamp,458,4,1832,East Malaysia,Sarawak,FPX
ORD15419,2025-05-09,Fashion,Sunglasses,344,4,1376,West Malaysia,Selangor,GrabPay
ORD15420,2025-05-28,Electronics,Smartphone,891,3,2673,West Malaysia,Penang,FPX
ORD15421,2025-08-26,Fashion,Sunglasses,173,2,346,East Malaysia,Sabah,TNG eWallet
ORD15422,2025-11-02,Electronics,Smartphone,4390,3,13170,East Malaysia,Sabah,TNG eWallet
ORD15423,2025-01-08,Electronics,Smartphone,2455,3,7365,West Malaysia,Perak,Credit Card
ORD15424,2025-11-02,Fashion,T-Shirt,53,4,212,West Malaysia,Kedah,Credit Card
ORD15425,2025-07-13,Home,Air Purifier,345,1,345,East Malaysia,Sarawak,GrabPay
ORD15426,2025-09-14,Electronics,Wireless Earbuds,2056,2,4112,East Malaysia,Sabah,GrabPay
ORD15427,2025-11-08,Fashion,Backpack,62,4,248,West Malaysia,Penang,FPX
ORD15428,2025-03-01,Home,Office Chair,220,1,220,West Malaysia,Melaka,FPX
ORD15429,2025-01-01,Fashion,Backpack,263,2,526,East Malaysia,Sarawak,GrabPay
ORD15430,2025-09-24,Electronics,Laptop,4089,3,12267,East Malaysia,Sabah,Credit Card
ORD15431,2025-07-12,Fashion,Sneakers,312,3,936,East Malaysia,Sabah,TNG eWallet
ORD15432,2025-05-30,Electronics,Laptop,2082,2,4164,West Malaysia,Penang,FPX
ORD15433,2025-03-15,Electronics,Wireless Earbuds,1083,2,2166,West Malaysia,Kedah,Credit Card
ORD15434,2025-01-12,Home,Desk Lamp,557,2,1114,East Malaysia,Sabah,GrabPay
ORD15435,2025-03-23,Home,Air Purifier,315,2,630,West Malaysia,Perak,Credit Card
ORD15436,2025-09-09,Fashion,Sunglasses,125,4,500,West Malaysia,Perak,TNG eWallet
ORD15437,2025-02-27,Home,Coffee Maker,600,3,1800,West Malaysia,Pahang,FPX
ORD15438,2025-05-02,Electronics,Wireless Earbuds,1415,3,4245,West Malaysia,Kedah,GrabPay
ORD15439,2025-01-02,Electronics,Laptop,3122,1,3122,East Malaysia,Sabah,GrabPay
ORD15440,2025-05-29,Electronics,Wireless Earbuds,1507,4,6028,East Malaysia,Sabah,FPX
ORD15441,2025-12-09,Fashion,Sneakers,166,1,166,East Malaysia,Sabah,TNG eWallet
ORD15442,2025-03-08,Electronics,Laptop,2402,2,4804,East Malaysia,Sarawak,Credit Card
ORD15443,2025-08-20,Fashion,Sneakers,64,1,64,West Malaysia,Perak,Credit Card
ORD15444,2025-03-06,Fashion,Sunglasses,118,1,118,West Malaysia,Melaka,TNG eWallet
ORD15445,2025-09-29,Electronics,Smartwatch,327,2,654,East Malaysia,Sarawak,Credit Card
ORD15446,2025-09-20,Fashion,Sneakers,385,3,1155,West Malaysia,Kedah,FPX
ORD15447,2025-05-23,Home,Air Purifier,518,2,1036,East Malaysia,Sabah,TNG eWallet
ORD15448,2025-02-06,Electronics,Smartwatch,4378,3,13134,West Malaysia,Melaka,GrabPay
ORD15449,2025-09-06,Home,Air Purifier,498,4,1992,East Malaysia,Sabah,FPX
ORD15450,2025-05-12,Home,Air Purifier,621,1,621,East Malaysia,Sarawak,Credit Card
ORD15451,2025-07-18,Fashion,Backpack,105,2,210,East Malaysia,Sarawak,FPX
ORD15452,2025-06-06,Home,Air Purifier,402,2,804,East Malaysia,Sarawak,FPX
ORD15453,2025-03-11,Fashion,Backpack,167,2,334,East Malaysia,Sabah,TNG eWallet
ORD15454,2025-06-25,Electronics,Wireless Earbuds,2890,3,8670,West Malaysia,Kuala Lumpur,Credit Card
ORD15455,2025-06-08,Fashion,Sunglasses,65,2,130,East Malaysia,Sabah,FPX
ORD15456,2025-06-13,Fashion,T-Shirt,302,2,604,West Malaysia,Kuala Lumpur,GrabPay
ORD15457,2025-05-02,Home,Air Purifier,797,4,3188,East Malaysia,Sabah,TNG eWallet
ORD15458,2025-02-25,Fashion,Sunglasses,165,3,495,West Malaysia,Penang,FPX
ORD15459,2025-06-23,Home,Air Purifier,132,2,264,East Malaysia,Sabah,FPX
ORD15460,2025-07-12,Fashion,Backpack,161,1,161,West Malaysia,Penang,GrabPay
ORD15461,2025-06-15,Electronics,Smartphone,3403,4,13612,East Malaysia,Sabah,TNG eWallet
ORD15462,2025-02-06,Fashion,Sunglasses,226,4,904,West Malaysia,Kedah,Credit Card
ORD15463,2025-03-28,Fashion,T-Shirt,170,1,170,West Malaysia,Kedah,GrabPay
ORD15464,2025-11-06,Fashion,Backpack,241,4,964,West Malaysia,Johor,TNG eWallet
ORD15465,2025-09-26,Home,Desk Lamp,247,4,988,East Malaysia,Sarawak,Credit Card
ORD15466,2025-05-08,Fashion,Sneakers,264,2,528,West Malaysia,Penang,TNG eWallet
ORD15467,2025-03-27,Fashion,Sunglasses,398,4,1592,West Malaysia,Johor,GrabPay
ORD15468,2025-04-09,Home,Desk Lamp,786,2,1572,West Malaysia,Kuala Lumpur,FPX
ORD15469,2025-11-03,Home,Air Purifier,151,4,604,West Malaysia,Perak,FPX
ORD15470,2025-03-14,Home,Desk Lamp,296,1,296,West Malaysia,Penang,GrabPay
ORD15471,2025-03-04,Electronics,Smartphone,928,1,928,East Malaysia,Sabah,Credit Card
ORD15472,2025-02-14,Home,Air Purifier,348,4,1392,West Malaysia,Penang,FPX
ORD15473,2025-04-23,Home,Air Purifier,408,3,1224,West Malaysia,Selangor,Credit Card
ORD15474,2025-01-27,Fashion,Sunglasses,149,4,596,West Malaysia,Johor,GrabPay
ORD15475,2025-08-29,Home,Coffee Maker,599,2,1198,West Malaysia,Johor,GrabPay
ORD15476,2025-05-11,Electronics,Wireless Earbuds,3621,1,3621,West Malaysia,Selangor,TNG eWallet
ORD15477,2025-02-04,Electronics,Wireless Earbuds,1847,2,3694,West Malaysia,Johor,FPX
ORD15478,2025-08-23,Fashion,T-Shirt,293,2,586,East Malaysia,Sarawak,GrabPay
ORD15479,2025-02-05,Home,Office Chair,652,2,1304,East Malaysia,Sabah,FPX
ORD15480,2025-06-07,Fashion,Backpack,158,2,316,East Malaysia,Sabah,Credit Card
ORD15481,2025-12-26,Home,Office Chair,460,3,1380,East Malaysia,Sabah,TNG eWallet
ORD15482,2025-05-02,Home,Office Chair,583,1,583,West Malaysia,Kuala Lumpur,Credit Card
ORD15483,2025-08-21,Fashion,Sneakers,330,1,330,East Malaysia,Sabah,TNG eWallet
ORD15484,2025-11-30,Home,Desk Lamp,426,2,852,East Malaysia,Sarawak,Credit Card
ORD15485,2025-12-04,Home,Desk Lamp,329,3,987,East Malaysia,Sabah,Credit Card
ORD15486,2025-07-08,Fashion,Sneakers,235,1,235,West Malaysia,Pahang,FPX
ORD15487,2025-10-24,Home,Coffee Maker,306,4,1224,West Malaysia,Johor,FPX
ORD15488,2025-10-17,Fashion,Sunglasses,140,2,280,West Malaysia,Kedah,GrabPay
ORD15489,2025-10-02,Home,Coffee Maker,230,1,230,East Malaysia,Sabah,GrabPay
ORD15490,2025-05-07,Home,Office Chair,545,3,1635,East Malaysia,Sabah,Credit Card
ORD15491,2025-12-15,Fashion,Backpack,123,2,246,East Malaysia,Sabah,TNG eWallet
ORD15492,2025-12-20,Fashion,Sneakers,352,1,352,West Malaysia,Kedah,FPX
ORD15493,2025-10-18,Home,Office Chair,150,1,150,West Malaysia,Johor,TNG eWallet
ORD15494,2025-03-13,Electronics,Wireless Earbuds,1871,4,7484,East Malaysia,Sabah,FPX
ORD15495,2025-01-20,Electronics,Wireless Earbuds,1334,3,4002,West Malaysia,Kuala Lumpur,GrabPay
ORD15496,2025-08-03,Electronics,Smartwatch,1079,3,3237,East Malaysia,Sabah,Credit Card
ORD15497,2025-03-04,Home,Office Chair,669,2,1338,East Malaysia,Sarawak,Credit Card
ORD15498,2025-11-21,Electronics,Smartwatch,3937,1,3937,East Malaysia,Sabah,FPX
ORD15499,2025-11-16,Fashion,Backpack,282,1,282,East Malaysia,Sarawak,GrabPay
ORD15500,2025-12-17,Fashion,T-Shirt,271,4,1084,East Malaysia,Sabah,Credit Card
ORD15501,2025-07-24,Electronics,Laptop,3478,3,10434,West Malaysia,Kuala Lumpur,GrabPay
ORD15502,2025-08-09,Home,Air Purifier,275,3,825,West Malaysia,Perak,GrabPay
ORD15503,2025-03-13,Fashion,Sunglasses,93,3,279,West Malaysia,Pahang,Credit Card
ORD15504,2025-09-15,Electronics,Smartwatch,3984,4,15936,West Malaysia,Melaka,TNG eWallet
ORD15505,2025-07-30,Electronics,Laptop,3043,3,9129,East Malaysia,Sarawak,FPX
ORD15506,2025-07-22,Home,Coffee Maker,157,2,314,West Malaysia,Perak,Credit Card
ORD15507,2025-10-30,Home,Coffee Maker,484,4,1936,West Malaysia,Penang,FPX
ORD15508,2025-08-31,Electronics,Wireless Earbuds,1010,2,2020,West Malaysia,Penang,TNG eWallet
ORD15509,2025-02-01,Fashion,T-Shirt,319,2,638,West Malaysia,Kuala Lumpur,Credit Card
ORD15510,2025-03-11,Home,Office Chair,458,3,1374,East Malaysia,Sabah,FPX
ORD15511,2025-02-07,Electronics,Laptop,3236,1,3236,East Malaysia,Sabah,FPX
ORD15512,2025-02-27,Fashion,Sunglasses,97,1,97,West Malaysia,Melaka,GrabPay
ORD15513,2025-05-15,Electronics,Smartwatch,1110,4,4440,East Malaysia,Sabah,TNG eWallet
ORD15514,2025-05-02,Electronics,Smartwatch,3360,2,6720,West Malaysia,Perak,Credit Card
ORD15515,2025-08-17,Fashion,Sunglasses,251,1,251,West Malaysia,Perak,GrabPay
ORD15516,2025-09-18,Fashion,Backpack,57,3,171,East Malaysia,Sarawak,GrabPay
ORD15517,2025-08-14,Home,Air Purifier,676,1,676,West Malaysia,Kedah,Credit Card
ORD15518,2025-10-16,Fashion,Backpack,174,1,174,East Malaysia,Sabah,GrabPay
ORD15519,2025-10-09,Fashion,Sunglasses,57,3,171,East Malaysia,Sarawak,Credit Card
ORD15520,2025-06-30,Fashion,T-Shirt,184,4,736,East Malaysia,Sarawak,GrabPay
ORD15521,2025-04-21,Fashion,Sneakers,106,1,106,East Malaysia,Sabah,Credit Card
ORD15522,2025-06-06,Home,Desk Lamp,641,1,641,West Malaysia,Kuala Lumpur,TNG eWallet
ORD15523,2025-12-18,Electronics,Wireless Earbuds,2774,3,8322,East Malaysia,Sabah,FPX
ORD15524,2025-03-24,Home,Desk Lamp,454,2,908,West Malaysia,Melaka,FPX
ORD15525,2025-07-29,Fashion,T-Shirt,394,3,1182,West Malaysia,Melaka,TNG eWallet
ORD15526,2025-05-01,Electronics,Smartwatch,4440,1,4440,East Malaysia,Sarawak,TNG eWallet
ORD15527,2025-11-25,Electronics,Wireless Earbuds,4286,2,8572,West Malaysia,Johor,TNG eWallet
ORD15528,2025-02-07,Electronics,Wireless Earbuds,714,3,2142,West Malaysia,Kedah,GrabPay
ORD15529,2025-09-10,Electronics,Smartphone,2344,2,4688,West Malaysia,Johor,GrabPay
ORD15530,2025-06-07,Electronics,Smartwatch,1486,2,2972,West Malaysia,Kedah,TNG eWallet
ORD15531,2025-08-09,Electronics,Smartphone,882,4,3528,West Malaysia,Kuala Lumpur,TNG eWallet
ORD15532,2025-04-15,Electronics,Laptop,1743,2,3486,West Malaysia,Johor,Credit Card
ORD15533,2025-08-19,Fashion,T-Shirt,167,4,668,West Malaysia,Kuala Lumpur,TNG eWallet
ORD15534,2025-09-05,Home,Office Chair,767,4,3068,East Malaysia,Sarawak,GrabPay
ORD15535,2025-04-17,Electronics,Smartphone,2448,1,2448,West Malaysia,Johor,GrabPay
ORD15536,2025-11-26,Home,Coffee Maker,422,1,422,East Malaysia,Sarawak,TNG eWallet
ORD15537,2025-05-29,Home,Office Chair,165,3,495,East Malaysia,Sabah,GrabPay
ORD15538,2025-04-06,Fashion,Backpack,151,2,302,East Malaysia,Sarawak,GrabPay
ORD15539,2025-06-10,Electronics,Smartphone,1939,1,1939,East Malaysia,Sarawak,Credit Card
ORD15540,2025-06-05,Fashion,Sneakers,324,3,972,West Malaysia,Selangor,FPX
ORD15541,2025-04-09,Fashion,Sunglasses,113,3,339,East Malaysia,Sabah,GrabPay
ORD15542,2025-08-22,Home,Office Chair,115,4,460,East Malaysia,Sabah,FPX
ORD15543,2025-03-25,Electronics,Smartphone,3119,4,12476,East Malaysia,Sabah,GrabPay
ORD15544,2025-09-08,Electronics,Smartphone,1724,4,6896,West Malaysia,Kedah,GrabPay
ORD15545,2025-07-01,Home,Air Purifier,614,2,1228,East Malaysia,Sabah,GrabPay
ORD15546,2025-01-05,Electronics,Wireless Earbuds,1654,4,6616,East Malaysia,Sabah,FPX
ORD15547,2025-11-19,Home,Coffee Maker,510,4,2040,West Malaysia,Penang,Credit Card
ORD15548,2025-02-15,Home,Desk Lamp,175,2,350,East Malaysia,Sabah,TNG eWallet
ORD15549,2025-03-14,Fashion,Backpack,267,2,534,East Malaysia,Sabah,Credit Card
ORD15550,2025-07-29,Fashion,Backpack,396,1,396,East Malaysia,Sarawak,FPX
ORD15551,2025-08-20,Electronics,Wireless Earbuds,4216,2,8432,West Malaysia,Pahang,FPX
ORD15552,2025-07-20,Electronics,Smartphone,2982,2,5964,East Malaysia,Sabah,Credit Card
ORD15553,2025-02-12,Home,Coffee Maker,527,1,527,West Malaysia,Perak,FPX
ORD15554,2025-12-20,Fashion,T-Shirt,316,1,316,East Malaysia,Sarawak,FPX
ORD15555,2025-09-19,Electronics,Smartphone,410,4,1640,East Malaysia,Sarawak,TNG eWallet
ORD15556,2025-07-13,Home,Coffee Maker,454,3,1362,East Malaysia,Sarawak,TNG eWallet
ORD15557,2025-11-22,Fashion,T-Shirt,146,1,146,East Malaysia,Sarawak,FPX
ORD15558,2025-07-09,Home,Desk Lamp,288,3,864,East Malaysia,Sarawak,TNG eWallet
ORD15559,2025-02-22,Home,Desk Lamp,720,3,2160,West Malaysia,Perak,GrabPay
ORD15560,2025-01-01,Fashion,Backpack,55,4,220,East Malaysia,Sarawak,Credit Card
ORD15561,2025-08-22,Fashion,Sneakers,388,1,388,West Malaysia,Penang,Credit Card
ORD15562,2025-07-29,Home,Office Chair,247,3,741,East Malaysia,Sabah,Credit Card
ORD15563,2025-04-18,Fashion,Sunglasses,93,1,93,East Malaysia,Sarawak,Credit Card
ORD15564,2025-02-26,Home,Desk Lamp,336,4,1344,East Malaysia,Sarawak,FPX
ORD15565,2025-01-05,Home,Desk Lamp,777,3,2331,East Malaysia,Sabah,Credit Card
ORD15566,2025-11-14,Home,Desk Lamp,526,3,1578,West Malaysia,Penang,FPX
ORD15567,2025-03-19,Fashion,Sneakers,285,2,570,East Malaysia,Sarawak,GrabPay
ORD15568,2025-10-03,Fashion,T-Shirt,234,2,468,West Malaysia,Penang,GrabPay
ORD15569,2025-07-05,Home,Coffee Maker,147,3,441,East Malaysia,Sabah,Credit Card
ORD15570,2025-02-18,Home,Coffee Maker,798,1,798,West Malaysia,Penang,TNG eWallet
ORD15571,2025-11-26,Fashion,Backpack,195,1,195,East Malaysia,Sabah,GrabPay
ORD15572,2025-07-04,Fashion,Sunglasses,264,1,264,East Malaysia,Sarawak,GrabPay
ORD15573,2025-12-06,Fashion,Sunglasses,263,2,526,West Malaysia,Melaka,GrabPay
ORD15574,2025-04-26,Home,Desk Lamp,544,1,544,West Malaysia,Perak,FPX
ORD15575,2025-08-10,Fashion,Sunglasses,313,3,939,West Malaysia,Perak,FPX
ORD15576,2025-03-06,Fashion,T-Shirt,174,2,348,East Malaysia,Sabah,TNG eWallet
ORD15577,2025-07-29,Fashion,T-Shirt,140,1,140,West Malaysia,Penang,Credit Card
ORD15578,2025-05-16,Electronics,Smartwatch,3009,3,9027,East Malaysia,Sabah,FPX
ORD15579,2025-01-04,Electronics,Laptop,4123,2,8246,East Malaysia,Sarawak,FPX
ORD15580,2025-12-27,Home,Air Purifier,460,3,1380,East Malaysia,Sabah,FPX
ORD15581,2025-10-12,Home,Air Purifier,146,1,146,West Malaysia,Perak,FPX
ORD15582,2025-04-13,Electronics,Smartwatch,3991,3,11973,East Malaysia,Sabah,TNG eWallet
ORD15583,2025-07-22,Fashion,Sunglasses,88,1,88,West Malaysia,Melaka,FPX
ORD15584,2025-05-20,Fashion,T-Shirt,267,3,801,East Malaysia,Sarawak,FPX
ORD15585,2025-03-22,Electronics,Smartphone,591,3,1773,East Malaysia,Sabah,TNG eWallet
ORD15586,2025-08-25,Fashion,Backpack,365,3,1095,West Malaysia,Pahang,TNG eWallet
ORD15587,2025-12-13,Home,Office Chair,452,1,452,East Malaysia,Sarawak,TNG eWallet
ORD15588,2025-11-25,Electronics,Smartphone,3681,3,11043,East Malaysia,Sabah,FPX
ORD15589,2025-06-28,Home,Coffee Maker,255,4,1020,East Malaysia,Sarawak,FPX
ORD15590,2025-06-07,Electronics,Smartphone,2743,3,8229,East Malaysia,Sarawak,Credit Card
ORD15591,2025-10-29,Electronics,Wireless Earbuds,1339,1,1339,East Malaysia,Sarawak,TNG eWallet
ORD15592,2025-09-13,Electronics,Smartwatch,2558,2,5116,West Malaysia,Johor,Credit Card
ORD15593,2025-12-01,Fashion,Sneakers,79,1,79,East Malaysia,Sabah,Credit Card
ORD15594,2025-12-15,Home,Office Chair,264,3,792,East Malaysia,Sabah,Credit Card
ORD15595,2025-09-07,Fashion,Sunglasses,201,1,201,East Malaysia,Sarawak,FPX
ORD15596,2025-05-17,Home,Air Purifier,681,4,2724,West Malaysia,Kedah,TNG eWallet
ORD15597,2025-03-23,Electronics,Smartwatch,2155,3,6465,West Malaysia,Melaka,Credit Card
ORD15598,2025-08-17,Home,Desk Lamp,217,4,868,West Malaysia,Johor,GrabPay
ORD15599,2025-02-08,Electronics,Smartphone,449,1,449,East Malaysia,Sarawak,TNG eWallet
ORD15600,2025-09-27,Home,Office Chair,553,2,1106,East Malaysia,Sabah,GrabPay
ORD15601,2026-01-01,Home,Office Chair,544,1,544,East Malaysia,Sabah,FPX
ORD15602,2025-08-21,Home,Desk Lamp,513,2,1026,West Malaysia,Penang,TNG eWallet
ORD15603,2025-05-19,Home,Office Chair,408,1,408,East Malaysia,Sarawak,FPX
ORD15604,2025-05-01,Fashion,Sneakers,126,2,252,West Malaysia,Johor,Credit Card
ORD15605,2025-03-31,Home,Air Purifier,476,2,952,East Malaysia,Sabah,GrabPay
ORD15606,2025-05-19,Home,Desk Lamp,484,3,1452,West Malaysia,Kedah,GrabPay
ORD15607,2025-02-24,Electronics,Smartphone,2765,3,8295,East Malaysia,Sabah,FPX
ORD15608,2025-08-17,Fashion,Sneakers,222,2,444,East Malaysia,Sabah,Credit Card
ORD15609,2025-08-24,Electronics,Laptop,3153,3,9459,West Malaysia,Selangor,FPX
ORD15610,2025-11-17,Fashion,T-Shirt,355,4,1420,East Malaysia,Sabah,GrabPay
ORD15611,2025-03-06,Home,Air Purifier,575,3,1725,West Malaysia,Pahang,FPX
ORD15612,2025-09-03,Electronics,Smartwatch,1923,3,5769,East Malaysia,Sarawak,TNG eWallet
ORD15613,2025-08-14,Electronics,Wireless Earbuds,2545,1,2545,West Malaysia,Johor,FPX
ORD15614,2025-02-05,Electronics,Smartwatch,3502,2,7004,West Malaysia,Perak,FPX
ORD15615,2025-05-05,Electronics,Smartphone,2879,2,5758,East Malaysia,Sarawak,TNG eWallet
ORD15616,2025-07-17,Home,Office Chair,750,4,3000,West Malaysia,Perak,GrabPay
ORD15617,2025-06-26,Home,Office Chair,698,4,2792,East Malaysia,Sabah,Credit Card
ORD15618,2025-11-30,Home,Desk Lamp,222,4,888,East Malaysia,Sarawak,TNG eWallet
ORD15619,2025-08-01,Home,Coffee Maker,160,1,160,West Malaysia,Pahang,TNG eWallet
ORD15620,2025-12-16,Home,Air Purifier,681,1,681,West Malaysia,Perak,TNG eWallet
ORD15621,2025-02-06,Home,Desk Lamp,721,2,1442,West Malaysia,Perak,FPX
ORD15622,2025-03-15,Home,Air Purifier,576,4,2304,East Malaysia,Sabah,TNG eWallet
ORD15623,2025-04-22,Home,Coffee Maker,130,3,390,West Malaysia,Pahang,TNG eWallet
ORD15624,2025-03-05,Fashion,T-Shirt,74,3,222,East Malaysia,Sabah,Credit Card
ORD15625,2025-01-07,Electronics,Smartphone,1483,1,1483,East Malaysia,Sarawak,GrabPay
ORD15626,2025-05-09,Fashion,Sunglasses,80,3,240,West Malaysia,Selangor,Credit Card
ORD15627,2025-07-02,Electronics,Smartwatch,2713,3,8139,East Malaysia,Sarawak,FPX
ORD15628,2025-10-02,Fashion,T-Shirt,164,1,164,East Malaysia,Sarawak,Credit Card
ORD15629,2025-11-12,Electronics,Laptop,2972,4,11888,East Malaysia,Sabah,Credit Card
ORD15630,2025-07-16,Home,Air Purifier,460,4,1840,West Malaysia,Johor,Credit Card
ORD15631,2025-10-19,Fashion,Sneakers,254,3,762,West Malaysia,Melaka,FPX
ORD15632,2025-02-13,Home,Coffee Maker,296,2,592,West Malaysia,Perak,Credit Card
ORD15633,2025-10-14,Electronics,Smartwatch,554,4,2216,East Malaysia,Sarawak,FPX
ORD15634,2025-04-02,Electronics,Wireless Earbuds,1291,1,1291,West Malaysia,Kedah,TNG eWallet
ORD15635,2025-12-20,Electronics,Wireless Earbuds,3120,1,3120,West Malaysia,Selangor,GrabPay
ORD15636,2025-03-21,Home,Coffee Maker,791,3,2373,West Malaysia,Kuala Lumpur,TNG eWallet
ORD15637,2025-01-09,Home,Coffee Maker,471,4,1884,East Malaysia,Sarawak,Credit Card
ORD15638,2025-07-24,Electronics,Wireless Earbuds,3874,2,7748,West Malaysia,Pahang,TNG eWallet
ORD15639,2025-06-05,Fashion,Sneakers,189,4,756,East Malaysia,Sarawak,FPX
ORD15640,2025-01-15,Electronics,Smartwatch,3545,4,14180,East Malaysia,Sabah,GrabPay
ORD15641,2025-02-27,Electronics,Smartphone,3724,3,11172,West Malaysia,Pahang,Credit Card
ORD15642,2025-10-02,Electronics,Smartphone,1503,2,3006,West Malaysia,Perak,GrabPay
ORD15643,2025-06-26,Electronics,Smartphone,1102,3,3306,East Malaysia,Sarawak,FPX
ORD15644,2025-06-08,Home,Desk Lamp,130,4,520,West Malaysia,Penang,FPX
ORD15645,2025-06-27,Fashion,Backpack,303,1,303,East Malaysia,Sarawak,Credit Card
ORD15646,2025-04-01,Fashion,Sunglasses,181,2,362,East Malaysia,Sabah,TNG eWallet
ORD15647,2025-12-13,Electronics,Smartphone,4043,2,8086,West Malaysia,Kedah,GrabPay
ORD15648,2025-09-09,Electronics,Smartphone,1185,4,4740,West Malaysia,Selangor,GrabPay
ORD15649,2025-01-10,Electronics,Smartwatch,1412,1,1412,East Malaysia,Sabah,FPX
ORD15650,2025-08-28,Home,Coffee Maker,707,2,1414,East Malaysia,Sabah,FPX
ORD15651,2025-08-23,Electronics,Wireless Earbuds,526,3,1578,West Malaysia,Pahang,FPX
ORD15652,2025-02-10,Home,Desk Lamp,211,2,422,West Malaysia,Perak,GrabPay
ORD15653,2025-09-15,Home,Coffee Maker,520,4,2080,West Malaysia,Selangor,FPX
ORD15654,2025-11-06,Electronics,Laptop,3138,2,6276,East Malaysia,Sarawak,TNG eWallet
ORD15655,2025-05-17,Electronics,Laptop,3063,4,12252,East Malaysia,Sabah,Credit Card
ORD15656,2025-03-23,Home,Coffee Maker,642,3,1926,West Malaysia,Johor,TNG eWallet
ORD15657,2025-06-23,Home,Desk Lamp,375,1,375,East Malaysia,Sarawak,TNG eWallet
ORD15658,2025-08-13,Electronics,Smartwatch,1528,4,6112,West Malaysia,Perak,TNG eWallet
ORD15659,2025-08-23,Electronics,Smartwatch,1089,2,2178,West Malaysia,Selangor,TNG eWallet
ORD15660,2025-05-18,Fashion,Backpack,369,4,1476,East Malaysia,Sarawak,TNG eWallet
ORD15661,2025-09-07,Fashion,Sneakers,136,4,544,East Malaysia,Sabah,FPX
ORD15662,2025-10-29,Fashion,Sneakers,112,2,224,West Malaysia,Perak,TNG eWallet
ORD15663,2025-04-30,Electronics,Smartwatch,805,1,805,East Malaysia,Sarawak,TNG eWallet
ORD15664,2025-02-01,Fashion,Sunglasses,139,2,278,West Malaysia,Pahang,GrabPay
ORD15665,2025-04-14,Fashion,Sunglasses,198,2,396,East Malaysia,Sabah,TNG eWallet
ORD15666,2025-07-13,Electronics,Wireless Earbuds,3777,4,15108,West Malaysia,Selangor,Credit Card
ORD15667,2025-12-20,Fashion,Backpack,108,2,216,East Malaysia,Sabah,TNG eWallet
ORD15668,2025-01-25,Fashion,Sneakers,176,3,528,East Malaysia,Sabah,FPX
ORD15669,2025-05-07,Electronics,Wireless Earbuds,3051,3,9153,West Malaysia,Kedah,Credit Card
ORD15670,2025-10-24,Electronics,Smartphone,3643,2,7286,East Malaysia,Sabah,GrabPay
ORD15671,2025-11-09,Electronics,Smartphone,1249,2,2498,East Malaysia,Sabah,Credit Card
ORD15672,2025-08-10,Fashion,Sunglasses,399,4,1596,East Malaysia,Sarawak,TNG eWallet
ORD15673,2025-07-06,Fashion,Sneakers,73,1,73,West Malaysia,Penang,TNG eWallet
ORD15674,2025-04-29,Electronics,Wireless Earbuds,1373,1,1373,West Malaysia,Perak,GrabPay
ORD15675,2025-11-14,Home,Office Chair,100,4,400,West Malaysia,Kedah,TNG eWallet
ORD15676,2025-08-27,Home,Desk Lamp,103,3,309,East Malaysia,Sabah,Credit Card
ORD15677,2025-10-09,Electronics,Wireless Earbuds,3249,4,12996,East Malaysia,Sarawak,GrabPay
ORD15678,2025-07-07,Electronics,Smartphone,2019,3,6057,East Malaysia,Sabah,GrabPay
ORD15679,2025-09-06,Home,Office Chair,695,4,2780,West Malaysia,Perak,Credit Card
ORD15680,2025-01-07,Home,Coffee Maker,620,4,2480,West Malaysia,Kedah,FPX
ORD15681,2025-09-27,Electronics,Laptop,393,4,1572,East Malaysia,Sabah,Credit Card
ORD15682,2025-06-23,Electronics,Smartwatch,1109,4,4436,East Malaysia,Sabah,GrabPay
ORD15683,2025-08-15,Home,Coffee Maker,607,3,1821,West Malaysia,Kuala Lumpur,Credit Card
ORD15684,2025-05-16,Electronics,Smartphone,1122,3,3366,East Malaysia,Sarawak,TNG eWallet
ORD15685,2025-12-03,Home,Office Chair,467,4,1868,West Malaysia,Kuala Lumpur,TNG eWallet
ORD15686,2025-06-05,Electronics,Smartwatch,4106,2,8212,East Malaysia,Sabah,GrabPay
ORD15687,2025-11-16,Home,Office Chair,285,4,1140,East Malaysia,Sarawak,FPX
ORD15688,2025-01-22,Fashion,Sneakers,275,2,550,West Malaysia,Kuala Lumpur,FPX
ORD15689,2025-11-29,Home,Desk Lamp,512,2,1024,West Malaysia,Pahang,Credit Card
ORD15690,2025-01-23,Fashion,Sneakers,151,3,453,West Malaysia,Selangor,TNG eWallet
ORD15691,2025-06-20,Fashion,Backpack,392,4,1568,East Malaysia,Sabah,TNG eWallet
ORD15692,2025-11-03,Fashion,Sunglasses,363,2,726,West Malaysia,Penang,TNG eWallet
ORD15693,2025-10-26,Fashion,Sneakers,319,4,1276,East Malaysia,Sabah,Credit Card
ORD15694,2025-10-08,Home,Air Purifier,372,3,1116,West Malaysia,Melaka,GrabPay
ORD15695,2025-11-09,Home,Coffee Maker,648,1,648,West Malaysia,Kuala Lumpur,TNG eWallet
ORD15696,2025-07-21,Fashion,Sneakers,146,4,584,East Malaysia,Sabah,GrabPay
ORD15697,2025-04-29,Electronics,Smartphone,3596,3,10788,East Malaysia,Sabah,Credit Card
ORD15698,2025-12-28,Electronics,Smartwatch,2618,4,10472,East Malaysia,Sarawak,GrabPay
ORD15699,2025-12-07,Fashion,Sunglasses,348,4,1392,East Malaysia,Sarawak,FPX
ORD15700,2025-04-12,Home,Air Purifier,378,4,1512,West Malaysia,Penang,TNG eWallet
ORD15701,2025-10-16,Fashion,Sunglasses,240,1,240,East Malaysia,Sabah,FPX
ORD15702,2025-08-30,Home,Desk Lamp,683,4,2732,East Malaysia,Sabah,Credit Card
ORD15703,2025-03-09,Fashion,Backpack,381,3,1143,East Malaysia,Sarawak,TNG eWallet
ORD15704,2025-11-25,Home,Air Purifier,408,2,816,West Malaysia,Melaka,Credit Card
ORD15705,2025-02-05,Electronics,Smartphone,367,1,367,West Malaysia,Perak,GrabPay
ORD15706,2025-09-28,Electronics,Laptop,3214,4,12856,East Malaysia,Sabah,FPX
ORD15707,2025-06-13,Fashion,Sneakers,212,2,424,West Malaysia,Melaka,Credit Card
ORD15708,2025-08-11,Home,Air Purifier,585,2,1170,West Malaysia,Kedah,TNG eWallet
ORD15709,2025-08-06,Home,Coffee Maker,794,1,794,East Malaysia,Sarawak,FPX
ORD15710,2025-06-01,Electronics,Smartphone,4427,1,4427,East Malaysia,Sabah,TNG eWallet
ORD15711,2025-09-19,Home,Office Chair,545,3,1635,West Malaysia,Kedah,Credit Card
ORD15712,2025-12-30,Fashion,T-Shirt,228,3,684,West Malaysia,Kedah,FPX
ORD15713,2025-10-04,Electronics,Wireless Earbuds,1487,2,2974,East Malaysia,Sarawak,FPX
ORD15714,2025-08-08,Fashion,T-Shirt,189,3,567,East Malaysia,Sarawak,GrabPay
ORD15715,2025-03-31,Electronics,Laptop,2885,1,2885,East Malaysia,Sarawak,TNG eWallet
ORD15716,2025-01-07,Electronics,Smartphone,3425,2,6850,West Malaysia,Kuala Lumpur,Credit Card
ORD15717,2025-02-16,Electronics,Smartphone,788,1,788,East Malaysia,Sabah,TNG eWallet
ORD15718,2025-07-07,Fashion,Sneakers,110,1,110,East Malaysia,Sarawak,FPX
ORD15719,2025-04-11,Home,Desk Lamp,539,1,539,West Malaysia,Kuala Lumpur,Credit Card
ORD15720,2025-12-11,Fashion,Sunglasses,88,1,88,East Malaysia,Sarawak,Credit Card
ORD15721,2025-12-16,Home,Desk Lamp,784,1,784,East Malaysia,Sabah,TNG eWallet
ORD15722,2025-01-28,Electronics,Laptop,4439,1,4439,East Malaysia,Sabah,TNG eWallet
ORD15723,2025-12-04,Fashion,Backpack,218,2,436,East Malaysia,Sabah,Credit Card
ORD15724,2025-03-19,Fashion,Sneakers,242,3,726,East Malaysia,Sabah,TNG eWallet
ORD15725,2025-01-02,Fashion,Sneakers,125,2,250,East Malaysia,Sarawak,GrabPay
ORD15726,2025-06-23,Home,Coffee Maker,698,3,2094,East Malaysia,Sarawak,FPX
ORD15727,2025-03-06,Home,Desk Lamp,681,4,2724,East Malaysia,Sabah,Credit Card
ORD15728,2025-08-09,Home,Air Purifier,122,1,122,West Malaysia,Pahang,TNG eWallet
ORD15729,2025-12-08,Home,Coffee Maker,522,1,522,East Malaysia,Sarawak,TNG eWallet
ORD15730,2025-05-08,Electronics,Laptop,4356,2,8712,East Malaysia,Sabah,TNG eWallet
ORD15731,2025-01-08,Electronics,Laptop,1987,4,7948,West Malaysia,Kuala Lumpur,FPX
ORD15732,2025-09-26,Fashion,Backpack,71,2,142,West Malaysia,Melaka,Credit Card
ORD15733,2025-02-22,Home,Desk Lamp,404,2,808,West Malaysia,Melaka,GrabPay
ORD15734,2025-04-30,Fashion,T-Shirt,199,4,796,West Malaysia,Melaka,FPX
ORD15735,2025-08-22,Home,Coffee Maker,511,4,2044,West Malaysia,Perak,FPX
ORD15736,2025-08-07,Home,Desk Lamp,558,3,1674,West Malaysia,Perak,Credit Card
ORD15737,2025-10-14,Fashion,T-Shirt,119,4,476,West Malaysia,Perak,TNG eWallet
ORD15738,2025-04-19,Electronics,Smartphone,2300,2,4600,West Malaysia,Pahang,GrabPay
ORD15739,2025-06-16,Home,Coffee Maker,756,2,1512,West Malaysia,Perak,TNG eWallet
ORD15740,2025-12-03,Fashion,T-Shirt,186,1,186,East Malaysia,Sarawak,Credit Card
ORD15741,2025-02-13,Fashion,Backpack,141,4,564,West Malaysia,Pahang,TNG eWallet
ORD15742,2025-08-01,Fashion,Sneakers,376,4,1504,West Malaysia,Perak,Credit Card
ORD15743,2025-08-31,Home,Air Purifier,138,4,552,East Malaysia,Sabah,Credit Card
ORD15744,2025-08-27,Home,Coffee Maker,470,4,1880,East Malaysia,Sarawak,Credit Card
ORD15745,2025-11-09,Fashion,Sunglasses,250,2,500,East Malaysia,Sarawak,Credit Card
ORD15746,2025-03-20,Electronics,Laptop,498,4,1992,West Malaysia,Penang,TNG eWallet
ORD15747,2025-12-04,Fashion,Backpack,100,4,400,West Malaysia,Kuala Lumpur,FPX
ORD15748,2025-01-21,Home,Desk Lamp,710,4,2840,West Malaysia,Melaka,Credit Card
ORD15749,2025-11-25,Electronics,Laptop,4257,2,8514,West Malaysia,Johor,TNG eWallet
ORD15750,2025-08-28,Home,Office Chair,567,4,2268,East Malaysia,Sarawak,GrabPay
ORD15751,2025-06-22,Home,Coffee Maker,554,4,2216,West Malaysia,Selangor,FPX
ORD15752,2025-10-05,Electronics,Smartwatch,1726,1,1726,West Malaysia,Pahang,Credit Card
ORD15753,2025-12-11,Electronics,Wireless Earbuds,850,2,1700,East Malaysia,Sabah,GrabPay
ORD15754,2025-08-14,Electronics,Smartphone,2887,3,8661,West Malaysia,Melaka,Credit Card
ORD15755,2025-11-11,Home,Air Purifier,281,1,281,West Malaysia,Kedah,Credit Card
ORD15756,2025-09-12,Electronics,Smartwatch,3444,2,6888,East Malaysia,Sabah,Credit Card
ORD15757,2025-07-11,Electronics,Smartwatch,1191,4,4764,East Malaysia,Sarawak,GrabPay
ORD15758,2025-02-10,Electronics,Wireless Earbuds,2396,4,9584,East Malaysia,Sabah,TNG eWallet
ORD15759,2025-11-10,Home,Office Chair,182,2,364,West Malaysia,Johor,Credit Card
ORD15760,2025-01-28,Electronics,Laptop,3286,1,3286,West Malaysia,Pahang,TNG eWallet
ORD15761,2025-02-07,Home,Air Purifier,270,4,1080,East Malaysia,Sarawak,FPX
ORD15762,2025-07-12,Fashion,Backpack,99,1,99,West Malaysia,Johor,TNG eWallet
ORD15763,2025-01-20,Home,Coffee Maker,137,1,137,West Malaysia,Melaka,GrabPay
ORD15764,2025-11-02,Electronics,Smartphone,2755,4,11020,West Malaysia,Kuala Lumpur,FPX
ORD15765,2025-10-30,Fashion,Backpack,151,2,302,East Malaysia,Sabah,GrabPay
ORD15766,2025-05-13,Fashion,Sneakers,86,4,344,East Malaysia,Sabah,Credit Card
ORD15767,2025-05-31,Home,Office Chair,590,3,1770,West Malaysia,Melaka,GrabPay
ORD15768,2025-09-17,Electronics,Smartphone,2132,1,2132,East Malaysia,Sabah,GrabPay
ORD15769,2025-07-07,Fashion,Sunglasses,62,4,248,East Malaysia,Sabah,GrabPay
ORD15770,2025-04-18,Electronics,Wireless Earbuds,2373,3,7119,West Malaysia,Perak,FPX
ORD15771,2025-10-11,Fashion,Sunglasses,195,3,585,West Malaysia,Penang,Credit Card
ORD15772,2025-06-24,Fashion,Sneakers,218,1,218,East Malaysia,Sarawak,GrabPay
ORD15773,2025-03-20,Fashion,Sunglasses,215,1,215,East Malaysia,Sarawak,FPX
ORD15774,2025-08-30,Electronics,Smartphone,340,1,340,West Malaysia,Selangor,TNG eWallet
ORD15775,2025-08-20,Home,Office Chair,664,1,664,East Malaysia,Sabah,FPX
ORD15776,2025-04-03,Electronics,Wireless Earbuds,2468,2,4936,West Malaysia,Kedah,Credit Card
ORD15777,2025-08-22,Home,Desk Lamp,692,3,2076,East Malaysia,Sabah,TNG eWallet
ORD15778,2025-04-08,Fashion,T-Shirt,332,3,996,East Malaysia,Sabah,GrabPay
ORD15779,2025-12-17,Electronics,Laptop,2132,3,6396,West Malaysia,Selangor,GrabPay
ORD15780,2025-12-23,Fashion,Sneakers,398,1,398,East Malaysia,Sabah,GrabPay
ORD15781,2025-10-02,Home,Air Purifier,753,1,753,East Malaysia,Sarawak,TNG eWallet
ORD15782,2025-11-21,Home,Coffee Maker,191,2,382,East Malaysia,Sabah,FPX
ORD15783,2025-03-23,Electronics,Wireless Earbuds,2549,3,7647,East Malaysia,Sabah,FPX
ORD15784,2025-08-02,Home,Air Purifier,410,3,1230,West Malaysia,Perak,Credit Card
ORD15785,2025-01-24,Fashion,T-Shirt,95,3,285,East Malaysia,Sabah,Credit Card
ORD15786,2025-01-10,Electronics,Smartphone,4219,2,8438,West Malaysia,Melaka,TNG eWallet
ORD15787,2025-05-13,Home,Office Chair,669,2,1338,East Malaysia,Sabah,TNG eWallet
ORD15788,2025-06-03,Home,Desk Lamp,739,4,2956,East Malaysia,Sarawak,TNG eWallet
ORD15789,2025-05-19,Electronics,Smartwatch,2872,4,11488,East Malaysia,Sabah,Credit Card
ORD15790,2025-06-19,Home,Coffee Maker,238,1,238,East Malaysia,Sarawak,Credit Card
ORD15791,2025-07-04,Electronics,Laptop,2998,3,8994,West Malaysia,Johor,TNG eWallet
ORD15792,2025-05-28,Electronics,Smartphone,1744,2,3488,West Malaysia,Perak,FPX
ORD15793,2025-03-26,Home,Air Purifier,349,1,349,East Malaysia,Sarawak,Credit Card
ORD15794,2025-01-30,Fashion,Backpack,339,3,1017,East Malaysia,Sarawak,FPX
ORD15795,2025-02-02,Fashion,Sneakers,268,3,804,West Malaysia,Perak,GrabPay
ORD15796,2025-12-08,Home,Office Chair,632,2,1264,West Malaysia,Pahang,GrabPay
ORD15797,2025-06-20,Electronics,Wireless Earbuds,3068,2,6136,East Malaysia,Sabah,FPX
ORD15798,2025-03-30,Fashion,Sunglasses,248,3,744,East Malaysia,Sabah,GrabPay
ORD15799,2025-03-21,Fashion,Sunglasses,66,1,66,West Malaysia,Melaka,TNG eWallet
ORD15800,2025-09-08,Home,Air Purifier,487,4,1948,East Malaysia,Sabah,TNG eWallet
ORD15801,2025-01-25,Electronics,Wireless Earbuds,4401,3,13203,West Malaysia,Kuala Lumpur,FPX
ORD15802,2025-04-03,Fashion,Sunglasses,295,3,885,East Malaysia,Sabah,TNG eWallet
ORD15803,2025-12-08,Electronics,Wireless Earbuds,580,4,2320,East Malaysia,Sabah,FPX
ORD15804,2025-11-19,Electronics,Laptop,837,2,1674,East Malaysia,Sarawak,Credit Card
ORD15805,2025-04-06,Electronics,Smartwatch,920,2,1840,East Malaysia,Sabah,Credit Card
ORD15806,2025-12-19,Electronics,Laptop,4122,4,16488,East Malaysia,Sabah,FPX
ORD15807,2025-08-31,Electronics,Wireless Earbuds,1354,1,1354,West Malaysia,Johor,GrabPay
ORD15808,2025-11-04,Fashion,T-Shirt,62,4,248,East Malaysia,Sarawak,GrabPay
ORD15809,2025-03-15,Electronics,Wireless Earbuds,3333,2,6666,West Malaysia,Kuala Lumpur,GrabPay
ORD15810,2025-05-26,Home,Coffee Maker,229,1,229,West Malaysia,Kedah,GrabPay
ORD15811,2025-12-17,Fashion,T-Shirt,66,1,66,East Malaysia,Sabah,Credit Card
ORD15812,2025-01-08,Fashion,Sneakers,297,2,594,West Malaysia,Melaka,FPX
ORD15813,2025-02-11,Fashion,T-Shirt,295,4,1180,West Malaysia,Selangor,GrabPay
ORD15814,2025-12-17,Electronics,Smartwatch,4213,1,4213,West Malaysia,Kuala Lumpur,TNG eWallet
ORD15815,2025-12-09,Fashion,Sunglasses,237,2,474,East Malaysia,Sabah,GrabPay
ORD15816,2025-01-09,Electronics,Smartwatch,2542,1,2542,West Malaysia,Selangor,Credit Card
ORD15817,2025-11-04,Fashion,Backpack,312,2,624,East Malaysia,Sarawak,Credit Card
ORD15818,2025-02-23,Home,Desk Lamp,130,1,130,West Malaysia,Kuala Lumpur,Credit Card
ORD15819,2025-03-16,Fashion,Backpack,165,2,330,East Malaysia,Sarawak,FPX
ORD15820,2025-06-14,Electronics,Laptop,2127,3,6381,West Malaysia,Penang,Credit Card
ORD15821,2025-03-15,Home,Coffee Maker,233,4,932,West Malaysia,Kedah,GrabPay
ORD15822,2025-06-19,Fashion,Sunglasses,240,3,720,East Malaysia,Sabah,TNG eWallet
ORD15823,2025-02-17,Home,Coffee Maker,250,3,750,East Malaysia,Sabah,Credit Card
ORD15824,2025-12-03,Home,Coffee Maker,627,4,2508,West Malaysia,Kuala Lumpur,GrabPay
ORD15825,2025-11-10,Home,Office Chair,266,1,266,East Malaysia,Sabah,TNG eWallet
ORD15826,2025-04-23,Electronics,Wireless Earbuds,312,2,624,West Malaysia,Pahang,GrabPay
ORD15827,2025-08-10,Fashion,T-Shirt,326,2,652,East Malaysia,Sarawak,GrabPay
ORD15828,2025-05-15,Electronics,Laptop,2801,1,2801,West Malaysia,Kedah,TNG eWallet
ORD15829,2025-02-27,Home,Desk Lamp,634,3,1902,West Malaysia,Selangor,GrabPay
ORD15830,2025-09-19,Home,Coffee Maker,497,1,497,East Malaysia,Sabah,GrabPay
ORD15831,2025-04-27,Home,Air Purifier,152,4,608,East Malaysia,Sarawak,Credit Card
ORD15832,2025-05-13,Home,Desk Lamp,511,2,1022,East Malaysia,Sabah,GrabPay
ORD15833,2025-01-21,Home,Desk Lamp,733,4,2932,West Malaysia,Kuala Lumpur,TNG eWallet
ORD15834,2025-12-04,Fashion,Sunglasses,141,2,282,West Malaysia,Melaka,Credit Card
ORD15835,2025-11-02,Home,Air Purifier,267,2,534,East Malaysia,Sabah,FPX
ORD15836,2025-05-01,Home,Air Purifier,593,2,1186,East Malaysia,Sabah,Credit Card
ORD15837,2025-01-20,Home,Desk Lamp,292,1,292,East Malaysia,Sarawak,FPX
ORD15838,2025-03-29,Electronics,Smartwatch,4458,1,4458,West Malaysia,Penang,TNG eWallet
ORD15839,2025-08-23,Electronics,Laptop,2785,4,11140,East Malaysia,Sabah,FPX
ORD15840,2025-12-03,Electronics,Laptop,4347,1,4347,West Malaysia,Johor,Credit Card
ORD15841,2025-07-09,Fashion,Backpack,163,3,489,East Malaysia,Sarawak,TNG eWallet
ORD15842,2025-11-19,Electronics,Smartwatch,1860,3,5580,West Malaysia,Kedah,Credit Card
ORD15843,2025-12-11,Fashion,Sneakers,386,4,1544,East Malaysia,Sarawak,Credit Card
ORD15844,2025-11-22,Home,Coffee Maker,598,3,1794,East Malaysia,Sabah,FPX
ORD15845,2025-05-27,Fashion,Backpack,354,2,708,West Malaysia,Perak,Credit Card
ORD15846,2025-07-10,Fashion,Sunglasses,398,3,1194,West Malaysia,Kuala Lumpur,GrabPay
ORD15847,2025-09-25,Electronics,Smartwatch,812,3,2436,West Malaysia,Penang,GrabPay
ORD15848,2025-10-25,Fashion,Sunglasses,192,2,384,West Malaysia,Kuala Lumpur,Credit Card
ORD15849,2025-01-26,Electronics,Wireless Earbuds,843,3,2529,East Malaysia,Sabah,TNG eWallet
ORD15850,2025-03-24,Fashion,Sunglasses,167,4,668,West Malaysia,Johor,Credit Card
ORD15851,2025-06-14,Electronics,Smartwatch,751,2,1502,East Malaysia,Sarawak,Credit Card
ORD15852,2025-05-29,Home,Desk Lamp,327,4,1308,West Malaysia,Johor,FPX
ORD15853,2025-06-03,Electronics,Smartphone,1231,3,3693,West Malaysia,Melaka,TNG eWallet
ORD15854,2025-01-06,Electronics,Wireless Earbuds,1600,2,3200,West Malaysia,Melaka,GrabPay
ORD15855,2025-04-18,Electronics,Laptop,788,3,2364,West Malaysia,Pahang,FPX
ORD15856,2025-05-21,Fashion,Backpack,94,3,282,West Malaysia,Kedah,TNG eWallet
ORD15857,2025-07-22,Home,Air Purifier,650,4,2600,East Malaysia,Sarawak,FPX
ORD15858,2025-06-30,Fashion,T-Shirt,259,2,518,East Malaysia,Sarawak,Credit Card
ORD15859,2025-12-09,Fashion,Sunglasses,206,4,824,West Malaysia,Melaka,TNG eWallet
ORD15860,2025-12-16,Electronics,Wireless Earbuds,2221,2,4442,West Malaysia,Pahang,Credit Card
ORD15861,2025-07-19,Fashion,Sunglasses,179,4,716,West Malaysia,Selangor,TNG eWallet
ORD15862,2025-09-25,Electronics,Laptop,4464,4,17856,East Malaysia,Sarawak,GrabPay
ORD15863,2025-04-05,Fashion,Sunglasses,183,3,549,West Malaysia,Selangor,TNG eWallet
ORD15864,2025-06-15,Home,Desk Lamp,452,1,452,East Malaysia,Sabah,FPX
ORD15865,2025-03-17,Fashion,Backpack,368,1,368,West Malaysia,Kuala Lumpur,Credit Card
ORD15866,2025-06-16,Home,Coffee Maker,734,1,734,West Malaysia,Penang,FPX
ORD15867,2025-06-14,Electronics,Wireless Earbuds,482,1,482,East Malaysia,Sarawak,FPX
ORD15868,2025-04-10,Home,Coffee Maker,361,1,361,East Malaysia,Sarawak,GrabPay
ORD15869,2025-06-16,Electronics,Smartwatch,1569,1,1569,West Malaysia,Perak,Credit Card
ORD15870,2025-04-07,Fashion,T-Shirt,342,2,684,East Malaysia,Sarawak,GrabPay
ORD15871,2025-11-19,Electronics,Smartphone,3251,1,3251,West Malaysia,Selangor,GrabPay
ORD15872,2025-02-02,Home,Office Chair,535,1,535,East Malaysia,Sarawak,TNG eWallet
ORD15873,2025-12-04,Electronics,Smartphone,3190,4,12760,West Malaysia,Penang,FPX
ORD15874,2025-04-01,Electronics,Wireless Earbuds,2698,2,5396,West Malaysia,Perak,TNG eWallet
ORD15875,2025-10-13,Electronics,Laptop,1439,4,5756,East Malaysia,Sabah,TNG eWallet
ORD15876,2025-04-09,Fashion,T-Shirt,97,1,97,West Malaysia,Kedah,TNG eWallet
ORD15877,2025-01-05,Electronics,Smartphone,3460,1,3460,West Malaysia,Johor,Credit Card
ORD15878,2025-02-20,Fashion,Sneakers,369,1,369,West Malaysia,Melaka,FPX
ORD15879,2025-09-08,Home,Office Chair,677,3,2031,East Malaysia,Sarawak,FPX
ORD15880,2025-02-02,Home,Air Purifier,717,2,1434,East Malaysia,Sabah,Credit Card
ORD15881,2025-04-24,Electronics,Smartphone,843,1,843,East Malaysia,Sabah,Credit Card
ORD15882,2025-06-02,Home,Air Purifier,598,2,1196,West Malaysia,Kedah,Credit Card
ORD15883,2025-12-18,Fashion,Sunglasses,319,1,319,East Malaysia,Sabah,FPX
ORD15884,2025-01-11,Home,Office Chair,503,2,1006,East Malaysia,Sarawak,Credit Card
ORD15885,2025-10-04,Electronics,Wireless Earbuds,2377,1,2377,West Malaysia,Selangor,FPX
ORD15886,2025-06-24,Electronics,Smartwatch,4122,4,16488,West Malaysia,Johor,FPX
ORD15887,2025-04-25,Fashion,T-Shirt,303,3,909,East Malaysia,Sabah,FPX
ORD15888,2025-04-11,Fashion,Sneakers,231,1,231,West Malaysia,Kuala Lumpur,Credit Card
ORD15889,2025-11-23,Home,Coffee Maker,716,1,716,West Malaysia,Kedah,GrabPay
ORD15890,2025-11-01,Electronics,Laptop,4466,4,17864,East Malaysia,Sarawak,TNG eWallet
ORD15891,2025-01-07,Home,Air Purifier,791,2,1582,West Malaysia,Kuala Lumpur,Credit Card
ORD15892,2025-06-24,Home,Office Chair,408,4,1632,East Malaysia,Sarawak,FPX
ORD15893,2025-02-25,Home,Office Chair,494,3,1482,West Malaysia,Johor,TNG eWallet
ORD15894,2025-09-15,Electronics,Wireless Earbuds,3458,1,3458,West Malaysia,Penang,Credit Card
ORD15895,2025-10-25,Fashion,Sneakers,398,3,1194,East Malaysia,Sarawak,TNG eWallet
ORD15896,2025-12-26,Fashion,Sunglasses,173,1,173,West Malaysia,Perak,Credit Card
ORD15897,2025-09-21,Fashion,T-Shirt,399,3,1197,East Malaysia,Sarawak,FPX
ORD15898,2025-04-20,Electronics,Smartphone,4355,1,4355,West Malaysia,Kuala Lumpur,GrabPay
ORD15899,2025-05-19,Fashion,Sneakers,383,3,1149,East Malaysia,Sabah,FPX
ORD15900,2025-03-12,Electronics,Laptop,3848,4,15392,West Malaysia,Selangor,Credit Card
ORD15901,2025-12-23,Electronics,Smartphone,2394,2,4788,East Malaysia,Sabah,Credit Card
ORD15902,2025-09-10,Fashion,Sunglasses,375,1,375,East Malaysia,Sarawak,FPX
ORD15903,2025-11-16,Fashion,Sneakers,200,1,200,East Malaysia,Sarawak,TNG eWallet
ORD15904,2025-07-15,Fashion,Sneakers,388,1,388,East Malaysia,Sarawak,FPX
ORD15905,2025-01-18,Electronics,Smartwatch,1785,1,1785,East Malaysia,Sabah,FPX
ORD15906,2025-02-08,Fashion,Sneakers,370,3,1110,West Malaysia,Melaka,GrabPay
ORD15907,2025-03-05,Fashion,Backpack,257,2,514,East Malaysia,Sabah,GrabPay
ORD15908,2025-10-17,Fashion,Backpack,335,2,670,East Malaysia,Sarawak,GrabPay
ORD15909,2025-03-05,Electronics,Laptop,431,3,1293,West Malaysia,Pahang,TNG eWallet
ORD15910,2025-01-12,Electronics,Laptop,4415,4,17660,West Malaysia,Selangor,FPX
ORD15911,2025-06-10,Home,Air Purifier,274,3,822,West Malaysia,Penang,FPX
ORD15912,2025-01-17,Home,Coffee Maker,653,1,653,West Malaysia,Penang,GrabPay
ORD15913,2025-07-31,Home,Office Chair,242,2,484,East Malaysia,Sarawak,FPX
ORD15914,2025-01-29,Home,Office Chair,688,4,2752,East Malaysia,Sabah,FPX
ORD15915,2025-08-17,Electronics,Laptop,4183,2,8366,West Malaysia,Selangor,GrabPay
ORD15916,2025-04-29,Electronics,Laptop,3523,1,3523,West Malaysia,Kedah,TNG eWallet
ORD15917,2025-11-10,Electronics,Smartwatch,987,3,2961,East Malaysia,Sarawak,FPX
ORD15918,2025-05-29,Home,Air Purifier,635,2,1270,West Malaysia,Melaka,FPX
ORD15919,2025-11-08,Electronics,Smartphone,1215,1,1215,West Malaysia,Pahang,FPX
ORD15920,2025-04-07,Fashion,T-Shirt,326,4,1304,East Malaysia,Sabah,FPX
ORD15921,2025-06-15,Fashion,T-Shirt,210,1,210,West Malaysia,Kuala Lumpur,GrabPay
ORD15922,2025-05-12,Electronics,Smartwatch,2028,4,8112,West Malaysia,Penang,Credit Card
ORD15923,2025-10-10,Electronics,Laptop,3947,3,11841,East Malaysia,Sabah,TNG eWallet
ORD15924,2025-02-21,Fashion,Backpack,166,2,332,East Malaysia,Sarawak,TNG eWallet
ORD15925,2025-03-23,Home,Office Chair,725,4,2900,West Malaysia,Kedah,Credit Card
ORD15926,2025-04-18,Electronics,Laptop,2319,3,6957,West Malaysia,Kuala Lumpur,TNG eWallet
ORD15927,2025-10-05,Fashion,Backpack,86,1,86,West Malaysia,Kedah,GrabPay
ORD15928,2025-02-20,Electronics,Smartwatch,3396,1,3396,West Malaysia,Penang,TNG eWallet
ORD15929,2025-03-06,Home,Office Chair,381,3,1143,West Malaysia,Melaka,Credit Card
ORD15930,2025-07-20,Electronics,Smartphone,4233,2,8466,East Malaysia,Sabah,GrabPay
ORD15931,2025-03-04,Home,Air Purifier,693,3,2079,West Malaysia,Johor,Credit Card
ORD15932,2025-06-16,Home,Office Chair,352,2,704,West Malaysia,Johor,FPX
ORD15933,2025-02-05,Fashion,T-Shirt,239,1,239,East Malaysia,Sarawak,TNG eWallet
ORD15934,2025-01-23,Fashion,T-Shirt,84,4,336,West Malaysia,Johor,GrabPay
ORD15935,2025-12-01,Electronics,Smartwatch,4385,1,4385,East Malaysia,Sabah,GrabPay
ORD15936,2025-07-27,Fashion,Sneakers,392,3,1176,West Malaysia,Pahang,GrabPay
ORD15937,2025-10-09,Home,Air Purifier,301,4,1204,West Malaysia,Kedah,TNG eWallet
ORD15938,2025-12-20,Home,Coffee Maker,299,3,897,East Malaysia,Sabah,Credit Card
ORD15939,2025-10-30,Electronics,Wireless Earbuds,1690,3,5070,West Malaysia,Pahang,Credit Card
ORD15940,2025-06-28,Fashion,Sunglasses,341,4,1364,West Malaysia,Kuala Lumpur,GrabPay
ORD15941,2025-03-07,Home,Office Chair,375,1,375,West Malaysia,Kuala Lumpur,TNG eWallet
ORD15942,2025-10-06,Fashion,Backpack,358,3,1074,East Malaysia,Sabah,FPX
ORD15943,2025-06-13,Fashion,Sunglasses,150,2,300,East Malaysia,Sarawak,FPX
ORD15944,2025-03-19,Home,Desk Lamp,738,4,2952,East Malaysia,Sarawak,GrabPay
ORD15945,2025-03-06,Home,Coffee Maker,123,2,246,East Malaysia,Sarawak,Credit Card
ORD15946,2025-08-18,Fashion,Sunglasses,291,3,873,East Malaysia,Sarawak,GrabPay
ORD15947,2025-04-15,Electronics,Smartphone,529,1,529,West Malaysia,Kuala Lumpur,FPX
ORD15948,2025-08-23,Home,Office Chair,728,4,2912,East Malaysia,Sarawak,TNG eWallet
ORD15949,2025-01-06,Fashion,Backpack,100,3,300,West Malaysia,Selangor,Credit Card
ORD15950,2025-09-21,Fashion,Sunglasses,242,1,242,West Malaysia,Johor,GrabPay
ORD15951,2025-01-07,Electronics,Smartphone,4299,4,17196,East Malaysia,Sabah,TNG eWallet
ORD15952,2025-07-26,Home,Coffee Maker,303,3,909,East Malaysia,Sabah,GrabPay
ORD15953,2025-05-08,Home,Coffee Maker,515,2,1030,East Malaysia,Sabah,TNG eWallet
ORD15954,2025-05-09,Electronics,Laptop,1338,4,5352,East Malaysia,Sarawak,TNG eWallet
ORD15955,2025-06-05,Fashion,Backpack,61,4,244,West Malaysia,Johor,Credit Card
ORD15956,2025-07-31,Fashion,T-Shirt,292,3,876,West Malaysia,Johor,FPX
ORD15957,2025-12-13,Home,Coffee Maker,606,2,1212,East Malaysia,Sarawak,Credit Card
ORD15958,2025-08-04,Electronics,Smartwatch,2704,2,5408,East Malaysia,Sarawak,Credit Card
ORD15959,2025-03-03,Home,Coffee Maker,430,4,1720,East Malaysia,Sarawak,FPX
ORD15960,2025-08-01,Home,Desk Lamp,744,2,1488,East Malaysia,Sarawak,GrabPay
ORD15961,2025-07-30,Home,Coffee Maker,459,3,1377,West Malaysia,Johor,TNG eWallet
ORD15962,2025-01-26,Home,Office Chair,229,4,916,West Malaysia,Kuala Lumpur,GrabPay
ORD15963,2025-07-07,Home,Office Chair,128,3,384,East Malaysia,Sabah,GrabPay
ORD15964,2025-12-14,Home,Office Chair,670,3,2010,West Malaysia,Selangor,GrabPay
ORD15965,2025-01-14,Fashion,Backpack,105,3,315,East Malaysia,Sabah,FPX
ORD15966,2025-07-26,Fashion,Sunglasses,365,4,1460,West Malaysia,Kuala Lumpur,GrabPay
ORD15967,2025-08-02,Electronics,Wireless Earbuds,1507,1,1507,West Malaysia,Johor,TNG eWallet
ORD15968,2025-01-10,Home,Desk Lamp,418,1,418,West Malaysia,Melaka,FPX
ORD15969,2025-10-19,Fashion,Backpack,196,3,588,West Malaysia,Pahang,FPX
ORD15970,2025-03-29,Home,Office Chair,322,4,1288,East Malaysia,Sarawak,Credit Card
ORD15971,2025-08-31,Home,Desk Lamp,283,1,283,East Malaysia,Sabah,GrabPay
ORD15972,2025-03-30,Electronics,Laptop,3929,2,7858,East Malaysia,Sabah,TNG eWallet
ORD15973,2025-09-20,Fashion,Sneakers,285,2,570,West Malaysia,Penang,GrabPay
ORD15974,2025-05-29,Electronics,Wireless Earbuds,2340,3,7020,West Malaysia,Penang,GrabPay
ORD15975,2025-01-23,Home,Desk Lamp,755,3,2265,West Malaysia,Penang,Credit Card
ORD15976,2025-04-15,Electronics,Wireless Earbuds,4359,3,13077,West Malaysia,Kedah,GrabPay
ORD15977,2025-04-20,Home,Desk Lamp,397,1,397,West Malaysia,Perak,Credit Card
ORD15978,2025-06-10,Fashion,Sneakers,297,1,297,East Malaysia,Sabah,Credit Card
ORD15979,2025-02-27,Fashion,Backpack,243,1,243,East Malaysia,Sabah,FPX
ORD15980,2025-08-31,Home,Desk Lamp,756,3,2268,West Malaysia,Kuala Lumpur,Credit Card
ORD15981,2025-04-11,Electronics,Laptop,3295,3,9885,West Malaysia,Johor,Credit Card
ORD15982,2025-06-04,Home,Coffee Maker,542,2,1084,West Malaysia,Kedah,GrabPay
ORD15983,2025-08-03,Fashion,Sneakers,295,2,590,West Malaysia,Kedah,TNG eWallet
ORD15984,2025-11-20,Home,Desk Lamp,794,4,3176,West Malaysia,Penang,FPX
ORD15985,2025-02-06,Fashion,Backpack,314,2,628,East Malaysia,Sabah,FPX
ORD15986,2025-05-20,Fashion,Sunglasses,227,3,681,West Malaysia,Penang,Credit Card
ORD15987,2025-09-07,Fashion,T-Shirt,277,3,831,East Malaysia,Sabah,FPX
ORD15988,2025-11-17,Electronics,Smartphone,2499,4,9996,West Malaysia,Johor,FPX
ORD15989,2025-02-03,Home,Air Purifier,545,1,545,West Malaysia,Pahang,GrabPay
ORD15990,2025-12-28,Home,Desk Lamp,147,2,294,East Malaysia,Sabah,GrabPay
ORD15991,2025-08-08,Home,Office Chair,582,3,1746,East Malaysia,Sarawak,GrabPay
ORD15992,2025-09-12,Fashion,T-Shirt,88,4,352,East Malaysia,Sabah,Credit Card
ORD15993,2025-09-16,Fashion,Backpack,225,4,900,East Malaysia,Sarawak,Credit Card
ORD15994,2025-02-07,Electronics,Smartwatch,4476,1,4476,West Malaysia,Johor,Credit Card
ORD15995,2025-09-20,Electronics,Laptop,4199,1,4199,East Malaysia,Sabah,TNG eWallet
ORD15996,2025-05-24,Electronics,Smartwatch,623,1,623,West Malaysia,Kuala Lumpur,Credit Card
ORD15997,2025-05-16,Home,Office Chair,174,1,174,West Malaysia,Perak,FPX
ORD15998,2025-08-02,Fashion,Backpack,93,1,93,West Malaysia,Perak,Credit Card
ORD15999,2025-03-21,Electronics,Wireless Earbuds,4268,3,12804,East Malaysia,Sarawak,Credit Card
ORD16000,2025-01-17,Fashion,T-Shirt,184,2,368,West Malaysia,Melaka,TNG eWallet
ORD16001,2025-02-25,Electronics,Smartwatch,365,2,730,West Malaysia,Johor,TNG eWallet
ORD16002,2025-01-08,Fashion,Sneakers,129,2,258,West Malaysia,Selangor,TNG eWallet
ORD16003,2025-12-21,Home,Coffee Maker,699,2,1398,East Malaysia,Sabah,Credit Card
ORD16004,2025-04-16,Home,Office Chair,161,1,161,East Malaysia,Sarawak,GrabPay
ORD16005,2025-05-19,Electronics,Wireless Earbuds,1743,1,1743,West Malaysia,Johor,FPX
ORD16006,2025-02-08,Home,Air Purifier,748,2,1496,West Malaysia,Melaka,GrabPay
ORD16007,2025-02-15,Home,Office Chair,733,4,2932,East Malaysia,Sabah,Credit Card
ORD16008,2025-06-30,Electronics,Smartwatch,1564,1,1564,East Malaysia,Sabah,TNG eWallet
ORD16009,2025-09-26,Home,Coffee Maker,623,3,1869,East Malaysia,Sarawak,TNG eWallet
ORD16010,2025-11-22,Electronics,Laptop,2376,4,9504,East Malaysia,Sabah,FPX
ORD16011,2025-06-29,Home,Office Chair,719,2,1438,West Malaysia,Johor,TNG eWallet
ORD16012,2025-12-24,Electronics,Smartwatch,2450,1,2450,West Malaysia,Kuala Lumpur,Credit Card
ORD16013,2025-01-26,Electronics,Wireless Earbuds,3553,2,7106,West Malaysia,Selangor,Credit Card
ORD16014,2025-04-01,Fashion,Sneakers,50,3,150,East Malaysia,Sarawak,FPX
ORD16015,2025-12-17,Home,Office Chair,477,4,1908,East Malaysia,Sabah,GrabPay
ORD16016,2025-09-27,Electronics,Smartwatch,3639,2,7278,West Malaysia,Melaka,Credit Card
ORD16017,2025-06-21,Electronics,Laptop,1832,4,7328,West Malaysia,Kuala Lumpur,FPX
ORD16018,2025-10-01,Electronics,Smartwatch,4259,2,8518,West Malaysia,Melaka,GrabPay
ORD16019,2025-12-14,Fashion,Sunglasses,79,2,158,East Malaysia,Sabah,GrabPay
ORD16020,2025-04-22,Home,Office Chair,194,1,194,West Malaysia,Selangor,GrabPay
ORD16021,2025-08-08,Fashion,T-Shirt,303,3,909,West Malaysia,Penang,Credit Card
ORD16022,2025-06-15,Fashion,Sunglasses,306,2,612,West Malaysia,Kuala Lumpur,FPX
ORD16023,2025-03-17,Fashion,T-Shirt,242,4,968,West Malaysia,Johor,GrabPay
ORD16024,2025-02-27,Fashion,T-Shirt,369,1,369,East Malaysia,Sabah,FPX
ORD16025,2025-05-18,Fashion,Sunglasses,198,2,396,West Malaysia,Penang,GrabPay
ORD16026,2025-09-25,Fashion,Backpack,112,2,224,East Malaysia,Sabah,GrabPay
ORD16027,2025-01-19,Fashion,Sunglasses,284,2,568,East Malaysia,Sarawak,FPX
ORD16028,2025-05-10,Home,Coffee Maker,357,1,357,West Malaysia,Johor,GrabPay
ORD16029,2025-02-10,Electronics,Smartphone,842,1,842,East Malaysia,Sarawak,GrabPay
ORD16030,2025-05-11,Fashion,T-Shirt,132,3,396,East Malaysia,Sarawak,TNG eWallet
ORD16031,2025-09-08,Fashion,Sunglasses,358,2,716,East Malaysia,Sabah,GrabPay
ORD16032,2025-03-18,Electronics,Smartwatch,4379,4,17516,West Malaysia,Pahang,FPX
ORD16033,2025-10-16,Electronics,Laptop,3789,4,15156,West Malaysia,Pahang,Credit Card
ORD16034,2025-07-04,Electronics,Smartwatch,3476,3,10428,East Malaysia,Sarawak,FPX
ORD16035,2025-09-30,Electronics,Smartphone,3947,2,7894,East Malaysia,Sarawak,TNG eWallet
ORD16036,2025-01-14,Home,Air Purifier,753,3,2259,East Malaysia,Sarawak,TNG eWallet
ORD16037,2025-07-07,Electronics,Wireless Earbuds,3894,4,15576,West Malaysia,Penang,GrabPay
ORD16038,2025-08-01,Home,Air Purifier,352,3,1056,East Malaysia,Sarawak,TNG eWallet
ORD16039,2025-10-16,Home,Coffee Maker,180,2,360,East Malaysia,Sabah,FPX
ORD16040,2025-04-18,Fashion,Backpack,201,4,804,West Malaysia,Johor,FPX
ORD16041,2025-12-22,Home,Desk Lamp,111,1,111,East Malaysia,Sarawak,Credit Card
ORD16042,2025-01-12,Fashion,T-Shirt,165,3,495,West Malaysia,Johor,Credit Card
ORD16043,2025-03-20,Fashion,Sunglasses,53,2,106,East Malaysia,Sabah,FPX
ORD16044,2025-03-30,Electronics,Smartphone,4063,3,12189,West Malaysia,Perak,GrabPay
ORD16045,2025-08-06,Fashion,Sunglasses,157,2,314,West Malaysia,Johor,FPX
ORD16046,2025-01-23,Home,Coffee Maker,433,1,433,East Malaysia,Sarawak,TNG eWallet
ORD16047,2025-11-02,Fashion,Backpack,133,1,133,West Malaysia,Selangor,TNG eWallet
ORD16048,2025-09-04,Fashion,Sneakers,301,3,903,East Malaysia,Sarawak,TNG eWallet
ORD16049,2025-03-04,Fashion,T-Shirt,167,1,167,East Malaysia,Sabah,Credit Card
ORD16050,2025-09-19,Home,Office Chair,637,2,1274,West Malaysia,Johor,Credit Card
ORD16051,2025-09-24,Electronics,Smartwatch,581,2,1162,East Malaysia,Sarawak,TNG eWallet
ORD16052,2025-06-19,Home,Desk Lamp,179,4,716,East Malaysia,Sarawak,GrabPay
ORD16053,2025-08-23,Home,Air Purifier,766,3,2298,East Malaysia,Sarawak,GrabPay
ORD16054,2025-11-11,Electronics,Smartphone,1959,4,7836,East Malaysia,Sabah,Credit Card
ORD16055,2025-11-19,Electronics,Smartphone,755,4,3020,East Malaysia,Sabah,GrabPay
ORD16056,2025-03-16,Home,Coffee Maker,329,3,987,East Malaysia,Sabah,FPX
ORD16057,2025-06-19,Electronics,Smartwatch,4354,3,13062,West Malaysia,Perak,GrabPay
ORD16058,2025-12-05,Fashion,Sneakers,80,2,160,West Malaysia,Pahang,Credit Card
ORD16059,2025-08-04,Home,Office Chair,230,3,690,West Malaysia,Pahang,GrabPay
ORD16060,2025-12-17,Home,Coffee Maker,425,1,425,East Malaysia,Sabah,GrabPay
ORD16061,2025-09-07,Fashion,Sunglasses,86,2,172,East Malaysia,Sarawak,Credit Card
ORD16062,2025-05-29,Electronics,Laptop,3517,1,3517,West Malaysia,Melaka,Credit Card
ORD16063,2025-12-10,Fashion,Sunglasses,371,4,1484,East Malaysia,Sarawak,GrabPay
ORD16064,2025-07-30,Fashion,Sneakers,305,3,915,East Malaysia,Sarawak,Credit Card
ORD16065,2025-05-27,Electronics,Wireless Earbuds,3133,3,9399,East Malaysia,Sabah,Credit Card
ORD16066,2025-12-30,Home,Desk Lamp,668,2,1336,East Malaysia,Sarawak,TNG eWallet
ORD16067,2025-10-13,Fashion,T-Shirt,371,4,1484,East Malaysia,Sarawak,FPX
ORD16068,2025-08-07,Fashion,Backpack,76,3,228,East Malaysia,Sarawak,Credit Card
ORD16069,2025-07-06,Electronics,Wireless Earbuds,872,3,2616,West Malaysia,Melaka,Credit Card
ORD16070,2025-06-23,Home,Desk Lamp,686,4,2744,East Malaysia,Sarawak,TNG eWallet
ORD16071,2025-11-15,Fashion,Backpack,256,4,1024,West Malaysia,Selangor,Credit Card
ORD16072,2025-04-23,Fashion,Backpack,376,1,376,West Malaysia,Selangor,TNG eWallet
ORD16073,2025-07-28,Fashion,T-Shirt,292,1,292,East Malaysia,Sabah,TNG eWallet
ORD16074,2025-12-05,Fashion,Sneakers,286,4,1144,West Malaysia,Penang,FPX
ORD16075,2025-01-03,Electronics,Wireless Earbuds,491,1,491,West Malaysia,Selangor,FPX
ORD16076,2025-04-15,Electronics,Smartwatch,4186,1,4186,West Malaysia,Selangor,TNG eWallet
ORD16077,2025-07-19,Home,Desk Lamp,166,1,166,East Malaysia,Sabah,GrabPay
ORD16078,2025-09-03,Home,Coffee Maker,794,3,2382,East Malaysia,Sarawak,TNG eWallet
ORD16079,2025-03-18,Fashion,Sneakers,268,4,1072,West Malaysia,Penang,TNG eWallet
ORD16080,2025-06-01,Home,Air Purifier,486,2,972,West Malaysia,Perak,Credit Card
ORD16081,2025-01-01,Electronics,Wireless Earbuds,3571,1,3571,West Malaysia,Kedah,TNG eWallet
ORD16082,2025-10-02,Home,Coffee Maker,607,3,1821,East Malaysia,Sarawak,TNG eWallet
ORD16083,2025-10-01,Home,Desk Lamp,576,4,2304,East Malaysia,Sarawak,TNG eWallet
ORD16084,2025-09-29,Fashion,T-Shirt,307,4,1228,West Malaysia,Johor,TNG eWallet
ORD16085,2025-09-11,Home,Air Purifier,115,4,460,East Malaysia,Sarawak,FPX
ORD16086,2025-10-14,Electronics,Smartwatch,362,2,724,West Malaysia,Kuala Lumpur,GrabPay
ORD16087,2025-01-17,Electronics,Laptop,2318,2,4636,West Malaysia,Penang,Credit Card
ORD16088,2025-08-21,Electronics,Wireless Earbuds,1597,4,6388,West Malaysia,Melaka,TNG eWallet
ORD16089,2025-08-21,Home,Coffee Maker,528,3,1584,West Malaysia,Perak,GrabPay
ORD16090,2025-07-19,Home,Air Purifier,416,1,416,West Malaysia,Kedah,FPX
ORD16091,2025-05-15,Electronics,Wireless Earbuds,1420,1,1420,East Malaysia,Sarawak,GrabPay
ORD16092,2025-07-12,Fashion,Sunglasses,336,4,1344,East Malaysia,Sabah,FPX
ORD16093,2025-11-16,Home,Office Chair,547,4,2188,East Malaysia,Sarawak,Credit Card
ORD16094,2025-03-25,Electronics,Smartphone,3111,3,9333,West Malaysia,Pahang,Credit Card
ORD16095,2025-07-04,Home,Coffee Maker,267,1,267,East Malaysia,Sabah,TNG eWallet
ORD16096,2025-07-02,Electronics,Laptop,1894,4,7576,West Malaysia,Kuala Lumpur,Credit Card
ORD16097,2025-05-03,Electronics,Smartwatch,3823,2,7646,West Malaysia,Penang,FPX
ORD16098,2025-08-13,Fashion,Sneakers,271,1,271,East Malaysia,Sabah,GrabPay
ORD16099,2025-08-05,Home,Coffee Maker,776,2,1552,East Malaysia,Sarawak,Credit Card
ORD16100,2025-03-10,Fashion,T-Shirt,374,4,1496,West Malaysia,Perak,TNG eWallet
ORD16101,2025-12-20,Fashion,Sunglasses,379,4,1516,West Malaysia,Kedah,TNG eWallet
ORD16102,2025-09-27,Electronics,Wireless Earbuds,621,1,621,West Malaysia,Kedah,GrabPay
ORD16103,2025-05-04,Home,Office Chair,106,1,106,East Malaysia,Sabah,Credit Card
ORD16104,2025-08-28,Fashion,Sunglasses,97,2,194,West Malaysia,Selangor,FPX
ORD16105,2025-11-18,Electronics,Laptop,3366,1,3366,West Malaysia,Pahang,GrabPay
ORD16106,2025-08-01,Electronics,Smartphone,3712,1,3712,West Malaysia,Selangor,FPX
ORD16107,2025-09-27,Electronics,Smartwatch,4058,2,8116,East Malaysia,Sabah,GrabPay
ORD16108,2025-01-09,Home,Desk Lamp,708,2,1416,West Malaysia,Johor,GrabPay
ORD16109,2025-01-12,Home,Coffee Maker,665,2,1330,West Malaysia,Pahang,TNG eWallet
ORD16110,2025-03-12,Fashion,T-Shirt,212,1,212,East Malaysia,Sabah,GrabPay
ORD16111,2025-03-17,Fashion,Sunglasses,329,1,329,West Malaysia,Selangor,TNG eWallet
ORD16112,2025-12-18,Fashion,Sneakers,341,2,682,West Malaysia,Kedah,TNG eWallet
ORD16113,2025-01-16,Fashion,Sneakers,125,2,250,West Malaysia,Penang,FPX
ORD16114,2025-08-20,Fashion,Sunglasses,372,2,744,West Malaysia,Penang,GrabPay
ORD16115,2025-03-15,Electronics,Smartwatch,2785,3,8355,East Malaysia,Sabah,GrabPay
ORD16116,2025-08-13,Electronics,Smartwatch,849,2,1698,West Malaysia,Perak,TNG eWallet
ORD16117,2025-08-16,Electronics,Wireless Earbuds,2429,4,9716,East Malaysia,Sarawak,TNG eWallet
ORD16118,2025-05-14,Electronics,Smartphone,3155,1,3155,East Malaysia,Sabah,GrabPay
ORD16119,2025-10-24,Home,Desk Lamp,277,2,554,West Malaysia,Kedah,Credit Card
ORD16120,2025-09-20,Home,Desk Lamp,783,1,783,East Malaysia,Sabah,GrabPay
ORD16121,2025-10-28,Electronics,Wireless Earbuds,3313,1,3313,West Malaysia,Selangor,GrabPay
ORD16122,2025-07-02,Fashion,Sneakers,92,2,184,West Malaysia,Penang,GrabPay
ORD16123,2025-10-18,Electronics,Smartwatch,2107,4,8428,East Malaysia,Sabah,GrabPay
ORD16124,2025-04-24,Fashion,T-Shirt,250,4,1000,East Malaysia,Sabah,FPX
ORD16125,2025-03-19,Fashion,Backpack,365,3,1095,East Malaysia,Sarawak,Credit Card
ORD16126,2025-12-01,Home,Desk Lamp,224,4,896,West Malaysia,Perak,Credit Card
ORD16127,2025-02-15,Electronics,Smartwatch,3715,3,11145,West Malaysia,Melaka,Credit Card
ORD16128,2025-12-18,Home,Coffee Maker,183,4,732,East Malaysia,Sarawak,Credit Card
ORD16129,2025-03-24,Electronics,Wireless Earbuds,3326,2,6652,West Malaysia,Kedah,Credit Card
ORD16130,2025-07-11,Electronics,Wireless Earbuds,3627,3,10881,East Malaysia,Sabah,FPX
ORD16131,2025-12-11,Fashion,Backpack,341,1,341,East Malaysia,Sabah,GrabPay
ORD16132,2025-10-06,Electronics,Smartwatch,4169,3,12507,West Malaysia,Selangor,TNG eWallet
ORD16133,2025-03-18,Home,Desk Lamp,525,1,525,West Malaysia,Melaka,GrabPay
ORD16134,2025-05-15,Home,Air Purifier,218,4,872,West Malaysia,Selangor,Credit Card
ORD16135,2025-03-01,Home,Office Chair,394,3,1182,West Malaysia,Perak,GrabPay
ORD16136,2025-02-02,Home,Air Purifier,568,1,568,East Malaysia,Sabah,TNG eWallet
ORD16137,2025-06-20,Home,Desk Lamp,533,3,1599,East Malaysia,Sarawak,GrabPay
ORD16138,2025-07-21,Electronics,Smartwatch,2986,1,2986,East Malaysia,Sarawak,GrabPay
ORD16139,2025-08-12,Home,Desk Lamp,123,4,492,East Malaysia,Sarawak,TNG eWallet
ORD16140,2025-10-05,Fashion,Backpack,217,3,651,East Malaysia,Sarawak,Credit Card
ORD16141,2025-06-05,Fashion,T-Shirt,351,4,1404,East Malaysia,Sabah,GrabPay
ORD16142,2025-12-03,Electronics,Wireless Earbuds,366,3,1098,West Malaysia,Selangor,Credit Card
ORD16143,2025-09-18,Fashion,Sneakers,283,2,566,East Malaysia,Sabah,TNG eWallet
ORD16144,2025-11-28,Home,Office Chair,390,1,390,West Malaysia,Kuala Lumpur,TNG eWallet
ORD16145,2025-08-12,Fashion,Sneakers,366,1,366,East Malaysia,Sarawak,GrabPay
ORD16146,2025-08-05,Electronics,Laptop,4192,3,12576,West Malaysia,Penang,TNG eWallet
ORD16147,2025-12-14,Home,Office Chair,598,4,2392,East Malaysia,Sarawak,FPX
ORD16148,2025-04-10,Home,Office Chair,215,4,860,East Malaysia,Sarawak,TNG eWallet
ORD16149,2025-12-12,Electronics,Laptop,2079,3,6237,West Malaysia,Perak,FPX
ORD16150,2025-04-06,Electronics,Laptop,1173,3,3519,East Malaysia,Sarawak,TNG eWallet
ORD16151,2025-02-17,Home,Air Purifier,634,4,2536,East Malaysia,Sabah,FPX
ORD16152,2025-10-13,Home,Coffee Maker,418,3,1254,West Malaysia,Kedah,TNG eWallet
ORD16153,2025-09-15,Fashion,Sneakers,62,1,62,West Malaysia,Pahang,Credit Card
ORD16154,2025-12-17,Home,Office Chair,313,4,1252,West Malaysia,Pahang,GrabPay
ORD16155,2025-10-26,Home,Desk Lamp,703,3,2109,East Malaysia,Sabah,Credit Card
ORD16156,2025-10-06,Fashion,Backpack,109,2,218,West Malaysia,Kuala Lumpur,TNG eWallet
ORD16157,2025-10-07,Electronics,Laptop,677,2,1354,East Malaysia,Sarawak,Credit Card
ORD16158,2025-10-18,Fashion,T-Shirt,268,1,268,West Malaysia,Pahang,FPX
ORD16159,2025-01-20,Fashion,Backpack,268,2,536,East Malaysia,Sabah,FPX
ORD16160,2025-01-28,Home,Coffee Maker,711,4,2844,East Malaysia,Sarawak,FPX
ORD16161,2025-07-14,Home,Air Purifier,155,1,155,West Malaysia,Penang,FPX
ORD16162,2025-03-18,Electronics,Smartwatch,1599,1,1599,East Malaysia,Sabah,Credit Card
ORD16163,2025-10-08,Fashion,T-Shirt,358,2,716,East Malaysia,Sarawak,FPX
ORD16164,2025-01-02,Fashion,Sunglasses,364,4,1456,East Malaysia,Sarawak,Credit Card
ORD16165,2025-04-04,Electronics,Laptop,3572,3,10716,East Malaysia,Sabah,TNG eWallet
ORD16166,2025-05-03,Home,Desk Lamp,477,3,1431,East Malaysia,Sabah,FPX
ORD16167,2025-09-20,Electronics,Laptop,1637,3,4911,West Malaysia,Perak,TNG eWallet
ORD16168,2025-10-16,Electronics,Laptop,2056,2,4112,West Malaysia,Kedah,FPX
ORD16169,2025-12-12,Home,Air Purifier,189,4,756,West Malaysia,Perak,TNG eWallet
ORD16170,2025-08-22,Electronics,Wireless Earbuds,2883,1,2883,West Malaysia,Melaka,TNG eWallet
ORD16171,2025-02-25,Home,Desk Lamp,773,3,2319,East Malaysia,Sabah,TNG eWallet
ORD16172,2025-04-08,Fashion,Backpack,175,4,700,East Malaysia,Sarawak,TNG eWallet
ORD16173,2025-03-20,Fashion,T-Shirt,88,2,176,West Malaysia,Selangor,FPX
ORD16174,2025-11-04,Home,Office Chair,571,3,1713,East Malaysia,Sabah,FPX
ORD16175,2025-01-27,Electronics,Smartphone,1754,4,7016,West Malaysia,Kuala Lumpur,Credit Card
ORD16176,2025-12-25,Home,Air Purifier,387,1,387,West Malaysia,Pahang,FPX
ORD16177,2025-01-10,Fashion,Backpack,209,1,209,West Malaysia,Melaka,TNG eWallet
ORD16178,2025-05-02,Electronics,Laptop,3710,3,11130,West Malaysia,Kuala Lumpur,Credit Card
ORD16179,2025-04-08,Electronics,Smartwatch,1484,2,2968,East Malaysia,Sabah,FPX
ORD16180,2025-01-18,Home,Desk Lamp,393,4,1572,East Malaysia,Sarawak,TNG eWallet
ORD16181,2025-06-25,Home,Desk Lamp,547,1,547,East Malaysia,Sarawak,Credit Card
ORD16182,2025-04-08,Electronics,Smartwatch,2167,3,6501,East Malaysia,Sarawak,TNG eWallet
ORD16183,2025-10-06,Fashion,Sneakers,104,2,208,West Malaysia,Perak,TNG eWallet
ORD16184,2025-03-13,Electronics,Wireless Earbuds,1140,4,4560,West Malaysia,Pahang,FPX
ORD16185,2025-07-08,Electronics,Smartwatch,1636,1,1636,West Malaysia,Johor,GrabPay
ORD16186,2025-07-21,Home,Air Purifier,318,4,1272,East Malaysia,Sarawak,Credit Card
ORD16187,2025-08-15,Electronics,Laptop,3997,1,3997,East Malaysia,Sarawak,Credit Card
ORD16188,2025-11-15,Fashion,Backpack,89,2,178,East Malaysia,Sarawak,FPX
ORD16189,2025-12-26,Home,Office Chair,218,4,872,West Malaysia,Penang,FPX
ORD16190,2025-04-16,Fashion,T-Shirt,189,2,378,West Malaysia,Penang,Credit Card
ORD16191,2025-05-27,Home,Desk Lamp,491,3,1473,East Malaysia,Sarawak,FPX
ORD16192,2025-08-26,Fashion,Sunglasses,164,2,328,West Malaysia,Melaka,FPX
ORD16193,2025-04-04,Fashion,T-Shirt,282,2,564,West Malaysia,Kedah,Credit Card
ORD16194,2025-05-10,Home,Office Chair,424,4,1696,West Malaysia,Melaka,TNG eWallet
ORD16195,2025-05-27,Home,Office Chair,554,4,2216,East Malaysia,Sabah,GrabPay
ORD16196,2025-07-29,Fashion,Sunglasses,53,3,159,East Malaysia,Sarawak,GrabPay
ORD16197,2025-08-08,Home,Desk Lamp,184,1,184,East Malaysia,Sarawak,FPX
ORD16198,2025-07-12,Home,Coffee Maker,665,3,1995,West Malaysia,Johor,Credit Card
ORD16199,2025-08-07,Electronics,Laptop,4024,4,16096,West Malaysia,Perak,GrabPay
ORD16200,2025-06-22,Electronics,Laptop,4490,3,13470,West Malaysia,Selangor,GrabPay
ORD16201,2025-02-06,Home,Desk Lamp,171,1,171,West Malaysia,Pahang,FPX
ORD16202,2025-05-13,Home,Office Chair,529,1,529,West Malaysia,Kedah,GrabPay
ORD16203,2025-10-17,Electronics,Smartwatch,477,1,477,West Malaysia,Kedah,Credit Card
ORD16204,2025-08-04,Home,Air Purifier,496,2,992,East Malaysia,Sabah,Credit Card
ORD16205,2025-06-13,Fashion,Sunglasses,146,2,292,West Malaysia,Pahang,GrabPay
ORD16206,2025-03-20,Fashion,T-Shirt,75,2,150,West Malaysia,Perak,Credit Card
ORD16207,2025-02-07,Home,Coffee Maker,533,1,533,East Malaysia,Sarawak,TNG eWallet
ORD16208,2025-07-18,Home,Office Chair,615,4,2460,West Malaysia,Johor,FPX
ORD16209,2025-07-05,Fashion,Sneakers,121,1,121,West Malaysia,Johor,Credit Card
ORD16210,2025-03-21,Home,Office Chair,564,1,564,West Malaysia,Selangor,Credit Card
ORD16211,2025-11-28,Home,Coffee Maker,400,2,800,East Malaysia,Sabah,Credit Card
ORD16212,2025-01-19,Fashion,T-Shirt,206,2,412,East Malaysia,Sarawak,GrabPay
ORD16213,2025-02-14,Fashion,Sneakers,109,4,436,East Malaysia,Sabah,GrabPay
ORD16214,2025-04-11,Home,Air Purifier,219,4,876,West Malaysia,Kedah,GrabPay
ORD16215,2025-03-29,Fashion,Backpack,153,1,153,West Malaysia,Kedah,TNG eWallet
ORD16216,2025-08-11,Electronics,Smartwatch,3278,4,13112,West Malaysia,Johor,GrabPay
ORD16217,2025-09-22,Electronics,Wireless Earbuds,3464,3,10392,West Malaysia,Penang,GrabPay
ORD16218,2025-09-27,Electronics,Smartwatch,1727,1,1727,East Malaysia,Sabah,GrabPay
ORD16219,2025-02-26,Fashion,Backpack,344,4,1376,West Malaysia,Kuala Lumpur,GrabPay
ORD16220,2025-08-05,Electronics,Laptop,2138,1,2138,West Malaysia,Penang,TNG eWallet
ORD16221,2025-05-06,Fashion,T-Shirt,113,4,452,East Malaysia,Sarawak,GrabPay
ORD16222,2025-05-20,Electronics,Wireless Earbuds,3081,3,9243,West Malaysia,Kuala Lumpur,GrabPay
ORD16223,2025-11-30,Electronics,Smartphone,2289,1,2289,East Malaysia,Sarawak,Credit Card
ORD16224,2025-09-02,Home,Air Purifier,331,1,331,West Malaysia,Penang,GrabPay
ORD16225,2025-03-14,Fashion,Sneakers,335,1,335,East Malaysia,Sarawak,Credit Card
ORD16226,2025-01-06,Fashion,Backpack,167,1,167,East Malaysia,Sabah,TNG eWallet
ORD16227,2025-03-10,Electronics,Smartwatch,500,3,1500,East Malaysia,Sabah,Credit Card
ORD16228,2025-02-19,Home,Office Chair,601,3,1803,East Malaysia,Sarawak,Credit Card
ORD16229,2025-02-13,Electronics,Smartwatch,2118,1,2118,West Malaysia,Penang,TNG eWallet
ORD16230,2025-01-11,Home,Desk Lamp,416,4,1664,West Malaysia,Pahang,FPX
ORD16231,2025-12-25,Fashion,Sneakers,228,2,456,West Malaysia,Kedah,FPX
ORD16232,2025-11-12,Electronics,Laptop,1193,2,2386,West Malaysia,Pahang,TNG eWallet
ORD16233,2025-05-25,Fashion,T-Shirt,59,2,118,East Malaysia,Sarawak,Credit Card
ORD16234,2025-06-29,Electronics,Smartwatch,1593,2,3186,West Malaysia,Kuala Lumpur,Credit Card
ORD16235,2025-11-18,Electronics,Laptop,4428,1,4428,West Malaysia,Pahang,TNG eWallet
ORD16236,2025-07-01,Electronics,Laptop,2013,3,6039,East Malaysia,Sabah,FPX
ORD16237,2025-07-16,Home,Office Chair,634,2,1268,East Malaysia,Sabah,GrabPay
ORD16238,2025-01-04,Home,Air Purifier,440,1,440,West Malaysia,Melaka,FPX
ORD16239,2025-01-29,Home,Coffee Maker,393,2,786,East Malaysia,Sabah,FPX
ORD16240,2025-01-16,Fashion,T-Shirt,366,1,366,East Malaysia,Sabah,TNG eWallet
ORD16241,2025-07-07,Home,Coffee Maker,180,2,360,East Malaysia,Sabah,Credit Card
ORD16242,2025-03-21,Fashion,T-Shirt,170,3,510,West Malaysia,Pahang,TNG eWallet
ORD16243,2025-11-02,Electronics,Wireless Earbuds,3595,3,10785,West Malaysia,Kuala Lumpur,TNG eWallet
ORD16244,2025-05-12,Fashion,Sunglasses,372,2,744,West Malaysia,Kuala Lumpur,GrabPay
ORD16245,2025-06-10,Fashion,T-Shirt,215,1,215,East Malaysia,Sabah,TNG eWallet
ORD16246,2025-12-31,Fashion,Sunglasses,335,4,1340,West Malaysia,Pahang,TNG eWallet
ORD16247,2025-10-25,Electronics,Wireless Earbuds,345,3,1035,West Malaysia,Selangor,GrabPay
ORD16248,2025-08-08,Fashion,Sunglasses,127,2,254,East Malaysia,Sarawak,GrabPay
ORD16249,2025-10-04,Home,Desk Lamp,220,2,440,West Malaysia,Johor,FPX
ORD16250,2025-01-21,Home,Office Chair,695,1,695,West Malaysia,Johor,FPX
ORD16251,2025-02-14,Fashion,Sneakers,297,2,594,West Malaysia,Perak,TNG eWallet
ORD16252,2025-06-29,Fashion,T-Shirt,177,4,708,East Malaysia,Sabah,TNG eWallet
ORD16253,2025-01-08,Electronics,Smartphone,4187,4,16748,East Malaysia,Sabah,FPX
ORD16254,2025-02-22,Electronics,Smartwatch,3869,4,15476,East Malaysia,Sarawak,GrabPay
ORD16255,2025-07-14,Electronics,Wireless Earbuds,2116,3,6348,West Malaysia,Penang,TNG eWallet
ORD16256,2025-07-29,Fashion,Backpack,234,3,702,East Malaysia,Sarawak,Credit Card
ORD16257,2025-11-04,Fashion,Sneakers,122,1,122,East Malaysia,Sarawak,Credit Card
ORD16258,2025-12-31,Electronics,Smartphone,2255,3,6765,West Malaysia,Kuala Lumpur,FPX
ORD16259,2025-11-17,Home,Coffee Maker,665,2,1330,East Malaysia,Sarawak,Credit Card
ORD16260,2025-08-31,Fashion,T-Shirt,167,3,501,East Malaysia,Sabah,TNG eWallet
ORD16261,2025-07-28,Home,Coffee Maker,102,4,408,East Malaysia,Sabah,Credit Card
ORD16262,2025-09-09,Fashion,Backpack,275,3,825,West Malaysia,Selangor,FPX
ORD16263,2025-03-21,Electronics,Smartwatch,4239,4,16956,West Malaysia,Pahang,FPX
ORD16264,2025-07-29,Home,Coffee Maker,109,4,436,East Malaysia,Sarawak,GrabPay
ORD16265,2025-11-01,Fashion,Sunglasses,285,1,285,West Malaysia,Perak,TNG eWallet
ORD16266,2025-10-03,Electronics,Smartwatch,979,3,2937,West Malaysia,Selangor,GrabPay
ORD16267,2025-06-24,Home,Desk Lamp,252,3,756,West Malaysia,Pahang,Credit Card
ORD16268,2025-09-13,Electronics,Laptop,2101,2,4202,East Malaysia,Sarawak,FPX
ORD16269,2025-07-05,Fashion,Backpack,115,2,230,East Malaysia,Sarawak,GrabPay
ORD16270,2025-01-07,Home,Desk Lamp,407,3,1221,East Malaysia,Sabah,GrabPay
ORD16271,2025-11-24,Electronics,Laptop,1796,1,1796,East Malaysia,Sabah,Credit Card
ORD16272,2025-09-28,Home,Desk Lamp,229,2,458,East Malaysia,Sarawak,Credit Card
ORD16273,2025-08-29,Electronics,Wireless Earbuds,3325,3,9975,West Malaysia,Selangor,TNG eWallet
ORD16274,2025-02-14,Electronics,Smartphone,751,1,751,East Malaysia,Sabah,TNG eWallet
ORD16275,2025-10-02,Electronics,Smartwatch,377,2,754,East Malaysia,Sarawak,TNG eWallet
ORD16276,2025-02-08,Electronics,Wireless Earbuds,1160,1,1160,West Malaysia,Kuala Lumpur,TNG eWallet
ORD16277,2025-12-29,Home,Air Purifier,406,4,1624,East Malaysia,Sabah,Credit Card
ORD16278,2025-03-07,Electronics,Smartwatch,2460,2,4920,West Malaysia,Penang,TNG eWallet
ORD16279,2025-07-02,Electronics,Laptop,946,1,946,West Malaysia,Selangor,FPX
ORD16280,2025-12-10,Home,Air Purifier,497,4,1988,West Malaysia,Selangor,FPX
ORD16281,2025-11-24,Fashion,Sneakers,58,3,174,West Malaysia,Selangor,GrabPay
ORD16282,2025-11-27,Electronics,Laptop,2981,2,5962,West Malaysia,Pahang,FPX
ORD16283,2025-01-17,Fashion,Backpack,350,4,1400,West Malaysia,Kedah,TNG eWallet
ORD16284,2025-12-06,Electronics,Smartwatch,4362,3,13086,West Malaysia,Johor,FPX
ORD16285,2025-10-30,Home,Air Purifier,622,4,2488,West Malaysia,Kuala Lumpur,Credit Card
ORD16286,2025-12-09,Electronics,Smartwatch,4225,1,4225,West Malaysia,Penang,TNG eWallet
ORD16287,2025-09-13,Home,Coffee Maker,356,2,712,West Malaysia,Pahang,GrabPay
ORD16288,2025-01-17,Home,Office Chair,388,4,1552,East Malaysia,Sarawak,GrabPay
ORD16289,2025-12-01,Home,Desk Lamp,686,3,2058,East Malaysia,Sarawak,GrabPay
ORD16290,2025-04-20,Electronics,Wireless Earbuds,1194,1,1194,East Malaysia,Sarawak,GrabPay
ORD16291,2025-08-21,Fashion,Backpack,141,1,141,East Malaysia,Sabah,Credit Card
ORD16292,2025-04-23,Fashion,Sunglasses,195,2,390,East Malaysia,Sarawak,FPX
ORD16293,2025-01-03,Electronics,Smartwatch,1080,3,3240,East Malaysia,Sabah,FPX
ORD16294,2025-06-09,Fashion,Backpack,281,2,562,East Malaysia,Sabah,TNG eWallet
ORD16295,2025-12-09,Home,Desk Lamp,407,4,1628,East Malaysia,Sarawak,GrabPay
ORD16296,2025-05-04,Fashion,T-Shirt,97,1,97,East Malaysia,Sabah,Credit Card
ORD16297,2025-09-04,Electronics,Smartphone,1096,2,2192,East Malaysia,Sarawak,Credit Card
ORD16298,2025-07-28,Fashion,Backpack,336,1,336,East Malaysia,Sabah,TNG eWallet
ORD16299,2025-06-16,Electronics,Smartwatch,4292,1,4292,West Malaysia,Penang,Credit Card
ORD16300,2026-01-01,Electronics,Wireless Earbuds,3628,1,3628,West Malaysia,Johor,Credit Card
ORD16301,2025-03-10,Electronics,Wireless Earbuds,928,4,3712,West Malaysia,Johor,FPX
ORD16302,2025-08-26,Electronics,Smartphone,1239,4,4956,West Malaysia,Melaka,FPX
ORD16303,2025-11-09,Home,Desk Lamp,671,2,1342,East Malaysia,Sarawak,TNG eWallet
ORD16304,2025-10-27,Electronics,Smartwatch,4454,4,17816,West Malaysia,Johor,Credit Card
ORD16305,2025-01-26,Home,Office Chair,689,4,2756,West Malaysia,Pahang,GrabPay
ORD16306,2025-06-27,Electronics,Smartwatch,4025,4,16100,East Malaysia,Sabah,Credit Card
ORD16307,2025-01-22,Fashion,T-Shirt,363,2,726,West Malaysia,Pahang,FPX
ORD16308,2025-02-20,Home,Desk Lamp,658,4,2632,West Malaysia,Melaka,TNG eWallet
ORD16309,2025-07-29,Fashion,Backpack,156,1,156,West Malaysia,Kedah,TNG eWallet
ORD16310,2025-12-31,Fashion,Sunglasses,279,3,837,East Malaysia,Sarawak,TNG eWallet
ORD16311,2025-06-03,Home,Air Purifier,134,1,134,West Malaysia,Pahang,Credit Card
ORD16312,2025-01-18,Electronics,Laptop,3406,2,6812,East Malaysia,Sabah,FPX
ORD16313,2025-10-12,Fashion,T-Shirt,320,2,640,West Malaysia,Kedah,FPX
ORD16314,2025-07-23,Fashion,T-Shirt,220,3,660,East Malaysia,Sarawak,GrabPay
ORD16315,2025-04-16,Electronics,Laptop,2586,2,5172,East Malaysia,Sabah,GrabPay
ORD16316,2025-05-25,Fashion,Backpack,335,2,670,West Malaysia,Pahang,TNG eWallet
ORD16317,2025-09-16,Home,Desk Lamp,433,4,1732,West Malaysia,Melaka,Credit Card
ORD16318,2025-08-21,Electronics,Smartwatch,567,2,1134,East Malaysia,Sabah,GrabPay
ORD16319,2025-02-01,Fashion,Sunglasses,334,3,1002,West Malaysia,Kedah,Credit Card
ORD16320,2025-02-02,Electronics,Smartwatch,4282,4,17128,East Malaysia,Sarawak,FPX
ORD16321,2025-07-26,Home,Desk Lamp,684,3,2052,East Malaysia,Sabah,Credit Card
ORD16322,2025-11-05,Home,Desk Lamp,208,3,624,West Malaysia,Kuala Lumpur,Credit Card
ORD16323,2025-10-21,Home,Air Purifier,219,1,219,East Malaysia,Sabah,TNG eWallet
ORD16324,2025-07-03,Electronics,Wireless Earbuds,4281,2,8562,West Malaysia,Kuala Lumpur,GrabPay
ORD16325,2025-04-14,Home,Office Chair,453,3,1359,East Malaysia,Sarawak,TNG eWallet
ORD16326,2025-05-02,Home,Coffee Maker,739,3,2217,East Malaysia,Sarawak,Credit Card
ORD16327,2025-11-03,Electronics,Smartwatch,832,1,832,West Malaysia,Johor,FPX
ORD16328,2025-09-01,Electronics,Laptop,1117,1,1117,East Malaysia,Sabah,FPX
ORD16329,2025-05-03,Home,Office Chair,635,4,2540,East Malaysia,Sarawak,GrabPay
ORD16330,2025-02-28,Fashion,Sunglasses,250,4,1000,West Malaysia,Johor,Credit Card
ORD16331,2025-11-16,Fashion,Sneakers,87,2,174,West Malaysia,Melaka,TNG eWallet
ORD16332,2025-11-12,Electronics,Laptop,2480,4,9920,West Malaysia,Pahang,TNG eWallet
ORD16333,2025-06-10,Fashion,Sneakers,292,4,1168,West Malaysia,Penang,TNG eWallet
ORD16334,2025-09-13,Electronics,Smartphone,4432,2,8864,West Malaysia,Pahang,Credit Card
ORD16335,2025-03-09,Electronics,Smartphone,2890,2,5780,East Malaysia,Sabah,Credit Card
ORD16336,2025-12-14,Electronics,Smartwatch,3919,3,11757,East Malaysia,Sarawak,TNG eWallet
ORD16337,2025-07-24,Home,Desk Lamp,584,2,1168,East Malaysia,Sabah,TNG eWallet
ORD16338,2025-06-09,Home,Desk Lamp,223,1,223,East Malaysia,Sarawak,TNG eWallet
ORD16339,2025-11-27,Home,Coffee Maker,558,1,558,West Malaysia,Melaka,TNG eWallet
ORD16340,2025-09-11,Fashion,T-Shirt,277,3,831,West Malaysia,Kedah,TNG eWallet
ORD16341,2025-03-28,Fashion,T-Shirt,182,3,546,East Malaysia,Sarawak,GrabPay
ORD16342,2025-03-13,Electronics,Smartphone,1018,4,4072,East Malaysia,Sabah,GrabPay
ORD16343,2025-03-03,Fashion,Sunglasses,285,4,1140,East Malaysia,Sarawak,GrabPay
ORD16344,2025-08-31,Home,Coffee Maker,455,2,910,West Malaysia,Pahang,TNG eWallet
ORD16345,2025-10-14,Electronics,Smartphone,3706,2,7412,West Malaysia,Kedah,Credit Card
ORD16346,2025-06-26,Home,Office Chair,121,1,121,West Malaysia,Penang,TNG eWallet
ORD16347,2025-04-18,Electronics,Smartphone,2678,3,8034,West Malaysia,Melaka,TNG eWallet
ORD16348,2025-03-22,Home,Office Chair,132,2,264,East Malaysia,Sarawak,GrabPay
ORD16349,2025-12-03,Electronics,Smartwatch,2631,3,7893,East Malaysia,Sarawak,FPX
ORD16350,2025-09-28,Fashion,Backpack,247,3,741,East Malaysia,Sarawak,TNG eWallet
ORD16351,2025-01-23,Fashion,Sunglasses,279,2,558,East Malaysia,Sabah,TNG eWallet
ORD16352,2025-02-27,Fashion,Backpack,161,1,161,West Malaysia,Kedah,Credit Card
ORD16353,2025-10-17,Electronics,Smartwatch,4326,1,4326,West Malaysia,Kedah,TNG eWallet
ORD16354,2025-07-30,Fashion,Backpack,258,4,1032,East Malaysia,Sabah,FPX
ORD16355,2025-05-01,Home,Desk Lamp,173,3,519,West Malaysia,Pahang,FPX
ORD16356,2025-01-17,Electronics,Laptop,4167,2,8334,West Malaysia,Selangor,Credit Card
ORD16357,2025-04-14,Home,Air Purifier,162,2,324,East Malaysia,Sarawak,TNG eWallet
ORD16358,2025-03-02,Electronics,Smartwatch,1572,4,6288,East Malaysia,Sabah,GrabPay
ORD16359,2025-08-12,Electronics,Wireless Earbuds,2402,1,2402,West Malaysia,Melaka,FPX
ORD16360,2025-04-01,Fashion,Backpack,91,1,91,East Malaysia,Sabah,Credit Card
ORD16361,2025-04-09,Fashion,T-Shirt,172,1,172,East Malaysia,Sabah,GrabPay
ORD16362,2025-07-17,Home,Desk Lamp,715,3,2145,East Malaysia,Sarawak,Credit Card
ORD16363,2025-03-20,Home,Air Purifier,602,1,602,East Malaysia,Sarawak,TNG eWallet
ORD16364,2025-02-15,Electronics,Smartphone,2744,3,8232,West Malaysia,Kedah,GrabPay
ORD16365,2025-06-13,Fashion,Sunglasses,109,4,436,West Malaysia,Kedah,FPX
ORD16366,2025-11-11,Fashion,T-Shirt,243,1,243,West Malaysia,Penang,GrabPay
ORD16367,2025-04-20,Home,Desk Lamp,779,4,3116,East Malaysia,Sarawak,FPX
ORD16368,2025-01-06,Electronics,Smartwatch,518,2,1036,West Malaysia,Perak,GrabPay
ORD16369,2025-12-26,Home,Coffee Maker,139,3,417,West Malaysia,Penang,Credit Card
ORD16370,2025-05-24,Electronics,Wireless Earbuds,1064,2,2128,West Malaysia,Melaka,TNG eWallet
ORD16371,2025-10-21,Fashion,Sunglasses,211,4,844,West Malaysia,Penang,FPX
ORD16372,2025-05-23,Fashion,Sunglasses,310,1,310,East Malaysia,Sarawak,GrabPay
ORD16373,2025-08-26,Home,Air Purifier,323,4,1292,East Malaysia,Sabah,Credit Card
ORD16374,2025-01-17,Fashion,Backpack,392,3,1176,East Malaysia,Sarawak,TNG eWallet
ORD16375,2025-04-14,Electronics,Laptop,913,4,3652,East Malaysia,Sabah,Credit Card
ORD16376,2025-10-14,Home,Coffee Maker,273,1,273,West Malaysia,Johor,FPX
ORD16377,2025-01-04,Home,Air Purifier,597,2,1194,East Malaysia,Sabah,FPX
ORD16378,2025-08-06,Home,Air Purifier,315,2,630,East Malaysia,Sarawak,TNG eWallet
ORD16379,2025-07-25,Home,Coffee Maker,679,3,2037,West Malaysia,Perak,GrabPay
ORD16380,2025-12-08,Fashion,Backpack,171,4,684,East Malaysia,Sabah,TNG eWallet
ORD16381,2025-12-14,Electronics,Smartwatch,4150,3,12450,West Malaysia,Melaka,GrabPay
ORD16382,2025-12-10,Home,Desk Lamp,778,1,778,West Malaysia,Perak,TNG eWallet
ORD16383,2025-10-30,Electronics,Smartwatch,4382,2,8764,East Malaysia,Sabah,GrabPay
ORD16384,2025-09-07,Electronics,Smartwatch,3957,2,7914,East Malaysia,Sarawak,Credit Card
ORD16385,2025-10-21,Fashion,Sunglasses,379,1,379,East Malaysia,Sabah,TNG eWallet
ORD16386,2025-09-10,Electronics,Smartwatch,2050,1,2050,West Malaysia,Penang,Credit Card
ORD16387,2025-03-12,Home,Desk Lamp,211,4,844,East Malaysia,Sarawak,TNG eWallet
ORD16388,2025-10-05,Home,Desk Lamp,344,2,688,East Malaysia,Sabah,FPX
ORD16389,2025-09-21,Home,Air Purifier,641,4,2564,West Malaysia,Perak,GrabPay
ORD16390,2025-12-20,Home,Office Chair,176,1,176,East Malaysia,Sarawak,TNG eWallet
ORD16391,2025-01-25,Fashion,Sneakers,293,4,1172,West Malaysia,Selangor,Credit Card
ORD16392,2025-05-01,Fashion,Sunglasses,66,4,264,East Malaysia,Sarawak,TNG eWallet
ORD16393,2025-11-22,Fashion,Backpack,340,2,680,East Malaysia,Sarawak,FPX
ORD16394,2025-07-06,Fashion,Sneakers,389,2,778,East Malaysia,Sarawak,FPX
ORD16395,2025-01-08,Fashion,Backpack,213,4,852,East Malaysia,Sabah,GrabPay
ORD16396,2025-09-25,Electronics,Wireless Earbuds,3109,1,3109,West Malaysia,Kedah,FPX
ORD16397,2025-12-13,Fashion,Sneakers,93,1,93,West Malaysia,Perak,FPX
ORD16398,2025-08-09,Home,Air Purifier,730,1,730,East Malaysia,Sabah,GrabPay
ORD16399,2025-05-21,Electronics,Laptop,1238,1,1238,West Malaysia,Selangor,TNG eWallet
ORD16400,2025-11-01,Fashion,Sneakers,118,1,118,East Malaysia,Sabah,Credit Card
ORD16401,2025-05-16,Electronics,Smartphone,2030,2,4060,East Malaysia,Sarawak,TNG eWallet
ORD16402,2025-03-20,Electronics,Smartphone,837,1,837,West Malaysia,Johor,TNG eWallet
ORD16403,2025-04-21,Fashion,Sneakers,301,4,1204,West Malaysia,Perak,Credit Card
ORD16404,2025-03-11,Fashion,T-Shirt,284,3,852,West Malaysia,Perak,GrabPay
ORD16405,2025-11-04,Fashion,Sneakers,215,3,645,West Malaysia,Selangor,FPX
ORD16406,2025-02-26,Electronics,Smartphone,3662,4,14648,West Malaysia,Kedah,TNG eWallet
ORD16407,2025-05-02,Electronics,Laptop,3225,4,12900,East Malaysia,Sabah,TNG eWallet
ORD16408,2025-04-29,Electronics,Laptop,2142,4,8568,East Malaysia,Sabah,FPX
ORD16409,2025-10-30,Electronics,Smartphone,581,2,1162,West Malaysia,Kedah,Credit Card
ORD16410,2025-03-29,Electronics,Smartwatch,2363,1,2363,East Malaysia,Sarawak,TNG eWallet
ORD16411,2025-09-11,Fashion,Sunglasses,289,4,1156,West Malaysia,Pahang,Credit Card
ORD16412,2025-08-03,Fashion,Sunglasses,342,1,342,West Malaysia,Penang,TNG eWallet
ORD16413,2025-02-14,Electronics,Wireless Earbuds,3916,2,7832,East Malaysia,Sarawak,FPX
ORD16414,2025-05-29,Home,Office Chair,374,1,374,East Malaysia,Sarawak,TNG eWallet
ORD16415,2025-11-06,Home,Air Purifier,739,2,1478,West Malaysia,Melaka,Credit Card
ORD16416,2025-01-27,Fashion,T-Shirt,75,3,225,West Malaysia,Kuala Lumpur,Credit Card
ORD16417,2025-04-29,Fashion,T-Shirt,348,4,1392,East Malaysia,Sarawak,Credit Card
ORD16418,2025-07-05,Fashion,Sneakers,90,4,360,West Malaysia,Perak,FPX
ORD16419,2025-06-05,Electronics,Smartwatch,2429,2,4858,West Malaysia,Melaka,FPX
ORD16420,2025-07-14,Fashion,Sneakers,224,4,896,East Malaysia,Sabah,Credit Card
ORD16421,2025-04-02,Home,Air Purifier,790,4,3160,East Malaysia,Sabah,FPX
ORD16422,2025-01-13,Fashion,Sneakers,267,2,534,West Malaysia,Selangor,FPX
ORD16423,2025-07-08,Home,Desk Lamp,709,4,2836,East Malaysia,Sabah,FPX
ORD16424,2025-11-11,Electronics,Smartphone,2476,2,4952,West Malaysia,Selangor,FPX
ORD16425,2025-07-28,Home,Air Purifier,612,4,2448,East Malaysia,Sarawak,Credit Card
ORD16426,2025-10-26,Electronics,Smartphone,2890,3,8670,East Malaysia,Sabah,GrabPay
ORD16427,2025-05-04,Electronics,Smartphone,2343,3,7029,East Malaysia,Sarawak,FPX
ORD16428,2025-04-16,Electronics,Smartphone,3753,2,7506,East Malaysia,Sarawak,Credit Card
ORD16429,2025-10-24,Electronics,Smartphone,1319,1,1319,West Malaysia,Perak,TNG eWallet
ORD16430,2025-04-08,Fashion,Sneakers,74,1,74,East Malaysia,Sarawak,TNG eWallet
ORD16431,2025-09-17,Electronics,Wireless Earbuds,3705,4,14820,East Malaysia,Sarawak,FPX
ORD16432,2025-07-22,Home,Air Purifier,382,4,1528,East Malaysia,Sarawak,FPX
ORD16433,2025-05-25,Home,Office Chair,545,2,1090,West Malaysia,Kuala Lumpur,TNG eWallet
ORD16434,2025-03-04,Electronics,Wireless Earbuds,803,1,803,West Malaysia,Kedah,Credit Card
ORD16435,2025-10-13,Electronics,Smartphone,1979,2,3958,West Malaysia,Selangor,TNG eWallet
ORD16436,2025-04-24,Electronics,Smartwatch,3527,2,7054,East Malaysia,Sabah,TNG eWallet
ORD16437,2025-05-28,Home,Air Purifier,388,2,776,West Malaysia,Kedah,GrabPay
ORD16438,2025-01-17,Fashion,T-Shirt,236,1,236,East Malaysia,Sarawak,GrabPay
ORD16439,2025-11-18,Home,Coffee Maker,653,3,1959,East Malaysia,Sarawak,FPX
ORD16440,2025-07-18,Home,Coffee Maker,554,1,554,West Malaysia,Perak,Credit Card
ORD16441,2025-08-30,Electronics,Laptop,4056,4,16224,West Malaysia,Kuala Lumpur,FPX
ORD16442,2025-10-16,Electronics,Wireless Earbuds,1795,1,1795,West Malaysia,Melaka,GrabPay
ORD16443,2025-04-02,Electronics,Wireless Earbuds,831,1,831,East Malaysia,Sarawak,FPX
ORD16444,2025-12-25,Home,Office Chair,218,4,872,West Malaysia,Kedah,FPX
ORD16445,2025-05-22,Fashion,Sneakers,206,2,412,East Malaysia,Sarawak,TNG eWallet
ORD16446,2025-10-09,Fashion,Sneakers,383,2,766,West Malaysia,Perak,Credit Card
ORD16447,2025-05-16,Home,Office Chair,335,2,670,West Malaysia,Pahang,Credit Card
ORD16448,2025-10-16,Electronics,Wireless Earbuds,364,4,1456,West Malaysia,Perak,Credit Card
ORD16449,2025-04-12,Fashion,Sneakers,84,3,252,East Malaysia,Sarawak,TNG eWallet
ORD16450,2025-06-03,Electronics,Wireless Earbuds,3885,4,15540,East Malaysia,Sarawak,Credit Card
ORD16451,2025-06-24,Fashion,Sneakers,354,1,354,West Malaysia,Melaka,TNG eWallet
ORD16452,2025-04-12,Electronics,Smartphone,702,3,2106,East Malaysia,Sabah,TNG eWallet
ORD16453,2025-10-05,Electronics,Laptop,847,3,2541,East Malaysia,Sabah,GrabPay
ORD16454,2025-03-13,Home,Coffee Maker,240,1,240,East Malaysia,Sarawak,TNG eWallet
ORD16455,2025-09-29,Electronics,Laptop,3412,3,10236,East Malaysia,Sabah,GrabPay
ORD16456,2025-12-06,Electronics,Smartwatch,3285,2,6570,West Malaysia,Penang,Credit Card
ORD16457,2025-06-15,Electronics,Smartphone,370,3,1110,West Malaysia,Perak,Credit Card
ORD16458,2025-07-26,Fashion,Sunglasses,294,1,294,West Malaysia,Kuala Lumpur,FPX
ORD16459,2025-02-11,Home,Air Purifier,651,1,651,West Malaysia,Melaka,TNG eWallet
ORD16460,2025-05-05,Home,Air Purifier,153,2,306,East Malaysia,Sabah,TNG eWallet
ORD16461,2025-05-13,Electronics,Smartphone,4068,3,12204,East Malaysia,Sarawak,TNG eWallet
ORD16462,2025-08-29,Electronics,Smartwatch,2757,3,8271,East Malaysia,Sabah,GrabPay
ORD16463,2025-05-21,Fashion,Sunglasses,150,2,300,East Malaysia,Sarawak,TNG eWallet
ORD16464,2025-08-26,Fashion,Backpack,145,3,435,East Malaysia,Sarawak,Credit Card
ORD16465,2025-03-11,Fashion,Backpack,306,3,918,West Malaysia,Melaka,FPX
ORD16466,2025-06-29,Fashion,Backpack,293,1,293,West Malaysia,Pahang,FPX
ORD16467,2025-03-01,Electronics,Laptop,2390,2,4780,West Malaysia,Kedah,Credit Card
ORD16468,2025-04-13,Electronics,Smartphone,1051,2,2102,East Malaysia,Sarawak,Credit Card
ORD16469,2025-04-05,Electronics,Wireless Earbuds,876,3,2628,East Malaysia,Sarawak,TNG eWallet
ORD16470,2025-08-06,Fashion,Backpack,219,1,219,West Malaysia,Selangor,FPX
ORD16471,2025-01-23,Electronics,Wireless Earbuds,3500,4,14000,West Malaysia,Kedah,FPX
ORD16472,2025-02-22,Fashion,T-Shirt,209,2,418,West Malaysia,Selangor,TNG eWallet
ORD16473,2025-06-24,Home,Desk Lamp,774,1,774,West Malaysia,Kuala Lumpur,FPX
ORD16474,2025-07-01,Home,Coffee Maker,705,1,705,West Malaysia,Kedah,Credit Card
ORD16475,2025-04-10,Home,Office Chair,721,1,721,West Malaysia,Perak,Credit Card
ORD16476,2025-05-10,Home,Coffee Maker,709,4,2836,East Malaysia,Sarawak,TNG eWallet
ORD16477,2025-06-29,Electronics,Wireless Earbuds,1456,2,2912,East Malaysia,Sabah,GrabPay
ORD16478,2025-12-02,Fashion,Sneakers,210,3,630,West Malaysia,Johor,GrabPay
ORD16479,2025-06-19,Electronics,Wireless Earbuds,4157,3,12471,West Malaysia,Selangor,Credit Card
ORD16480,2025-02-24,Electronics,Wireless Earbuds,936,4,3744,West Malaysia,Pahang,Credit Card
ORD16481,2025-05-14,Home,Desk Lamp,497,1,497,West Malaysia,Melaka,GrabPay
ORD16482,2025-09-09,Electronics,Smartphone,2100,2,4200,East Malaysia,Sarawak,TNG eWallet
ORD16483,2025-10-08,Fashion,Backpack,105,4,420,East Malaysia,Sarawak,FPX
ORD16484,2025-11-26,Electronics,Wireless Earbuds,2394,4,9576,West Malaysia,Johor,TNG eWallet
ORD16485,2025-09-06,Electronics,Laptop,2535,4,10140,West Malaysia,Kedah,FPX
ORD16486,2025-05-23,Electronics,Laptop,2598,2,5196,West Malaysia,Selangor,Credit Card
ORD16487,2025-02-02,Home,Air Purifier,376,2,752,West Malaysia,Pahang,Credit Card
ORD16488,2025-01-05,Electronics,Laptop,2331,3,6993,East Malaysia,Sabah,TNG eWallet
ORD16489,2025-01-03,Electronics,Laptop,685,2,1370,West Malaysia,Perak,FPX
ORD16490,2025-12-26,Home,Air Purifier,524,2,1048,West Malaysia,Penang,FPX
ORD16491,2025-12-26,Fashion,T-Shirt,179,2,358,East Malaysia,Sabah,Credit Card
ORD16492,2025-03-29,Home,Coffee Maker,578,4,2312,West Malaysia,Pahang,GrabPay
ORD16493,2025-01-08,Home,Desk Lamp,340,2,680,East Malaysia,Sarawak,FPX
ORD16494,2025-09-08,Electronics,Smartphone,3643,3,10929,East Malaysia,Sabah,FPX
ORD16495,2025-01-24,Electronics,Wireless Earbuds,1902,3,5706,East Malaysia,Sarawak,FPX
ORD16496,2025-05-13,Home,Desk Lamp,222,4,888,East Malaysia,Sabah,GrabPay
ORD16497,2025-05-20,Electronics,Laptop,2234,2,4468,West Malaysia,Selangor,FPX
ORD16498,2025-10-25,Home,Office Chair,150,1,150,East Malaysia,Sabah,GrabPay
ORD16499,2025-04-04,Electronics,Laptop,4070,1,4070,East Malaysia,Sarawak,FPX
ORD16500,2025-09-10,Electronics,Smartwatch,2113,2,4226,East Malaysia,Sarawak,TNG eWallet
ORD16501,2025-04-28,Fashion,Backpack,172,1,172,West Malaysia,Penang,TNG eWallet
ORD16502,2025-03-13,Electronics,Laptop,1681,4,6724,East Malaysia,Sarawak,Credit Card
ORD16503,2025-04-21,Fashion,Backpack,127,3,381,East Malaysia,Sabah,GrabPay
ORD16504,2025-02-19,Fashion,Sneakers,183,4,732,West Malaysia,Pahang,TNG eWallet
ORD16505,2025-08-17,Electronics,Smartphone,4493,1,4493,East Malaysia,Sarawak,TNG eWallet
ORD16506,2025-09-21,Electronics,Smartwatch,3761,2,7522,East Malaysia,Sabah,TNG eWallet
ORD16507,2025-02-13,Electronics,Wireless Earbuds,535,2,1070,East Malaysia,Sabah,Credit Card
ORD16508,2025-01-13,Home,Office Chair,472,2,944,East Malaysia,Sabah,GrabPay
ORD16509,2025-05-12,Home,Office Chair,236,4,944,West Malaysia,Kedah,Credit Card
ORD16510,2025-12-30,Home,Desk Lamp,226,3,678,West Malaysia,Kuala Lumpur,FPX
ORD16511,2025-01-16,Fashion,T-Shirt,341,4,1364,West Malaysia,Kedah,FPX
ORD16512,2025-04-27,Electronics,Wireless Earbuds,1494,1,1494,West Malaysia,Johor,GrabPay
ORD16513,2025-10-15,Electronics,Laptop,2712,1,2712,East Malaysia,Sabah,TNG eWallet
ORD16514,2025-03-14,Fashion,T-Shirt,339,4,1356,West Malaysia,Johor,TNG eWallet
ORD16515,2025-09-30,Home,Coffee Maker,414,4,1656,East Malaysia,Sarawak,Credit Card
ORD16516,2025-01-30,Electronics,Smartwatch,3642,4,14568,East Malaysia,Sabah,FPX
ORD16517,2025-01-18,Fashion,Sunglasses,125,1,125,East Malaysia,Sarawak,TNG eWallet
ORD16518,2025-06-14,Home,Office Chair,735,1,735,East Malaysia,Sabah,FPX
ORD16519,2025-11-10,Home,Desk Lamp,621,1,621,East Malaysia,Sarawak,FPX
ORD16520,2025-11-25,Home,Desk Lamp,297,4,1188,West Malaysia,Johor,FPX
ORD16521,2025-12-14,Home,Coffee Maker,201,3,603,West Malaysia,Kedah,TNG eWallet
ORD16522,2025-08-18,Fashion,Sunglasses,223,4,892,East Malaysia,Sabah,GrabPay
ORD16523,2025-03-21,Fashion,T-Shirt,73,3,219,West Malaysia,Kedah,GrabPay
ORD16524,2025-07-26,Electronics,Smartwatch,2134,1,2134,East Malaysia,Sarawak,TNG eWallet
ORD16525,2025-12-21,Electronics,Laptop,2435,2,4870,West Malaysia,Penang,FPX
ORD16526,2025-06-11,Home,Air Purifier,367,2,734,West Malaysia,Johor,TNG eWallet
ORD16527,2025-07-11,Home,Desk Lamp,116,2,232,East Malaysia,Sabah,GrabPay
ORD16528,2025-09-10,Fashion,Backpack,168,1,168,East Malaysia,Sarawak,GrabPay
ORD16529,2025-09-14,Electronics,Laptop,2697,2,5394,East Malaysia,Sarawak,TNG eWallet
ORD16530,2025-09-25,Fashion,Backpack,283,4,1132,East Malaysia,Sarawak,FPX
ORD16531,2025-10-23,Fashion,Backpack,99,3,297,East Malaysia,Sarawak,Credit Card
ORD16532,2025-07-08,Electronics,Smartphone,2071,1,2071,East Malaysia,Sabah,TNG eWallet
ORD16533,2025-04-23,Home,Air Purifier,352,4,1408,West Malaysia,Perak,GrabPay
ORD16534,2025-02-16,Fashion,Backpack,310,2,620,West Malaysia,Kedah,GrabPay
ORD16535,2025-09-19,Fashion,T-Shirt,252,2,504,West Malaysia,Selangor,GrabPay
ORD16536,2025-03-08,Electronics,Smartwatch,3142,3,9426,East Malaysia,Sarawak,FPX
ORD16537,2025-04-16,Electronics,Wireless Earbuds,2887,4,11548,West Malaysia,Pahang,GrabPay
ORD16538,2025-03-03,Electronics,Laptop,3466,4,13864,West Malaysia,Selangor,TNG eWallet
ORD16539,2025-06-19,Home,Air Purifier,186,3,558,East Malaysia,Sarawak,FPX
ORD16540,2025-04-11,Electronics,Wireless Earbuds,4199,3,12597,West Malaysia,Penang,GrabPay
ORD16541,2025-05-13,Electronics,Smartwatch,2763,4,11052,East Malaysia,Sabah,TNG eWallet
ORD16542,2025-08-20,Fashion,T-Shirt,392,1,392,East Malaysia,Sabah,TNG eWallet
ORD16543,2025-07-27,Electronics,Laptop,764,4,3056,West Malaysia,Perak,TNG eWallet
ORD16544,2025-06-12,Home,Office Chair,433,3,1299,East Malaysia,Sarawak,GrabPay
ORD16545,2025-03-27,Electronics,Smartphone,1922,4,7688,West Malaysia,Kuala Lumpur,GrabPay
ORD16546,2025-08-17,Home,Office Chair,531,2,1062,West Malaysia,Penang,GrabPay
ORD16547,2025-12-18,Electronics,Smartphone,668,4,2672,East Malaysia,Sarawak,FPX
ORD16548,2025-01-18,Fashion,T-Shirt,150,2,300,West Malaysia,Perak,Credit Card
ORD16549,2025-06-08,Home,Office Chair,113,2,226,West Malaysia,Pahang,FPX
ORD16550,2025-03-22,Fashion,T-Shirt,285,4,1140,West Malaysia,Johor,GrabPay
ORD16551,2025-01-27,Electronics,Wireless Earbuds,3143,3,9429,West Malaysia,Perak,GrabPay
ORD16552,2025-10-08,Electronics,Wireless Earbuds,3064,4,12256,East Malaysia,Sabah,Credit Card
ORD16553,2025-11-28,Home,Desk Lamp,611,2,1222,East Malaysia,Sabah,Credit Card
ORD16554,2025-06-04,Home,Desk Lamp,614,3,1842,West Malaysia,Penang,Credit Card
ORD16555,2025-05-26,Electronics,Wireless Earbuds,4309,3,12927,West Malaysia,Melaka,TNG eWallet
ORD16556,2025-05-29,Electronics,Wireless Earbuds,3306,4,13224,West Malaysia,Perak,FPX
ORD16557,2025-03-15,Fashion,Backpack,319,3,957,East Malaysia,Sarawak,Credit Card
ORD16558,2025-02-09,Fashion,Sunglasses,188,4,752,East Malaysia,Sarawak,Credit Card
ORD16559,2025-08-01,Home,Air Purifier,581,4,2324,West Malaysia,Penang,FPX
ORD16560,2025-04-16,Electronics,Smartwatch,4252,3,12756,East Malaysia,Sarawak,GrabPay
ORD16561,2025-04-24,Fashion,T-Shirt,225,3,675,West Malaysia,Penang,FPX
ORD16562,2025-10-02,Electronics,Smartphone,2863,3,8589,West Malaysia,Kuala Lumpur,Credit Card
ORD16563,2025-02-22,Home,Air Purifier,194,1,194,West Malaysia,Johor,GrabPay
ORD16564,2025-02-21,Fashion,Backpack,173,4,692,East Malaysia,Sabah,FPX
ORD16565,2025-09-17,Home,Coffee Maker,182,4,728,East Malaysia,Sarawak,TNG eWallet
ORD16566,2025-09-03,Fashion,Sunglasses,152,3,456,West Malaysia,Perak,Credit Card
ORD16567,2025-06-04,Electronics,Wireless Earbuds,2552,1,2552,East Malaysia,Sabah,FPX
ORD16568,2025-10-11,Electronics,Laptop,1299,2,2598,West Malaysia,Penang,TNG eWallet
ORD16569,2025-05-29,Fashion,T-Shirt,180,4,720,West Malaysia,Kedah,GrabPay
ORD16570,2025-06-15,Home,Office Chair,350,2,700,East Malaysia,Sarawak,GrabPay
ORD16571,2025-07-13,Electronics,Wireless Earbuds,3720,2,7440,West Malaysia,Selangor,TNG eWallet
ORD16572,2025-06-18,Fashion,Sneakers,64,2,128,West Malaysia,Johor,FPX
ORD16573,2025-04-26,Electronics,Laptop,1506,3,4518,West Malaysia,Melaka,Credit Card
ORD16574,2025-01-07,Fashion,Backpack,61,2,122,East Malaysia,Sarawak,TNG eWallet
ORD16575,2025-10-11,Electronics,Smartwatch,2802,2,5604,West Malaysia,Kedah,GrabPay
ORD16576,2025-12-02,Fashion,T-Shirt,66,3,198,East Malaysia,Sabah,GrabPay
ORD16577,2025-07-22,Home,Office Chair,345,4,1380,West Malaysia,Pahang,TNG eWallet
ORD16578,2025-01-15,Electronics,Wireless Earbuds,4093,1,4093,West Malaysia,Kuala Lumpur,Credit Card
ORD16579,2025-09-26,Home,Coffee Maker,250,4,1000,West Malaysia,Pahang,GrabPay
ORD16580,2025-07-05,Electronics,Laptop,1129,4,4516,West Malaysia,Perak,GrabPay
ORD16581,2025-03-10,Fashion,Sunglasses,77,4,308,East Malaysia,Sabah,GrabPay
ORD16582,2025-09-28,Fashion,T-Shirt,127,2,254,East Malaysia,Sarawak,TNG eWallet
ORD16583,2025-11-30,Electronics,Smartphone,801,4,3204,East Malaysia,Sabah,TNG eWallet
ORD16584,2025-11-26,Home,Coffee Maker,406,2,812,West Malaysia,Pahang,Credit Card
ORD16585,2025-07-08,Home,Office Chair,669,2,1338,East Malaysia,Sabah,FPX
ORD16586,2025-12-03,Electronics,Laptop,2956,2,5912,West Malaysia,Melaka,FPX
ORD16587,2025-02-16,Fashion,Sneakers,300,2,600,East Malaysia,Sabah,GrabPay
ORD16588,2025-04-14,Electronics,Laptop,1770,4,7080,West Malaysia,Melaka,GrabPay
ORD16589,2025-04-01,Home,Office Chair,687,1,687,West Malaysia,Melaka,GrabPay
ORD16590,2025-02-25,Home,Desk Lamp,538,3,1614,East Malaysia,Sarawak,Credit Card
ORD16591,2025-11-10,Fashion,Sunglasses,375,3,1125,East Malaysia,Sarawak,GrabPay
ORD16592,2025-08-02,Home,Air Purifier,371,2,742,West Malaysia,Johor,TNG eWallet
ORD16593,2025-03-24,Home,Desk Lamp,420,2,840,West Malaysia,Johor,TNG eWallet
ORD16594,2025-04-20,Fashion,Sneakers,67,1,67,West Malaysia,Selangor,FPX
ORD16595,2025-01-16,Home,Office Chair,242,4,968,East Malaysia,Sabah,FPX
ORD16596,2025-09-05,Home,Coffee Maker,164,3,492,East Malaysia,Sabah,FPX
ORD16597,2025-12-17,Electronics,Laptop,1843,3,5529,West Malaysia,Kuala Lumpur,FPX
ORD16598,2025-01-21,Electronics,Smartwatch,3902,2,7804,East Malaysia,Sabah,Credit Card
ORD16599,2025-07-22,Fashion,Sunglasses,89,1,89,East Malaysia,Sarawak,Credit Card
ORD16600,2025-04-22,Electronics,Wireless Earbuds,415,3,1245,East Malaysia,Sarawak,TNG eWallet
ORD16601,2025-08-18,Electronics,Smartwatch,2351,4,9404,West Malaysia,Melaka,GrabPay
ORD16602,2025-07-08,Electronics,Laptop,3453,3,10359,West Malaysia,Kedah,GrabPay
ORD16603,2025-09-20,Home,Air Purifier,112,1,112,West Malaysia,Kedah,GrabPay
ORD16604,2025-06-18,Fashion,Backpack,247,4,988,East Malaysia,Sarawak,Credit Card
ORD16605,2025-08-16,Home,Air Purifier,644,3,1932,East Malaysia,Sarawak,GrabPay
ORD16606,2025-11-14,Electronics,Smartphone,4314,1,4314,West Malaysia,Kuala Lumpur,GrabPay
ORD16607,2025-07-07,Home,Office Chair,296,1,296,West Malaysia,Perak,TNG eWallet
ORD16608,2025-09-24,Fashion,Sunglasses,354,1,354,West Malaysia,Perak,Credit Card
ORD16609,2025-03-24,Fashion,Sunglasses,87,3,261,East Malaysia,Sarawak,GrabPay
ORD16610,2025-12-19,Electronics,Smartwatch,331,1,331,West Malaysia,Perak,Credit Card
ORD16611,2025-02-17,Electronics,Smartwatch,1729,3,5187,West Malaysia,Penang,FPX
ORD16612,2025-12-31,Home,Desk Lamp,515,3,1545,West Malaysia,Pahang,FPX
ORD16613,2025-10-29,Electronics,Wireless Earbuds,3579,1,3579,East Malaysia,Sarawak,TNG eWallet
ORD16614,2025-10-20,Home,Air Purifier,324,3,972,East Malaysia,Sabah,TNG eWallet
ORD16615,2025-02-08,Fashion,Backpack,399,2,798,East Malaysia,Sarawak,TNG eWallet
ORD16616,2025-01-20,Home,Coffee Maker,463,3,1389,West Malaysia,Kuala Lumpur,GrabPay
ORD16617,2025-03-08,Fashion,Sunglasses,125,4,500,West Malaysia,Perak,FPX
ORD16618,2025-05-26,Fashion,Backpack,388,1,388,West Malaysia,Melaka,Credit Card
ORD16619,2025-10-07,Home,Desk Lamp,456,2,912,East Malaysia,Sabah,TNG eWallet
ORD16620,2025-05-13,Home,Coffee Maker,409,4,1636,East Malaysia,Sarawak,FPX
ORD16621,2025-09-20,Electronics,Laptop,3524,4,14096,West Malaysia,Melaka,FPX
ORD16622,2025-09-16,Fashion,Sneakers,147,3,441,East Malaysia,Sabah,FPX
ORD16623,2025-02-24,Electronics,Laptop,2401,4,9604,West Malaysia,Pahang,TNG eWallet
ORD16624,2025-04-15,Fashion,Backpack,229,1,229,West Malaysia,Melaka,GrabPay
ORD16625,2025-10-30,Electronics,Smartwatch,3200,4,12800,West Malaysia,Pahang,GrabPay
ORD16626,2025-11-23,Home,Desk Lamp,718,1,718,East Malaysia,Sabah,GrabPay
ORD16627,2025-03-06,Home,Air Purifier,413,4,1652,West Malaysia,Pahang,GrabPay
ORD16628,2025-12-03,Home,Air Purifier,612,3,1836,East Malaysia,Sabah,TNG eWallet
ORD16629,2025-03-26,Fashion,T-Shirt,92,2,184,West Malaysia,Perak,FPX
ORD16630,2025-09-19,Home,Desk Lamp,305,4,1220,West Malaysia,Kuala Lumpur,Credit Card
ORD16631,2025-09-13,Fashion,Backpack,340,2,680,East Malaysia,Sarawak,TNG eWallet
ORD16632,2025-04-05,Electronics,Smartwatch,3387,3,10161,West Malaysia,Johor,GrabPay
ORD16633,2025-01-06,Fashion,Sneakers,387,1,387,East Malaysia,Sabah,GrabPay
ORD16634,2025-08-27,Electronics,Laptop,3862,3,11586,West Malaysia,Kedah,FPX
ORD16635,2025-03-24,Fashion,Sunglasses,348,1,348,East Malaysia,Sarawak,Credit Card
ORD16636,2025-11-30,Electronics,Laptop,3244,4,12976,West Malaysia,Pahang,TNG eWallet
ORD16637,2025-06-11,Electronics,Laptop,4202,4,16808,East Malaysia,Sarawak,Credit Card
ORD16638,2025-01-30,Electronics,Smartphone,3780,4,15120,West Malaysia,Penang,Credit Card
ORD16639,2025-02-10,Home,Desk Lamp,443,2,886,West Malaysia,Kuala Lumpur,Credit Card
ORD16640,2025-01-16,Electronics,Wireless Earbuds,2289,3,6867,West Malaysia,Kuala Lumpur,Credit Card
ORD16641,2025-07-21,Fashion,Backpack,98,4,392,East Malaysia,Sarawak,Credit Card
ORD16642,2025-09-11,Home,Air Purifier,688,1,688,East Malaysia,Sabah,TNG eWallet
ORD16643,2025-02-19,Fashion,Backpack,323,3,969,West Malaysia,Kedah,GrabPay
ORD16644,2025-06-08,Electronics,Smartwatch,425,1,425,East Malaysia,Sarawak,FPX
ORD16645,2025-03-09,Electronics,Laptop,336,4,1344,West Malaysia,Kedah,GrabPay
ORD16646,2025-10-23,Electronics,Smartphone,2567,1,2567,West Malaysia,Kuala Lumpur,GrabPay
ORD16647,2025-01-28,Home,Office Chair,205,3,615,East Malaysia,Sarawak,TNG eWallet
ORD16648,2025-01-06,Fashion,Sunglasses,172,2,344,West Malaysia,Melaka,GrabPay
ORD16649,2025-10-28,Electronics,Smartphone,932,1,932,East Malaysia,Sabah,FPX
ORD16650,2025-11-07,Electronics,Smartwatch,3247,1,3247,East Malaysia,Sarawak,TNG eWallet
ORD16651,2025-07-14,Electronics,Wireless Earbuds,3628,3,10884,East Malaysia,Sabah,TNG eWallet
ORD16652,2025-12-30,Fashion,T-Shirt,279,2,558,West Malaysia,Kedah,TNG eWallet
ORD16653,2025-03-12,Home,Air Purifier,513,1,513,West Malaysia,Melaka,TNG eWallet
ORD16654,2025-08-11,Home,Coffee Maker,523,2,1046,West Malaysia,Melaka,Credit Card
ORD16655,2025-05-23,Electronics,Smartphone,3417,4,13668,West Malaysia,Selangor,Credit Card
ORD16656,2025-11-02,Electronics,Smartwatch,1379,4,5516,East Malaysia,Sabah,TNG eWallet
ORD16657,2025-10-20,Fashion,T-Shirt,297,4,1188,East Malaysia,Sabah,FPX
ORD16658,2025-08-21,Home,Coffee Maker,124,2,248,East Malaysia,Sarawak,TNG eWallet
ORD16659,2025-09-05,Home,Desk Lamp,229,3,687,East Malaysia,Sarawak,FPX
ORD16660,2025-09-21,Home,Air Purifier,225,2,450,West Malaysia,Melaka,TNG eWallet
ORD16661,2025-11-13,Fashion,Sneakers,88,4,352,West Malaysia,Kuala Lumpur,Credit Card
ORD16662,2025-12-19,Electronics,Smartphone,1995,1,1995,West Malaysia,Johor,Credit Card
ORD16663,2025-01-27,Electronics,Smartphone,2385,3,7155,West Malaysia,Penang,GrabPay
ORD16664,2025-07-21,Fashion,Sunglasses,139,3,417,East Malaysia,Sarawak,FPX
ORD16665,2025-02-11,Fashion,Sunglasses,270,3,810,West Malaysia,Perak,GrabPay
ORD16666,2025-12-30,Electronics,Wireless Earbuds,1037,4,4148,West Malaysia,Kedah,FPX
ORD16667,2025-09-20,Electronics,Wireless Earbuds,3656,2,7312,East Malaysia,Sarawak,TNG eWallet
ORD16668,2025-01-28,Fashion,Sneakers,71,2,142,West Malaysia,Kuala Lumpur,FPX
ORD16669,2025-10-03,Home,Desk Lamp,796,4,3184,West Malaysia,Kuala Lumpur,TNG eWallet
ORD16670,2025-06-23,Home,Air Purifier,346,2,692,East Malaysia,Sarawak,FPX
ORD16671,2025-12-11,Home,Coffee Maker,571,3,1713,East Malaysia,Sarawak,Credit Card
ORD16672,2025-03-01,Home,Air Purifier,764,3,2292,East Malaysia,Sarawak,TNG eWallet
ORD16673,2025-06-01,Fashion,T-Shirt,151,4,604,West Malaysia,Johor,TNG eWallet
ORD16674,2025-04-18,Electronics,Wireless Earbuds,3746,4,14984,West Malaysia,Penang,GrabPay
ORD16675,2025-09-14,Electronics,Smartphone,4445,2,8890,East Malaysia,Sarawak,TNG eWallet
ORD16676,2025-01-05,Home,Desk Lamp,725,3,2175,East Malaysia,Sarawak,TNG eWallet
ORD16677,2025-10-11,Fashion,Sneakers,82,3,246,West Malaysia,Melaka,Credit Card
ORD16678,2025-08-25,Home,Air Purifier,487,3,1461,East Malaysia,Sarawak,GrabPay
ORD16679,2025-12-26,Home,Office Chair,418,3,1254,West Malaysia,Melaka,TNG eWallet
ORD16680,2025-02-20,Electronics,Wireless Earbuds,4000,3,12000,West Malaysia,Kedah,FPX
ORD16681,2025-11-18,Fashion,Backpack,199,2,398,East Malaysia,Sarawak,Credit Card
ORD16682,2025-10-14,Electronics,Smartphone,1373,1,1373,West Malaysia,Perak,FPX
ORD16683,2025-10-29,Electronics,Smartwatch,3930,2,7860,West Malaysia,Melaka,Credit Card
ORD16684,2025-01-05,Electronics,Smartwatch,954,3,2862,West Malaysia,Kuala Lumpur,GrabPay
ORD16685,2025-10-19,Home,Coffee Maker,521,2,1042,West Malaysia,Melaka,FPX
ORD16686,2025-08-05,Electronics,Wireless Earbuds,2975,3,8925,East Malaysia,Sabah,FPX
ORD16687,2025-03-31,Home,Desk Lamp,170,3,510,West Malaysia,Kuala Lumpur,FPX
ORD16688,2025-05-04,Home,Coffee Maker,648,2,1296,West Malaysia,Selangor,GrabPay
ORD16689,2025-08-18,Home,Coffee Maker,654,2,1308,West Malaysia,Kuala Lumpur,TNG eWallet
ORD16690,2025-02-07,Electronics,Smartphone,2218,4,8872,West Malaysia,Johor,FPX
ORD16691,2025-05-03,Electronics,Smartphone,1904,1,1904,East Malaysia,Sarawak,Credit Card
ORD16692,2025-08-26,Home,Office Chair,773,2,1546,West Malaysia,Melaka,FPX
ORD16693,2025-03-03,Fashion,Sunglasses,160,2,320,West Malaysia,Penang,TNG eWallet
ORD16694,2025-04-27,Home,Air Purifier,661,3,1983,East Malaysia,Sabah,GrabPay
ORD16695,2025-04-06,Home,Desk Lamp,695,4,2780,East Malaysia,Sarawak,GrabPay
ORD16696,2025-06-14,Electronics,Wireless Earbuds,3304,4,13216,East Malaysia,Sabah,FPX
ORD16697,2025-11-28,Home,Office Chair,786,4,3144,West Malaysia,Pahang,Credit Card
ORD16698,2025-12-30,Electronics,Smartwatch,2733,4,10932,West Malaysia,Perak,FPX
ORD16699,2025-02-01,Home,Desk Lamp,792,4,3168,West Malaysia,Melaka,TNG eWallet
ORD16700,2025-04-09,Electronics,Smartwatch,523,2,1046,East Malaysia,Sarawak,GrabPay
ORD16701,2025-08-25,Home,Office Chair,135,1,135,East Malaysia,Sabah,TNG eWallet
ORD16702,2025-04-11,Electronics,Wireless Earbuds,3455,2,6910,East Malaysia,Sabah,TNG eWallet
ORD16703,2025-05-30,Home,Office Chair,297,4,1188,West Malaysia,Kedah,FPX
ORD16704,2025-03-15,Electronics,Laptop,3335,2,6670,East Malaysia,Sabah,FPX
ORD16705,2025-06-19,Home,Office Chair,272,2,544,East Malaysia,Sarawak,Credit Card
ORD16706,2025-01-14,Home,Desk Lamp,412,3,1236,West Malaysia,Kedah,FPX
ORD16707,2025-03-20,Electronics,Laptop,2316,3,6948,East Malaysia,Sabah,Credit Card
ORD16708,2025-11-13,Electronics,Wireless Earbuds,1195,4,4780,East Malaysia,Sarawak,FPX
ORD16709,2025-11-13,Electronics,Wireless Earbuds,4448,1,4448,East Malaysia,Sabah,FPX
ORD16710,2025-12-02,Fashion,Backpack,280,4,1120,West Malaysia,Selangor,Credit Card
ORD16711,2025-03-26,Electronics,Smartwatch,1284,4,5136,East Malaysia,Sabah,FPX
ORD16712,2025-03-13,Electronics,Laptop,1348,2,2696,West Malaysia,Selangor,TNG eWallet
ORD16713,2025-01-10,Electronics,Smartphone,3427,3,10281,West Malaysia,Johor,GrabPay
ORD16714,2025-08-08,Electronics,Smartphone,1996,1,1996,West Malaysia,Melaka,GrabPay
ORD16715,2025-07-16,Fashion,Backpack,289,4,1156,West Malaysia,Penang,FPX
ORD16716,2025-08-06,Fashion,Sneakers,301,1,301,East Malaysia,Sabah,FPX
ORD16717,2025-04-04,Fashion,T-Shirt,155,1,155,West Malaysia,Melaka,Credit Card
ORD16718,2025-10-27,Home,Office Chair,287,4,1148,East Malaysia,Sarawak,Credit Card
ORD16719,2025-08-27,Electronics,Smartphone,1158,1,1158,East Malaysia,Sabah,Credit Card
ORD16720,2025-07-20,Electronics,Smartwatch,2035,1,2035,East Malaysia,Sabah,FPX
ORD16721,2025-11-17,Electronics,Smartphone,4075,4,16300,West Malaysia,Selangor,GrabPay
ORD16722,2025-05-21,Electronics,Laptop,2452,4,9808,East Malaysia,Sabah,GrabPay
ORD16723,2025-10-19,Fashion,T-Shirt,218,4,872,West Malaysia,Melaka,GrabPay
ORD16724,2025-12-02,Electronics,Wireless Earbuds,3869,3,11607,West Malaysia,Johor,GrabPay
ORD16725,2025-04-27,Electronics,Wireless Earbuds,1708,4,6832,East Malaysia,Sabah,FPX
ORD16726,2025-02-08,Fashion,T-Shirt,186,4,744,East Malaysia,Sarawak,GrabPay
ORD16727,2025-08-07,Electronics,Wireless Earbuds,4490,2,8980,East Malaysia,Sabah,TNG eWallet
ORD16728,2025-05-10,Home,Air Purifier,781,2,1562,East Malaysia,Sarawak,Credit Card
ORD16729,2025-02-07,Electronics,Laptop,1106,3,3318,West Malaysia,Pahang,Credit Card
ORD16730,2025-04-04,Electronics,Smartwatch,3714,2,7428,East Malaysia,Sarawak,FPX
ORD16731,2025-07-22,Fashion,Backpack,391,2,782,West Malaysia,Pahang,TNG eWallet
ORD16732,2025-06-22,Electronics,Laptop,4213,1,4213,East Malaysia,Sarawak,FPX
ORD16733,2025-05-21,Electronics,Smartphone,2562,3,7686,East Malaysia,Sarawak,Credit Card
ORD16734,2025-09-09,Electronics,Smartphone,3789,1,3789,East Malaysia,Sarawak,TNG eWallet
ORD16735,2025-05-01,Fashion,Backpack,257,3,771,East Malaysia,Sarawak,TNG eWallet
ORD16736,2025-07-05,Fashion,T-Shirt,106,1,106,East Malaysia,Sabah,TNG eWallet
ORD16737,2025-04-03,Fashion,Sunglasses,215,3,645,West Malaysia,Melaka,GrabPay
ORD16738,2025-03-30,Electronics,Smartphone,1308,3,3924,East Malaysia,Sarawak,Credit Card
ORD16739,2025-05-14,Home,Desk Lamp,779,4,3116,East Malaysia,Sabah,Credit Card
ORD16740,2025-08-25,Home,Air Purifier,293,2,586,East Malaysia,Sarawak,FPX
ORD16741,2025-04-06,Electronics,Laptop,1496,2,2992,West Malaysia,Johor,TNG eWallet
ORD16742,2025-09-15,Home,Office Chair,354,3,1062,East Malaysia,Sabah,Credit Card
ORD16743,2025-02-24,Fashion,Sunglasses,389,3,1167,West Malaysia,Perak,FPX
ORD16744,2025-04-05,Home,Desk Lamp,596,2,1192,West Malaysia,Penang,FPX
ORD16745,2025-01-22,Electronics,Smartwatch,3287,1,3287,West Malaysia,Pahang,Credit Card
ORD16746,2025-05-15,Fashion,Sneakers,389,4,1556,West Malaysia,Melaka,Credit Card
ORD16747,2025-08-16,Home,Office Chair,687,1,687,West Malaysia,Penang,TNG eWallet
ORD16748,2025-01-05,Home,Office Chair,644,4,2576,East Malaysia,Sarawak,FPX
ORD16749,2025-04-02,Electronics,Smartwatch,1581,4,6324,West Malaysia,Selangor,TNG eWallet
ORD16750,2025-09-07,Home,Coffee Maker,169,3,507,West Malaysia,Johor,TNG eWallet
ORD16751,2025-06-17,Electronics,Wireless Earbuds,2757,1,2757,West Malaysia,Pahang,TNG eWallet
ORD16752,2025-09-13,Home,Desk Lamp,331,2,662,East Malaysia,Sarawak,TNG eWallet
ORD16753,2025-06-15,Fashion,Backpack,142,4,568,East Malaysia,Sarawak,FPX
ORD16754,2025-01-20,Fashion,Sneakers,129,1,129,East Malaysia,Sarawak,Credit Card
ORD16755,2025-11-18,Home,Air Purifier,464,4,1856,East Malaysia,Sarawak,Credit Card
ORD16756,2025-03-12,Electronics,Laptop,4313,2,8626,West Malaysia,Selangor,GrabPay
ORD16757,2025-02-18,Fashion,T-Shirt,166,1,166,East Malaysia,Sabah,FPX
ORD16758,2025-11-10,Fashion,T-Shirt,398,4,1592,East Malaysia,Sabah,TNG eWallet
ORD16759,2025-04-13,Electronics,Wireless Earbuds,860,3,2580,West Malaysia,Perak,GrabPay
ORD16760,2025-10-03,Home,Desk Lamp,394,2,788,West Malaysia,Kuala Lumpur,Credit Card
ORD16761,2025-12-14,Electronics,Wireless Earbuds,2438,3,7314,West Malaysia,Perak,TNG eWallet
ORD16762,2025-09-22,Electronics,Smartphone,793,1,793,East Malaysia,Sarawak,GrabPay
ORD16763,2025-04-28,Fashion,T-Shirt,118,2,236,West Malaysia,Kuala Lumpur,GrabPay
ORD16764,2025-08-08,Electronics,Smartphone,3978,4,15912,East Malaysia,Sabah,TNG eWallet
ORD16765,2025-12-17,Electronics,Smartphone,3448,2,6896,West Malaysia,Perak,TNG eWallet
ORD16766,2025-06-22,Fashion,Sneakers,245,1,245,East Malaysia,Sarawak,FPX
ORD16767,2025-02-08,Home,Desk Lamp,173,2,346,East Malaysia,Sarawak,Credit Card
ORD16768,2025-03-24,Home,Coffee Maker,588,4,2352,West Malaysia,Pahang,GrabPay
ORD16769,2025-10-27,Electronics,Smartwatch,3878,2,7756,East Malaysia,Sabah,Credit Card
ORD16770,2025-11-27,Electronics,Laptop,1899,2,3798,West Malaysia,Melaka,Credit Card
ORD16771,2025-10-15,Home,Coffee Maker,593,1,593,East Malaysia,Sarawak,GrabPay
ORD16772,2025-09-22,Fashion,Sunglasses,204,3,612,East Malaysia,Sabah,TNG eWallet
ORD16773,2025-02-25,Fashion,Sneakers,238,3,714,West Malaysia,Selangor,FPX
ORD16774,2025-11-12,Home,Coffee Maker,711,1,711,West Malaysia,Pahang,Credit Card
ORD16775,2025-10-22,Home,Desk Lamp,534,1,534,East Malaysia,Sabah,TNG eWallet
ORD16776,2025-12-06,Electronics,Smartwatch,2250,1,2250,West Malaysia,Kedah,TNG eWallet
ORD16777,2025-04-11,Home,Office Chair,382,1,382,East Malaysia,Sabah,GrabPay
ORD16778,2025-08-18,Electronics,Smartwatch,2659,4,10636,East Malaysia,Sarawak,GrabPay
ORD16779,2025-10-06,Electronics,Smartwatch,4294,2,8588,West Malaysia,Johor,Credit Card
ORD16780,2025-05-19,Electronics,Laptop,2110,1,2110,West Malaysia,Pahang,Credit Card
ORD16781,2025-04-05,Home,Desk Lamp,795,1,795,East Malaysia,Sabah,TNG eWallet
ORD16782,2025-01-15,Electronics,Laptop,1599,4,6396,West Malaysia,Kuala Lumpur,GrabPay
ORD16783,2025-07-03,Fashion,Sneakers,67,1,67,West Malaysia,Melaka,Credit Card
ORD16784,2025-06-01,Home,Office Chair,376,3,1128,West Malaysia,Pahang,FPX
ORD16785,2025-04-08,Electronics,Laptop,4331,3,12993,West Malaysia,Kuala Lumpur,FPX
ORD16786,2025-07-24,Fashion,Sunglasses,219,4,876,West Malaysia,Melaka,GrabPay
ORD16787,2025-07-08,Fashion,Sunglasses,344,3,1032,East Malaysia,Sarawak,Credit Card
ORD16788,2025-02-13,Electronics,Smartphone,1796,2,3592,West Malaysia,Kuala Lumpur,GrabPay
ORD16789,2025-07-20,Electronics,Smartphone,2935,4,11740,East Malaysia,Sarawak,FPX
ORD16790,2025-05-08,Electronics,Laptop,2979,3,8937,East Malaysia,Sabah,TNG eWallet
ORD16791,2025-05-25,Fashion,Backpack,135,2,270,West Malaysia,Johor,FPX
ORD16792,2025-11-29,Home,Air Purifier,129,1,129,West Malaysia,Kedah,Credit Card
ORD16793,2025-01-10,Electronics,Smartphone,444,4,1776,East Malaysia,Sarawak,FPX
ORD16794,2025-01-26,Electronics,Smartphone,4019,2,8038,East Malaysia,Sabah,TNG eWallet
ORD16795,2025-07-10,Electronics,Smartphone,1598,2,3196,West Malaysia,Perak,FPX
ORD16796,2025-11-09,Home,Desk Lamp,232,4,928,East Malaysia,Sabah,GrabPay
ORD16797,2025-05-22,Fashion,Sneakers,71,1,71,East Malaysia,Sabah,TNG eWallet
ORD16798,2025-04-02,Electronics,Smartphone,2178,4,8712,West Malaysia,Pahang,TNG eWallet
ORD16799,2025-05-26,Home,Office Chair,132,1,132,East Malaysia,Sabah,GrabPay
ORD16800,2025-07-13,Electronics,Wireless Earbuds,2169,3,6507,West Malaysia,Perak,GrabPay
ORD16801,2025-05-27,Home,Coffee Maker,573,2,1146,West Malaysia,Kuala Lumpur,Credit Card
ORD16802,2025-01-26,Fashion,Sneakers,57,3,171,East Malaysia,Sabah,GrabPay
ORD16803,2025-02-14,Fashion,Sneakers,259,3,777,East Malaysia,Sabah,GrabPay
ORD16804,2025-03-04,Electronics,Smartwatch,4470,2,8940,East Malaysia,Sarawak,FPX
ORD16805,2025-09-29,Home,Air Purifier,583,1,583,West Malaysia,Johor,Credit Card
ORD16806,2025-11-19,Home,Desk Lamp,365,2,730,East Malaysia,Sarawak,TNG eWallet
ORD16807,2025-03-21,Electronics,Smartphone,3603,3,10809,West Malaysia,Kuala Lumpur,TNG eWallet
ORD16808,2025-07-11,Electronics,Laptop,3634,1,3634,West Malaysia,Kedah,FPX
ORD16809,2025-01-09,Electronics,Laptop,4456,2,8912,East Malaysia,Sabah,FPX
ORD16810,2025-07-20,Home,Coffee Maker,790,4,3160,West Malaysia,Kuala Lumpur,FPX
ORD16811,2025-03-24,Fashion,T-Shirt,298,2,596,East Malaysia,Sabah,Credit Card
ORD16812,2025-08-10,Fashion,Sunglasses,365,4,1460,West Malaysia,Kuala Lumpur,Credit Card
ORD16813,2025-09-11,Electronics,Laptop,491,2,982,East Malaysia,Sabah,TNG eWallet
ORD16814,2025-04-01,Fashion,Backpack,103,3,309,East Malaysia,Sabah,Credit Card
ORD16815,2025-11-19,Fashion,T-Shirt,180,3,540,East Malaysia,Sarawak,Credit Card
ORD16816,2025-08-23,Electronics,Wireless Earbuds,3500,2,7000,East Malaysia,Sabah,GrabPay
ORD16817,2025-06-27,Electronics,Smartphone,3770,2,7540,East Malaysia,Sarawak,FPX
ORD16818,2025-07-18,Home,Desk Lamp,474,3,1422,West Malaysia,Selangor,FPX
ORD16819,2025-07-10,Electronics,Smartphone,2220,3,6660,West Malaysia,Penang,TNG eWallet
ORD16820,2025-09-15,Home,Coffee Maker,518,3,1554,East Malaysia,Sarawak,GrabPay
ORD16821,2025-02-27,Electronics,Smartphone,695,1,695,East Malaysia,Sabah,Credit Card
ORD16822,2025-10-31,Electronics,Laptop,4399,4,17596,East Malaysia,Sabah,TNG eWallet
ORD16823,2025-04-06,Fashion,Sunglasses,252,4,1008,West Malaysia,Kedah,TNG eWallet
ORD16824,2025-09-07,Electronics,Wireless Earbuds,3878,3,11634,East Malaysia,Sabah,GrabPay
ORD16825,2025-08-17,Electronics,Laptop,563,3,1689,West Malaysia,Pahang,GrabPay
ORD16826,2025-09-23,Electronics,Smartwatch,3165,2,6330,East Malaysia,Sabah,Credit Card
ORD16827,2025-05-07,Electronics,Wireless Earbuds,3790,4,15160,West Malaysia,Kedah,GrabPay
ORD16828,2025-06-16,Electronics,Wireless Earbuds,4434,1,4434,East Malaysia,Sarawak,TNG eWallet
ORD16829,2025-03-12,Fashion,Backpack,91,2,182,East Malaysia,Sabah,FPX
ORD16830,2025-09-16,Home,Desk Lamp,709,1,709,East Malaysia,Sabah,GrabPay
ORD16831,2025-06-17,Home,Office Chair,238,2,476,West Malaysia,Kuala Lumpur,Credit Card
ORD16832,2025-03-30,Home,Air Purifier,443,4,1772,East Malaysia,Sarawak,TNG eWallet
ORD16833,2025-10-03,Home,Desk Lamp,380,4,1520,West Malaysia,Penang,FPX
ORD16834,2025-02-10,Home,Air Purifier,150,4,600,East Malaysia,Sabah,GrabPay
ORD16835,2025-06-26,Electronics,Wireless Earbuds,3984,4,15936,West Malaysia,Kuala Lumpur,GrabPay
ORD16836,2025-06-12,Electronics,Smartwatch,2922,4,11688,West Malaysia,Selangor,FPX
ORD16837,2025-04-13,Electronics,Laptop,2273,3,6819,West Malaysia,Melaka,Credit Card
ORD16838,2025-06-17,Fashion,Sunglasses,310,1,310,West Malaysia,Melaka,TNG eWallet
ORD16839,2025-10-19,Home,Coffee Maker,470,3,1410,West Malaysia,Johor,Credit Card
ORD16840,2025-12-06,Electronics,Laptop,1892,4,7568,East Malaysia,Sabah,GrabPay
ORD16841,2025-05-16,Electronics,Laptop,2072,1,2072,West Malaysia,Johor,FPX
ORD16842,2025-04-19,Home,Office Chair,606,1,606,East Malaysia,Sarawak,GrabPay
ORD16843,2025-11-10,Home,Air Purifier,382,3,1146,West Malaysia,Pahang,TNG eWallet
ORD16844,2025-06-08,Fashion,T-Shirt,367,1,367,West Malaysia,Melaka,FPX
ORD16845,2025-11-08,Home,Office Chair,286,1,286,West Malaysia,Johor,TNG eWallet
ORD16846,2025-12-16,Electronics,Laptop,1583,1,1583,East Malaysia,Sabah,TNG eWallet
ORD16847,2025-09-12,Electronics,Wireless Earbuds,3864,3,11592,East Malaysia,Sabah,Credit Card
ORD16848,2025-10-09,Home,Coffee Maker,635,4,2540,West Malaysia,Penang,FPX
ORD16849,2025-03-19,Electronics,Laptop,2636,4,10544,West Malaysia,Kuala Lumpur,GrabPay
ORD16850,2025-12-25,Home,Air Purifier,518,1,518,East Malaysia,Sarawak,GrabPay
ORD16851,2025-08-16,Home,Desk Lamp,664,2,1328,West Malaysia,Melaka,Credit Card
ORD16852,2025-04-13,Electronics,Wireless Earbuds,4159,2,8318,West Malaysia,Johor,Credit Card
ORD16853,2025-09-01,Fashion,Sneakers,60,3,180,East Malaysia,Sabah,TNG eWallet
ORD16854,2025-09-14,Fashion,Sunglasses,50,3,150,East Malaysia,Sarawak,FPX
ORD16855,2025-12-29,Fashion,T-Shirt,376,2,752,East Malaysia,Sarawak,Credit Card
ORD16856,2025-04-12,Electronics,Wireless Earbuds,1740,3,5220,West Malaysia,Selangor,TNG eWallet
ORD16857,2025-05-02,Fashion,Sunglasses,141,2,282,East Malaysia,Sabah,Credit Card
ORD16858,2025-05-07,Electronics,Smartwatch,394,3,1182,East Malaysia,Sabah,GrabPay
ORD16859,2025-04-13,Electronics,Smartwatch,4253,3,12759,East Malaysia,Sabah,GrabPay
ORD16860,2025-04-29,Electronics,Wireless Earbuds,1205,1,1205,West Malaysia,Kedah,FPX
ORD16861,2025-09-30,Home,Air Purifier,162,4,648,East Malaysia,Sabah,Credit Card
ORD16862,2025-02-28,Home,Desk Lamp,213,1,213,East Malaysia,Sabah,TNG eWallet
ORD16863,2025-01-02,Fashion,Backpack,78,2,156,East Malaysia,Sabah,Credit Card
ORD16864,2025-05-05,Home,Coffee Maker,550,3,1650,West Malaysia,Kuala Lumpur,GrabPay
ORD16865,2025-04-15,Electronics,Smartphone,504,1,504,West Malaysia,Penang,TNG eWallet
ORD16866,2025-11-01,Fashion,Sneakers,305,1,305,East Malaysia,Sabah,FPX
ORD16867,2025-03-10,Fashion,T-Shirt,160,2,320,East Malaysia,Sarawak,Credit Card
ORD16868,2025-04-21,Fashion,Backpack,283,3,849,East Malaysia,Sarawak,FPX
ORD16869,2025-01-11,Home,Desk Lamp,645,3,1935,West Malaysia,Johor,FPX
ORD16870,2025-02-12,Home,Desk Lamp,496,4,1984,West Malaysia,Perak,GrabPay
ORD16871,2025-03-29,Fashion,T-Shirt,285,2,570,East Malaysia,Sabah,GrabPay
ORD16872,2025-11-03,Fashion,Sneakers,72,2,144,West Malaysia,Pahang,FPX
ORD16873,2025-10-11,Electronics,Wireless Earbuds,4106,1,4106,West Malaysia,Kedah,TNG eWallet
ORD16874,2025-01-23,Home,Office Chair,291,3,873,West Malaysia,Pahang,FPX
ORD16875,2025-07-27,Electronics,Laptop,4403,4,17612,West Malaysia,Perak,Credit Card
ORD16876,2025-05-29,Home,Coffee Maker,417,3,1251,East Malaysia,Sarawak,Credit Card
ORD16877,2025-12-25,Home,Air Purifier,395,3,1185,West Malaysia,Perak,Credit Card
ORD16878,2025-08-01,Fashion,T-Shirt,157,4,628,East Malaysia,Sarawak,GrabPay
ORD16879,2025-11-06,Fashion,T-Shirt,82,4,328,East Malaysia,Sabah,GrabPay
ORD16880,2025-05-18,Fashion,Sneakers,102,2,204,East Malaysia,Sarawak,GrabPay
ORD16881,2025-10-01,Home,Coffee Maker,655,2,1310,East Malaysia,Sabah,GrabPay
ORD16882,2025-12-05,Home,Office Chair,294,3,882,West Malaysia,Selangor,Credit Card
ORD16883,2025-04-16,Home,Desk Lamp,302,3,906,East Malaysia,Sabah,GrabPay
ORD16884,2025-09-17,Electronics,Wireless Earbuds,3258,1,3258,West Malaysia,Selangor,GrabPay
ORD16885,2025-09-06,Home,Air Purifier,771,3,2313,West Malaysia,Kedah,Credit Card
ORD16886,2025-12-07,Fashion,Backpack,352,4,1408,West Malaysia,Kedah,FPX
ORD16887,2025-07-22,Home,Office Chair,450,4,1800,West Malaysia,Penang,TNG eWallet
ORD16888,2025-03-21,Home,Coffee Maker,341,4,1364,West Malaysia,Johor,GrabPay
ORD16889,2025-03-29,Home,Desk Lamp,184,3,552,East Malaysia,Sarawak,Credit Card
ORD16890,2025-05-11,Home,Air Purifier,787,3,2361,West Malaysia,Selangor,Credit Card
ORD16891,2025-02-22,Fashion,Backpack,109,2,218,West Malaysia,Pahang,FPX
ORD16892,2025-10-26,Home,Desk Lamp,608,1,608,West Malaysia,Melaka,GrabPay
ORD16893,2025-04-07,Home,Air Purifier,103,2,206,West Malaysia,Pahang,GrabPay
ORD16894,2025-11-20,Home,Coffee Maker,135,3,405,West Malaysia,Selangor,Credit Card
ORD16895,2025-12-27,Home,Coffee Maker,454,1,454,West Malaysia,Kedah,Credit Card
ORD16896,2025-11-01,Fashion,Backpack,393,4,1572,East Malaysia,Sarawak,TNG eWallet
ORD16897,2025-03-13,Fashion,Sunglasses,357,4,1428,East Malaysia,Sarawak,Credit Card
ORD16898,2025-11-03,Home,Coffee Maker,550,4,2200,West Malaysia,Selangor,GrabPay
ORD16899,2025-12-14,Fashion,Sneakers,381,2,762,East Malaysia,Sarawak,GrabPay
ORD16900,2025-04-06,Home,Desk Lamp,237,2,474,East Malaysia,Sabah,GrabPay
ORD16901,2025-02-03,Home,Desk Lamp,609,2,1218,East Malaysia,Sabah,GrabPay
ORD16902,2025-05-16,Electronics,Laptop,3983,1,3983,East Malaysia,Sabah,Credit Card
ORD16903,2025-12-31,Fashion,T-Shirt,346,4,1384,East Malaysia,Sabah,GrabPay
ORD16904,2025-07-03,Home,Desk Lamp,758,2,1516,West Malaysia,Kuala Lumpur,FPX
ORD16905,2025-08-12,Electronics,Wireless Earbuds,547,1,547,West Malaysia,Johor,Credit Card
ORD16906,2025-04-26,Fashion,Sunglasses,96,3,288,East Malaysia,Sabah,GrabPay
ORD16907,2025-11-22,Fashion,Sneakers,351,2,702,East Malaysia,Sarawak,Credit Card
ORD16908,2025-09-11,Home,Air Purifier,633,2,1266,West Malaysia,Melaka,GrabPay
ORD16909,2025-05-05,Fashion,Sunglasses,67,2,134,East Malaysia,Sarawak,TNG eWallet
ORD16910,2025-06-30,Home,Air Purifier,513,4,2052,East Malaysia,Sabah,GrabPay
ORD16911,2025-06-09,Fashion,Sunglasses,73,1,73,West Malaysia,Melaka,TNG eWallet
ORD16912,2025-02-27,Fashion,Backpack,96,3,288,East Malaysia,Sabah,Credit Card
ORD16913,2025-12-24,Electronics,Smartphone,4236,3,12708,West Malaysia,Penang,FPX
ORD16914,2025-10-24,Home,Coffee Maker,757,2,1514,West Malaysia,Johor,Credit Card
ORD16915,2025-10-29,Home,Office Chair,436,2,872,West Malaysia,Melaka,TNG eWallet
ORD16916,2025-03-19,Home,Office Chair,353,2,706,East Malaysia,Sabah,GrabPay
ORD16917,2025-10-06,Home,Air Purifier,385,4,1540,East Malaysia,Sarawak,GrabPay
ORD16918,2025-11-10,Electronics,Wireless Earbuds,1600,2,3200,East Malaysia,Sabah,TNG eWallet
ORD16919,2025-03-28,Electronics,Wireless Earbuds,3547,3,10641,East Malaysia,Sabah,TNG eWallet
ORD16920,2025-02-28,Electronics,Smartphone,3606,3,10818,West Malaysia,Melaka,TNG eWallet
ORD16921,2025-12-29,Fashion,Backpack,150,3,450,West Malaysia,Selangor,Credit Card
ORD16922,2025-03-29,Electronics,Wireless Earbuds,2924,4,11696,East Malaysia,Sarawak,Credit Card
ORD16923,2025-04-26,Fashion,Sunglasses,219,1,219,West Malaysia,Perak,FPX
ORD16924,2025-04-07,Home,Air Purifier,565,2,1130,East Malaysia,Sarawak,Credit Card
ORD16925,2025-08-09,Fashion,Sunglasses,310,2,620,West Malaysia,Penang,TNG eWallet
ORD16926,2025-08-24,Fashion,T-Shirt,263,1,263,West Malaysia,Perak,FPX
ORD16927,2025-08-06,Electronics,Laptop,3433,4,13732,West Malaysia,Kuala Lumpur,TNG eWallet
ORD16928,2025-04-18,Fashion,Sunglasses,139,1,139,West Malaysia,Kedah,FPX
ORD16929,2025-02-28,Fashion,Sunglasses,74,4,296,East Malaysia,Sarawak,TNG eWallet
ORD16930,2026-01-01,Fashion,Backpack,390,4,1560,East Malaysia,Sabah,TNG eWallet
ORD16931,2025-03-28,Fashion,Backpack,240,4,960,East Malaysia,Sarawak,FPX
ORD16932,2025-04-12,Fashion,Sneakers,382,1,382,West Malaysia,Kedah,Credit Card
ORD16933,2025-04-12,Electronics,Laptop,2911,4,11644,West Malaysia,Melaka,FPX
ORD16934,2025-01-07,Electronics,Wireless Earbuds,410,2,820,West Malaysia,Kedah,GrabPay
ORD16935,2025-02-02,Electronics,Smartphone,1725,3,5175,West Malaysia,Johor,FPX
ORD16936,2025-01-21,Fashion,Backpack,288,1,288,East Malaysia,Sarawak,TNG eWallet
ORD16937,2025-04-19,Fashion,Sneakers,176,2,352,East Malaysia,Sarawak,TNG eWallet
ORD16938,2025-11-11,Fashion,Backpack,349,1,349,East Malaysia,Sabah,GrabPay
ORD16939,2025-01-26,Fashion,T-Shirt,304,4,1216,East Malaysia,Sarawak,Credit Card
ORD16940,2025-10-27,Home,Coffee Maker,673,3,2019,East Malaysia,Sarawak,GrabPay
ORD16941,2025-10-10,Home,Office Chair,662,4,2648,West Malaysia,Selangor,GrabPay
ORD16942,2025-05-27,Fashion,Backpack,59,1,59,West Malaysia,Kuala Lumpur,FPX
ORD16943,2025-04-10,Electronics,Smartwatch,1240,3,3720,East Malaysia,Sabah,TNG eWallet
ORD16944,2025-04-26,Home,Office Chair,333,4,1332,East Malaysia,Sarawak,FPX
ORD16945,2025-09-19,Fashion,Backpack,105,2,210,West Malaysia,Kedah,FPX
ORD16946,2025-10-22,Electronics,Smartphone,390,1,390,East Malaysia,Sabah,FPX
ORD16947,2025-06-08,Fashion,Sneakers,156,4,624,West Malaysia,Johor,Credit Card
ORD16948,2025-06-24,Fashion,Sunglasses,80,2,160,West Malaysia,Kedah,Credit Card
ORD16949,2025-04-19,Electronics,Laptop,4015,2,8030,West Malaysia,Perak,TNG eWallet
ORD16950,2025-04-19,Electronics,Smartphone,1200,2,2400,East Malaysia,Sabah,Credit Card
ORD16951,2025-09-04,Fashion,Sneakers,297,2,594,West Malaysia,Kedah,TNG eWallet
ORD16952,2025-06-04,Fashion,T-Shirt,344,1,344,East Malaysia,Sarawak,TNG eWallet
ORD16953,2025-07-18,Electronics,Smartphone,888,1,888,West Malaysia,Pahang,FPX
ORD16954,2025-09-09,Fashion,Sneakers,399,3,1197,West Malaysia,Perak,FPX
ORD16955,2025-04-26,Fashion,Sneakers,305,4,1220,East Malaysia,Sarawak,GrabPay
ORD16956,2025-07-31,Electronics,Smartphone,1984,3,5952,West Malaysia,Selangor,Credit Card
ORD16957,2025-01-12,Electronics,Wireless Earbuds,347,1,347,West Malaysia,Kuala Lumpur,TNG eWallet
ORD16958,2025-12-22,Home,Desk Lamp,582,4,2328,East Malaysia,Sarawak,FPX
ORD16959,2025-04-05,Electronics,Smartphone,1883,1,1883,East Malaysia,Sarawak,Credit Card
ORD16960,2025-10-20,Home,Coffee Maker,611,4,2444,East Malaysia,Sarawak,Credit Card
ORD16961,2025-08-04,Electronics,Smartphone,780,1,780,West Malaysia,Penang,TNG eWallet
ORD16962,2025-09-22,Home,Air Purifier,264,1,264,East Malaysia,Sarawak,Credit Card
ORD16963,2025-10-08,Home,Office Chair,172,1,172,East Malaysia,Sabah,TNG eWallet
ORD16964,2025-12-04,Electronics,Smartwatch,4394,3,13182,West Malaysia,Penang,GrabPay
ORD16965,2025-06-30,Home,Desk Lamp,656,2,1312,West Malaysia,Selangor,Credit Card
ORD16966,2025-06-09,Fashion,T-Shirt,96,3,288,East Malaysia,Sabah,Credit Card
ORD16967,2025-07-10,Fashion,T-Shirt,115,1,115,East Malaysia,Sabah,GrabPay
ORD16968,2025-06-23,Fashion,Sneakers,104,3,312,East Malaysia,Sarawak,Credit Card
ORD16969,2025-09-01,Home,Office Chair,548,2,1096,East Malaysia,Sarawak,GrabPay
ORD16970,2025-06-14,Electronics,Smartwatch,3879,3,11637,West Malaysia,Penang,Credit Card
ORD16971,2025-03-13,Electronics,Laptop,2378,1,2378,West Malaysia,Melaka,Credit Card
ORD16972,2025-09-06,Electronics,Wireless Earbuds,2248,3,6744,West Malaysia,Johor,Credit Card
ORD16973,2025-04-25,Home,Office Chair,477,4,1908,West Malaysia,Johor,TNG eWallet
ORD16974,2025-06-30,Home,Desk Lamp,672,4,2688,West Malaysia,Melaka,Credit Card
ORD16975,2025-07-15,Home,Air Purifier,384,4,1536,East Malaysia,Sarawak,FPX
ORD16976,2025-03-17,Home,Coffee Maker,326,1,326,West Malaysia,Penang,Credit Card
ORD16977,2025-03-18,Electronics,Laptop,2095,2,4190,West Malaysia,Melaka,Credit Card
ORD16978,2025-12-21,Home,Office Chair,578,2,1156,East Malaysia,Sabah,FPX
ORD16979,2025-06-06,Fashion,Sneakers,194,1,194,East Malaysia,Sarawak,Credit Card
ORD16980,2025-03-18,Fashion,T-Shirt,383,3,1149,West Malaysia,Selangor,FPX
ORD16981,2025-11-10,Home,Air Purifier,417,4,1668,East Malaysia,Sarawak,FPX
ORD16982,2025-07-25,Home,Office Chair,730,3,2190,East Malaysia,Sabah,FPX
ORD16983,2025-03-10,Electronics,Smartphone,3692,3,11076,East Malaysia,Sarawak,Credit Card
ORD16984,2025-01-23,Home,Desk Lamp,444,2,888,West Malaysia,Pahang,GrabPay
ORD16985,2025-08-04,Fashion,Sneakers,396,3,1188,West Malaysia,Pahang,Credit Card
ORD16986,2025-12-02,Electronics,Laptop,461,4,1844,West Malaysia,Melaka,GrabPay
ORD16987,2025-05-16,Fashion,Sneakers,318,1,318,West Malaysia,Melaka,GrabPay
ORD16988,2025-01-20,Electronics,Smartwatch,1078,2,2156,East Malaysia,Sabah,Credit Card
ORD16989,2025-02-15,Home,Desk Lamp,152,4,608,East Malaysia,Sarawak,GrabPay
ORD16990,2025-12-09,Electronics,Smartphone,3902,4,15608,East Malaysia,Sabah,FPX
ORD16991,2025-11-05,Home,Coffee Maker,468,3,1404,West Malaysia,Perak,FPX
ORD16992,2025-07-16,Home,Coffee Maker,399,3,1197,East Malaysia,Sarawak,Credit Card
ORD16993,2025-08-30,Electronics,Smartwatch,1885,2,3770,East Malaysia,Sabah,FPX
ORD16994,2025-04-27,Electronics,Smartwatch,1729,4,6916,East Malaysia,Sabah,TNG eWallet
ORD16995,2025-11-21,Home,Office Chair,588,3,1764,West Malaysia,Penang,TNG eWallet
ORD16996,2025-07-04,Home,Office Chair,444,1,444,East Malaysia,Sarawak,GrabPay
ORD16997,2025-08-13,Electronics,Laptop,1021,2,2042,East Malaysia,Sabah,Credit Card
ORD16998,2025-08-07,Home,Desk Lamp,627,4,2508,West Malaysia,Perak,TNG eWallet
ORD16999,2025-11-04,Home,Coffee Maker,595,3,1785,West Malaysia,Kuala Lumpur,GrabPay
ORD17000,2025-08-24,Fashion,T-Shirt,195,3,585,East Malaysia,Sabah,FPX
ORD17001,2025-09-03,Home,Air Purifier,376,2,752,West Malaysia,Penang,FPX
ORD17002,2025-01-10,Home,Air Purifier,687,4,2748,West Malaysia,Johor,GrabPay
ORD17003,2025-12-30,Fashion,T-Shirt,394,2,788,West Malaysia,Perak,GrabPay
ORD17004,2025-02-23,Home,Desk Lamp,375,3,1125,East Malaysia,Sarawak,FPX
ORD17005,2025-10-23,Fashion,Sunglasses,349,4,1396,East Malaysia,Sarawak,FPX
ORD17006,2025-04-13,Fashion,Backpack,173,3,519,East Malaysia,Sarawak,FPX
ORD17007,2025-11-24,Fashion,T-Shirt,153,4,612,West Malaysia,Perak,TNG eWallet
ORD17008,2025-10-25,Electronics,Laptop,3864,2,7728,West Malaysia,Kedah,FPX
ORD17009,2025-02-01,Fashion,T-Shirt,375,1,375,West Malaysia,Selangor,GrabPay
ORD17010,2025-11-06,Electronics,Smartphone,945,2,1890,East Malaysia,Sarawak,GrabPay
ORD17011,2025-02-05,Electronics,Wireless Earbuds,2501,4,10004,East Malaysia,Sarawak,TNG eWallet
ORD17012,2025-10-11,Electronics,Wireless Earbuds,2479,4,9916,West Malaysia,Selangor,TNG eWallet
ORD17013,2025-09-10,Electronics,Wireless Earbuds,1578,2,3156,East Malaysia,Sabah,Credit Card
ORD17014,2025-11-30,Fashion,Sneakers,118,1,118,West Malaysia,Kuala Lumpur,GrabPay
ORD17015,2025-06-21,Fashion,Sneakers,267,4,1068,West Malaysia,Kuala Lumpur,TNG eWallet
ORD17016,2025-01-02,Fashion,Backpack,107,2,214,East Malaysia,Sarawak,FPX
ORD17017,2025-02-22,Home,Desk Lamp,251,2,502,West Malaysia,Pahang,FPX
ORD17018,2025-04-29,Electronics,Laptop,1609,3,4827,East Malaysia,Sarawak,Credit Card
ORD17019,2025-11-29,Fashion,Sneakers,106,3,318,East Malaysia,Sabah,FPX
ORD17020,2025-03-10,Electronics,Smartwatch,1814,4,7256,West Malaysia,Perak,FPX
ORD17021,2025-03-17,Electronics,Smartphone,3888,4,15552,West Malaysia,Melaka,TNG eWallet
ORD17022,2025-10-16,Electronics,Wireless Earbuds,4008,2,8016,West Malaysia,Kuala Lumpur,Credit Card
ORD17023,2025-08-23,Electronics,Smartphone,1839,1,1839,East Malaysia,Sarawak,FPX
ORD17024,2025-07-05,Electronics,Laptop,1201,1,1201,East Malaysia,Sabah,Credit Card
ORD17025,2025-10-03,Home,Coffee Maker,613,1,613,East Malaysia,Sarawak,Credit Card
ORD17026,2025-11-18,Electronics,Smartphone,1006,2,2012,West Malaysia,Melaka,GrabPay
ORD17027,2025-07-11,Fashion,T-Shirt,181,3,543,East Malaysia,Sarawak,FPX
ORD17028,2025-04-14,Home,Office Chair,247,1,247,West Malaysia,Selangor,TNG eWallet
ORD17029,2025-09-03,Electronics,Wireless Earbuds,3802,1,3802,West Malaysia,Pahang,GrabPay
ORD17030,2025-10-19,Home,Office Chair,591,4,2364,West Malaysia,Melaka,GrabPay
ORD17031,2025-01-24,Electronics,Wireless Earbuds,1432,1,1432,East Malaysia,Sabah,TNG eWallet
ORD17032,2025-10-25,Home,Desk Lamp,581,1,581,West Malaysia,Melaka,TNG eWallet
ORD17033,2025-08-07,Home,Office Chair,679,3,2037,East Malaysia,Sabah,Credit Card
ORD17034,2025-06-12,Fashion,Backpack,171,2,342,West Malaysia,Johor,Credit Card
ORD17035,2025-07-10,Fashion,Sneakers,55,4,220,East Malaysia,Sarawak,TNG eWallet
ORD17036,2025-01-07,Home,Desk Lamp,185,2,370,East Malaysia,Sabah,FPX
ORD17037,2025-01-26,Electronics,Smartphone,1054,2,2108,East Malaysia,Sabah,TNG eWallet
ORD17038,2025-07-26,Fashion,Backpack,111,2,222,West Malaysia,Johor,Credit Card
ORD17039,2025-02-14,Electronics,Smartphone,3636,1,3636,West Malaysia,Pahang,FPX
ORD17040,2025-12-04,Home,Air Purifier,340,1,340,West Malaysia,Melaka,FPX
ORD17041,2025-02-14,Home,Coffee Maker,198,2,396,West Malaysia,Selangor,GrabPay
ORD17042,2025-12-02,Home,Coffee Maker,408,3,1224,West Malaysia,Kuala Lumpur,FPX
ORD17043,2025-11-20,Fashion,Sneakers,332,2,664,East Malaysia,Sarawak,Credit Card
ORD17044,2025-05-11,Home,Air Purifier,467,3,1401,East Malaysia,Sarawak,TNG eWallet
ORD17045,2025-01-02,Electronics,Wireless Earbuds,1542,1,1542,East Malaysia,Sabah,Credit Card
ORD17046,2025-04-29,Electronics,Laptop,3374,4,13496,West Malaysia,Melaka,GrabPay
ORD17047,2025-09-19,Home,Coffee Maker,653,4,2612,East Malaysia,Sabah,GrabPay
ORD17048,2025-02-09,Fashion,T-Shirt,266,4,1064,East Malaysia,Sabah,FPX
ORD17049,2025-07-14,Home,Coffee Maker,526,3,1578,West Malaysia,Pahang,Credit Card
ORD17050,2025-05-31,Home,Coffee Maker,558,2,1116,West Malaysia,Kedah,GrabPay
ORD17051,2025-12-24,Home,Coffee Maker,623,4,2492,West Malaysia,Johor,FPX
ORD17052,2025-04-03,Fashion,Sunglasses,392,1,392,East Malaysia,Sabah,FPX
ORD17053,2025-07-23,Fashion,Backpack,136,4,544,West Malaysia,Perak,GrabPay
ORD17054,2025-08-03,Electronics,Wireless Earbuds,3545,2,7090,West Malaysia,Kedah,TNG eWallet
ORD17055,2025-04-12,Fashion,Sunglasses,184,2,368,East Malaysia,Sarawak,GrabPay
ORD17056,2025-07-31,Home,Air Purifier,327,2,654,West Malaysia,Johor,GrabPay
ORD17057,2025-01-09,Home,Office Chair,379,2,758,East Malaysia,Sabah,TNG eWallet
ORD17058,2025-08-05,Fashion,Sneakers,292,4,1168,West Malaysia,Kedah,TNG eWallet
ORD17059,2025-11-08,Fashion,Sneakers,235,4,940,West Malaysia,Pahang,FPX
ORD17060,2025-11-27,Electronics,Smartwatch,4062,4,16248,West Malaysia,Kuala Lumpur,TNG eWallet
ORD17061,2025-01-01,Fashion,Sneakers,96,3,288,West Malaysia,Kuala Lumpur,GrabPay
ORD17062,2025-01-18,Home,Coffee Maker,641,4,2564,East Malaysia,Sarawak,FPX
ORD17063,2025-02-02,Home,Desk Lamp,496,1,496,East Malaysia,Sarawak,TNG eWallet
ORD17064,2025-12-21,Electronics,Smartphone,1154,4,4616,West Malaysia,Kedah,Credit Card
ORD17065,2025-09-03,Fashion,Sneakers,90,2,180,East Malaysia,Sabah,TNG eWallet
ORD17066,2025-02-03,Fashion,Sunglasses,188,2,376,East Malaysia,Sarawak,TNG eWallet
ORD17067,2025-02-25,Fashion,Sneakers,213,4,852,East Malaysia,Sabah,Credit Card
ORD17068,2025-08-11,Home,Desk Lamp,752,1,752,East Malaysia,Sabah,Credit Card
ORD17069,2025-01-07,Home,Coffee Maker,523,3,1569,West Malaysia,Pahang,Credit Card
ORD17070,2025-09-19,Home,Coffee Maker,105,3,315,West Malaysia,Kuala Lumpur,GrabPay
ORD17071,2025-03-09,Home,Desk Lamp,711,3,2133,East Malaysia,Sarawak,TNG eWallet
ORD17072,2025-12-02,Home,Office Chair,391,3,1173,West Malaysia,Perak,TNG eWallet
ORD17073,2025-07-22,Home,Office Chair,203,4,812,West Malaysia,Johor,FPX
ORD17074,2025-02-21,Fashion,T-Shirt,129,3,387,East Malaysia,Sarawak,FPX
ORD17075,2025-12-21,Home,Office Chair,270,1,270,East Malaysia,Sarawak,Credit Card
ORD17076,2025-01-29,Electronics,Smartwatch,1334,3,4002,West Malaysia,Kedah,TNG eWallet
ORD17077,2025-10-31,Home,Office Chair,168,3,504,East Malaysia,Sabah,FPX
ORD17078,2025-05-01,Home,Desk Lamp,470,3,1410,West Malaysia,Melaka,TNG eWallet
ORD17079,2025-02-20,Electronics,Smartphone,351,3,1053,East Malaysia,Sabah,FPX
ORD17080,2025-04-08,Fashion,T-Shirt,281,4,1124,West Malaysia,Selangor,FPX
ORD17081,2025-07-05,Electronics,Smartphone,3546,1,3546,West Malaysia,Pahang,TNG eWallet
ORD17082,2025-11-02,Electronics,Smartwatch,3915,3,11745,West Malaysia,Kuala Lumpur,Credit Card
ORD17083,2025-07-20,Home,Office Chair,192,2,384,West Malaysia,Melaka,TNG eWallet
ORD17084,2025-10-18,Electronics,Wireless Earbuds,3001,4,12004,East Malaysia,Sabah,TNG eWallet
ORD17085,2025-04-26,Fashion,Sneakers,284,2,568,West Malaysia,Kedah,Credit Card
ORD17086,2025-05-05,Electronics,Laptop,2063,4,8252,East Malaysia,Sabah,Credit Card
ORD17087,2025-05-05,Fashion,T-Shirt,300,4,1200,West Malaysia,Penang,TNG eWallet
ORD17088,2025-11-09,Electronics,Wireless Earbuds,2402,2,4804,East Malaysia,Sabah,GrabPay
ORD17089,2025-09-18,Fashion,T-Shirt,131,2,262,West Malaysia,Pahang,TNG eWallet
ORD17090,2025-10-29,Electronics,Smartphone,1069,4,4276,East Malaysia,Sarawak,GrabPay
ORD17091,2025-03-29,Home,Office Chair,440,3,1320,West Malaysia,Melaka,TNG eWallet
ORD17092,2025-08-06,Home,Office Chair,308,3,924,East Malaysia,Sabah,GrabPay
ORD17093,2025-09-11,Fashion,Sunglasses,325,1,325,West Malaysia,Kuala Lumpur,Credit Card
ORD17094,2025-10-01,Fashion,Sneakers,156,1,156,East Malaysia,Sabah,TNG eWallet
ORD17095,2025-02-26,Electronics,Laptop,4414,2,8828,East Malaysia,Sarawak,GrabPay
ORD17096,2025-10-08,Fashion,Sunglasses,365,2,730,West Malaysia,Perak,Credit Card
ORD17097,2025-11-03,Electronics,Laptop,396,2,792,West Malaysia,Penang,FPX
ORD17098,2025-09-08,Fashion,Sneakers,374,4,1496,West Malaysia,Pahang,TNG eWallet
ORD17099,2025-04-26,Home,Desk Lamp,132,1,132,West Malaysia,Selangor,FPX
ORD17100,2025-08-09,Electronics,Wireless Earbuds,1120,1,1120,West Malaysia,Selangor,GrabPay
ORD17101,2025-02-13,Home,Desk Lamp,508,4,2032,East Malaysia,Sarawak,FPX
ORD17102,2025-09-23,Fashion,Sunglasses,188,4,752,East Malaysia,Sabah,TNG eWallet
ORD17103,2025-05-04,Home,Desk Lamp,340,1,340,West Malaysia,Selangor,FPX
ORD17104,2025-02-03,Fashion,Sneakers,216,4,864,East Malaysia,Sarawak,Credit Card
ORD17105,2025-10-10,Electronics,Smartphone,2569,2,5138,West Malaysia,Penang,Credit Card
ORD17106,2025-01-26,Home,Coffee Maker,335,1,335,West Malaysia,Pahang,FPX
ORD17107,2025-02-26,Home,Office Chair,402,1,402,East Malaysia,Sabah,TNG eWallet
ORD17108,2025-02-06,Fashion,Sunglasses,303,1,303,East Malaysia,Sarawak,TNG eWallet
ORD17109,2025-07-30,Fashion,Sunglasses,101,3,303,West Malaysia,Selangor,Credit Card
ORD17110,2025-07-12,Home,Air Purifier,101,3,303,West Malaysia,Kuala Lumpur,TNG eWallet
ORD17111,2025-07-15,Home,Desk Lamp,641,3,1923,East Malaysia,Sarawak,FPX
ORD17112,2025-06-16,Electronics,Laptop,418,2,836,East Malaysia,Sarawak,TNG eWallet
ORD17113,2025-11-18,Home,Office Chair,243,1,243,West Malaysia,Johor,TNG eWallet
ORD17114,2025-07-17,Electronics,Smartwatch,1095,2,2190,West Malaysia,Kedah,FPX
ORD17115,2025-11-27,Fashion,T-Shirt,110,2,220,West Malaysia,Penang,GrabPay
ORD17116,2025-03-01,Electronics,Laptop,2210,1,2210,West Malaysia,Penang,Credit Card
ORD17117,2025-09-17,Fashion,Sneakers,143,1,143,West Malaysia,Kedah,GrabPay
ORD17118,2025-03-30,Electronics,Smartwatch,733,4,2932,West Malaysia,Pahang,TNG eWallet
ORD17119,2025-05-11,Fashion,T-Shirt,174,1,174,West Malaysia,Penang,Credit Card
ORD17120,2025-05-30,Home,Coffee Maker,752,2,1504,West Malaysia,Kuala Lumpur,FPX
ORD17121,2025-05-20,Fashion,Sneakers,157,3,471,East Malaysia,Sabah,Credit Card
ORD17122,2025-10-30,Fashion,T-Shirt,73,1,73,East Malaysia,Sabah,GrabPay
ORD17123,2025-12-22,Home,Coffee Maker,459,1,459,East Malaysia,Sabah,FPX
ORD17124,2025-07-27,Home,Office Chair,537,3,1611,East Malaysia,Sarawak,Credit Card
ORD17125,2025-05-11,Fashion,Sunglasses,66,1,66,West Malaysia,Penang,FPX
ORD17126,2025-03-05,Home,Desk Lamp,539,1,539,East Malaysia,Sabah,GrabPay
ORD17127,2025-01-01,Fashion,Sunglasses,316,1,316,East Malaysia,Sarawak,TNG eWallet
ORD17128,2025-05-22,Home,Office Chair,359,4,1436,East Malaysia,Sabah,TNG eWallet
ORD17129,2025-09-13,Home,Air Purifier,349,4,1396,East Malaysia,Sabah,TNG eWallet
ORD17130,2025-08-14,Electronics,Smartwatch,3922,4,15688,East Malaysia,Sarawak,GrabPay
ORD17131,2025-04-19,Electronics,Wireless Earbuds,2576,1,2576,East Malaysia,Sarawak,TNG eWallet
ORD17132,2025-04-16,Electronics,Smartwatch,3321,2,6642,West Malaysia,Selangor,GrabPay
ORD17133,2025-08-02,Home,Office Chair,687,2,1374,West Malaysia,Penang,TNG eWallet
ORD17134,2025-01-20,Electronics,Smartphone,3665,4,14660,East Malaysia,Sarawak,Credit Card
ORD17135,2025-04-04,Electronics,Smartphone,3234,2,6468,East Malaysia,Sarawak,Credit Card
ORD17136,2025-03-01,Home,Air Purifier,484,1,484,East Malaysia,Sabah,TNG eWallet
ORD17137,2025-12-31,Home,Office Chair,302,2,604,East Malaysia,Sarawak,TNG eWallet
ORD17138,2025-10-03,Electronics,Smartphone,4459,4,17836,East Malaysia,Sarawak,FPX
ORD17139,2025-10-29,Electronics,Wireless Earbuds,3516,4,14064,East Malaysia,Sarawak,FPX
ORD17140,2025-01-03,Fashion,Backpack,318,4,1272,East Malaysia,Sabah,Credit Card
ORD17141,2025-01-21,Electronics,Smartwatch,1845,4,7380,East Malaysia,Sarawak,Credit Card
ORD17142,2025-12-25,Electronics,Smartphone,2868,1,2868,West Malaysia,Johor,GrabPay
ORD17143,2025-02-18,Home,Coffee Maker,278,3,834,East Malaysia,Sarawak,GrabPay
ORD17144,2025-12-05,Fashion,Backpack,226,2,452,East Malaysia,Sarawak,TNG eWallet
ORD17145,2025-02-07,Electronics,Smartphone,3042,3,9126,West Malaysia,Perak,GrabPay
ORD17146,2025-07-06,Electronics,Smartphone,2380,1,2380,West Malaysia,Selangor,GrabPay
ORD17147,2025-10-13,Fashion,Sunglasses,359,1,359,West Malaysia,Johor,GrabPay
ORD17148,2025-06-29,Fashion,Backpack,84,2,168,East Malaysia,Sarawak,Credit Card
ORD17149,2025-02-22,Electronics,Smartwatch,2679,2,5358,East Malaysia,Sabah,FPX
ORD17150,2025-07-06,Home,Desk Lamp,477,2,954,West Malaysia,Kuala Lumpur,GrabPay
ORD17151,2025-08-15,Electronics,Smartphone,1391,2,2782,East Malaysia,Sarawak,TNG eWallet
ORD17152,2025-02-24,Home,Office Chair,264,4,1056,East Malaysia,Sabah,GrabPay
ORD17153,2025-05-18,Home,Desk Lamp,145,1,145,East Malaysia,Sabah,GrabPay
ORD17154,2025-08-11,Home,Office Chair,336,1,336,West Malaysia,Kuala Lumpur,FPX
ORD17155,2025-09-10,Home,Air Purifier,379,4,1516,West Malaysia,Perak,Credit Card
ORD17156,2025-09-23,Fashion,T-Shirt,142,2,284,East Malaysia,Sarawak,GrabPay
ORD17157,2025-10-02,Fashion,Sneakers,239,3,717,East Malaysia,Sabah,GrabPay
ORD17158,2025-07-15,Fashion,T-Shirt,281,4,1124,East Malaysia,Sabah,FPX
ORD17159,2025-06-22,Electronics,Laptop,3013,3,9039,West Malaysia,Kuala Lumpur,Credit Card
ORD17160,2025-04-10,Fashion,Sunglasses,234,3,702,West Malaysia,Kuala Lumpur,FPX
ORD17161,2025-04-05,Fashion,Backpack,220,1,220,West Malaysia,Johor,TNG eWallet
ORD17162,2025-09-15,Home,Office Chair,584,4,2336,West Malaysia,Kedah,FPX
ORD17163,2025-08-30,Fashion,Sneakers,65,2,130,West Malaysia,Kedah,GrabPay
ORD17164,2025-04-19,Fashion,T-Shirt,213,4,852,West Malaysia,Selangor,TNG eWallet
ORD17165,2025-10-26,Home,Office Chair,757,4,3028,West Malaysia,Melaka,TNG eWallet
ORD17166,2025-02-27,Electronics,Wireless Earbuds,1624,3,4872,West Malaysia,Pahang,GrabPay
ORD17167,2025-12-14,Electronics,Smartwatch,430,3,1290,West Malaysia,Pahang,TNG eWallet
ORD17168,2025-04-27,Home,Coffee Maker,350,2,700,East Malaysia,Sarawak,TNG eWallet
ORD17169,2025-02-10,Home,Coffee Maker,165,4,660,West Malaysia,Pahang,Credit Card
ORD17170,2025-11-14,Electronics,Smartwatch,822,4,3288,East Malaysia,Sabah,Credit Card
ORD17171,2025-08-01,Fashion,T-Shirt,299,3,897,West Malaysia,Pahang,GrabPay
ORD17172,2025-07-07,Home,Coffee Maker,361,3,1083,East Malaysia,Sabah,Credit Card
ORD17173,2025-02-25,Home,Office Chair,651,4,2604,East Malaysia,Sabah,TNG eWallet
ORD17174,2025-04-23,Fashion,Backpack,222,4,888,West Malaysia,Johor,FPX
ORD17175,2025-02-24,Fashion,Backpack,293,2,586,West Malaysia,Johor,TNG eWallet
ORD17176,2025-09-01,Fashion,Sneakers,349,2,698,West Malaysia,Melaka,Credit Card
ORD17177,2025-08-21,Home,Desk Lamp,372,3,1116,West Malaysia,Perak,Credit Card
ORD17178,2025-02-06,Electronics,Smartphone,4173,1,4173,West Malaysia,Selangor,Credit Card
ORD17179,2025-02-04,Home,Office Chair,177,3,531,West Malaysia,Kedah,FPX
ORD17180,2025-01-30,Home,Air Purifier,491,4,1964,West Malaysia,Melaka,FPX
ORD17181,2025-10-07,Electronics,Smartphone,1964,1,1964,West Malaysia,Penang,FPX
ORD17182,2025-11-06,Home,Coffee Maker,193,2,386,East Malaysia,Sabah,TNG eWallet
ORD17183,2025-03-13,Fashion,Sneakers,250,3,750,East Malaysia,Sarawak,FPX
ORD17184,2025-03-23,Home,Coffee Maker,208,4,832,West Malaysia,Johor,Credit Card
ORD17185,2025-11-09,Home,Desk Lamp,276,1,276,West Malaysia,Kedah,Credit Card
ORD17186,2025-05-02,Electronics,Smartphone,548,1,548,East Malaysia,Sarawak,TNG eWallet
ORD17187,2025-12-13,Home,Air Purifier,561,3,1683,East Malaysia,Sabah,GrabPay
ORD17188,2025-12-23,Electronics,Wireless Earbuds,2617,2,5234,East Malaysia,Sarawak,GrabPay
ORD17189,2025-08-26,Home,Office Chair,289,1,289,East Malaysia,Sabah,FPX
ORD17190,2025-08-26,Fashion,Backpack,398,3,1194,East Malaysia,Sarawak,TNG eWallet
ORD17191,2025-09-18,Home,Desk Lamp,665,3,1995,East Malaysia,Sarawak,TNG eWallet
ORD17192,2025-07-10,Fashion,Sneakers,240,2,480,East Malaysia,Sabah,TNG eWallet
ORD17193,2025-06-09,Electronics,Wireless Earbuds,1448,1,1448,West Malaysia,Perak,Credit Card
ORD17194,2025-05-15,Home,Air Purifier,383,3,1149,West Malaysia,Johor,Credit Card
ORD17195,2025-08-23,Electronics,Smartwatch,4280,4,17120,East Malaysia,Sarawak,GrabPay
ORD17196,2025-05-26,Electronics,Smartwatch,2910,1,2910,East Malaysia,Sabah,Credit Card
ORD17197,2025-11-06,Home,Office Chair,184,2,368,West Malaysia,Johor,TNG eWallet
ORD17198,2025-05-11,Electronics,Laptop,3636,4,14544,West Malaysia,Penang,GrabPay
ORD17199,2025-07-04,Home,Office Chair,354,2,708,East Malaysia,Sarawak,FPX
ORD17200,2025-01-17,Home,Desk Lamp,357,4,1428,East Malaysia,Sarawak,GrabPay
ORD17201,2025-10-17,Fashion,Backpack,231,2,462,West Malaysia,Melaka,TNG eWallet
ORD17202,2025-05-21,Electronics,Laptop,2482,4,9928,East Malaysia,Sabah,GrabPay
ORD17203,2025-10-18,Fashion,Sneakers,153,4,612,East Malaysia,Sabah,GrabPay
ORD17204,2025-11-22,Fashion,Sneakers,135,2,270,East Malaysia,Sabah,FPX
ORD17205,2025-11-30,Electronics,Wireless Earbuds,2171,4,8684,East Malaysia,Sabah,Credit Card
ORD17206,2025-12-15,Home,Air Purifier,519,2,1038,East Malaysia,Sarawak,GrabPay
ORD17207,2025-03-08,Home,Desk Lamp,138,1,138,East Malaysia,Sarawak,TNG eWallet
ORD17208,2025-09-23,Electronics,Laptop,1831,3,5493,East Malaysia,Sabah,GrabPay
ORD17209,2025-06-22,Electronics,Wireless Earbuds,1196,2,2392,West Malaysia,Kedah,FPX
ORD17210,2025-11-05,Home,Coffee Maker,109,4,436,West Malaysia,Johor,TNG eWallet
ORD17211,2025-07-17,Home,Coffee Maker,430,4,1720,West Malaysia,Melaka,Credit Card
ORD17212,2025-10-28,Home,Office Chair,750,3,2250,West Malaysia,Selangor,TNG eWallet
ORD17213,2025-04-21,Fashion,Sneakers,185,2,370,East Malaysia,Sarawak,Credit Card
ORD17214,2025-01-16,Home,Office Chair,687,4,2748,West Malaysia,Pahang,TNG eWallet
ORD17215,2025-12-22,Electronics,Wireless Earbuds,790,2,1580,East Malaysia,Sabah,TNG eWallet
ORD17216,2025-02-26,Electronics,Smartphone,3155,3,9465,East Malaysia,Sabah,GrabPay
ORD17217,2025-11-16,Electronics,Laptop,2630,1,2630,East Malaysia,Sabah,TNG eWallet
ORD17218,2025-04-27,Electronics,Smartphone,4224,3,12672,East Malaysia,Sarawak,GrabPay
ORD17219,2025-04-07,Electronics,Smartphone,2164,1,2164,East Malaysia,Sarawak,TNG eWallet
ORD17220,2025-10-13,Electronics,Smartwatch,2366,2,4732,East Malaysia,Sarawak,Credit Card
ORD17221,2025-07-19,Home,Coffee Maker,581,3,1743,East Malaysia,Sabah,TNG eWallet
ORD17222,2025-01-13,Home,Office Chair,734,2,1468,East Malaysia,Sarawak,Credit Card
ORD17223,2025-02-12,Electronics,Wireless Earbuds,1470,4,5880,West Malaysia,Perak,FPX
ORD17224,2025-02-27,Electronics,Laptop,4399,1,4399,West Malaysia,Perak,Credit Card
ORD17225,2025-11-22,Home,Desk Lamp,329,2,658,East Malaysia,Sabah,FPX
ORD17226,2025-03-19,Fashion,Sunglasses,359,4,1436,West Malaysia,Johor,TNG eWallet
ORD17227,2025-07-11,Fashion,Sunglasses,306,3,918,West Malaysia,Kedah,TNG eWallet
ORD17228,2025-11-05,Fashion,Sunglasses,269,4,1076,East Malaysia,Sarawak,FPX
ORD17229,2025-01-19,Fashion,Sunglasses,261,1,261,West Malaysia,Kuala Lumpur,Credit Card
ORD17230,2025-06-13,Electronics,Smartwatch,640,1,640,West Malaysia,Penang,TNG eWallet
ORD17231,2025-02-08,Home,Office Chair,124,4,496,West Malaysia,Johor,GrabPay
ORD17232,2025-06-29,Fashion,Backpack,236,2,472,East Malaysia,Sarawak,GrabPay
ORD17233,2025-11-13,Home,Coffee Maker,236,2,472,East Malaysia,Sabah,TNG eWallet
ORD17234,2025-03-10,Fashion,Backpack,210,3,630,East Malaysia,Sabah,GrabPay
ORD17235,2025-09-14,Electronics,Laptop,4129,4,16516,East Malaysia,Sarawak,TNG eWallet
ORD17236,2025-01-01,Fashion,T-Shirt,62,4,248,West Malaysia,Perak,FPX
ORD17237,2025-12-11,Fashion,Sunglasses,85,2,170,West Malaysia,Perak,TNG eWallet
ORD17238,2025-10-27,Electronics,Smartwatch,3420,4,13680,East Malaysia,Sabah,FPX
ORD17239,2025-05-15,Home,Air Purifier,579,3,1737,West Malaysia,Pahang,Credit Card
ORD17240,2025-01-12,Fashion,Sunglasses,144,1,144,East Malaysia,Sarawak,GrabPay
ORD17241,2025-08-25,Electronics,Smartphone,4238,3,12714,West Malaysia,Penang,GrabPay
ORD17242,2025-12-25,Fashion,Backpack,215,4,860,West Malaysia,Selangor,GrabPay
ORD17243,2025-08-16,Fashion,Backpack,165,3,495,East Malaysia,Sarawak,FPX
ORD17244,2025-09-07,Home,Coffee Maker,431,3,1293,West Malaysia,Johor,TNG eWallet
ORD17245,2025-12-21,Electronics,Wireless Earbuds,4030,2,8060,East Malaysia,Sarawak,FPX
ORD17246,2025-04-03,Fashion,Sneakers,224,3,672,East Malaysia,Sarawak,FPX
ORD17247,2025-02-18,Fashion,Backpack,368,3,1104,West Malaysia,Selangor,Credit Card
ORD17248,2025-02-10,Home,Air Purifier,765,2,1530,West Malaysia,Perak,TNG eWallet
ORD17249,2025-05-01,Electronics,Smartphone,3056,2,6112,West Malaysia,Kuala Lumpur,FPX
ORD17250,2025-04-19,Home,Air Purifier,178,2,356,East Malaysia,Sarawak,TNG eWallet
ORD17251,2025-11-25,Electronics,Laptop,1533,3,4599,West Malaysia,Melaka,TNG eWallet
ORD17252,2025-09-24,Fashion,T-Shirt,211,1,211,West Malaysia,Kedah,FPX
ORD17253,2025-04-06,Fashion,T-Shirt,195,1,195,East Malaysia,Sarawak,TNG eWallet
ORD17254,2025-01-22,Fashion,Sunglasses,99,1,99,West Malaysia,Penang,Credit Card
ORD17255,2025-11-24,Home,Desk Lamp,751,1,751,West Malaysia,Kedah,TNG eWallet
ORD17256,2025-10-14,Electronics,Wireless Earbuds,4318,1,4318,West Malaysia,Pahang,GrabPay
ORD17257,2025-01-25,Fashion,T-Shirt,278,4,1112,West Malaysia,Melaka,FPX
ORD17258,2025-06-06,Electronics,Wireless Earbuds,533,4,2132,West Malaysia,Penang,TNG eWallet
ORD17259,2025-10-24,Electronics,Laptop,2279,3,6837,West Malaysia,Kedah,FPX
ORD17260,2025-11-26,Home,Desk Lamp,262,3,786,West Malaysia,Kuala Lumpur,TNG eWallet
ORD17261,2025-03-03,Fashion,Sneakers,358,4,1432,West Malaysia,Pahang,FPX
ORD17262,2025-01-24,Electronics,Smartphone,828,3,2484,West Malaysia,Pahang,GrabPay
ORD17263,2025-04-07,Home,Office Chair,783,2,1566,West Malaysia,Perak,FPX
ORD17264,2025-06-11,Electronics,Laptop,3313,3,9939,West Malaysia,Perak,FPX
ORD17265,2025-02-06,Home,Air Purifier,612,3,1836,East Malaysia,Sarawak,FPX
ORD17266,2025-03-19,Home,Office Chair,610,3,1830,West Malaysia,Pahang,TNG eWallet
ORD17267,2025-03-15,Electronics,Wireless Earbuds,858,1,858,East Malaysia,Sarawak,TNG eWallet
ORD17268,2025-05-26,Fashion,Sunglasses,284,4,1136,East Malaysia,Sarawak,FPX
ORD17269,2025-08-28,Electronics,Smartwatch,697,3,2091,East Malaysia,Sabah,Credit Card
ORD17270,2025-08-24,Fashion,Sneakers,240,4,960,East Malaysia,Sabah,TNG eWallet
ORD17271,2025-01-24,Fashion,Backpack,72,1,72,East Malaysia,Sabah,TNG eWallet
ORD17272,2025-09-21,Home,Desk Lamp,262,3,786,East Malaysia,Sarawak,GrabPay
ORD17273,2025-03-20,Home,Desk Lamp,256,2,512,West Malaysia,Selangor,FPX
ORD17274,2025-03-26,Electronics,Smartwatch,579,1,579,West Malaysia,Kedah,Credit Card
ORD17275,2025-02-12,Home,Desk Lamp,176,4,704,East Malaysia,Sarawak,GrabPay
ORD17276,2025-10-14,Home,Air Purifier,100,2,200,West Malaysia,Selangor,TNG eWallet
ORD17277,2025-12-18,Home,Office Chair,179,4,716,East Malaysia,Sabah,Credit Card
ORD17278,2025-02-20,Fashion,Sneakers,380,2,760,East Malaysia,Sabah,TNG eWallet
ORD17279,2025-02-28,Fashion,Sneakers,243,1,243,West Malaysia,Johor,TNG eWallet
ORD17280,2025-08-07,Electronics,Wireless Earbuds,1663,3,4989,East Malaysia,Sabah,GrabPay
ORD17281,2025-09-20,Home,Office Chair,471,4,1884,East Malaysia,Sarawak,FPX
ORD17282,2025-06-09,Fashion,T-Shirt,229,3,687,West Malaysia,Kedah,Credit Card
ORD17283,2025-10-31,Fashion,Backpack,397,4,1588,West Malaysia,Perak,FPX
ORD17284,2025-06-20,Home,Air Purifier,276,3,828,West Malaysia,Kedah,Credit Card
ORD17285,2025-06-16,Electronics,Laptop,3777,1,3777,West Malaysia,Johor,TNG eWallet
ORD17286,2025-07-02,Electronics,Wireless Earbuds,3801,1,3801,East Malaysia,Sabah,GrabPay
ORD17287,2025-05-12,Electronics,Laptop,4340,3,13020,East Malaysia,Sarawak,TNG eWallet
ORD17288,2025-06-25,Electronics,Wireless Earbuds,4328,1,4328,West Malaysia,Kuala Lumpur,FPX
ORD17289,2025-10-15,Home,Desk Lamp,305,1,305,East Malaysia,Sarawak,FPX
ORD17290,2025-12-22,Fashion,T-Shirt,73,1,73,East Malaysia,Sabah,GrabPay
ORD17291,2025-04-04,Fashion,Sneakers,311,3,933,East Malaysia,Sarawak,TNG eWallet
ORD17292,2025-07-26,Home,Coffee Maker,354,3,1062,East Malaysia,Sarawak,GrabPay
ORD17293,2025-09-04,Electronics,Smartwatch,1580,3,4740,West Malaysia,Kedah,TNG eWallet
ORD17294,2025-01-04,Electronics,Smartwatch,3130,3,9390,West Malaysia,Perak,GrabPay
ORD17295,2025-02-09,Fashion,Backpack,223,1,223,West Malaysia,Penang,GrabPay
ORD17296,2025-06-05,Electronics,Smartwatch,2077,1,2077,West Malaysia,Perak,Credit Card
ORD17297,2025-05-19,Electronics,Smartwatch,3223,4,12892,West Malaysia,Kuala Lumpur,Credit Card
ORD17298,2025-11-26,Home,Air Purifier,691,1,691,West Malaysia,Pahang,Credit Card
ORD17299,2025-03-21,Fashion,T-Shirt,383,4,1532,West Malaysia,Pahang,FPX
ORD17300,2025-01-05,Electronics,Wireless Earbuds,3855,3,11565,East Malaysia,Sabah,TNG eWallet
ORD17301,2025-12-10,Electronics,Wireless Earbuds,4426,3,13278,West Malaysia,Johor,GrabPay
ORD17302,2025-12-15,Home,Air Purifier,322,3,966,West Malaysia,Melaka,TNG eWallet
ORD17303,2025-12-24,Home,Desk Lamp,449,1,449,West Malaysia,Pahang,FPX
ORD17304,2025-01-31,Electronics,Laptop,2601,4,10404,East Malaysia,Sabah,Credit Card
ORD17305,2025-07-20,Fashion,Backpack,101,3,303,West Malaysia,Pahang,TNG eWallet
ORD17306,2025-01-13,Fashion,Sunglasses,83,4,332,West Malaysia,Pahang,FPX
ORD17307,2025-12-22,Home,Desk Lamp,214,3,642,East Malaysia,Sabah,GrabPay
ORD17308,2025-12-09,Home,Desk Lamp,494,3,1482,East Malaysia,Sabah,GrabPay
ORD17309,2025-10-29,Electronics,Smartwatch,509,3,1527,East Malaysia,Sarawak,Credit Card
ORD17310,2025-08-23,Electronics,Laptop,2062,4,8248,West Malaysia,Pahang,FPX
ORD17311,2025-04-05,Electronics,Wireless Earbuds,1311,3,3933,West Malaysia,Perak,Credit Card
ORD17312,2025-12-17,Home,Office Chair,235,3,705,West Malaysia,Kedah,FPX
ORD17313,2026-01-01,Home,Air Purifier,535,3,1605,West Malaysia,Perak,GrabPay
ORD17314,2025-12-26,Home,Desk Lamp,585,4,2340,East Malaysia,Sarawak,FPX
ORD17315,2025-02-18,Home,Desk Lamp,782,1,782,East Malaysia,Sarawak,Credit Card
ORD17316,2025-09-14,Electronics,Wireless Earbuds,2216,1,2216,West Malaysia,Melaka,Credit Card
ORD17317,2025-10-30,Home,Desk Lamp,497,3,1491,West Malaysia,Johor,GrabPay
ORD17318,2025-06-25,Electronics,Smartwatch,3334,1,3334,West Malaysia,Kedah,GrabPay
ORD17319,2025-08-17,Fashion,Sneakers,232,4,928,East Malaysia,Sarawak,FPX
ORD17320,2025-02-21,Home,Desk Lamp,484,4,1936,West Malaysia,Johor,Credit Card
ORD17321,2025-07-28,Electronics,Smartwatch,3295,2,6590,West Malaysia,Kedah,FPX
ORD17322,2025-03-10,Fashion,Backpack,355,3,1065,West Malaysia,Pahang,Credit Card
ORD17323,2025-08-31,Home,Office Chair,525,4,2100,East Malaysia,Sarawak,TNG eWallet
ORD17324,2025-12-13,Home,Desk Lamp,718,4,2872,East Malaysia,Sarawak,Credit Card
ORD17325,2025-08-19,Home,Office Chair,647,1,647,West Malaysia,Melaka,TNG eWallet
ORD17326,2025-08-20,Home,Office Chair,554,3,1662,West Malaysia,Melaka,Credit Card
ORD17327,2025-03-21,Electronics,Smartwatch,1576,4,6304,East Malaysia,Sabah,TNG eWallet
ORD17328,2025-02-02,Electronics,Laptop,1850,3,5550,East Malaysia,Sarawak,FPX
ORD17329,2025-04-10,Fashion,Backpack,329,3,987,West Malaysia,Selangor,GrabPay
ORD17330,2025-05-28,Electronics,Wireless Earbuds,1554,4,6216,East Malaysia,Sarawak,GrabPay
ORD17331,2025-11-06,Electronics,Smartwatch,764,4,3056,West Malaysia,Kuala Lumpur,GrabPay
ORD17332,2025-10-29,Electronics,Smartwatch,3632,1,3632,West Malaysia,Kuala Lumpur,Credit Card
ORD17333,2025-12-09,Electronics,Smartwatch,1609,2,3218,East Malaysia,Sarawak,GrabPay
ORD17334,2025-09-16,Electronics,Smartwatch,2864,2,5728,East Malaysia,Sarawak,TNG eWallet
ORD17335,2025-09-28,Electronics,Smartphone,3236,3,9708,West Malaysia,Penang,GrabPay
ORD17336,2025-09-08,Electronics,Smartwatch,1560,4,6240,East Malaysia,Sarawak,Credit Card
ORD17337,2025-12-11,Home,Coffee Maker,751,2,1502,East Malaysia,Sabah,Credit Card
ORD17338,2025-06-08,Fashion,Backpack,388,4,1552,West Malaysia,Selangor,TNG eWallet
ORD17339,2025-03-17,Home,Desk Lamp,540,1,540,West Malaysia,Penang,Credit Card
ORD17340,2025-11-13,Electronics,Laptop,3137,2,6274,East Malaysia,Sarawak,TNG eWallet
ORD17341,2025-12-18,Home,Office Chair,390,3,1170,East Malaysia,Sarawak,GrabPay
ORD17342,2025-03-05,Home,Coffee Maker,556,4,2224,East Malaysia,Sarawak,FPX
ORD17343,2025-08-27,Fashion,Sunglasses,219,3,657,East Malaysia,Sarawak,GrabPay
ORD17344,2025-04-03,Fashion,Sunglasses,80,4,320,West Malaysia,Selangor,FPX
ORD17345,2025-08-22,Home,Air Purifier,414,2,828,East Malaysia,Sabah,FPX
ORD17346,2025-04-14,Electronics,Smartwatch,1834,1,1834,East Malaysia,Sabah,GrabPay
ORD17347,2025-10-18,Electronics,Smartwatch,2422,4,9688,East Malaysia,Sabah,Credit Card
ORD17348,2025-09-10,Fashion,Sunglasses,323,2,646,West Malaysia,Kuala Lumpur,Credit Card
ORD17349,2025-01-19,Home,Coffee Maker,404,2,808,West Malaysia,Perak,GrabPay
ORD17350,2025-02-19,Electronics,Wireless Earbuds,1809,4,7236,East Malaysia,Sarawak,GrabPay
ORD17351,2025-12-03,Fashion,Backpack,386,4,1544,East Malaysia,Sarawak,FPX
ORD17352,2025-12-13,Electronics,Smartphone,3465,3,10395,East Malaysia,Sabah,Credit Card
ORD17353,2025-01-19,Home,Air Purifier,394,3,1182,West Malaysia,Kedah,GrabPay
ORD17354,2025-08-12,Electronics,Smartphone,2271,2,4542,East Malaysia,Sarawak,FPX
ORD17355,2025-02-06,Electronics,Laptop,1134,1,1134,East Malaysia,Sarawak,Credit Card
ORD17356,2025-07-30,Home,Air Purifier,290,1,290,East Malaysia,Sabah,FPX
ORD17357,2025-07-03,Home,Coffee Maker,242,1,242,East Malaysia,Sabah,FPX
ORD17358,2025-10-04,Fashion,Sneakers,292,1,292,West Malaysia,Melaka,GrabPay
ORD17359,2025-07-22,Home,Office Chair,140,1,140,East Malaysia,Sabah,TNG eWallet
ORD17360,2025-09-26,Fashion,Backpack,124,4,496,West Malaysia,Pahang,FPX
ORD17361,2025-01-13,Electronics,Wireless Earbuds,4240,2,8480,West Malaysia,Melaka,Credit Card
ORD17362,2025-09-03,Fashion,T-Shirt,56,1,56,West Malaysia,Johor,TNG eWallet
ORD17363,2025-06-12,Home,Office Chair,210,4,840,East Malaysia,Sabah,FPX
ORD17364,2025-11-13,Home,Desk Lamp,785,3,2355,East Malaysia,Sabah,FPX
ORD17365,2025-09-10,Electronics,Smartwatch,370,1,370,East Malaysia,Sarawak,Credit Card
ORD17366,2025-11-06,Home,Coffee Maker,322,4,1288,East Malaysia,Sarawak,FPX
ORD17367,2025-11-19,Home,Desk Lamp,718,4,2872,West Malaysia,Perak,FPX
ORD17368,2025-08-20,Fashion,T-Shirt,138,2,276,East Malaysia,Sabah,TNG eWallet
ORD17369,2025-05-08,Fashion,Sneakers,168,1,168,West Malaysia,Penang,FPX
ORD17370,2025-12-01,Home,Coffee Maker,692,1,692,West Malaysia,Johor,GrabPay
ORD17371,2025-08-12,Fashion,Backpack,257,3,771,West Malaysia,Penang,GrabPay
ORD17372,2025-08-11,Electronics,Smartwatch,2920,4,11680,West Malaysia,Penang,GrabPay
ORD17373,2025-01-08,Home,Coffee Maker,741,2,1482,West Malaysia,Melaka,TNG eWallet
ORD17374,2025-08-23,Fashion,Sunglasses,222,1,222,East Malaysia,Sarawak,FPX
ORD17375,2025-12-25,Electronics,Laptop,810,2,1620,West Malaysia,Perak,GrabPay
ORD17376,2025-10-07,Home,Air Purifier,177,2,354,East Malaysia,Sarawak,TNG eWallet
ORD17377,2025-06-10,Electronics,Smartphone,3938,3,11814,East Malaysia,Sarawak,Credit Card
ORD17378,2025-09-27,Home,Air Purifier,350,4,1400,East Malaysia,Sarawak,Credit Card
ORD17379,2025-05-18,Fashion,T-Shirt,371,3,1113,West Malaysia,Melaka,GrabPay
ORD17380,2025-05-07,Fashion,Backpack,116,3,348,East Malaysia,Sabah,Credit Card
ORD17381,2025-08-08,Home,Desk Lamp,129,1,129,West Malaysia,Perak,GrabPay
ORD17382,2025-11-30,Electronics,Laptop,1721,4,6884,West Malaysia,Selangor,FPX
ORD17383,2025-03-05,Electronics,Wireless Earbuds,920,4,3680,West Malaysia,Johor,Credit Card
ORD17384,2025-11-05,Electronics,Smartphone,4492,2,8984,East Malaysia,Sarawak,GrabPay
ORD17385,2025-11-14,Fashion,Backpack,296,4,1184,East Malaysia,Sarawak,Credit Card
ORD17386,2025-09-22,Home,Desk Lamp,648,3,1944,West Malaysia,Melaka,Credit Card
ORD17387,2025-10-06,Home,Air Purifier,234,3,702,East Malaysia,Sabah,FPX
ORD17388,2025-06-24,Home,Coffee Maker,689,4,2756,West Malaysia,Melaka,Credit Card
ORD17389,2025-05-22,Home,Coffee Maker,537,4,2148,East Malaysia,Sarawak,FPX
ORD17390,2025-05-27,Electronics,Smartwatch,900,4,3600,West Malaysia,Selangor,FPX
ORD17391,2025-11-11,Home,Desk Lamp,593,4,2372,East Malaysia,Sabah,TNG eWallet
ORD17392,2025-11-02,Fashion,Backpack,288,1,288,West Malaysia,Selangor,GrabPay
ORD17393,2025-08-02,Fashion,Backpack,249,1,249,West Malaysia,Kuala Lumpur,GrabPay
ORD17394,2025-12-02,Electronics,Wireless Earbuds,4125,4,16500,West Malaysia,Kedah,FPX
ORD17395,2025-04-07,Fashion,Sneakers,372,4,1488,East Malaysia,Sabah,Credit Card
ORD17396,2025-06-25,Electronics,Smartwatch,1323,3,3969,West Malaysia,Pahang,Credit Card
ORD17397,2025-10-03,Fashion,Backpack,71,3,213,West Malaysia,Kedah,GrabPay
ORD17398,2025-09-22,Fashion,Backpack,61,1,61,East Malaysia,Sabah,FPX
ORD17399,2025-05-10,Home,Air Purifier,589,1,589,East Malaysia,Sarawak,FPX
ORD17400,2025-02-05,Electronics,Laptop,3076,1,3076,East Malaysia,Sarawak,TNG eWallet
ORD17401,2025-05-31,Home,Coffee Maker,103,4,412,East Malaysia,Sarawak,FPX
ORD17402,2025-07-10,Fashion,Backpack,233,2,466,East Malaysia,Sarawak,FPX
ORD17403,2025-11-12,Electronics,Laptop,3223,3,9669,East Malaysia,Sabah,GrabPay
ORD17404,2025-04-29,Fashion,T-Shirt,313,2,626,West Malaysia,Perak,FPX
ORD17405,2025-11-26,Fashion,T-Shirt,68,4,272,West Malaysia,Kuala Lumpur,TNG eWallet
ORD17406,2025-12-31,Home,Coffee Maker,420,1,420,East Malaysia,Sabah,FPX
ORD17407,2025-11-01,Fashion,Backpack,268,4,1072,East Malaysia,Sarawak,GrabPay
ORD17408,2025-03-08,Fashion,Backpack,144,4,576,East Malaysia,Sabah,FPX
ORD17409,2025-06-10,Electronics,Smartwatch,3595,1,3595,West Malaysia,Penang,GrabPay
ORD17410,2025-03-20,Home,Coffee Maker,442,2,884,East Malaysia,Sabah,FPX
ORD17411,2025-03-30,Electronics,Laptop,4471,4,17884,East Malaysia,Sabah,Credit Card
ORD17412,2025-09-30,Electronics,Wireless Earbuds,2858,4,11432,West Malaysia,Pahang,Credit Card
ORD17413,2025-11-15,Fashion,T-Shirt,174,4,696,East Malaysia,Sarawak,FPX
ORD17414,2025-03-19,Fashion,Sunglasses,277,1,277,East Malaysia,Sarawak,FPX
ORD17415,2025-06-21,Fashion,Sneakers,269,1,269,West Malaysia,Perak,FPX
ORD17416,2025-08-30,Fashion,T-Shirt,240,1,240,West Malaysia,Kedah,TNG eWallet
ORD17417,2025-06-01,Electronics,Smartphone,3738,3,11214,West Malaysia,Penang,TNG eWallet
ORD17418,2025-03-22,Fashion,Sneakers,107,3,321,West Malaysia,Johor,FPX
ORD17419,2025-06-19,Home,Office Chair,117,4,468,East Malaysia,Sarawak,Credit Card
ORD17420,2025-02-28,Home,Desk Lamp,212,2,424,East Malaysia,Sabah,TNG eWallet
ORD17421,2025-08-03,Fashion,T-Shirt,381,2,762,West Malaysia,Kuala Lumpur,Credit Card
ORD17422,2025-09-20,Electronics,Smartphone,1960,1,1960,East Malaysia,Sabah,Credit Card
ORD17423,2025-05-05,Fashion,Sunglasses,102,4,408,West Malaysia,Penang,Credit Card
ORD17424,2025-04-09,Home,Air Purifier,456,4,1824,West Malaysia,Kedah,GrabPay
ORD17425,2025-09-22,Fashion,T-Shirt,337,2,674,East Malaysia,Sarawak,GrabPay
ORD17426,2025-02-22,Home,Desk Lamp,728,2,1456,East Malaysia,Sarawak,Credit Card
ORD17427,2025-11-25,Electronics,Wireless Earbuds,1731,2,3462,West Malaysia,Kedah,Credit Card
ORD17428,2025-04-28,Electronics,Laptop,3350,2,6700,East Malaysia,Sarawak,FPX
ORD17429,2025-08-15,Electronics,Wireless Earbuds,614,1,614,West Malaysia,Kedah,GrabPay
ORD17430,2025-12-06,Home,Office Chair,720,4,2880,West Malaysia,Selangor,Credit Card
ORD17431,2025-06-24,Electronics,Smartphone,4134,2,8268,East Malaysia,Sabah,GrabPay
ORD17432,2025-09-07,Fashion,Sunglasses,218,4,872,West Malaysia,Kedah,Credit Card
ORD17433,2025-10-26,Home,Air Purifier,673,3,2019,West Malaysia,Johor,TNG eWallet
ORD17434,2025-03-12,Electronics,Smartwatch,1998,2,3996,West Malaysia,Pahang,GrabPay
ORD17435,2025-10-15,Home,Coffee Maker,773,4,3092,West Malaysia,Melaka,FPX
ORD17436,2025-07-06,Home,Office Chair,324,2,648,East Malaysia,Sarawak,TNG eWallet
ORD17437,2025-07-06,Fashion,Sunglasses,259,1,259,West Malaysia,Pahang,TNG eWallet
ORD17438,2025-03-28,Fashion,Sneakers,375,1,375,West Malaysia,Melaka,TNG eWallet
ORD17439,2025-01-28,Fashion,Sneakers,209,1,209,West Malaysia,Kedah,GrabPay
ORD17440,2025-12-31,Fashion,Backpack,59,1,59,East Malaysia,Sabah,TNG eWallet
ORD17441,2025-07-10,Home,Office Chair,686,2,1372,West Malaysia,Melaka,FPX
ORD17442,2025-04-20,Electronics,Laptop,2591,3,7773,West Malaysia,Selangor,GrabPay
ORD17443,2025-09-05,Fashion,Sunglasses,297,3,891,West Malaysia,Pahang,FPX
ORD17444,2025-10-16,Fashion,T-Shirt,221,3,663,West Malaysia,Penang,FPX
ORD17445,2025-09-06,Home,Coffee Maker,565,1,565,East Malaysia,Sabah,GrabPay
ORD17446,2025-03-13,Fashion,Backpack,239,3,717,East Malaysia,Sarawak,FPX
ORD17447,2025-09-19,Fashion,Backpack,241,1,241,West Malaysia,Melaka,GrabPay
ORD17448,2025-10-09,Fashion,Backpack,52,2,104,East Malaysia,Sabah,TNG eWallet
ORD17449,2025-11-28,Fashion,Sneakers,378,1,378,East Malaysia,Sabah,FPX
ORD17450,2025-04-23,Electronics,Smartphone,3445,3,10335,East Malaysia,Sarawak,GrabPay
ORD17451,2025-03-15,Fashion,T-Shirt,245,4,980,West Malaysia,Perak,FPX
ORD17452,2025-07-14,Electronics,Smartphone,1265,2,2530,East Malaysia,Sarawak,Credit Card
ORD17453,2025-05-27,Electronics,Laptop,3056,4,12224,West Malaysia,Selangor,FPX
ORD17454,2025-01-14,Fashion,Sneakers,257,3,771,West Malaysia,Johor,TNG eWallet
ORD17455,2025-04-24,Home,Office Chair,763,4,3052,East Malaysia,Sabah,GrabPay
ORD17456,2025-02-17,Electronics,Smartwatch,2765,2,5530,West Malaysia,Melaka,Credit Card
ORD17457,2025-06-24,Electronics,Laptop,2448,3,7344,East Malaysia,Sarawak,FPX
ORD17458,2025-01-24,Home,Desk Lamp,615,3,1845,West Malaysia,Pahang,TNG eWallet
ORD17459,2025-04-08,Home,Air Purifier,687,1,687,West Malaysia,Selangor,TNG eWallet
ORD17460,2025-11-17,Fashion,Backpack,368,1,368,West Malaysia,Kuala Lumpur,TNG eWallet
ORD17461,2025-08-23,Electronics,Smartwatch,3953,4,15812,East Malaysia,Sarawak,Credit Card
ORD17462,2025-03-09,Home,Air Purifier,368,3,1104,West Malaysia,Penang,GrabPay
ORD17463,2025-11-13,Home,Air Purifier,662,4,2648,East Malaysia,Sabah,Credit Card
ORD17464,2025-08-08,Electronics,Wireless Earbuds,428,1,428,West Malaysia,Penang,Credit Card
ORD17465,2025-07-09,Electronics,Smartwatch,2377,3,7131,West Malaysia,Melaka,GrabPay
ORD17466,2025-02-14,Fashion,T-Shirt,62,3,186,West Malaysia,Pahang,GrabPay
ORD17467,2025-01-25,Home,Coffee Maker,553,1,553,East Malaysia,Sabah,Credit Card
ORD17468,2025-10-26,Fashion,Backpack,163,2,326,East Malaysia,Sarawak,Credit Card
ORD17469,2025-09-17,Electronics,Smartphone,4376,1,4376,East Malaysia,Sarawak,Credit Card
ORD17470,2025-04-25,Electronics,Wireless Earbuds,4480,2,8960,East Malaysia,Sabah,TNG eWallet
ORD17471,2025-10-23,Home,Air Purifier,652,4,2608,West Malaysia,Kedah,TNG eWallet
ORD17472,2025-10-24,Electronics,Wireless Earbuds,1264,1,1264,West Malaysia,Penang,Credit Card
ORD17473,2025-05-23,Home,Coffee Maker,370,2,740,East Malaysia,Sarawak,TNG eWallet
ORD17474,2025-09-25,Fashion,Sunglasses,68,1,68,West Malaysia,Penang,GrabPay
ORD17475,2025-12-08,Home,Air Purifier,480,2,960,West Malaysia,Melaka,Credit Card
ORD17476,2025-01-05,Home,Coffee Maker,302,2,604,East Malaysia,Sarawak,FPX
ORD17477,2025-06-26,Electronics,Wireless Earbuds,1038,3,3114,West Malaysia,Kedah,GrabPay
ORD17478,2025-01-24,Fashion,Sunglasses,111,2,222,West Malaysia,Penang,FPX
ORD17479,2025-02-10,Electronics,Laptop,3876,1,3876,West Malaysia,Melaka,Credit Card
ORD17480,2025-12-18,Fashion,Sneakers,161,1,161,East Malaysia,Sabah,TNG eWallet
ORD17481,2025-03-20,Home,Air Purifier,471,3,1413,West Malaysia,Perak,Credit Card
ORD17482,2025-08-13,Home,Office Chair,572,3,1716,West Malaysia,Penang,FPX
ORD17483,2025-08-05,Home,Desk Lamp,752,1,752,East Malaysia,Sabah,Credit Card
ORD17484,2025-09-18,Fashion,Sunglasses,167,4,668,West Malaysia,Kedah,GrabPay
ORD17485,2025-12-30,Fashion,Backpack,149,3,447,West Malaysia,Kedah,FPX
ORD17486,2025-03-31,Electronics,Laptop,2240,2,4480,West Malaysia,Kuala Lumpur,GrabPay
ORD17487,2025-12-08,Fashion,Sneakers,206,1,206,East Malaysia,Sabah,GrabPay
ORD17488,2025-06-11,Fashion,Sunglasses,308,2,616,East Malaysia,Sarawak,GrabPay
ORD17489,2025-05-10,Home,Desk Lamp,762,2,1524,East Malaysia,Sabah,FPX
ORD17490,2025-10-09,Electronics,Smartwatch,3748,4,14992,East Malaysia,Sarawak,TNG eWallet
ORD17491,2025-10-21,Home,Air Purifier,539,3,1617,West Malaysia,Johor,Credit Card
ORD17492,2025-09-05,Home,Office Chair,315,2,630,West Malaysia,Johor,Credit Card
ORD17493,2025-01-14,Home,Desk Lamp,694,1,694,West Malaysia,Melaka,TNG eWallet
ORD17494,2025-10-01,Fashion,T-Shirt,137,3,411,West Malaysia,Penang,Credit Card
ORD17495,2025-01-12,Fashion,Backpack,258,3,774,West Malaysia,Melaka,Credit Card
ORD17496,2025-05-04,Fashion,Sneakers,283,3,849,East Malaysia,Sarawak,TNG eWallet
ORD17497,2025-07-31,Fashion,Backpack,272,1,272,East Malaysia,Sarawak,Credit Card
ORD17498,2025-05-29,Home,Desk Lamp,220,3,660,West Malaysia,Penang,GrabPay
ORD17499,2025-08-31,Electronics,Laptop,2391,1,2391,East Malaysia,Sabah,Credit Card
ORD17500,2025-10-19,Fashion,Sunglasses,156,1,156,West Malaysia,Pahang,FPX
ORD17501,2025-12-19,Fashion,Backpack,223,4,892,West Malaysia,Pahang,FPX
ORD17502,2025-09-29,Home,Office Chair,228,1,228,West Malaysia,Johor,GrabPay
ORD17503,2025-08-12,Fashion,Sunglasses,169,1,169,West Malaysia,Melaka,Credit Card
ORD17504,2025-02-08,Home,Desk Lamp,727,4,2908,East Malaysia,Sabah,TNG eWallet
ORD17505,2025-01-18,Home,Desk Lamp,678,3,2034,East Malaysia,Sabah,GrabPay
ORD17506,2025-12-07,Fashion,T-Shirt,318,4,1272,East Malaysia,Sarawak,GrabPay
ORD17507,2025-03-04,Fashion,Backpack,399,1,399,East Malaysia,Sabah,TNG eWallet
ORD17508,2025-08-15,Electronics,Wireless Earbuds,2809,3,8427,East Malaysia,Sabah,FPX
ORD17509,2025-01-07,Fashion,Backpack,398,4,1592,West Malaysia,Selangor,FPX
ORD17510,2025-04-03,Fashion,Sneakers,232,3,696,East Malaysia,Sabah,TNG eWallet
ORD17511,2025-01-03,Electronics,Smartwatch,518,4,2072,West Malaysia,Kuala Lumpur,GrabPay
ORD17512,2025-10-06,Fashion,Sunglasses,243,2,486,West Malaysia,Johor,TNG eWallet
ORD17513,2025-10-07,Electronics,Smartphone,1988,1,1988,West Malaysia,Melaka,Credit Card
ORD17514,2025-05-21,Electronics,Wireless Earbuds,1567,3,4701,West Malaysia,Pahang,FPX
ORD17515,2025-08-19,Home,Desk Lamp,259,4,1036,West Malaysia,Kuala Lumpur,FPX
ORD17516,2025-04-21,Electronics,Wireless Earbuds,786,1,786,East Malaysia,Sarawak,GrabPay
ORD17517,2025-08-10,Electronics,Wireless Earbuds,4292,1,4292,West Malaysia,Johor,Credit Card
ORD17518,2025-09-09,Fashion,Sunglasses,184,4,736,West Malaysia,Kedah,Credit Card
ORD17519,2025-02-26,Electronics,Smartphone,2618,3,7854,East Malaysia,Sabah,TNG eWallet
ORD17520,2025-09-09,Electronics,Smartphone,1750,1,1750,East Malaysia,Sarawak,Credit Card
ORD17521,2025-10-08,Home,Office Chair,375,3,1125,West Malaysia,Perak,TNG eWallet
ORD17522,2025-12-15,Electronics,Smartphone,403,2,806,West Malaysia,Pahang,FPX
ORD17523,2025-03-24,Electronics,Smartphone,4455,3,13365,West Malaysia,Perak,FPX
ORD17524,2025-02-10,Fashion,T-Shirt,74,1,74,East Malaysia,Sarawak,Credit Card
ORD17525,2025-01-20,Home,Coffee Maker,222,3,666,East Malaysia,Sarawak,TNG eWallet
ORD17526,2025-08-05,Home,Coffee Maker,657,1,657,East Malaysia,Sabah,FPX
ORD17527,2025-03-02,Fashion,Sneakers,77,3,231,West Malaysia,Melaka,FPX
ORD17528,2025-12-20,Home,Desk Lamp,356,1,356,East Malaysia,Sarawak,TNG eWallet
ORD17529,2025-08-11,Home,Air Purifier,609,4,2436,East Malaysia,Sabah,Credit Card
ORD17530,2025-07-16,Home,Office Chair,259,1,259,East Malaysia,Sabah,FPX
ORD17531,2025-02-03,Home,Air Purifier,632,3,1896,East Malaysia,Sabah,FPX
ORD17532,2025-03-03,Fashion,Sneakers,129,2,258,West Malaysia,Johor,Credit Card
ORD17533,2025-07-17,Electronics,Smartphone,3755,2,7510,East Malaysia,Sabah,GrabPay
ORD17534,2025-06-02,Fashion,T-Shirt,370,2,740,West Malaysia,Johor,GrabPay
ORD17535,2025-05-20,Electronics,Smartphone,808,1,808,West Malaysia,Pahang,Credit Card
ORD17536,2025-10-23,Electronics,Laptop,2854,4,11416,East Malaysia,Sabah,TNG eWallet
ORD17537,2025-08-31,Electronics,Wireless Earbuds,1551,4,6204,East Malaysia,Sarawak,GrabPay
ORD17538,2025-10-08,Electronics,Laptop,3165,1,3165,West Malaysia,Selangor,TNG eWallet
ORD17539,2025-04-21,Fashion,Backpack,85,2,170,West Malaysia,Kuala Lumpur,GrabPay
ORD17540,2025-06-25,Fashion,T-Shirt,233,3,699,West Malaysia,Perak,FPX
ORD17541,2025-06-30,Electronics,Smartwatch,2989,4,11956,West Malaysia,Kuala Lumpur,FPX
ORD17542,2025-12-06,Home,Air Purifier,487,4,1948,West Malaysia,Kuala Lumpur,FPX
ORD17543,2025-10-24,Electronics,Laptop,2856,3,8568,West Malaysia,Kuala Lumpur,GrabPay
ORD17544,2025-03-07,Electronics,Smartphone,877,4,3508,West Malaysia,Kedah,TNG eWallet
ORD17545,2025-03-17,Electronics,Wireless Earbuds,3747,4,14988,West Malaysia,Kuala Lumpur,TNG eWallet
ORD17546,2025-08-31,Home,Desk Lamp,243,2,486,East Malaysia,Sarawak,TNG eWallet
ORD17547,2025-08-12,Home,Desk Lamp,740,4,2960,East Malaysia,Sabah,GrabPay
ORD17548,2025-01-27,Home,Desk Lamp,326,4,1304,East Malaysia,Sabah,GrabPay
ORD17549,2025-03-01,Home,Coffee Maker,215,1,215,East Malaysia,Sabah,FPX
ORD17550,2025-01-29,Fashion,Sunglasses,167,3,501,East Malaysia,Sarawak,Credit Card
ORD17551,2025-08-01,Home,Coffee Maker,102,4,408,East Malaysia,Sarawak,Credit Card
ORD17552,2025-03-11,Electronics,Smartphone,3660,2,7320,East Malaysia,Sabah,FPX
ORD17553,2025-07-10,Home,Coffee Maker,272,3,816,West Malaysia,Penang,TNG eWallet
ORD17554,2025-12-03,Fashion,Sunglasses,342,4,1368,East Malaysia,Sarawak,FPX
ORD17555,2025-02-24,Electronics,Smartphone,4331,3,12993,East Malaysia,Sabah,GrabPay
ORD17556,2025-06-12,Electronics,Smartwatch,4339,4,17356,East Malaysia,Sabah,TNG eWallet
ORD17557,2025-07-14,Fashion,T-Shirt,74,3,222,East Malaysia,Sabah,GrabPay
ORD17558,2025-05-29,Electronics,Smartwatch,664,4,2656,East Malaysia,Sabah,GrabPay
ORD17559,2025-04-27,Home,Coffee Maker,702,3,2106,West Malaysia,Johor,FPX
ORD17560,2025-01-24,Fashion,T-Shirt,362,4,1448,East Malaysia,Sarawak,GrabPay
ORD17561,2025-06-27,Home,Air Purifier,566,2,1132,East Malaysia,Sabah,Credit Card
ORD17562,2025-03-27,Electronics,Laptop,976,1,976,East Malaysia,Sarawak,FPX
ORD17563,2025-03-16,Home,Desk Lamp,268,3,804,East Malaysia,Sabah,Credit Card
ORD17564,2025-01-02,Fashion,Sneakers,51,2,102,West Malaysia,Kedah,FPX
ORD17565,2025-04-28,Electronics,Laptop,3973,1,3973,East Malaysia,Sabah,GrabPay
ORD17566,2025-08-07,Electronics,Smartwatch,1608,1,1608,West Malaysia,Selangor,GrabPay
ORD17567,2025-03-02,Fashion,Sunglasses,169,3,507,West Malaysia,Johor,GrabPay
ORD17568,2025-12-09,Electronics,Smartphone,912,4,3648,West Malaysia,Perak,Credit Card
ORD17569,2025-09-07,Fashion,Backpack,97,1,97,West Malaysia,Penang,GrabPay
ORD17570,2025-07-23,Home,Coffee Maker,669,1,669,West Malaysia,Johor,GrabPay
ORD17571,2025-07-03,Home,Air Purifier,357,4,1428,East Malaysia,Sarawak,TNG eWallet
ORD17572,2025-11-17,Electronics,Wireless Earbuds,1416,3,4248,West Malaysia,Penang,GrabPay
ORD17573,2025-03-30,Home,Desk Lamp,700,4,2800,East Malaysia,Sabah,GrabPay
ORD17574,2025-05-14,Electronics,Wireless Earbuds,451,1,451,East Malaysia,Sabah,Credit Card
ORD17575,2025-04-02,Home,Desk Lamp,294,3,882,West Malaysia,Melaka,Credit Card
ORD17576,2025-09-14,Home,Office Chair,595,3,1785,East Malaysia,Sarawak,TNG eWallet
ORD17577,2025-04-11,Home,Air Purifier,682,4,2728,West Malaysia,Pahang,GrabPay
ORD17578,2025-01-03,Fashion,Backpack,319,4,1276,West Malaysia,Pahang,FPX
ORD17579,2025-12-01,Fashion,T-Shirt,60,4,240,West Malaysia,Kedah,FPX
ORD17580,2025-08-17,Home,Coffee Maker,736,3,2208,West Malaysia,Johor,FPX
ORD17581,2025-06-27,Home,Coffee Maker,292,4,1168,East Malaysia,Sarawak,GrabPay
ORD17582,2025-11-03,Home,Desk Lamp,654,4,2616,West Malaysia,Johor,GrabPay
ORD17583,2025-12-19,Home,Desk Lamp,775,2,1550,West Malaysia,Pahang,GrabPay
ORD17584,2025-01-23,Electronics,Smartphone,4237,3,12711,East Malaysia,Sabah,GrabPay
ORD17585,2025-07-13,Electronics,Wireless Earbuds,2834,3,8502,East Malaysia,Sabah,GrabPay
ORD17586,2025-07-11,Fashion,T-Shirt,82,3,246,East Malaysia,Sarawak,FPX
ORD17587,2025-05-14,Fashion,Sunglasses,280,4,1120,East Malaysia,Sarawak,Credit Card
ORD17588,2025-03-05,Fashion,Sneakers,250,2,500,West Malaysia,Selangor,Credit Card
ORD17589,2025-06-15,Home,Office Chair,536,3,1608,West Malaysia,Kuala Lumpur,TNG eWallet
ORD17590,2025-08-02,Electronics,Smartwatch,3099,3,9297,East Malaysia,Sabah,Credit Card
ORD17591,2025-07-09,Electronics,Smartphone,2213,3,6639,West Malaysia,Penang,TNG eWallet
ORD17592,2025-01-31,Electronics,Smartwatch,3303,4,13212,West Malaysia,Johor,Credit Card
ORD17593,2025-10-18,Fashion,Sneakers,276,2,552,East Malaysia,Sabah,FPX
ORD17594,2025-02-18,Fashion,Sneakers,51,3,153,West Malaysia,Kuala Lumpur,FPX
ORD17595,2025-04-29,Fashion,Sunglasses,89,4,356,West Malaysia,Perak,FPX
ORD17596,2025-08-24,Fashion,Sunglasses,377,2,754,West Malaysia,Pahang,TNG eWallet
ORD17597,2025-07-28,Electronics,Wireless Earbuds,437,4,1748,East Malaysia,Sabah,Credit Card
ORD17598,2025-12-30,Fashion,Sunglasses,292,1,292,East Malaysia,Sabah,GrabPay
ORD17599,2025-07-11,Home,Coffee Maker,505,4,2020,West Malaysia,Penang,Credit Card
ORD17600,2025-11-19,Fashion,Sunglasses,199,1,199,East Malaysia,Sabah,GrabPay
ORD17601,2025-07-02,Fashion,Sneakers,257,1,257,East Malaysia,Sarawak,Credit Card
ORD17602,2025-07-22,Fashion,Backpack,52,3,156,East Malaysia,Sarawak,TNG eWallet
ORD17603,2025-10-13,Fashion,Sunglasses,188,3,564,East Malaysia,Sarawak,FPX
ORD17604,2025-05-20,Home,Coffee Maker,733,2,1466,East Malaysia,Sarawak,TNG eWallet
ORD17605,2025-05-15,Fashion,Backpack,290,2,580,West Malaysia,Kuala Lumpur,FPX
ORD17606,2025-05-24,Fashion,Backpack,149,4,596,East Malaysia,Sabah,GrabPay
ORD17607,2025-03-28,Fashion,Backpack,287,1,287,East Malaysia,Sabah,Credit Card
ORD17608,2025-03-17,Fashion,Sneakers,90,1,90,East Malaysia,Sabah,TNG eWallet
ORD17609,2025-02-22,Home,Coffee Maker,332,3,996,West Malaysia,Melaka,TNG eWallet
ORD17610,2025-10-21,Home,Air Purifier,224,2,448,East Malaysia,Sabah,GrabPay
ORD17611,2025-12-31,Electronics,Laptop,440,2,880,East Malaysia,Sabah,Credit Card
ORD17612,2025-02-28,Fashion,T-Shirt,90,4,360,East Malaysia,Sabah,GrabPay
ORD17613,2025-01-29,Home,Air Purifier,270,4,1080,West Malaysia,Penang,TNG eWallet
ORD17614,2025-05-18,Home,Office Chair,140,4,560,East Malaysia,Sabah,GrabPay
ORD17615,2025-02-17,Home,Coffee Maker,379,4,1516,East Malaysia,Sarawak,TNG eWallet
ORD17616,2025-05-02,Fashion,Sunglasses,327,1,327,East Malaysia,Sarawak,GrabPay
ORD17617,2025-04-28,Home,Desk Lamp,347,3,1041,East Malaysia,Sabah,Credit Card
ORD17618,2025-06-10,Fashion,Sunglasses,205,4,820,East Malaysia,Sabah,FPX
ORD17619,2025-04-09,Electronics,Smartphone,1536,1,1536,East Malaysia,Sabah,TNG eWallet
ORD17620,2025-02-11,Home,Office Chair,316,3,948,East Malaysia,Sabah,Credit Card
ORD17621,2025-01-15,Fashion,Sunglasses,94,4,376,East Malaysia,Sabah,FPX
ORD17622,2025-06-02,Home,Desk Lamp,483,4,1932,East Malaysia,Sarawak,GrabPay
ORD17623,2025-07-13,Fashion,T-Shirt,353,3,1059,West Malaysia,Perak,Credit Card
ORD17624,2025-04-29,Fashion,Sneakers,179,4,716,East Malaysia,Sarawak,TNG eWallet
ORD17625,2025-06-25,Electronics,Smartwatch,2130,2,4260,East Malaysia,Sarawak,GrabPay
ORD17626,2025-03-26,Fashion,Backpack,390,3,1170,West Malaysia,Penang,GrabPay
ORD17627,2025-01-23,Home,Coffee Maker,532,4,2128,East Malaysia,Sarawak,FPX
ORD17628,2025-06-07,Home,Air Purifier,603,1,603,East Malaysia,Sabah,GrabPay
ORD17629,2025-01-02,Electronics,Smartwatch,4355,3,13065,West Malaysia,Kedah,TNG eWallet
ORD17630,2025-05-16,Electronics,Smartphone,2755,4,11020,West Malaysia,Johor,FPX
ORD17631,2025-07-24,Electronics,Smartwatch,4203,4,16812,East Malaysia,Sabah,GrabPay
ORD17632,2025-09-19,Electronics,Smartphone,1949,4,7796,East Malaysia,Sabah,TNG eWallet
ORD17633,2025-02-14,Home,Office Chair,203,1,203,East Malaysia,Sabah,GrabPay
ORD17634,2025-01-16,Electronics,Smartphone,2452,1,2452,West Malaysia,Kedah,GrabPay
ORD17635,2025-06-29,Electronics,Smartwatch,4257,4,17028,East Malaysia,Sarawak,GrabPay
ORD17636,2025-04-04,Fashion,Sunglasses,160,1,160,West Malaysia,Johor,FPX
ORD17637,2025-07-21,Electronics,Wireless Earbuds,1368,2,2736,West Malaysia,Perak,FPX
ORD17638,2025-01-29,Home,Desk Lamp,238,1,238,West Malaysia,Pahang,Credit Card
ORD17639,2025-04-14,Electronics,Smartphone,1689,2,3378,West Malaysia,Pahang,FPX
ORD17640,2025-10-28,Electronics,Smartphone,3598,4,14392,East Malaysia,Sabah,TNG eWallet
ORD17641,2025-09-19,Home,Desk Lamp,264,1,264,East Malaysia,Sarawak,Credit Card
ORD17642,2025-03-06,Fashion,Backpack,196,3,588,East Malaysia,Sarawak,Credit Card
ORD17643,2025-04-05,Electronics,Smartphone,3195,4,12780,West Malaysia,Kedah,GrabPay
ORD17644,2025-09-05,Electronics,Smartphone,1503,4,6012,East Malaysia,Sarawak,Credit Card
ORD17645,2025-01-20,Fashion,Sneakers,81,3,243,West Malaysia,Selangor,GrabPay
ORD17646,2025-03-10,Fashion,Backpack,58,3,174,East Malaysia,Sarawak,TNG eWallet
ORD17647,2025-02-07,Electronics,Smartphone,1671,3,5013,West Malaysia,Kuala Lumpur,TNG eWallet
ORD17648,2025-11-30,Fashion,T-Shirt,331,1,331,East Malaysia,Sarawak,Credit Card
ORD17649,2025-09-28,Electronics,Smartwatch,1295,3,3885,East Malaysia,Sabah,Credit Card
ORD17650,2025-08-08,Home,Coffee Maker,216,1,216,West Malaysia,Kedah,Credit Card
ORD17651,2025-10-25,Home,Coffee Maker,132,4,528,West Malaysia,Pahang,TNG eWallet
ORD17652,2025-05-24,Electronics,Smartwatch,1163,2,2326,East Malaysia,Sabah,GrabPay
ORD17653,2025-01-26,Home,Office Chair,244,4,976,West Malaysia,Melaka,Credit Card
ORD17654,2025-09-07,Home,Office Chair,489,2,978,West Malaysia,Johor,TNG eWallet
ORD17655,2025-12-09,Home,Coffee Maker,788,4,3152,West Malaysia,Selangor,GrabPay
ORD17656,2025-04-16,Electronics,Smartwatch,3339,4,13356,East Malaysia,Sabah,FPX
ORD17657,2025-02-05,Fashion,Sneakers,203,2,406,East Malaysia,Sarawak,TNG eWallet
ORD17658,2025-09-29,Fashion,Sunglasses,329,1,329,East Malaysia,Sarawak,TNG eWallet
ORD17659,2025-08-15,Fashion,Sneakers,166,1,166,East Malaysia,Sabah,GrabPay
ORD17660,2025-10-27,Electronics,Laptop,3442,1,3442,East Malaysia,Sarawak,FPX
ORD17661,2025-02-11,Home,Desk Lamp,566,4,2264,East Malaysia,Sabah,FPX
ORD17662,2025-12-17,Fashion,Sunglasses,179,2,358,West Malaysia,Penang,FPX
ORD17663,2025-02-20,Fashion,Sunglasses,311,4,1244,West Malaysia,Kedah,GrabPay
ORD17664,2025-07-11,Home,Office Chair,477,1,477,West Malaysia,Penang,FPX
ORD17665,2025-08-18,Fashion,T-Shirt,145,3,435,West Malaysia,Selangor,FPX
ORD17666,2025-10-21,Fashion,Sunglasses,56,1,56,East Malaysia,Sabah,TNG eWallet
ORD17667,2025-05-25,Home,Desk Lamp,413,3,1239,West Malaysia,Pahang,FPX
ORD17668,2025-08-15,Home,Coffee Maker,358,1,358,West Malaysia,Perak,TNG eWallet
ORD17669,2025-01-24,Fashion,Sunglasses,68,2,136,East Malaysia,Sarawak,FPX
ORD17670,2025-04-14,Home,Air Purifier,393,1,393,West Malaysia,Melaka,Credit Card
ORD17671,2025-11-08,Home,Air Purifier,180,3,540,West Malaysia,Kedah,FPX
ORD17672,2025-07-17,Electronics,Smartwatch,1042,4,4168,East Malaysia,Sarawak,TNG eWallet
ORD17673,2025-02-02,Electronics,Smartphone,1020,1,1020,West Malaysia,Penang,TNG eWallet
ORD17674,2025-10-28,Fashion,Sneakers,374,3,1122,West Malaysia,Selangor,TNG eWallet
ORD17675,2025-10-21,Fashion,Sunglasses,118,2,236,West Malaysia,Pahang,Credit Card
ORD17676,2025-09-08,Fashion,Backpack,280,2,560,East Malaysia,Sarawak,GrabPay
ORD17677,2025-04-19,Home,Office Chair,764,3,2292,East Malaysia,Sarawak,TNG eWallet
ORD17678,2025-01-06,Electronics,Wireless Earbuds,4271,3,12813,West Malaysia,Kedah,TNG eWallet
ORD17679,2025-04-23,Home,Office Chair,642,4,2568,East Malaysia,Sabah,TNG eWallet
ORD17680,2025-09-06,Fashion,T-Shirt,285,3,855,West Malaysia,Johor,FPX
ORD17681,2025-08-23,Fashion,Backpack,138,3,414,East Malaysia,Sarawak,Credit Card
ORD17682,2025-07-21,Fashion,T-Shirt,124,4,496,East Malaysia,Sarawak,Credit Card
ORD17683,2025-12-15,Electronics,Laptop,2905,2,5810,East Malaysia,Sabah,Credit Card
ORD17684,2025-12-27,Electronics,Smartwatch,3484,4,13936,West Malaysia,Penang,TNG eWallet
ORD17685,2025-10-01,Fashion,Sneakers,209,4,836,East Malaysia,Sarawak,Credit Card
ORD17686,2025-04-15,Electronics,Smartwatch,424,1,424,West Malaysia,Penang,FPX
ORD17687,2025-01-03,Home,Office Chair,137,1,137,East Malaysia,Sabah,GrabPay
ORD17688,2025-11-17,Electronics,Smartwatch,1329,1,1329,West Malaysia,Selangor,GrabPay
ORD17689,2025-09-19,Electronics,Smartwatch,677,2,1354,East Malaysia,Sarawak,TNG eWallet
ORD17690,2025-07-27,Electronics,Wireless Earbuds,1028,2,2056,East Malaysia,Sabah,FPX
ORD17691,2025-12-17,Fashion,Backpack,362,3,1086,West Malaysia,Kuala Lumpur,TNG eWallet
ORD17692,2025-01-30,Electronics,Wireless Earbuds,390,4,1560,West Malaysia,Selangor,FPX
ORD17693,2025-06-05,Fashion,T-Shirt,211,2,422,West Malaysia,Pahang,FPX
ORD17694,2025-03-14,Electronics,Wireless Earbuds,2644,3,7932,West Malaysia,Pahang,TNG eWallet
ORD17695,2025-11-05,Home,Coffee Maker,131,3,393,West Malaysia,Melaka,Credit Card
ORD17696,2025-01-23,Electronics,Smartphone,4251,4,17004,West Malaysia,Johor,FPX
ORD17697,2025-11-26,Fashion,Sunglasses,361,1,361,East Malaysia,Sarawak,TNG eWallet
ORD17698,2025-01-19,Home,Coffee Maker,497,2,994,West Malaysia,Perak,Credit Card
ORD17699,2025-03-09,Electronics,Wireless Earbuds,807,1,807,East Malaysia,Sarawak,FPX
ORD17700,2025-11-28,Home,Coffee Maker,283,2,566,East Malaysia,Sarawak,GrabPay
ORD17701,2025-10-06,Fashion,Sunglasses,370,2,740,West Malaysia,Kuala Lumpur,Credit Card
ORD17702,2025-03-09,Fashion,Sneakers,258,4,1032,East Malaysia,Sarawak,FPX
ORD17703,2025-09-06,Electronics,Wireless Earbuds,2248,4,8992,West Malaysia,Perak,FPX
ORD17704,2025-04-17,Electronics,Smartwatch,1390,4,5560,West Malaysia,Johor,FPX
ORD17705,2025-02-17,Fashion,Backpack,51,3,153,East Malaysia,Sarawak,TNG eWallet
ORD17706,2025-11-17,Fashion,Sneakers,308,3,924,West Malaysia,Johor,FPX
ORD17707,2025-04-02,Home,Air Purifier,296,2,592,East Malaysia,Sabah,GrabPay
ORD17708,2025-11-15,Home,Air Purifier,698,3,2094,West Malaysia,Melaka,FPX
ORD17709,2025-03-24,Electronics,Smartwatch,4179,2,8358,West Malaysia,Pahang,TNG eWallet
ORD17710,2025-01-03,Fashion,Backpack,117,4,468,West Malaysia,Penang,FPX
ORD17711,2025-07-19,Fashion,Sunglasses,338,3,1014,West Malaysia,Pahang,TNG eWallet
ORD17712,2025-03-24,Fashion,Sneakers,181,2,362,West Malaysia,Kedah,Credit Card
ORD17713,2025-03-18,Fashion,Sunglasses,201,4,804,East Malaysia,Sabah,TNG eWallet
ORD17714,2025-09-11,Electronics,Laptop,2708,1,2708,West Malaysia,Kedah,Credit Card
ORD17715,2025-03-30,Electronics,Laptop,687,2,1374,East Malaysia,Sabah,GrabPay
ORD17716,2025-03-07,Fashion,Sneakers,340,2,680,East Malaysia,Sabah,TNG eWallet
ORD17717,2025-01-03,Home,Desk Lamp,160,4,640,West Malaysia,Melaka,GrabPay
ORD17718,2025-10-01,Fashion,Sneakers,223,3,669,East Malaysia,Sarawak,FPX
ORD17719,2025-07-05,Home,Office Chair,152,4,608,West Malaysia,Kuala Lumpur,Credit Card
ORD17720,2025-10-25,Electronics,Laptop,3216,3,9648,East Malaysia,Sarawak,FPX
ORD17721,2025-01-06,Fashion,T-Shirt,339,2,678,East Malaysia,Sabah,FPX
ORD17722,2025-10-27,Electronics,Smartwatch,396,1,396,East Malaysia,Sabah,Credit Card
ORD17723,2025-11-20,Fashion,Sunglasses,388,1,388,West Malaysia,Kuala Lumpur,Credit Card
ORD17724,2025-03-01,Electronics,Laptop,4037,4,16148,East Malaysia,Sarawak,Credit Card
ORD17725,2025-01-06,Home,Desk Lamp,235,1,235,West Malaysia,Melaka,TNG eWallet
ORD17726,2025-05-07,Electronics,Laptop,318,4,1272,West Malaysia,Kedah,TNG eWallet
ORD17727,2025-11-13,Fashion,Sunglasses,140,1,140,East Malaysia,Sarawak,GrabPay
ORD17728,2025-08-01,Fashion,T-Shirt,160,1,160,West Malaysia,Perak,GrabPay
ORD17729,2025-12-14,Fashion,Sunglasses,268,2,536,West Malaysia,Kedah,FPX
ORD17730,2025-09-17,Fashion,Sunglasses,118,1,118,West Malaysia,Perak,GrabPay
ORD17731,2025-04-09,Electronics,Wireless Earbuds,3227,4,12908,East Malaysia,Sabah,TNG eWallet
ORD17732,2025-11-17,Electronics,Smartwatch,1956,2,3912,East Malaysia,Sarawak,GrabPay
ORD17733,2025-10-06,Home,Coffee Maker,499,2,998,East Malaysia,Sabah,GrabPay
ORD17734,2025-02-22,Electronics,Smartwatch,495,4,1980,West Malaysia,Penang,FPX
ORD17735,2025-11-19,Fashion,Sunglasses,70,2,140,East Malaysia,Sarawak,GrabPay
ORD17736,2025-10-17,Electronics,Smartphone,486,2,972,East Malaysia,Sabah,Credit Card
ORD17737,2025-04-13,Electronics,Laptop,422,4,1688,East Malaysia,Sarawak,Credit Card
ORD17738,2025-11-21,Electronics,Smartwatch,696,4,2784,West Malaysia,Perak,TNG eWallet
ORD17739,2025-06-01,Electronics,Laptop,3001,2,6002,East Malaysia,Sabah,GrabPay
ORD17740,2025-10-23,Electronics,Smartwatch,2748,2,5496,East Malaysia,Sabah,FPX
ORD17741,2025-11-28,Home,Coffee Maker,151,4,604,West Malaysia,Kedah,FPX
ORD17742,2025-06-16,Home,Desk Lamp,449,2,898,East Malaysia,Sabah,Credit Card
ORD17743,2025-06-21,Electronics,Laptop,1464,4,5856,West Malaysia,Selangor,FPX
ORD17744,2025-11-02,Home,Coffee Maker,642,3,1926,East Malaysia,Sarawak,GrabPay
ORD17745,2025-08-07,Home,Office Chair,336,2,672,East Malaysia,Sabah,Credit Card
ORD17746,2025-07-04,Electronics,Laptop,1205,3,3615,West Malaysia,Selangor,FPX
ORD17747,2025-04-03,Electronics,Smartphone,3560,2,7120,East Malaysia,Sabah,TNG eWallet
ORD17748,2025-01-13,Fashion,Sunglasses,358,4,1432,East Malaysia,Sabah,TNG eWallet
ORD17749,2025-11-04,Electronics,Smartwatch,4291,2,8582,West Malaysia,Penang,TNG eWallet
ORD17750,2025-09-19,Electronics,Smartwatch,1552,1,1552,West Malaysia,Selangor,GrabPay
ORD17751,2025-08-20,Electronics,Laptop,4106,4,16424,East Malaysia,Sabah,GrabPay
ORD17752,2025-09-22,Home,Air Purifier,476,2,952,East Malaysia,Sarawak,FPX
ORD17753,2025-01-31,Fashion,Sneakers,344,2,688,West Malaysia,Penang,Credit Card
ORD17754,2025-02-08,Home,Air Purifier,146,3,438,East Malaysia,Sarawak,FPX
ORD17755,2025-08-19,Electronics,Wireless Earbuds,4320,3,12960,West Malaysia,Perak,TNG eWallet
ORD17756,2025-06-11,Fashion,Sunglasses,103,3,309,West Malaysia,Johor,GrabPay
ORD17757,2025-03-22,Home,Air Purifier,579,1,579,West Malaysia,Selangor,FPX
ORD17758,2025-06-21,Fashion,Sunglasses,217,2,434,East Malaysia,Sarawak,Credit Card
ORD17759,2025-01-12,Electronics,Wireless Earbuds,2913,2,5826,East Malaysia,Sarawak,TNG eWallet
ORD17760,2025-05-15,Electronics,Laptop,723,4,2892,West Malaysia,Kedah,GrabPay
ORD17761,2025-04-24,Home,Office Chair,706,4,2824,West Malaysia,Selangor,TNG eWallet
ORD17762,2025-07-15,Home,Office Chair,285,3,855,West Malaysia,Kuala Lumpur,GrabPay
ORD17763,2025-07-01,Home,Air Purifier,692,2,1384,West Malaysia,Kuala Lumpur,GrabPay
ORD17764,2025-03-05,Home,Desk Lamp,692,3,2076,East Malaysia,Sarawak,GrabPay
ORD17765,2025-03-05,Fashion,T-Shirt,333,4,1332,East Malaysia,Sabah,Credit Card
ORD17766,2025-04-28,Home,Desk Lamp,117,3,351,East Malaysia,Sabah,TNG eWallet
ORD17767,2025-04-05,Fashion,Sneakers,239,1,239,West Malaysia,Johor,TNG eWallet
ORD17768,2025-12-17,Fashion,T-Shirt,331,2,662,East Malaysia,Sabah,TNG eWallet
ORD17769,2025-10-17,Fashion,T-Shirt,323,2,646,East Malaysia,Sabah,GrabPay
ORD17770,2025-12-30,Home,Desk Lamp,495,4,1980,East Malaysia,Sarawak,FPX
ORD17771,2025-08-07,Home,Coffee Maker,501,4,2004,East Malaysia,Sarawak,TNG eWallet
ORD17772,2025-07-26,Fashion,Sunglasses,367,4,1468,West Malaysia,Selangor,GrabPay
ORD17773,2025-11-26,Home,Office Chair,245,2,490,East Malaysia,Sabah,TNG eWallet
ORD17774,2025-01-02,Electronics,Smartwatch,3684,2,7368,West Malaysia,Pahang,FPX
ORD17775,2025-10-14,Home,Office Chair,390,3,1170,West Malaysia,Penang,GrabPay
ORD17776,2025-11-07,Fashion,Sunglasses,86,4,344,East Malaysia,Sarawak,Credit Card
ORD17777,2025-07-16,Fashion,Backpack,114,1,114,East Malaysia,Sabah,GrabPay
ORD17778,2025-08-28,Electronics,Smartphone,3734,1,3734,East Malaysia,Sabah,Credit Card
ORD17779,2025-02-15,Electronics,Wireless Earbuds,367,2,734,West Malaysia,Penang,TNG eWallet
ORD17780,2025-06-03,Fashion,Backpack,241,2,482,West Malaysia,Melaka,Credit Card
ORD17781,2025-03-23,Home,Office Chair,727,1,727,West Malaysia,Johor,FPX
ORD17782,2025-08-12,Fashion,Sneakers,213,3,639,West Malaysia,Kedah,GrabPay
ORD17783,2025-06-10,Fashion,Backpack,248,4,992,West Malaysia,Melaka,Credit Card
ORD17784,2025-09-14,Electronics,Wireless Earbuds,631,4,2524,West Malaysia,Penang,GrabPay
ORD17785,2025-05-08,Fashion,Sunglasses,126,3,378,East Malaysia,Sarawak,FPX
ORD17786,2025-04-16,Home,Air Purifier,697,4,2788,East Malaysia,Sabah,Credit Card
ORD17787,2025-04-20,Electronics,Smartphone,426,1,426,East Malaysia,Sabah,GrabPay
ORD17788,2025-08-03,Fashion,Sneakers,72,3,216,West Malaysia,Johor,Credit Card
ORD17789,2025-01-01,Fashion,T-Shirt,145,4,580,East Malaysia,Sarawak,FPX
ORD17790,2025-02-11,Home,Coffee Maker,180,2,360,East Malaysia,Sabah,GrabPay
ORD17791,2025-05-05,Fashion,T-Shirt,132,1,132,East Malaysia,Sarawak,FPX
ORD17792,2025-12-21,Fashion,T-Shirt,190,1,190,West Malaysia,Penang,GrabPay
ORD17793,2025-01-14,Home,Desk Lamp,454,4,1816,West Malaysia,Melaka,Credit Card
ORD17794,2025-04-15,Home,Office Chair,360,2,720,West Malaysia,Kedah,Credit Card
ORD17795,2025-05-09,Fashion,Backpack,249,2,498,West Malaysia,Johor,GrabPay
ORD17796,2025-12-12,Fashion,Sneakers,112,2,224,East Malaysia,Sabah,GrabPay
ORD17797,2025-04-08,Fashion,T-Shirt,95,3,285,East Malaysia,Sabah,TNG eWallet
ORD17798,2025-04-27,Electronics,Laptop,402,4,1608,East Malaysia,Sarawak,TNG eWallet
ORD17799,2025-03-17,Home,Air Purifier,684,2,1368,East Malaysia,Sabah,GrabPay
ORD17800,2025-12-01,Fashion,Sunglasses,343,1,343,West Malaysia,Johor,FPX
ORD17801,2025-12-04,Home,Coffee Maker,467,1,467,West Malaysia,Johor,TNG eWallet
ORD17802,2025-02-06,Home,Desk Lamp,168,3,504,East Malaysia,Sabah,FPX
ORD17803,2025-11-16,Home,Air Purifier,596,1,596,West Malaysia,Kuala Lumpur,FPX
ORD17804,2025-02-16,Home,Coffee Maker,200,3,600,West Malaysia,Selangor,TNG eWallet
ORD17805,2025-11-01,Home,Desk Lamp,404,3,1212,West Malaysia,Melaka,FPX
ORD17806,2025-06-08,Electronics,Smartphone,3826,3,11478,East Malaysia,Sabah,Credit Card
ORD17807,2025-05-14,Home,Desk Lamp,637,2,1274,East Malaysia,Sarawak,Credit Card
ORD17808,2025-08-19,Fashion,T-Shirt,152,3,456,East Malaysia,Sabah,Credit Card
ORD17809,2025-10-15,Fashion,Sneakers,173,3,519,East Malaysia,Sarawak,Credit Card
ORD17810,2025-02-07,Electronics,Smartwatch,576,4,2304,East Malaysia,Sarawak,Credit Card
ORD17811,2025-05-30,Fashion,T-Shirt,370,3,1110,East Malaysia,Sarawak,FPX
ORD17812,2025-04-27,Fashion,Sunglasses,208,4,832,East Malaysia,Sabah,Credit Card
ORD17813,2025-11-19,Home,Air Purifier,777,2,1554,West Malaysia,Penang,FPX
ORD17814,2025-09-02,Electronics,Wireless Earbuds,694,2,1388,West Malaysia,Selangor,FPX
ORD17815,2025-09-23,Electronics,Wireless Earbuds,3122,2,6244,East Malaysia,Sabah,GrabPay
ORD17816,2025-01-27,Electronics,Smartphone,2774,3,8322,East Malaysia,Sabah,TNG eWallet
ORD17817,2025-11-28,Electronics,Laptop,937,1,937,West Malaysia,Johor,Credit Card
ORD17818,2025-03-15,Electronics,Wireless Earbuds,3236,3,9708,West Malaysia,Johor,GrabPay
ORD17819,2025-05-26,Fashion,T-Shirt,172,1,172,East Malaysia,Sabah,GrabPay
ORD17820,2025-04-12,Fashion,T-Shirt,216,1,216,East Malaysia,Sarawak,GrabPay
ORD17821,2025-03-05,Home,Coffee Maker,666,1,666,East Malaysia,Sabah,FPX
ORD17822,2025-02-08,Fashion,Sunglasses,352,3,1056,East Malaysia,Sabah,Credit Card
ORD17823,2025-04-30,Fashion,Sunglasses,144,1,144,West Malaysia,Melaka,Credit Card
ORD17824,2025-04-21,Fashion,T-Shirt,290,4,1160,West Malaysia,Kuala Lumpur,GrabPay
ORD17825,2025-04-20,Home,Coffee Maker,159,3,477,West Malaysia,Kuala Lumpur,Credit Card
ORD17826,2025-04-11,Electronics,Smartwatch,1551,2,3102,East Malaysia,Sarawak,GrabPay
ORD17827,2025-04-01,Home,Air Purifier,490,2,980,East Malaysia,Sarawak,GrabPay
ORD17828,2025-04-26,Home,Office Chair,534,4,2136,East Malaysia,Sarawak,FPX
ORD17829,2025-12-15,Fashion,T-Shirt,261,2,522,West Malaysia,Pahang,Credit Card
ORD17830,2025-01-22,Home,Desk Lamp,191,2,382,East Malaysia,Sarawak,GrabPay
ORD17831,2025-04-16,Fashion,Sneakers,391,1,391,West Malaysia,Penang,GrabPay
ORD17832,2025-10-15,Fashion,Backpack,154,2,308,East Malaysia,Sabah,TNG eWallet
ORD17833,2025-06-20,Home,Office Chair,505,3,1515,West Malaysia,Penang,GrabPay
ORD17834,2025-07-23,Home,Desk Lamp,341,4,1364,West Malaysia,Perak,GrabPay
ORD17835,2025-04-23,Electronics,Laptop,3302,2,6604,East Malaysia,Sarawak,TNG eWallet
ORD17836,2025-09-08,Electronics,Laptop,1616,1,1616,West Malaysia,Perak,TNG eWallet
ORD17837,2025-08-25,Home,Coffee Maker,529,2,1058,West Malaysia,Penang,FPX
ORD17838,2025-09-13,Fashion,T-Shirt,391,3,1173,East Malaysia,Sarawak,Credit Card
ORD17839,2025-06-12,Electronics,Smartwatch,691,4,2764,East Malaysia,Sabah,TNG eWallet
ORD17840,2025-06-07,Electronics,Wireless Earbuds,2712,3,8136,East Malaysia,Sabah,Credit Card
ORD17841,2025-05-04,Home,Coffee Maker,382,3,1146,West Malaysia,Kuala Lumpur,TNG eWallet
ORD17842,2025-03-04,Fashion,Sunglasses,306,2,612,East Malaysia,Sabah,TNG eWallet
ORD17843,2025-10-31,Fashion,Sneakers,230,1,230,East Malaysia,Sarawak,GrabPay
ORD17844,2025-07-18,Home,Coffee Maker,271,1,271,West Malaysia,Selangor,Credit Card
ORD17845,2025-09-25,Home,Coffee Maker,213,3,639,East Malaysia,Sarawak,FPX
ORD17846,2025-11-07,Home,Desk Lamp,363,1,363,East Malaysia,Sabah,GrabPay
ORD17847,2025-02-01,Fashion,Sunglasses,327,2,654,West Malaysia,Penang,FPX
ORD17848,2025-10-02,Fashion,Sneakers,367,3,1101,East Malaysia,Sarawak,Credit Card
ORD17849,2025-08-09,Electronics,Smartwatch,3974,1,3974,East Malaysia,Sarawak,Credit Card
ORD17850,2025-11-06,Fashion,Sneakers,244,3,732,West Malaysia,Pahang,FPX
ORD17851,2025-06-24,Electronics,Smartwatch,2443,4,9772,West Malaysia,Selangor,GrabPay
ORD17852,2025-10-07,Home,Desk Lamp,492,4,1968,East Malaysia,Sabah,Credit Card
ORD17853,2025-11-28,Fashion,Sunglasses,361,3,1083,West Malaysia,Selangor,FPX
ORD17854,2025-02-24,Electronics,Wireless Earbuds,1161,1,1161,West Malaysia,Selangor,FPX
ORD17855,2025-04-22,Home,Desk Lamp,564,1,564,East Malaysia,Sarawak,Credit Card
ORD17856,2025-04-12,Home,Coffee Maker,326,2,652,West Malaysia,Johor,GrabPay
ORD17857,2025-09-11,Electronics,Wireless Earbuds,3390,3,10170,East Malaysia,Sarawak,FPX
ORD17858,2025-08-14,Electronics,Laptop,2516,2,5032,East Malaysia,Sarawak,GrabPay
ORD17859,2025-01-21,Fashion,Sneakers,348,3,1044,West Malaysia,Johor,Credit Card
ORD17860,2025-04-28,Electronics,Smartwatch,3964,2,7928,East Malaysia,Sabah,Credit Card
ORD17861,2025-11-11,Home,Air Purifier,426,3,1278,West Malaysia,Penang,TNG eWallet
ORD17862,2025-06-24,Electronics,Laptop,1396,2,2792,West Malaysia,Melaka,FPX
ORD17863,2025-08-24,Electronics,Wireless Earbuds,2571,4,10284,West Malaysia,Kuala Lumpur,Credit Card
ORD17864,2025-05-11,Fashion,Sunglasses,125,4,500,East Malaysia,Sarawak,GrabPay
ORD17865,2025-02-16,Home,Coffee Maker,494,3,1482,West Malaysia,Perak,Credit Card
ORD17866,2025-08-07,Fashion,Sneakers,283,4,1132,West Malaysia,Kedah,TNG eWallet
ORD17867,2025-09-22,Home,Coffee Maker,553,3,1659,West Malaysia,Selangor,TNG eWallet
ORD17868,2025-06-25,Fashion,Sneakers,261,3,783,West Malaysia,Penang,FPX
ORD17869,2026-01-01,Electronics,Wireless Earbuds,1344,3,4032,East Malaysia,Sarawak,TNG eWallet
ORD17870,2025-02-07,Fashion,Sunglasses,161,3,483,East Malaysia,Sabah,Credit Card
ORD17871,2025-10-01,Home,Desk Lamp,750,2,1500,West Malaysia,Kedah,FPX
ORD17872,2025-04-09,Electronics,Laptop,3240,4,12960,West Malaysia,Penang,Credit Card
ORD17873,2025-11-01,Fashion,Backpack,69,4,276,West Malaysia,Perak,GrabPay
ORD17874,2025-10-06,Home,Desk Lamp,230,4,920,East Malaysia,Sabah,Credit Card
ORD17875,2025-10-29,Home,Desk Lamp,317,4,1268,West Malaysia,Kedah,TNG eWallet
ORD17876,2025-02-26,Electronics,Smartphone,390,4,1560,West Malaysia,Kuala Lumpur,FPX
ORD17877,2025-12-01,Electronics,Wireless Earbuds,1421,1,1421,East Malaysia,Sabah,FPX
ORD17878,2025-04-10,Home,Coffee Maker,451,2,902,West Malaysia,Perak,Credit Card
ORD17879,2025-08-30,Fashion,Backpack,261,3,783,East Malaysia,Sabah,GrabPay
ORD17880,2025-04-24,Electronics,Laptop,2149,2,4298,West Malaysia,Melaka,TNG eWallet
ORD17881,2025-03-16,Fashion,Sneakers,388,3,1164,East Malaysia,Sarawak,GrabPay
ORD17882,2025-10-03,Electronics,Smartwatch,2582,3,7746,East Malaysia,Sarawak,Credit Card
ORD17883,2025-02-13,Home,Desk Lamp,518,4,2072,East Malaysia,Sabah,FPX
ORD17884,2025-10-31,Fashion,Sunglasses,302,3,906,East Malaysia,Sabah,GrabPay
ORD17885,2025-09-13,Fashion,Sneakers,389,1,389,West Malaysia,Pahang,GrabPay
ORD17886,2025-01-07,Fashion,Sneakers,82,1,82,East Malaysia,Sabah,Credit Card
ORD17887,2025-09-29,Electronics,Smartwatch,4484,4,17936,East Malaysia,Sabah,GrabPay
ORD17888,2025-04-18,Home,Desk Lamp,693,4,2772,West Malaysia,Johor,GrabPay
ORD17889,2025-10-16,Fashion,Sunglasses,398,3,1194,East Malaysia,Sabah,FPX
ORD17890,2025-10-19,Home,Desk Lamp,676,1,676,West Malaysia,Perak,Credit Card
ORD17891,2025-05-07,Home,Desk Lamp,469,1,469,East Malaysia,Sarawak,TNG eWallet
ORD17892,2025-12-22,Fashion,Sunglasses,55,3,165,West Malaysia,Perak,TNG eWallet
ORD17893,2025-12-19,Home,Coffee Maker,383,1,383,West Malaysia,Perak,GrabPay
ORD17894,2025-01-02,Electronics,Wireless Earbuds,1979,3,5937,East Malaysia,Sarawak,FPX
ORD17895,2025-03-14,Electronics,Smartwatch,835,2,1670,West Malaysia,Pahang,GrabPay
ORD17896,2025-03-29,Fashion,Sneakers,194,3,582,West Malaysia,Perak,FPX
ORD17897,2025-05-16,Home,Office Chair,249,2,498,East Malaysia,Sabah,Credit Card
ORD17898,2025-01-24,Electronics,Smartphone,1495,2,2990,East Malaysia,Sarawak,FPX
ORD17899,2025-12-01,Electronics,Smartwatch,357,4,1428,East Malaysia,Sarawak,Credit Card
ORD17900,2025-04-29,Electronics,Laptop,3432,1,3432,East Malaysia,Sabah,Credit Card
ORD17901,2025-01-03,Electronics,Smartphone,1536,4,6144,East Malaysia,Sabah,FPX
ORD17902,2025-11-30,Electronics,Laptop,654,2,1308,West Malaysia,Johor,Credit Card
ORD17903,2025-06-21,Fashion,Sneakers,143,4,572,West Malaysia,Kuala Lumpur,FPX
ORD17904,2025-11-21,Home,Office Chair,525,1,525,East Malaysia,Sabah,Credit Card
ORD17905,2025-10-29,Fashion,Backpack,60,2,120,East Malaysia,Sabah,Credit Card
ORD17906,2025-03-31,Home,Office Chair,616,1,616,East Malaysia,Sarawak,FPX
ORD17907,2025-10-22,Electronics,Smartphone,2991,2,5982,West Malaysia,Selangor,GrabPay
ORD17908,2025-10-04,Electronics,Wireless Earbuds,534,1,534,West Malaysia,Selangor,TNG eWallet
ORD17909,2025-11-18,Electronics,Wireless Earbuds,2753,2,5506,East Malaysia,Sabah,TNG eWallet
ORD17910,2025-09-03,Fashion,Sunglasses,356,4,1424,East Malaysia,Sabah,TNG eWallet
ORD17911,2025-04-08,Electronics,Smartwatch,1395,2,2790,West Malaysia,Perak,Credit Card
ORD17912,2025-09-10,Electronics,Laptop,2740,1,2740,West Malaysia,Selangor,TNG eWallet
ORD17913,2025-06-26,Electronics,Laptop,413,2,826,East Malaysia,Sabah,GrabPay
ORD17914,2025-06-16,Fashion,T-Shirt,320,4,1280,West Malaysia,Pahang,Credit Card
ORD17915,2025-12-19,Fashion,Sunglasses,274,2,548,East Malaysia,Sarawak,GrabPay
ORD17916,2025-10-01,Fashion,Sneakers,262,3,786,West Malaysia,Kuala Lumpur,TNG eWallet
ORD17917,2025-07-06,Electronics,Wireless Earbuds,2414,2,4828,West Malaysia,Johor,GrabPay
ORD17918,2025-02-20,Fashion,Sneakers,68,4,272,West Malaysia,Johor,TNG eWallet
ORD17919,2025-12-27,Electronics,Laptop,4361,3,13083,East Malaysia,Sarawak,Credit Card
ORD17920,2025-03-17,Fashion,Backpack,90,3,270,East Malaysia,Sarawak,FPX
ORD17921,2025-08-15,Home,Office Chair,450,2,900,West Malaysia,Kedah,Credit Card
ORD17922,2025-02-09,Electronics,Smartwatch,2825,3,8475,East Malaysia,Sarawak,FPX
ORD17923,2025-01-29,Home,Coffee Maker,332,3,996,West Malaysia,Penang,GrabPay
ORD17924,2025-12-25,Home,Office Chair,661,3,1983,East Malaysia,Sabah,FPX
ORD17925,2025-01-19,Electronics,Smartphone,783,3,2349,East Malaysia,Sabah,Credit Card
ORD17926,2026-01-01,Home,Office Chair,104,1,104,West Malaysia,Melaka,TNG eWallet
ORD17927,2025-04-29,Electronics,Smartphone,1382,2,2764,East Malaysia,Sarawak,Credit Card
ORD17928,2026-01-01,Fashion,Sneakers,188,1,188,West Malaysia,Johor,GrabPay
ORD17929,2025-09-15,Home,Air Purifier,522,2,1044,East Malaysia,Sabah,Credit Card
ORD17930,2025-12-31,Electronics,Wireless Earbuds,4264,2,8528,East Malaysia,Sabah,GrabPay
ORD17931,2025-05-28,Home,Office Chair,357,3,1071,East Malaysia,Sabah,Credit Card
ORD17932,2025-09-22,Home,Air Purifier,595,1,595,East Malaysia,Sabah,FPX
ORD17933,2025-05-06,Electronics,Smartphone,2749,2,5498,West Malaysia,Melaka,FPX
ORD17934,2025-03-22,Home,Coffee Maker,496,3,1488,West Malaysia,Kedah,GrabPay
ORD17935,2025-11-13,Fashion,T-Shirt,339,4,1356,East Malaysia,Sarawak,Credit Card
ORD17936,2025-10-09,Home,Air Purifier,111,2,222,East Malaysia,Sabah,TNG eWallet
ORD17937,2025-05-17,Home,Coffee Maker,208,1,208,East Malaysia,Sarawak,Credit Card
ORD17938,2025-01-30,Home,Office Chair,252,4,1008,West Malaysia,Pahang,GrabPay
ORD17939,2025-09-29,Fashion,Sunglasses,157,1,157,East Malaysia,Sarawak,FPX
ORD17940,2025-03-18,Home,Office Chair,596,2,1192,East Malaysia,Sarawak,GrabPay
ORD17941,2025-10-30,Home,Air Purifier,655,2,1310,West Malaysia,Penang,Credit Card
ORD17942,2025-05-17,Home,Desk Lamp,691,1,691,East Malaysia,Sarawak,Credit Card
ORD17943,2025-11-05,Electronics,Smartphone,2639,1,2639,West Malaysia,Selangor,FPX
ORD17944,2025-04-01,Home,Desk Lamp,435,3,1305,East Malaysia,Sabah,Credit Card
ORD17945,2025-05-20,Home,Air Purifier,308,3,924,West Malaysia,Kuala Lumpur,TNG eWallet
ORD17946,2025-05-08,Fashion,Sneakers,133,1,133,West Malaysia,Penang,Credit Card
ORD17947,2025-06-21,Fashion,T-Shirt,77,4,308,West Malaysia,Perak,TNG eWallet
ORD17948,2025-02-07,Home,Coffee Maker,542,1,542,West Malaysia,Johor,Credit Card
ORD17949,2025-08-16,Electronics,Laptop,3099,3,9297,West Malaysia,Pahang,FPX
ORD17950,2025-01-13,Home,Office Chair,275,1,275,East Malaysia,Sabah,GrabPay
ORD17951,2025-03-11,Home,Office Chair,652,1,652,East Malaysia,Sarawak,TNG eWallet
ORD17952,2025-12-01,Fashion,T-Shirt,176,1,176,East Malaysia,Sarawak,FPX
ORD17953,2025-07-23,Electronics,Wireless Earbuds,2459,1,2459,East Malaysia,Sarawak,GrabPay
ORD17954,2025-06-29,Home,Air Purifier,503,4,2012,West Malaysia,Kedah,TNG eWallet
ORD17955,2025-10-07,Home,Coffee Maker,755,4,3020,West Malaysia,Pahang,Credit Card
ORD17956,2025-03-08,Fashion,T-Shirt,105,2,210,East Malaysia,Sarawak,GrabPay
ORD17957,2025-12-12,Fashion,Sneakers,91,1,91,West Malaysia,Penang,FPX
ORD17958,2025-12-08,Electronics,Smartwatch,2167,3,6501,West Malaysia,Kedah,TNG eWallet
ORD17959,2025-03-05,Fashion,Sunglasses,212,4,848,East Malaysia,Sabah,GrabPay
ORD17960,2025-04-08,Electronics,Laptop,3035,2,6070,East Malaysia,Sarawak,FPX
ORD17961,2025-04-04,Electronics,Wireless Earbuds,457,3,1371,West Malaysia,Johor,GrabPay
ORD17962,2025-01-18,Fashion,Sneakers,75,4,300,East Malaysia,Sarawak,Credit Card
ORD17963,2025-04-19,Home,Coffee Maker,271,4,1084,East Malaysia,Sarawak,GrabPay
ORD17964,2025-07-19,Electronics,Wireless Earbuds,2110,3,6330,East Malaysia,Sarawak,Credit Card
ORD17965,2025-11-04,Electronics,Wireless Earbuds,1118,2,2236,West Malaysia,Selangor,FPX
ORD17966,2025-12-26,Fashion,Sunglasses,278,2,556,West Malaysia,Johor,GrabPay
ORD17967,2025-01-14,Home,Office Chair,192,1,192,West Malaysia,Johor,Credit Card
ORD17968,2025-11-20,Home,Office Chair,119,4,476,West Malaysia,Kedah,Credit Card
ORD17969,2025-09-02,Fashion,T-Shirt,139,3,417,West Malaysia,Melaka,Credit Card
ORD17970,2025-01-09,Home,Office Chair,643,4,2572,East Malaysia,Sabah,GrabPay
ORD17971,2025-08-10,Home,Air Purifier,308,3,924,West Malaysia,Johor,GrabPay
ORD17972,2025-12-02,Home,Office Chair,717,3,2151,East Malaysia,Sarawak,FPX
ORD17973,2025-01-23,Fashion,Sunglasses,224,4,896,West Malaysia,Melaka,FPX
ORD17974,2025-05-16,Home,Desk Lamp,621,2,1242,East Malaysia,Sabah,FPX
ORD17975,2025-02-17,Electronics,Laptop,3340,3,10020,East Malaysia,Sabah,FPX
ORD17976,2025-08-20,Fashion,T-Shirt,369,2,738,East Malaysia,Sarawak,Credit Card
ORD17977,2025-08-06,Fashion,Sunglasses,148,3,444,East Malaysia,Sarawak,TNG eWallet
ORD17978,2025-07-30,Home,Desk Lamp,627,1,627,East Malaysia,Sarawak,FPX
ORD17979,2025-06-30,Home,Coffee Maker,354,3,1062,West Malaysia,Kedah,Credit Card
ORD17980,2025-08-26,Fashion,Sneakers,298,2,596,East Malaysia,Sarawak,TNG eWallet
ORD17981,2025-05-25,Electronics,Smartwatch,4218,1,4218,West Malaysia,Perak,GrabPay
ORD17982,2025-09-15,Fashion,T-Shirt,318,4,1272,West Malaysia,Penang,FPX
ORD17983,2025-11-05,Electronics,Smartphone,3277,4,13108,East Malaysia,Sarawak,FPX
ORD17984,2025-07-12,Electronics,Smartphone,4431,4,17724,West Malaysia,Johor,GrabPay
ORD17985,2025-07-04,Home,Desk Lamp,239,2,478,West Malaysia,Kedah,Credit Card
ORD17986,2025-06-01,Fashion,Backpack,93,2,186,East Malaysia,Sabah,FPX
ORD17987,2025-06-11,Electronics,Wireless Earbuds,1637,2,3274,West Malaysia,Pahang,FPX
ORD17988,2025-07-26,Home,Desk Lamp,599,2,1198,West Malaysia,Selangor,Credit Card
ORD17989,2025-05-21,Electronics,Smartphone,4332,4,17328,West Malaysia,Selangor,FPX
ORD17990,2025-08-15,Home,Office Chair,294,1,294,West Malaysia,Selangor,Credit Card
ORD17991,2025-05-21,Electronics,Wireless Earbuds,4215,1,4215,West Malaysia,Penang,Credit Card
ORD17992,2025-12-21,Electronics,Laptop,3213,2,6426,West Malaysia,Melaka,TNG eWallet
ORD17993,2025-08-28,Fashion,Backpack,316,1,316,West Malaysia,Melaka,TNG eWallet
ORD17994,2025-03-26,Electronics,Laptop,2319,3,6957,West Malaysia,Pahang,TNG eWallet
ORD17995,2025-02-04,Home,Office Chair,518,3,1554,West Malaysia,Kuala Lumpur,GrabPay
ORD17996,2025-08-03,Fashion,T-Shirt,95,4,380,East Malaysia,Sabah,FPX
ORD17997,2025-06-26,Fashion,Sunglasses,269,4,1076,West Malaysia,Melaka,Credit Card
ORD17998,2025-04-23,Home,Coffee Maker,720,4,2880,East Malaysia,Sarawak,Credit Card
ORD17999,2025-07-20,Electronics,Smartphone,990,4,3960,East Malaysia,Sabah,FPX
ORD18000,2025-03-03,Electronics,Smartphone,938,4,3752,West Malaysia,Penang,FPX
ORD18001,2025-02-01,Home,Desk Lamp,560,1,560,West Malaysia,Kuala Lumpur,TNG eWallet
ORD18002,2025-03-21,Fashion,Sneakers,354,1,354,East Malaysia,Sabah,GrabPay
ORD18003,2025-05-27,Electronics,Smartwatch,971,4,3884,East Malaysia,Sarawak,TNG eWallet
ORD18004,2025-10-07,Home,Office Chair,636,3,1908,East Malaysia,Sabah,TNG eWallet
ORD18005,2025-10-07,Fashion,Sunglasses,340,3,1020,West Malaysia,Kuala Lumpur,Credit Card
ORD18006,2025-09-29,Fashion,Backpack,357,4,1428,East Malaysia,Sarawak,TNG eWallet
ORD18007,2025-12-07,Electronics,Smartphone,3173,2,6346,East Malaysia,Sabah,GrabPay
ORD18008,2025-09-22,Fashion,T-Shirt,315,4,1260,West Malaysia,Selangor,GrabPay
ORD18009,2025-08-03,Fashion,Backpack,324,2,648,West Malaysia,Johor,FPX
ORD18010,2025-12-13,Fashion,T-Shirt,115,2,230,East Malaysia,Sarawak,TNG eWallet
ORD18011,2025-03-12,Home,Air Purifier,367,1,367,West Malaysia,Kedah,Credit Card
ORD18012,2025-02-28,Fashion,Backpack,100,4,400,West Malaysia,Kuala Lumpur,FPX
ORD18013,2025-05-12,Electronics,Wireless Earbuds,4191,1,4191,East Malaysia,Sarawak,FPX
ORD18014,2025-01-20,Home,Desk Lamp,370,3,1110,West Malaysia,Johor,FPX
ORD18015,2025-01-08,Home,Coffee Maker,669,3,2007,West Malaysia,Penang,GrabPay
ORD18016,2025-02-06,Home,Air Purifier,654,4,2616,East Malaysia,Sarawak,TNG eWallet
ORD18017,2025-08-01,Home,Desk Lamp,774,3,2322,West Malaysia,Selangor,Credit Card
ORD18018,2025-08-31,Electronics,Laptop,4462,4,17848,West Malaysia,Melaka,TNG eWallet
ORD18019,2025-07-03,Fashion,Sunglasses,98,3,294,East Malaysia,Sarawak,Credit Card
ORD18020,2025-08-16,Home,Desk Lamp,552,1,552,West Malaysia,Perak,Credit Card
ORD18021,2025-07-02,Home,Desk Lamp,285,2,570,West Malaysia,Penang,TNG eWallet
ORD18022,2025-04-08,Home,Desk Lamp,282,3,846,West Malaysia,Penang,Credit Card
ORD18023,2025-01-20,Fashion,Sneakers,111,3,333,West Malaysia,Selangor,FPX
ORD18024,2025-10-22,Fashion,T-Shirt,270,4,1080,West Malaysia,Selangor,GrabPay
ORD18025,2025-05-07,Electronics,Smartwatch,3372,1,3372,West Malaysia,Pahang,GrabPay
ORD18026,2025-07-17,Home,Coffee Maker,633,3,1899,West Malaysia,Penang,Credit Card
ORD18027,2025-12-05,Home,Coffee Maker,631,4,2524,West Malaysia,Selangor,GrabPay
ORD18028,2025-08-05,Fashion,T-Shirt,136,3,408,East Malaysia,Sarawak,Credit Card
ORD18029,2025-03-25,Electronics,Laptop,3387,2,6774,West Malaysia,Johor,Credit Card
ORD18030,2025-01-15,Home,Coffee Maker,108,4,432,East Malaysia,Sarawak,Credit Card
ORD18031,2025-03-10,Electronics,Smartphone,4489,1,4489,West Malaysia,Kedah,Credit Card
ORD18032,2025-09-17,Fashion,Backpack,57,1,57,East Malaysia,Sabah,TNG eWallet
ORD18033,2025-06-10,Home,Coffee Maker,168,2,336,East Malaysia,Sarawak,GrabPay
ORD18034,2025-08-09,Electronics,Wireless Earbuds,1703,3,5109,East Malaysia,Sarawak,GrabPay
ORD18035,2025-08-20,Home,Office Chair,754,4,3016,East Malaysia,Sabah,GrabPay
ORD18036,2025-01-27,Electronics,Wireless Earbuds,3618,2,7236,West Malaysia,Pahang,Credit Card
ORD18037,2025-09-26,Home,Office Chair,506,3,1518,West Malaysia,Kedah,FPX
ORD18038,2025-10-03,Fashion,Sunglasses,269,2,538,East Malaysia,Sarawak,GrabPay
ORD18039,2025-09-28,Home,Office Chair,576,4,2304,West Malaysia,Perak,GrabPay
ORD18040,2025-04-08,Electronics,Laptop,2336,1,2336,West Malaysia,Pahang,GrabPay
ORD18041,2025-11-10,Fashion,Sneakers,124,2,248,West Malaysia,Pahang,Credit Card
ORD18042,2025-07-12,Fashion,Sneakers,184,4,736,West Malaysia,Kedah,GrabPay
ORD18043,2025-09-30,Fashion,Sunglasses,292,1,292,East Malaysia,Sabah,FPX
ORD18044,2025-12-15,Electronics,Smartwatch,1157,1,1157,West Malaysia,Pahang,TNG eWallet
ORD18045,2025-10-11,Electronics,Smartwatch,372,3,1116,East Malaysia,Sarawak,TNG eWallet
ORD18046,2025-10-03,Fashion,Backpack,108,2,216,East Malaysia,Sarawak,GrabPay
ORD18047,2025-09-04,Electronics,Wireless Earbuds,4438,3,13314,West Malaysia,Perak,GrabPay
ORD18048,2025-10-02,Electronics,Smartphone,2634,3,7902,East Malaysia,Sarawak,Credit Card
ORD18049,2025-02-27,Electronics,Smartphone,3415,4,13660,West Malaysia,Kedah,Credit Card
ORD18050,2025-01-07,Electronics,Smartwatch,1321,4,5284,West Malaysia,Melaka,FPX
ORD18051,2025-07-09,Fashion,Sunglasses,298,2,596,West Malaysia,Pahang,TNG eWallet
ORD18052,2025-11-15,Fashion,Sneakers,382,2,764,West Malaysia,Kedah,Credit Card
ORD18053,2025-01-20,Fashion,T-Shirt,399,1,399,West Malaysia,Johor,FPX
ORD18054,2025-10-14,Fashion,Sunglasses,157,3,471,East Malaysia,Sabah,Credit Card
ORD18055,2025-02-01,Home,Air Purifier,263,4,1052,East Malaysia,Sarawak,Credit Card
ORD18056,2025-09-06,Electronics,Smartphone,2606,4,10424,West Malaysia,Johor,Credit Card
ORD18057,2025-09-13,Home,Coffee Maker,478,1,478,West Malaysia,Kuala Lumpur,Credit Card
ORD18058,2025-08-02,Fashion,Sunglasses,243,3,729,East Malaysia,Sarawak,Credit Card
ORD18059,2025-06-27,Fashion,T-Shirt,390,2,780,East Malaysia,Sarawak,GrabPay
ORD18060,2025-03-16,Home,Office Chair,375,3,1125,West Malaysia,Pahang,TNG eWallet
ORD18061,2025-10-27,Fashion,T-Shirt,209,2,418,East Malaysia,Sabah,Credit Card
ORD18062,2025-03-22,Fashion,Sneakers,318,3,954,West Malaysia,Johor,GrabPay
ORD18063,2025-11-17,Home,Desk Lamp,122,2,244,West Malaysia,Melaka,GrabPay
ORD18064,2025-03-13,Fashion,Sneakers,100,3,300,West Malaysia,Perak,GrabPay
ORD18065,2025-06-03,Home,Office Chair,310,4,1240,East Malaysia,Sabah,GrabPay
ORD18066,2025-12-18,Fashion,Sneakers,326,1,326,West Malaysia,Pahang,TNG eWallet
ORD18067,2025-05-11,Electronics,Smartwatch,3164,4,12656,West Malaysia,Perak,TNG eWallet
ORD18068,2025-01-01,Fashion,Sneakers,226,3,678,East Malaysia,Sabah,TNG eWallet
ORD18069,2025-10-27,Fashion,Sneakers,293,2,586,West Malaysia,Perak,GrabPay
ORD18070,2025-05-07,Home,Air Purifier,226,4,904,West Malaysia,Penang,Credit Card
ORD18071,2025-07-26,Electronics,Laptop,1216,3,3648,West Malaysia,Kedah,FPX
ORD18072,2025-06-28,Electronics,Smartwatch,3765,1,3765,East Malaysia,Sarawak,Credit Card
ORD18073,2025-06-08,Electronics,Laptop,2331,2,4662,West Malaysia,Kuala Lumpur,FPX
ORD18074,2025-07-14,Home,Office Chair,441,3,1323,West Malaysia,Penang,FPX
ORD18075,2025-02-13,Electronics,Smartphone,2152,3,6456,East Malaysia,Sabah,TNG eWallet
ORD18076,2025-04-16,Electronics,Smartwatch,3957,4,15828,West Malaysia,Perak,FPX
ORD18077,2025-05-20,Electronics,Smartwatch,1386,1,1386,West Malaysia,Kedah,FPX
ORD18078,2025-12-15,Home,Office Chair,621,1,621,East Malaysia,Sabah,FPX
ORD18079,2025-01-28,Fashion,T-Shirt,321,1,321,West Malaysia,Pahang,TNG eWallet
ORD18080,2025-12-25,Home,Desk Lamp,568,4,2272,West Malaysia,Pahang,Credit Card
ORD18081,2025-06-30,Electronics,Laptop,943,1,943,East Malaysia,Sabah,Credit Card
ORD18082,2025-12-27,Electronics,Smartphone,2917,2,5834,East Malaysia,Sabah,TNG eWallet
ORD18083,2025-08-27,Fashion,T-Shirt,107,2,214,West Malaysia,Kuala Lumpur,GrabPay
ORD18084,2025-11-30,Fashion,Sneakers,141,3,423,West Malaysia,Penang,Credit Card
ORD18085,2025-07-21,Fashion,T-Shirt,88,3,264,East Malaysia,Sarawak,TNG eWallet
ORD18086,2025-06-22,Fashion,Sunglasses,229,2,458,West Malaysia,Perak,TNG eWallet
ORD18087,2025-08-18,Electronics,Smartphone,3047,2,6094,East Malaysia,Sabah,Credit Card
ORD18088,2025-10-19,Fashion,Backpack,257,3,771,East Malaysia,Sarawak,FPX
ORD18089,2025-07-10,Home,Desk Lamp,751,2,1502,West Malaysia,Kedah,TNG eWallet
ORD18090,2025-05-07,Fashion,T-Shirt,263,4,1052,East Malaysia,Sabah,GrabPay
ORD18091,2025-04-20,Fashion,T-Shirt,222,2,444,East Malaysia,Sabah,TNG eWallet
ORD18092,2025-07-17,Electronics,Wireless Earbuds,1856,2,3712,East Malaysia,Sarawak,FPX
ORD18093,2025-03-29,Home,Coffee Maker,134,1,134,West Malaysia,Selangor,Credit Card
ORD18094,2025-07-18,Fashion,Sunglasses,91,4,364,West Malaysia,Pahang,Credit Card
ORD18095,2025-06-29,Fashion,Backpack,78,1,78,East Malaysia,Sarawak,Credit Card
ORD18096,2025-12-12,Home,Office Chair,671,2,1342,West Malaysia,Perak,Credit Card
ORD18097,2025-12-28,Fashion,T-Shirt,162,3,486,West Malaysia,Perak,GrabPay
ORD18098,2025-05-18,Home,Desk Lamp,393,2,786,East Malaysia,Sarawak,GrabPay
ORD18099,2025-10-06,Fashion,Sneakers,331,2,662,East Malaysia,Sabah,GrabPay
ORD18100,2025-12-31,Fashion,Sneakers,355,3,1065,East Malaysia,Sarawak,Credit Card
ORD18101,2025-08-26,Home,Office Chair,127,2,254,West Malaysia,Perak,FPX
ORD18102,2025-09-21,Home,Air Purifier,590,4,2360,East Malaysia,Sarawak,Credit Card
ORD18103,2025-08-27,Home,Desk Lamp,602,4,2408,East Malaysia,Sarawak,GrabPay
ORD18104,2025-09-27,Fashion,Sneakers,254,4,1016,West Malaysia,Melaka,GrabPay
ORD18105,2025-03-25,Home,Office Chair,589,2,1178,West Malaysia,Johor,TNG eWallet
ORD18106,2025-02-06,Fashion,Sneakers,364,3,1092,West Malaysia,Melaka,TNG eWallet
ORD18107,2025-04-18,Home,Desk Lamp,389,1,389,East Malaysia,Sabah,GrabPay
ORD18108,2025-03-29,Fashion,Backpack,182,3,546,West Malaysia,Melaka,TNG eWallet
ORD18109,2025-11-09,Fashion,Backpack,327,2,654,West Malaysia,Johor,TNG eWallet
ORD18110,2025-01-17,Electronics,Smartphone,3338,4,13352,West Malaysia,Johor,TNG eWallet
ORD18111,2025-06-26,Fashion,T-Shirt,73,4,292,East Malaysia,Sabah,Credit Card
ORD18112,2025-09-28,Fashion,Sneakers,134,4,536,West Malaysia,Johor,FPX
ORD18113,2025-03-03,Home,Air Purifier,311,3,933,East Malaysia,Sabah,GrabPay
ORD18114,2025-02-23,Fashion,Backpack,196,1,196,West Malaysia,Johor,Credit Card
ORD18115,2025-02-26,Home,Coffee Maker,332,4,1328,West Malaysia,Kuala Lumpur,Credit Card
ORD18116,2025-01-22,Home,Office Chair,246,1,246,West Malaysia,Melaka,Credit Card
ORD18117,2025-02-24,Electronics,Smartphone,2802,4,11208,West Malaysia,Selangor,FPX
ORD18118,2025-01-29,Fashion,Sneakers,163,3,489,West Malaysia,Kuala Lumpur,FPX
ORD18119,2025-09-03,Fashion,Sneakers,218,4,872,West Malaysia,Selangor,TNG eWallet
ORD18120,2025-01-05,Home,Office Chair,613,4,2452,East Malaysia,Sabah,TNG eWallet
ORD18121,2025-07-16,Home,Office Chair,512,1,512,West Malaysia,Melaka,Credit Card
ORD18122,2025-07-16,Home,Desk Lamp,124,1,124,East Malaysia,Sabah,Credit Card
ORD18123,2025-11-09,Fashion,Sneakers,140,2,280,East Malaysia,Sarawak,TNG eWallet
ORD18124,2025-07-08,Home,Desk Lamp,214,2,428,East Malaysia,Sabah,TNG eWallet
ORD18125,2025-04-29,Home,Desk Lamp,406,4,1624,West Malaysia,Pahang,TNG eWallet
ORD18126,2025-10-27,Fashion,Backpack,170,3,510,West Malaysia,Selangor,TNG eWallet
ORD18127,2025-08-14,Home,Office Chair,494,1,494,East Malaysia,Sarawak,GrabPay
ORD18128,2025-08-21,Home,Office Chair,267,1,267,West Malaysia,Penang,TNG eWallet
ORD18129,2025-09-16,Fashion,Backpack,146,1,146,West Malaysia,Kedah,GrabPay
ORD18130,2025-09-09,Fashion,Sneakers,158,1,158,West Malaysia,Penang,Credit Card
ORD18131,2025-09-07,Home,Coffee Maker,137,4,548,East Malaysia,Sabah,GrabPay
ORD18132,2025-01-29,Home,Desk Lamp,548,2,1096,West Malaysia,Selangor,Credit Card
ORD18133,2025-02-15,Fashion,T-Shirt,100,1,100,East Malaysia,Sarawak,FPX
ORD18134,2025-12-18,Electronics,Wireless Earbuds,3214,1,3214,West Malaysia,Selangor,GrabPay
ORD18135,2025-12-07,Fashion,Backpack,378,2,756,East Malaysia,Sarawak,TNG eWallet
ORD18136,2025-03-02,Home,Coffee Maker,536,1,536,East Malaysia,Sabah,Credit Card
ORD18137,2025-01-30,Fashion,Sneakers,364,4,1456,West Malaysia,Kuala Lumpur,FPX
ORD18138,2025-04-13,Fashion,Backpack,58,1,58,East Malaysia,Sarawak,TNG eWallet
ORD18139,2025-06-29,Home,Desk Lamp,310,3,930,East Malaysia,Sarawak,FPX
ORD18140,2025-07-31,Electronics,Smartphone,2731,1,2731,West Malaysia,Perak,GrabPay
ORD18141,2025-03-14,Fashion,T-Shirt,243,3,729,East Malaysia,Sarawak,FPX
ORD18142,2025-02-08,Home,Office Chair,390,2,780,West Malaysia,Selangor,TNG eWallet
ORD18143,2025-06-18,Electronics,Wireless Earbuds,3856,2,7712,East Malaysia,Sabah,Credit Card
ORD18144,2025-12-29,Home,Air Purifier,234,2,468,East Malaysia,Sarawak,TNG eWallet
ORD18145,2025-09-18,Electronics,Smartwatch,2041,3,6123,East Malaysia,Sarawak,FPX
ORD18146,2025-04-14,Home,Coffee Maker,182,1,182,East Malaysia,Sarawak,FPX
ORD18147,2025-09-05,Electronics,Laptop,1817,1,1817,West Malaysia,Kedah,Credit Card
ORD18148,2025-08-24,Electronics,Smartwatch,667,3,2001,West Malaysia,Johor,TNG eWallet
ORD18149,2025-04-22,Electronics,Laptop,1493,1,1493,West Malaysia,Penang,Credit Card
ORD18150,2025-12-12,Electronics,Smartwatch,3767,3,11301,East Malaysia,Sabah,TNG eWallet
ORD18151,2025-05-23,Fashion,Backpack,259,2,518,West Malaysia,Pahang,FPX
ORD18152,2025-07-02,Fashion,Backpack,116,1,116,West Malaysia,Selangor,FPX
ORD18153,2025-12-11,Fashion,T-Shirt,396,1,396,East Malaysia,Sabah,TNG eWallet
ORD18154,2025-01-26,Electronics,Laptop,3549,4,14196,West Malaysia,Kuala Lumpur,FPX
ORD18155,2025-03-09,Electronics,Laptop,2393,1,2393,East Malaysia,Sabah,Credit Card
ORD18156,2025-10-12,Fashion,Sunglasses,158,1,158,East Malaysia,Sabah,Credit Card
ORD18157,2025-09-15,Fashion,Sunglasses,373,4,1492,West Malaysia,Selangor,TNG eWallet
ORD18158,2025-02-07,Electronics,Wireless Earbuds,1380,4,5520,West Malaysia,Pahang,FPX
ORD18159,2025-02-09,Electronics,Smartphone,1982,3,5946,West Malaysia,Kuala Lumpur,FPX
ORD18160,2025-07-08,Home,Office Chair,218,4,872,East Malaysia,Sarawak,Credit Card
ORD18161,2025-03-12,Home,Air Purifier,588,3,1764,East Malaysia,Sabah,TNG eWallet
ORD18162,2025-05-26,Home,Office Chair,291,4,1164,West Malaysia,Perak,GrabPay
ORD18163,2025-02-11,Electronics,Smartwatch,2347,3,7041,East Malaysia,Sabah,GrabPay
ORD18164,2025-02-07,Electronics,Smartphone,4131,3,12393,West Malaysia,Johor,Credit Card
ORD18165,2025-04-25,Electronics,Laptop,966,4,3864,West Malaysia,Johor,GrabPay
ORD18166,2025-12-03,Home,Desk Lamp,129,4,516,East Malaysia,Sarawak,FPX
ORD18167,2025-07-23,Fashion,Sunglasses,271,2,542,East Malaysia,Sabah,TNG eWallet
ORD18168,2025-11-11,Home,Office Chair,110,3,330,West Malaysia,Melaka,GrabPay
ORD18169,2025-10-16,Home,Office Chair,573,3,1719,East Malaysia,Sarawak,GrabPay
ORD18170,2025-10-05,Home,Coffee Maker,676,2,1352,West Malaysia,Selangor,GrabPay
ORD18171,2025-07-10,Home,Air Purifier,217,1,217,East Malaysia,Sarawak,GrabPay
ORD18172,2025-08-17,Fashion,Sneakers,72,1,72,East Malaysia,Sarawak,FPX
ORD18173,2025-11-20,Electronics,Wireless Earbuds,2687,2,5374,West Malaysia,Selangor,FPX
ORD18174,2025-10-31,Fashion,Backpack,258,1,258,West Malaysia,Pahang,GrabPay
ORD18175,2025-12-23,Home,Coffee Maker,366,1,366,West Malaysia,Kuala Lumpur,Credit Card
ORD18176,2025-08-01,Electronics,Wireless Earbuds,1775,1,1775,East Malaysia,Sabah,TNG eWallet
ORD18177,2025-08-17,Fashion,Sneakers,80,3,240,East Malaysia,Sabah,FPX
ORD18178,2025-01-28,Fashion,Backpack,76,2,152,East Malaysia,Sabah,TNG eWallet
ORD18179,2025-11-02,Electronics,Smartwatch,3928,1,3928,West Malaysia,Johor,GrabPay
ORD18180,2025-10-13,Electronics,Smartwatch,623,3,1869,East Malaysia,Sarawak,GrabPay
ORD18181,2025-08-13,Home,Office Chair,269,3,807,West Malaysia,Johor,Credit Card
ORD18182,2025-05-16,Electronics,Smartwatch,3570,2,7140,East Malaysia,Sarawak,Credit Card
ORD18183,2025-08-27,Fashion,Sneakers,156,1,156,West Malaysia,Penang,FPX
ORD18184,2025-11-27,Home,Desk Lamp,590,2,1180,East Malaysia,Sarawak,FPX
ORD18185,2025-08-08,Home,Coffee Maker,351,1,351,East Malaysia,Sarawak,Credit Card
ORD18186,2025-10-31,Home,Office Chair,172,2,344,West Malaysia,Kedah,GrabPay
ORD18187,2025-03-04,Fashion,Sneakers,125,2,250,East Malaysia,Sarawak,TNG eWallet
ORD18188,2025-03-31,Electronics,Laptop,401,4,1604,West Malaysia,Penang,GrabPay
ORD18189,2025-10-21,Fashion,Backpack,183,1,183,West Malaysia,Kedah,Credit Card
ORD18190,2025-05-13,Fashion,Backpack,349,4,1396,West Malaysia,Selangor,FPX
ORD18191,2025-09-15,Electronics,Wireless Earbuds,3330,1,3330,East Malaysia,Sabah,TNG eWallet
ORD18192,2025-09-27,Fashion,Backpack,244,1,244,West Malaysia,Kedah,FPX
ORD18193,2025-04-03,Home,Desk Lamp,183,3,549,West Malaysia,Perak,Credit Card
ORD18194,2025-01-18,Electronics,Smartphone,2721,1,2721,East Malaysia,Sabah,FPX
ORD18195,2025-05-27,Fashion,Sunglasses,98,1,98,East Malaysia,Sarawak,TNG eWallet
ORD18196,2025-10-07,Fashion,Backpack,297,3,891,West Malaysia,Penang,TNG eWallet
ORD18197,2025-10-03,Fashion,Sunglasses,395,3,1185,East Malaysia,Sabah,GrabPay
ORD18198,2025-12-08,Home,Coffee Maker,625,4,2500,East Malaysia,Sabah,FPX
ORD18199,2025-05-08,Electronics,Wireless Earbuds,4259,1,4259,West Malaysia,Johor,Credit Card
ORD18200,2025-11-26,Electronics,Smartphone,4332,4,17328,East Malaysia,Sarawak,GrabPay
ORD18201,2025-02-08,Home,Coffee Maker,600,2,1200,West Malaysia,Johor,Credit Card
ORD18202,2025-12-14,Electronics,Smartwatch,2392,2,4784,East Malaysia,Sabah,GrabPay
ORD18203,2025-02-06,Home,Desk Lamp,747,2,1494,East Malaysia,Sarawak,Credit Card
ORD18204,2025-11-07,Electronics,Wireless Earbuds,3489,3,10467,West Malaysia,Johor,Credit Card
ORD18205,2025-10-06,Fashion,T-Shirt,238,4,952,West Malaysia,Kedah,FPX
ORD18206,2025-05-28,Home,Coffee Maker,362,2,724,West Malaysia,Selangor,Credit Card
ORD18207,2025-04-01,Home,Desk Lamp,561,2,1122,West Malaysia,Penang,GrabPay
ORD18208,2025-04-25,Fashion,Sunglasses,223,3,669,West Malaysia,Pahang,FPX
ORD18209,2025-04-28,Home,Coffee Maker,508,2,1016,East Malaysia,Sarawak,GrabPay
ORD18210,2025-09-27,Fashion,Sneakers,364,3,1092,East Malaysia,Sabah,Credit Card
ORD18211,2025-10-23,Electronics,Smartphone,3754,2,7508,West Malaysia,Kedah,Credit Card
ORD18212,2025-12-29,Electronics,Laptop,2692,2,5384,East Malaysia,Sarawak,TNG eWallet
ORD18213,2025-09-13,Fashion,Sunglasses,128,1,128,West Malaysia,Kuala Lumpur,GrabPay
ORD18214,2025-04-12,Home,Coffee Maker,435,4,1740,East Malaysia,Sabah,FPX
ORD18215,2025-10-28,Electronics,Smartwatch,3875,1,3875,East Malaysia,Sarawak,GrabPay
ORD18216,2025-05-22,Home,Desk Lamp,520,2,1040,West Malaysia,Kedah,TNG eWallet
ORD18217,2025-08-23,Electronics,Smartwatch,3203,1,3203,East Malaysia,Sarawak,FPX
ORD18218,2025-10-31,Electronics,Laptop,1067,3,3201,West Malaysia,Kedah,FPX
ORD18219,2025-05-24,Fashion,Sunglasses,222,2,444,West Malaysia,Selangor,FPX
ORD18220,2025-03-21,Electronics,Laptop,4245,4,16980,West Malaysia,Pahang,TNG eWallet
ORD18221,2025-11-18,Electronics,Laptop,3671,4,14684,West Malaysia,Kuala Lumpur,FPX
ORD18222,2025-01-02,Fashion,Sneakers,62,4,248,West Malaysia,Selangor,Credit Card
ORD18223,2025-05-05,Electronics,Wireless Earbuds,2983,3,8949,East Malaysia,Sarawak,TNG eWallet
ORD18224,2025-09-01,Home,Desk Lamp,610,4,2440,West Malaysia,Perak,GrabPay
ORD18225,2025-07-28,Fashion,Backpack,221,4,884,West Malaysia,Perak,Credit Card
ORD18226,2025-12-31,Home,Air Purifier,591,3,1773,East Malaysia,Sarawak,FPX
ORD18227,2025-07-20,Home,Air Purifier,723,3,2169,East Malaysia,Sarawak,Credit Card
ORD18228,2025-02-10,Electronics,Smartphone,4115,3,12345,West Malaysia,Kedah,Credit Card
ORD18229,2025-02-16,Electronics,Smartphone,3270,2,6540,West Malaysia,Kuala Lumpur,Credit Card
ORD18230,2025-09-18,Electronics,Smartphone,2562,1,2562,East Malaysia,Sarawak,FPX
ORD18231,2025-12-08,Home,Office Chair,646,4,2584,East Malaysia,Sabah,Credit Card
ORD18232,2025-10-25,Electronics,Wireless Earbuds,2067,2,4134,West Malaysia,Selangor,Credit Card
ORD18233,2025-02-03,Fashion,Sneakers,285,3,855,East Malaysia,Sabah,FPX
ORD18234,2025-07-31,Fashion,Backpack,128,1,128,West Malaysia,Perak,TNG eWallet
ORD18235,2025-04-26,Fashion,Backpack,196,2,392,West Malaysia,Johor,GrabPay
ORD18236,2025-01-02,Electronics,Wireless Earbuds,1004,1,1004,East Malaysia,Sarawak,GrabPay
ORD18237,2025-03-25,Electronics,Smartphone,795,3,2385,East Malaysia,Sarawak,Credit Card
ORD18238,2025-08-15,Home,Desk Lamp,412,3,1236,East Malaysia,Sabah,GrabPay
ORD18239,2025-11-07,Electronics,Wireless Earbuds,3251,4,13004,East Malaysia,Sarawak,GrabPay
ORD18240,2025-12-09,Electronics,Wireless Earbuds,1477,3,4431,East Malaysia,Sabah,GrabPay
ORD18241,2025-09-30,Electronics,Smartwatch,2610,3,7830,West Malaysia,Penang,FPX
ORD18242,2025-01-29,Fashion,Sneakers,396,1,396,East Malaysia,Sabah,TNG eWallet
ORD18243,2025-03-13,Electronics,Smartphone,738,4,2952,East Malaysia,Sarawak,GrabPay
ORD18244,2025-05-14,Fashion,Backpack,209,4,836,East Malaysia,Sarawak,Credit Card
ORD18245,2025-05-23,Home,Office Chair,631,1,631,West Malaysia,Kedah,FPX
ORD18246,2025-02-09,Home,Air Purifier,613,2,1226,East Malaysia,Sarawak,GrabPay
ORD18247,2025-08-20,Home,Coffee Maker,567,4,2268,West Malaysia,Selangor,GrabPay
ORD18248,2025-12-04,Electronics,Laptop,3699,2,7398,West Malaysia,Pahang,Credit Card
ORD18249,2025-06-28,Electronics,Wireless Earbuds,3743,1,3743,West Malaysia,Penang,FPX
ORD18250,2025-03-21,Electronics,Smartwatch,1715,1,1715,East Malaysia,Sabah,TNG eWallet
ORD18251,2025-01-30,Fashion,T-Shirt,400,1,400,East Malaysia,Sabah,GrabPay
ORD18252,2025-09-21,Home,Office Chair,273,4,1092,West Malaysia,Penang,GrabPay
ORD18253,2025-09-15,Home,Desk Lamp,290,3,870,West Malaysia,Kedah,Credit Card
ORD18254,2025-09-20,Home,Coffee Maker,189,1,189,East Malaysia,Sabah,TNG eWallet
ORD18255,2025-02-15,Fashion,Backpack,166,2,332,West Malaysia,Selangor,TNG eWallet
ORD18256,2025-06-02,Fashion,Backpack,351,3,1053,East Malaysia,Sarawak,FPX
ORD18257,2025-11-19,Home,Office Chair,210,4,840,East Malaysia,Sarawak,GrabPay
ORD18258,2025-10-16,Home,Air Purifier,349,3,1047,East Malaysia,Sabah,FPX
ORD18259,2025-12-14,Electronics,Wireless Earbuds,2137,2,4274,East Malaysia,Sarawak,FPX
ORD18260,2025-11-28,Home,Office Chair,525,1,525,East Malaysia,Sabah,GrabPay
ORD18261,2025-06-07,Electronics,Wireless Earbuds,3482,3,10446,East Malaysia,Sarawak,TNG eWallet
ORD18262,2025-05-10,Fashion,Sunglasses,79,3,237,East Malaysia,Sarawak,GrabPay
ORD18263,2025-04-04,Electronics,Wireless Earbuds,708,2,1416,West Malaysia,Melaka,Credit Card
ORD18264,2025-11-22,Fashion,Backpack,400,2,800,West Malaysia,Penang,TNG eWallet
ORD18265,2025-12-11,Electronics,Smartphone,1919,1,1919,West Malaysia,Melaka,GrabPay
ORD18266,2025-08-03,Home,Coffee Maker,678,4,2712,West Malaysia,Selangor,TNG eWallet
ORD18267,2025-10-09,Electronics,Smartwatch,1841,2,3682,East Malaysia,Sabah,GrabPay
ORD18268,2025-04-29,Home,Desk Lamp,533,2,1066,West Malaysia,Perak,TNG eWallet
ORD18269,2025-06-30,Fashion,Backpack,92,4,368,East Malaysia,Sabah,Credit Card
ORD18270,2025-12-09,Fashion,T-Shirt,113,4,452,West Malaysia,Selangor,Credit Card
ORD18271,2025-06-08,Home,Desk Lamp,491,3,1473,West Malaysia,Pahang,TNG eWallet
ORD18272,2025-10-20,Fashion,T-Shirt,280,4,1120,West Malaysia,Perak,GrabPay
ORD18273,2025-09-05,Fashion,T-Shirt,217,1,217,West Malaysia,Kuala Lumpur,TNG eWallet
ORD18274,2025-06-28,Fashion,Sunglasses,351,4,1404,East Malaysia,Sarawak,GrabPay
ORD18275,2025-11-10,Electronics,Laptop,3349,3,10047,East Malaysia,Sarawak,TNG eWallet
ORD18276,2025-11-20,Fashion,Sneakers,365,3,1095,West Malaysia,Pahang,TNG eWallet
ORD18277,2025-10-30,Electronics,Laptop,4332,4,17328,East Malaysia,Sabah,Credit Card
ORD18278,2025-04-13,Electronics,Smartwatch,2081,3,6243,West Malaysia,Kedah,TNG eWallet
ORD18279,2025-12-04,Home,Air Purifier,492,3,1476,West Malaysia,Kuala Lumpur,FPX
ORD18280,2025-02-10,Electronics,Smartphone,4453,3,13359,West Malaysia,Kuala Lumpur,GrabPay
ORD18281,2025-04-02,Home,Air Purifier,394,4,1576,West Malaysia,Selangor,FPX
ORD18282,2025-01-12,Home,Coffee Maker,743,1,743,East Malaysia,Sabah,FPX
ORD18283,2025-06-25,Fashion,Sneakers,150,1,150,West Malaysia,Johor,FPX
ORD18284,2025-12-05,Home,Office Chair,276,4,1104,West Malaysia,Perak,Credit Card
ORD18285,2025-09-21,Fashion,T-Shirt,312,4,1248,East Malaysia,Sabah,GrabPay
ORD18286,2025-08-14,Fashion,Sneakers,317,2,634,East Malaysia,Sarawak,Credit Card
ORD18287,2025-01-11,Fashion,T-Shirt,117,3,351,West Malaysia,Kuala Lumpur,FPX
ORD18288,2025-02-15,Fashion,T-Shirt,103,2,206,West Malaysia,Melaka,GrabPay
ORD18289,2025-09-28,Fashion,T-Shirt,51,1,51,East Malaysia,Sabah,TNG eWallet
ORD18290,2025-09-10,Electronics,Wireless Earbuds,1308,2,2616,East Malaysia,Sabah,TNG eWallet
ORD18291,2025-04-05,Electronics,Smartphone,3843,3,11529,West Malaysia,Melaka,GrabPay
ORD18292,2025-10-17,Electronics,Smartwatch,896,3,2688,West Malaysia,Penang,GrabPay
ORD18293,2025-05-08,Home,Desk Lamp,373,4,1492,West Malaysia,Penang,Credit Card
ORD18294,2025-04-14,Home,Air Purifier,353,4,1412,West Malaysia,Pahang,Credit Card
ORD18295,2025-04-24,Electronics,Smartphone,1218,1,1218,West Malaysia,Kuala Lumpur,FPX
ORD18296,2025-09-10,Home,Air Purifier,599,2,1198,East Malaysia,Sabah,FPX
ORD18297,2025-05-06,Electronics,Smartwatch,1943,2,3886,West Malaysia,Kedah,TNG eWallet
ORD18298,2025-06-21,Electronics,Laptop,4191,1,4191,West Malaysia,Kedah,GrabPay
ORD18299,2025-03-10,Fashion,Sneakers,264,1,264,West Malaysia,Selangor,TNG eWallet
ORD18300,2025-02-10,Electronics,Laptop,4257,3,12771,West Malaysia,Selangor,FPX
ORD18301,2025-01-15,Fashion,Sunglasses,342,3,1026,West Malaysia,Perak,Credit Card
ORD18302,2025-12-29,Fashion,Sunglasses,293,4,1172,East Malaysia,Sarawak,TNG eWallet
ORD18303,2025-11-26,Fashion,Backpack,322,3,966,East Malaysia,Sarawak,Credit Card
ORD18304,2025-05-05,Fashion,Backpack,138,4,552,West Malaysia,Melaka,Credit Card
ORD18305,2025-02-04,Electronics,Wireless Earbuds,2969,4,11876,West Malaysia,Kuala Lumpur,Credit Card
ORD18306,2025-11-30,Fashion,T-Shirt,381,1,381,West Malaysia,Johor,TNG eWallet
ORD18307,2025-10-24,Fashion,Sneakers,213,1,213,East Malaysia,Sabah,GrabPay
ORD18308,2025-04-30,Fashion,T-Shirt,343,1,343,East Malaysia,Sarawak,FPX
ORD18309,2025-06-20,Electronics,Smartwatch,2286,1,2286,West Malaysia,Penang,GrabPay
ORD18310,2025-05-24,Fashion,T-Shirt,171,3,513,East Malaysia,Sarawak,TNG eWallet
ORD18311,2025-09-09,Home,Desk Lamp,700,3,2100,East Malaysia,Sabah,TNG eWallet
ORD18312,2025-04-29,Fashion,Backpack,394,1,394,East Malaysia,Sabah,TNG eWallet
ORD18313,2025-08-19,Home,Office Chair,189,3,567,East Malaysia,Sabah,GrabPay
ORD18314,2025-03-20,Home,Air Purifier,171,4,684,East Malaysia,Sabah,Credit Card
ORD18315,2025-06-20,Home,Office Chair,238,3,714,West Malaysia,Pahang,TNG eWallet
ORD18316,2025-02-10,Electronics,Wireless Earbuds,417,3,1251,East Malaysia,Sabah,Credit Card
ORD18317,2025-02-21,Fashion,T-Shirt,67,4,268,East Malaysia,Sabah,TNG eWallet
ORD18318,2025-07-25,Home,Air Purifier,459,3,1377,West Malaysia,Johor,Credit Card
ORD18319,2025-11-04,Home,Office Chair,421,2,842,West Malaysia,Perak,FPX
ORD18320,2025-09-22,Fashion,T-Shirt,64,1,64,West Malaysia,Pahang,TNG eWallet
ORD18321,2025-05-02,Home,Office Chair,117,3,351,East Malaysia,Sabah,FPX
ORD18322,2025-07-01,Electronics,Laptop,2188,2,4376,East Malaysia,Sarawak,FPX
ORD18323,2025-10-14,Home,Air Purifier,144,1,144,East Malaysia,Sarawak,GrabPay
ORD18324,2025-06-21,Fashion,Sunglasses,396,2,792,East Malaysia,Sarawak,GrabPay
ORD18325,2025-02-04,Electronics,Laptop,1524,3,4572,West Malaysia,Kuala Lumpur,FPX
ORD18326,2025-04-19,Fashion,Backpack,266,2,532,West Malaysia,Penang,FPX
ORD18327,2025-07-15,Home,Desk Lamp,589,1,589,East Malaysia,Sarawak,GrabPay
ORD18328,2025-12-02,Home,Office Chair,440,3,1320,East Malaysia,Sarawak,GrabPay
ORD18329,2025-06-02,Home,Air Purifier,367,4,1468,East Malaysia,Sabah,Credit Card
ORD18330,2025-07-06,Fashion,Sunglasses,375,2,750,West Malaysia,Melaka,Credit Card
ORD18331,2025-12-31,Electronics,Laptop,2252,4,9008,East Malaysia,Sabah,Credit Card
ORD18332,2025-04-06,Electronics,Wireless Earbuds,1646,2,3292,West Malaysia,Johor,TNG eWallet
ORD18333,2025-04-26,Fashion,Sunglasses,82,4,328,West Malaysia,Johor,TNG eWallet
ORD18334,2025-03-16,Home,Desk Lamp,631,4,2524,West Malaysia,Melaka,TNG eWallet
ORD18335,2025-05-04,Fashion,T-Shirt,197,3,591,East Malaysia,Sarawak,Credit Card
ORD18336,2025-11-22,Fashion,Sunglasses,102,1,102,East Malaysia,Sabah,GrabPay
ORD18337,2025-06-25,Fashion,T-Shirt,61,3,183,West Malaysia,Penang,GrabPay
ORD18338,2025-02-27,Electronics,Wireless Earbuds,3507,4,14028,West Malaysia,Kedah,GrabPay
ORD18339,2025-05-03,Electronics,Smartphone,406,3,1218,East Malaysia,Sabah,TNG eWallet
ORD18340,2025-03-19,Home,Office Chair,386,1,386,West Malaysia,Perak,FPX
ORD18341,2025-09-03,Fashion,Sunglasses,322,1,322,East Malaysia,Sarawak,FPX
ORD18342,2025-08-12,Fashion,T-Shirt,322,1,322,West Malaysia,Selangor,Credit Card
ORD18343,2025-01-14,Electronics,Smartphone,3004,3,9012,West Malaysia,Kuala Lumpur,GrabPay
ORD18344,2025-09-27,Fashion,Backpack,270,4,1080,East Malaysia,Sabah,GrabPay
ORD18345,2025-03-04,Home,Air Purifier,123,3,369,West Malaysia,Selangor,Credit Card
ORD18346,2025-01-17,Electronics,Laptop,2336,3,7008,East Malaysia,Sabah,TNG eWallet
ORD18347,2025-05-18,Electronics,Wireless Earbuds,2288,2,4576,East Malaysia,Sabah,GrabPay
ORD18348,2025-04-06,Electronics,Laptop,1173,3,3519,West Malaysia,Selangor,FPX
ORD18349,2025-11-20,Home,Desk Lamp,106,3,318,West Malaysia,Pahang,GrabPay
ORD18350,2025-03-18,Fashion,Backpack,271,1,271,West Malaysia,Selangor,Credit Card
ORD18351,2025-08-21,Home,Desk Lamp,674,1,674,East Malaysia,Sarawak,GrabPay
ORD18352,2025-09-09,Electronics,Smartwatch,662,2,1324,East Malaysia,Sabah,Credit Card
ORD18353,2025-05-04,Electronics,Smartphone,2768,2,5536,West Malaysia,Pahang,GrabPay
ORD18354,2025-07-29,Home,Air Purifier,753,1,753,West Malaysia,Selangor,Credit Card
ORD18355,2025-08-25,Fashion,Sunglasses,285,1,285,West Malaysia,Kedah,GrabPay
ORD18356,2025-11-20,Home,Air Purifier,313,2,626,West Malaysia,Penang,Credit Card
ORD18357,2025-02-16,Fashion,Backpack,156,1,156,West Malaysia,Pahang,GrabPay
ORD18358,2025-09-24,Home,Coffee Maker,550,2,1100,West Malaysia,Kuala Lumpur,Credit Card
ORD18359,2025-06-04,Fashion,Sunglasses,243,1,243,West Malaysia,Melaka,Credit Card
ORD18360,2025-07-12,Fashion,Backpack,84,2,168,West Malaysia,Johor,FPX
ORD18361,2025-11-16,Electronics,Smartphone,375,2,750,West Malaysia,Selangor,GrabPay
ORD18362,2025-07-20,Home,Desk Lamp,205,3,615,West Malaysia,Pahang,FPX
ORD18363,2025-09-24,Electronics,Wireless Earbuds,2471,2,4942,West Malaysia,Perak,GrabPay
ORD18364,2025-08-18,Electronics,Wireless Earbuds,2483,2,4966,East Malaysia,Sarawak,TNG eWallet
ORD18365,2025-11-13,Fashion,Backpack,138,4,552,East Malaysia,Sabah,GrabPay
ORD18366,2025-10-19,Electronics,Wireless Earbuds,2733,2,5466,East Malaysia,Sarawak,TNG eWallet
ORD18367,2025-05-27,Electronics,Laptop,904,3,2712,East Malaysia,Sabah,TNG eWallet
ORD18368,2025-08-19,Home,Office Chair,487,4,1948,East Malaysia,Sarawak,GrabPay
ORD18369,2025-11-16,Home,Office Chair,442,1,442,West Malaysia,Perak,Credit Card
ORD18370,2025-07-25,Electronics,Smartphone,2884,3,8652,East Malaysia,Sarawak,Credit Card
ORD18371,2025-02-10,Home,Coffee Maker,788,3,2364,West Malaysia,Kuala Lumpur,TNG eWallet
ORD18372,2025-07-24,Home,Desk Lamp,100,1,100,East Malaysia,Sabah,GrabPay
ORD18373,2025-07-17,Electronics,Wireless Earbuds,963,4,3852,West Malaysia,Kuala Lumpur,TNG eWallet
ORD18374,2025-04-09,Electronics,Smartphone,433,3,1299,West Malaysia,Pahang,GrabPay
ORD18375,2025-02-05,Home,Coffee Maker,737,2,1474,West Malaysia,Penang,TNG eWallet
ORD18376,2025-12-21,Electronics,Wireless Earbuds,3100,4,12400,East Malaysia,Sarawak,TNG eWallet
ORD18377,2025-10-10,Electronics,Wireless Earbuds,574,4,2296,West Malaysia,Penang,TNG eWallet
ORD18378,2025-01-23,Home,Air Purifier,705,4,2820,West Malaysia,Johor,FPX
ORD18379,2025-02-27,Fashion,T-Shirt,172,4,688,East Malaysia,Sabah,FPX
ORD18380,2025-09-05,Electronics,Laptop,1355,2,2710,East Malaysia,Sabah,Credit Card
ORD18381,2025-03-29,Home,Office Chair,240,3,720,West Malaysia,Melaka,TNG eWallet
ORD18382,2025-09-07,Home,Office Chair,224,4,896,East Malaysia,Sarawak,GrabPay
ORD18383,2025-04-15,Fashion,Sneakers,147,1,147,West Malaysia,Selangor,TNG eWallet
ORD18384,2025-09-22,Home,Office Chair,538,1,538,West Malaysia,Perak,Credit Card
ORD18385,2025-11-15,Fashion,Backpack,115,2,230,West Malaysia,Selangor,FPX
ORD18386,2025-05-28,Fashion,Sunglasses,322,2,644,East Malaysia,Sarawak,TNG eWallet
ORD18387,2025-04-13,Home,Air Purifier,482,3,1446,West Malaysia,Johor,GrabPay
ORD18388,2025-02-21,Home,Desk Lamp,745,2,1490,East Malaysia,Sarawak,Credit Card
ORD18389,2025-04-03,Home,Coffee Maker,319,1,319,West Malaysia,Pahang,FPX
ORD18390,2025-11-19,Fashion,T-Shirt,110,3,330,East Malaysia,Sabah,Credit Card
ORD18391,2025-04-10,Home,Office Chair,309,4,1236,West Malaysia,Melaka,GrabPay
ORD18392,2025-04-09,Fashion,Sneakers,121,3,363,West Malaysia,Johor,TNG eWallet
ORD18393,2025-12-01,Fashion,Sunglasses,248,3,744,West Malaysia,Kedah,TNG eWallet
ORD18394,2025-08-19,Home,Coffee Maker,122,3,366,East Malaysia,Sarawak,GrabPay
ORD18395,2025-01-03,Electronics,Smartphone,3516,2,7032,East Malaysia,Sarawak,TNG eWallet
ORD18396,2025-03-25,Fashion,T-Shirt,141,2,282,East Malaysia,Sabah,Credit Card
ORD18397,2025-03-23,Home,Office Chair,726,4,2904,East Malaysia,Sarawak,Credit Card
ORD18398,2025-12-22,Fashion,Sunglasses,94,2,188,East Malaysia,Sabah,GrabPay
ORD18399,2025-01-16,Electronics,Laptop,4299,2,8598,East Malaysia,Sarawak,GrabPay
ORD18400,2025-05-23,Electronics,Smartwatch,4345,4,17380,East Malaysia,Sabah,Credit Card
ORD18401,2025-10-28,Fashion,Sneakers,234,4,936,East Malaysia,Sarawak,Credit Card
ORD18402,2025-05-25,Fashion,Sunglasses,305,2,610,West Malaysia,Kedah,Credit Card
ORD18403,2025-06-01,Home,Desk Lamp,539,4,2156,West Malaysia,Pahang,FPX
ORD18404,2025-04-24,Electronics,Smartphone,2953,4,11812,East Malaysia,Sabah,GrabPay
ORD18405,2025-07-04,Home,Air Purifier,314,2,628,East Malaysia,Sabah,Credit Card
ORD18406,2025-11-06,Electronics,Laptop,3451,3,10353,West Malaysia,Penang,GrabPay
ORD18407,2025-12-11,Fashion,T-Shirt,320,1,320,East Malaysia,Sabah,GrabPay
ORD18408,2025-02-26,Home,Coffee Maker,396,4,1584,West Malaysia,Johor,TNG eWallet
ORD18409,2025-11-21,Home,Desk Lamp,226,2,452,East Malaysia,Sarawak,GrabPay
ORD18410,2025-05-25,Fashion,Backpack,104,1,104,East Malaysia,Sarawak,GrabPay
ORD18411,2025-07-17,Home,Desk Lamp,614,1,614,West Malaysia,Pahang,GrabPay
ORD18412,2025-12-08,Fashion,Backpack,376,3,1128,West Malaysia,Johor,TNG eWallet
ORD18413,2025-05-16,Electronics,Smartphone,3883,2,7766,West Malaysia,Pahang,Credit Card
ORD18414,2025-07-17,Fashion,T-Shirt,212,3,636,East Malaysia,Sarawak,GrabPay
ORD18415,2025-09-27,Home,Coffee Maker,711,2,1422,East Malaysia,Sabah,Credit Card
ORD18416,2025-11-11,Fashion,Backpack,348,3,1044,East Malaysia,Sabah,Credit Card
ORD18417,2025-03-12,Home,Coffee Maker,753,2,1506,West Malaysia,Kuala Lumpur,FPX
ORD18418,2025-07-30,Fashion,Sunglasses,395,4,1580,West Malaysia,Johor,FPX
ORD18419,2025-08-25,Home,Office Chair,703,1,703,East Malaysia,Sarawak,FPX
ORD18420,2025-11-17,Home,Air Purifier,233,2,466,West Malaysia,Pahang,GrabPay
ORD18421,2025-04-23,Fashion,Backpack,233,4,932,East Malaysia,Sabah,GrabPay
ORD18422,2025-08-23,Home,Desk Lamp,143,3,429,East Malaysia,Sarawak,Credit Card
ORD18423,2025-02-03,Fashion,T-Shirt,293,4,1172,East Malaysia,Sabah,FPX
ORD18424,2025-08-31,Electronics,Smartphone,2682,1,2682,East Malaysia,Sarawak,GrabPay
ORD18425,2025-11-28,Home,Desk Lamp,456,4,1824,East Malaysia,Sabah,TNG eWallet
ORD18426,2025-07-31,Fashion,T-Shirt,217,2,434,West Malaysia,Pahang,GrabPay
ORD18427,2025-02-15,Home,Coffee Maker,527,4,2108,East Malaysia,Sarawak,FPX
ORD18428,2025-07-08,Home,Coffee Maker,212,4,848,West Malaysia,Selangor,TNG eWallet
ORD18429,2025-10-04,Home,Air Purifier,319,4,1276,West Malaysia,Kedah,FPX
ORD18430,2025-04-10,Electronics,Laptop,387,1,387,West Malaysia,Pahang,Credit Card
ORD18431,2025-07-13,Home,Desk Lamp,648,3,1944,East Malaysia,Sarawak,Credit Card
ORD18432,2025-08-30,Electronics,Smartphone,2043,2,4086,East Malaysia,Sabah,TNG eWallet
ORD18433,2025-12-30,Home,Office Chair,217,1,217,East Malaysia,Sabah,TNG eWallet
ORD18434,2025-09-16,Electronics,Smartphone,1265,1,1265,West Malaysia,Pahang,TNG eWallet
ORD18435,2025-01-09,Electronics,Smartwatch,3273,4,13092,West Malaysia,Melaka,TNG eWallet
ORD18436,2025-05-10,Fashion,Sneakers,177,1,177,West Malaysia,Pahang,Credit Card
ORD18437,2025-08-12,Electronics,Wireless Earbuds,2131,3,6393,East Malaysia,Sarawak,TNG eWallet
ORD18438,2025-05-31,Electronics,Smartphone,2889,4,11556,West Malaysia,Kedah,GrabPay
ORD18439,2025-07-04,Electronics,Wireless Earbuds,1122,4,4488,West Malaysia,Kedah,Credit Card
ORD18440,2025-06-11,Fashion,Backpack,389,2,778,West Malaysia,Melaka,GrabPay
ORD18441,2025-02-25,Electronics,Wireless Earbuds,336,4,1344,West Malaysia,Kedah,FPX
ORD18442,2025-03-10,Fashion,Sneakers,138,2,276,East Malaysia,Sabah,TNG eWallet
ORD18443,2025-01-16,Electronics,Smartwatch,2957,1,2957,East Malaysia,Sabah,GrabPay
ORD18444,2025-11-08,Fashion,Sneakers,112,1,112,East Malaysia,Sabah,GrabPay
ORD18445,2025-12-07,Fashion,Sunglasses,283,2,566,East Malaysia,Sabah,FPX
ORD18446,2025-01-24,Fashion,Sunglasses,381,2,762,West Malaysia,Selangor,GrabPay
ORD18447,2025-08-12,Electronics,Smartwatch,1167,3,3501,West Malaysia,Kedah,FPX
ORD18448,2025-11-28,Electronics,Smartwatch,811,1,811,West Malaysia,Melaka,FPX
ORD18449,2025-08-25,Fashion,T-Shirt,157,2,314,East Malaysia,Sarawak,GrabPay
ORD18450,2025-01-17,Electronics,Smartwatch,4401,3,13203,West Malaysia,Johor,Credit Card
ORD18451,2025-11-30,Home,Office Chair,650,3,1950,West Malaysia,Penang,Credit Card
ORD18452,2025-12-16,Fashion,T-Shirt,52,3,156,East Malaysia,Sarawak,GrabPay
ORD18453,2025-04-11,Electronics,Laptop,4488,1,4488,East Malaysia,Sarawak,GrabPay
ORD18454,2025-04-16,Fashion,Backpack,103,2,206,West Malaysia,Kuala Lumpur,TNG eWallet
ORD18455,2025-05-13,Electronics,Smartwatch,3562,3,10686,East Malaysia,Sabah,Credit Card
ORD18456,2025-09-12,Fashion,T-Shirt,200,2,400,East Malaysia,Sabah,GrabPay
ORD18457,2025-08-10,Home,Air Purifier,178,4,712,West Malaysia,Pahang,TNG eWallet
ORD18458,2025-10-21,Home,Desk Lamp,352,4,1408,East Malaysia,Sarawak,TNG eWallet
ORD18459,2025-01-01,Fashion,T-Shirt,292,4,1168,West Malaysia,Kuala Lumpur,Credit Card
ORD18460,2025-04-11,Electronics,Smartphone,4329,1,4329,East Malaysia,Sarawak,TNG eWallet
ORD18461,2025-11-29,Home,Air Purifier,209,2,418,East Malaysia,Sabah,TNG eWallet
ORD18462,2025-02-08,Home,Office Chair,147,1,147,East Malaysia,Sabah,TNG eWallet
ORD18463,2025-09-11,Home,Office Chair,236,3,708,West Malaysia,Melaka,GrabPay
ORD18464,2025-08-26,Electronics,Laptop,4485,2,8970,East Malaysia,Sarawak,TNG eWallet
ORD18465,2025-07-25,Electronics,Smartphone,4286,2,8572,East Malaysia,Sabah,TNG eWallet
ORD18466,2025-09-27,Home,Office Chair,131,1,131,East Malaysia,Sabah,Credit Card
ORD18467,2025-05-05,Fashion,Sunglasses,339,4,1356,East Malaysia,Sabah,FPX
ORD18468,2025-10-01,Fashion,T-Shirt,121,4,484,East Malaysia,Sarawak,GrabPay
ORD18469,2025-01-19,Home,Coffee Maker,458,2,916,East Malaysia,Sarawak,GrabPay
ORD18470,2025-03-28,Fashion,Sneakers,260,3,780,West Malaysia,Johor,GrabPay
ORD18471,2025-06-04,Fashion,Sunglasses,54,2,108,East Malaysia,Sarawak,GrabPay
ORD18472,2025-07-17,Home,Coffee Maker,640,1,640,West Malaysia,Penang,Credit Card
ORD18473,2025-07-04,Home,Air Purifier,345,4,1380,West Malaysia,Penang,Credit Card
ORD18474,2025-09-09,Fashion,Backpack,229,3,687,West Malaysia,Kedah,FPX
ORD18475,2025-05-27,Fashion,T-Shirt,244,4,976,West Malaysia,Perak,FPX
ORD18476,2025-06-22,Home,Coffee Maker,447,1,447,West Malaysia,Johor,TNG eWallet
ORD18477,2025-09-15,Fashion,Sneakers,261,4,1044,West Malaysia,Kedah,Credit Card
ORD18478,2025-03-20,Electronics,Smartwatch,409,4,1636,East Malaysia,Sarawak,FPX
ORD18479,2025-09-28,Home,Coffee Maker,221,4,884,East Malaysia,Sarawak,FPX
ORD18480,2025-02-20,Fashion,Sunglasses,189,2,378,West Malaysia,Penang,GrabPay
ORD18481,2025-06-12,Electronics,Laptop,1789,1,1789,West Malaysia,Johor,TNG eWallet
ORD18482,2025-06-22,Electronics,Smartwatch,4351,2,8702,West Malaysia,Kuala Lumpur,GrabPay
ORD18483,2025-07-02,Electronics,Smartwatch,2589,1,2589,West Malaysia,Kedah,FPX
ORD18484,2025-10-12,Fashion,Sneakers,60,3,180,West Malaysia,Melaka,TNG eWallet
ORD18485,2025-02-16,Home,Coffee Maker,735,4,2940,East Malaysia,Sabah,FPX
ORD18486,2025-09-22,Electronics,Smartphone,2876,2,5752,East Malaysia,Sabah,Credit Card
ORD18487,2025-08-14,Fashion,Backpack,183,2,366,West Malaysia,Johor,FPX
ORD18488,2025-03-22,Fashion,T-Shirt,231,4,924,West Malaysia,Melaka,TNG eWallet
ORD18489,2025-03-15,Home,Air Purifier,407,1,407,East Malaysia,Sarawak,TNG eWallet
ORD18490,2025-10-07,Home,Office Chair,456,1,456,East Malaysia,Sarawak,GrabPay
ORD18491,2025-04-12,Electronics,Laptop,738,4,2952,West Malaysia,Johor,Credit Card
ORD18492,2025-06-09,Fashion,Sunglasses,56,3,168,West Malaysia,Kedah,FPX
ORD18493,2025-08-31,Home,Desk Lamp,754,1,754,East Malaysia,Sarawak,Credit Card
ORD18494,2025-03-24,Home,Coffee Maker,798,1,798,West Malaysia,Kuala Lumpur,GrabPay
ORD18495,2025-02-15,Fashion,Sneakers,241,2,482,East Malaysia,Sarawak,FPX
ORD18496,2025-03-30,Fashion,Sunglasses,314,1,314,West Malaysia,Selangor,TNG eWallet
ORD18497,2025-10-17,Electronics,Smartphone,3660,3,10980,West Malaysia,Kedah,FPX
ORD18498,2025-11-15,Home,Office Chair,665,2,1330,East Malaysia,Sarawak,TNG eWallet
ORD18499,2025-01-14,Fashion,Sunglasses,323,4,1292,West Malaysia,Kuala Lumpur,TNG eWallet
ORD18500,2025-11-23,Electronics,Smartwatch,3836,1,3836,East Malaysia,Sabah,Credit Card
ORD18501,2025-07-14,Fashion,Backpack,379,2,758,East Malaysia,Sarawak,GrabPay
ORD18502,2025-09-25,Fashion,Sunglasses,335,4,1340,West Malaysia,Kedah,FPX
ORD18503,2025-04-12,Electronics,Wireless Earbuds,2942,2,5884,West Malaysia,Penang,TNG eWallet
ORD18504,2025-10-16,Home,Coffee Maker,775,1,775,East Malaysia,Sarawak,FPX
ORD18505,2025-11-13,Electronics,Smartphone,1251,4,5004,East Malaysia,Sarawak,TNG eWallet
ORD18506,2025-06-24,Fashion,T-Shirt,191,3,573,West Malaysia,Melaka,GrabPay
ORD18507,2025-04-05,Electronics,Smartphone,3647,4,14588,East Malaysia,Sabah,FPX
ORD18508,2025-05-12,Fashion,Sneakers,114,4,456,East Malaysia,Sarawak,TNG eWallet
ORD18509,2025-02-26,Electronics,Laptop,1528,2,3056,West Malaysia,Johor,FPX
ORD18510,2025-02-18,Fashion,Backpack,358,2,716,West Malaysia,Perak,Credit Card
ORD18511,2025-04-11,Home,Air Purifier,228,3,684,East Malaysia,Sarawak,TNG eWallet
ORD18512,2025-08-12,Home,Desk Lamp,528,1,528,West Malaysia,Perak,TNG eWallet
ORD18513,2025-11-02,Electronics,Laptop,3552,1,3552,East Malaysia,Sabah,TNG eWallet
ORD18514,2025-07-17,Home,Coffee Maker,635,4,2540,West Malaysia,Kuala Lumpur,Credit Card
ORD18515,2025-11-28,Home,Air Purifier,738,1,738,East Malaysia,Sarawak,GrabPay
ORD18516,2025-08-01,Electronics,Smartphone,4457,3,13371,East Malaysia,Sabah,FPX
ORD18517,2025-12-31,Home,Desk Lamp,216,4,864,East Malaysia,Sarawak,GrabPay
ORD18518,2025-08-27,Fashion,Backpack,281,1,281,West Malaysia,Kuala Lumpur,FPX
ORD18519,2025-02-03,Home,Air Purifier,438,1,438,West Malaysia,Melaka,Credit Card
ORD18520,2025-01-23,Electronics,Smartwatch,3908,2,7816,East Malaysia,Sabah,Credit Card
ORD18521,2025-05-09,Fashion,Sunglasses,78,1,78,East Malaysia,Sarawak,FPX
ORD18522,2025-03-12,Home,Air Purifier,201,3,603,West Malaysia,Selangor,GrabPay
ORD18523,2025-12-23,Electronics,Smartphone,4321,2,8642,East Malaysia,Sarawak,GrabPay
ORD18524,2025-06-07,Electronics,Wireless Earbuds,1391,2,2782,West Malaysia,Johor,FPX
ORD18525,2025-12-26,Fashion,Sneakers,115,1,115,East Malaysia,Sarawak,TNG eWallet
ORD18526,2025-09-22,Home,Coffee Maker,519,4,2076,West Malaysia,Kuala Lumpur,FPX
ORD18527,2025-08-15,Fashion,T-Shirt,185,3,555,East Malaysia,Sarawak,FPX
ORD18528,2025-08-26,Home,Coffee Maker,236,3,708,East Malaysia,Sarawak,GrabPay
ORD18529,2025-11-26,Fashion,Sunglasses,390,1,390,East Malaysia,Sarawak,GrabPay
ORD18530,2025-10-03,Fashion,T-Shirt,373,4,1492,East Malaysia,Sabah,GrabPay
ORD18531,2025-07-27,Home,Air Purifier,685,3,2055,East Malaysia,Sabah,GrabPay
ORD18532,2025-08-04,Home,Coffee Maker,618,1,618,East Malaysia,Sarawak,Credit Card
ORD18533,2025-04-15,Fashion,Sneakers,389,2,778,West Malaysia,Melaka,GrabPay
ORD18534,2025-09-05,Home,Coffee Maker,779,2,1558,West Malaysia,Melaka,TNG eWallet
ORD18535,2025-08-17,Electronics,Wireless Earbuds,1593,4,6372,East Malaysia,Sarawak,GrabPay
ORD18536,2025-02-28,Fashion,Backpack,300,3,900,East Malaysia,Sabah,TNG eWallet
ORD18537,2025-08-08,Fashion,Sneakers,289,2,578,East Malaysia,Sarawak,FPX
ORD18538,2025-12-08,Home,Coffee Maker,267,1,267,West Malaysia,Johor,TNG eWallet
ORD18539,2025-11-07,Electronics,Wireless Earbuds,1419,1,1419,East Malaysia,Sabah,FPX
ORD18540,2025-07-10,Home,Air Purifier,303,2,606,West Malaysia,Melaka,FPX
ORD18541,2025-03-16,Home,Office Chair,521,1,521,West Malaysia,Pahang,FPX
ORD18542,2025-02-08,Fashion,Sneakers,382,3,1146,West Malaysia,Selangor,Credit Card
ORD18543,2025-02-06,Fashion,Backpack,100,2,200,West Malaysia,Selangor,FPX
ORD18544,2025-09-14,Electronics,Smartphone,1845,2,3690,East Malaysia,Sabah,Credit Card
ORD18545,2025-10-12,Fashion,Backpack,262,2,524,East Malaysia,Sarawak,Credit Card
ORD18546,2025-05-20,Electronics,Smartwatch,2195,4,8780,East Malaysia,Sabah,GrabPay
ORD18547,2025-05-12,Home,Office Chair,542,2,1084,East Malaysia,Sarawak,TNG eWallet
ORD18548,2025-09-08,Home,Air Purifier,714,3,2142,West Malaysia,Selangor,Credit Card
ORD18549,2025-05-29,Fashion,T-Shirt,77,1,77,West Malaysia,Selangor,GrabPay
ORD18550,2025-08-09,Fashion,Sunglasses,60,2,120,West Malaysia,Kuala Lumpur,GrabPay
ORD18551,2025-03-20,Fashion,Sunglasses,325,2,650,East Malaysia,Sabah,Credit Card
ORD18552,2025-09-02,Fashion,Sneakers,288,1,288,East Malaysia,Sarawak,GrabPay
ORD18553,2025-09-04,Home,Office Chair,494,1,494,West Malaysia,Selangor,TNG eWallet
ORD18554,2025-12-02,Home,Air Purifier,395,3,1185,East Malaysia,Sarawak,GrabPay
ORD18555,2025-04-28,Electronics,Laptop,499,4,1996,East Malaysia,Sarawak,GrabPay
ORD18556,2025-06-19,Home,Office Chair,477,2,954,East Malaysia,Sarawak,TNG eWallet
ORD18557,2025-11-18,Home,Air Purifier,377,4,1508,East Malaysia,Sarawak,Credit Card
ORD18558,2025-07-04,Electronics,Smartwatch,1123,2,2246,West Malaysia,Melaka,Credit Card
ORD18559,2025-11-07,Electronics,Laptop,984,1,984,West Malaysia,Selangor,FPX
ORD18560,2025-09-25,Electronics,Smartwatch,4093,2,8186,West Malaysia,Melaka,GrabPay
ORD18561,2025-03-06,Electronics,Wireless Earbuds,1695,1,1695,East Malaysia,Sarawak,FPX
ORD18562,2025-04-20,Home,Office Chair,329,4,1316,East Malaysia,Sabah,TNG eWallet
ORD18563,2025-08-27,Fashion,Backpack,67,2,134,East Malaysia,Sabah,Credit Card
ORD18564,2025-06-29,Home,Office Chair,134,3,402,East Malaysia,Sarawak,FPX
ORD18565,2025-10-11,Home,Desk Lamp,622,4,2488,East Malaysia,Sabah,GrabPay
ORD18566,2025-04-29,Fashion,Sunglasses,160,2,320,East Malaysia,Sabah,GrabPay
ORD18567,2025-11-23,Home,Coffee Maker,749,2,1498,West Malaysia,Penang,Credit Card
ORD18568,2025-11-16,Home,Air Purifier,114,4,456,West Malaysia,Selangor,Credit Card
ORD18569,2025-12-17,Electronics,Smartwatch,329,3,987,West Malaysia,Melaka,GrabPay
ORD18570,2025-01-01,Electronics,Smartphone,1248,2,2496,East Malaysia,Sarawak,GrabPay
ORD18571,2025-04-25,Home,Coffee Maker,500,2,1000,West Malaysia,Penang,Credit Card
ORD18572,2025-05-17,Fashion,Sneakers,351,1,351,West Malaysia,Melaka,TNG eWallet
ORD18573,2025-04-15,Fashion,T-Shirt,242,1,242,East Malaysia,Sabah,TNG eWallet
ORD18574,2025-02-22,Fashion,Sunglasses,179,1,179,East Malaysia,Sabah,GrabPay
ORD18575,2025-01-28,Fashion,Backpack,235,3,705,East Malaysia,Sabah,TNG eWallet
ORD18576,2025-04-28,Home,Air Purifier,643,3,1929,West Malaysia,Kuala Lumpur,Credit Card
ORD18577,2025-08-26,Fashion,Sunglasses,82,2,164,West Malaysia,Selangor,FPX
ORD18578,2025-04-27,Fashion,Sunglasses,392,4,1568,West Malaysia,Pahang,FPX
ORD18579,2025-02-21,Home,Coffee Maker,556,3,1668,West Malaysia,Penang,TNG eWallet
ORD18580,2025-05-28,Home,Coffee Maker,755,4,3020,East Malaysia,Sarawak,Credit Card
ORD18581,2025-01-05,Home,Desk Lamp,306,2,612,East Malaysia,Sarawak,FPX
ORD18582,2025-02-17,Home,Office Chair,222,1,222,West Malaysia,Kuala Lumpur,GrabPay
ORD18583,2025-07-18,Fashion,Backpack,229,2,458,West Malaysia,Pahang,TNG eWallet
ORD18584,2025-02-12,Fashion,T-Shirt,296,1,296,West Malaysia,Pahang,GrabPay
ORD18585,2025-01-09,Fashion,Sunglasses,323,2,646,East Malaysia,Sabah,TNG eWallet
ORD18586,2025-02-12,Home,Coffee Maker,664,4,2656,East Malaysia,Sabah,GrabPay
ORD18587,2025-10-27,Electronics,Smartphone,2541,1,2541,East Malaysia,Sabah,GrabPay
ORD18588,2025-09-14,Electronics,Smartwatch,4079,1,4079,West Malaysia,Penang,Credit Card
ORD18589,2025-08-07,Fashion,Backpack,83,1,83,West Malaysia,Johor,GrabPay
ORD18590,2025-04-16,Home,Air Purifier,638,1,638,West Malaysia,Johor,FPX
ORD18591,2025-04-29,Home,Office Chair,748,2,1496,West Malaysia,Melaka,Credit Card
ORD18592,2025-09-12,Fashion,Backpack,123,4,492,East Malaysia,Sabah,Credit Card
ORD18593,2025-12-08,Electronics,Wireless Earbuds,1488,4,5952,West Malaysia,Kuala Lumpur,Credit Card
ORD18594,2025-02-10,Fashion,Sunglasses,323,1,323,East Malaysia,Sarawak,GrabPay
ORD18595,2025-01-17,Electronics,Smartphone,1517,2,3034,East Malaysia,Sarawak,Credit Card
ORD18596,2025-12-20,Electronics,Smartwatch,356,3,1068,East Malaysia,Sabah,FPX
ORD18597,2025-01-22,Fashion,Sunglasses,179,1,179,East Malaysia,Sarawak,FPX
ORD18598,2025-11-01,Home,Office Chair,340,3,1020,East Malaysia,Sabah,FPX
ORD18599,2025-06-02,Home,Office Chair,386,3,1158,East Malaysia,Sabah,GrabPay
ORD18600,2025-12-18,Fashion,Backpack,237,3,711,West Malaysia,Johor,GrabPay
ORD18601,2025-10-08,Fashion,Sneakers,352,4,1408,West Malaysia,Perak,Credit Card
ORD18602,2025-05-09,Home,Coffee Maker,525,1,525,West Malaysia,Kedah,TNG eWallet
ORD18603,2025-04-27,Home,Air Purifier,520,2,1040,West Malaysia,Selangor,FPX
ORD18604,2025-05-20,Fashion,T-Shirt,263,2,526,West Malaysia,Johor,TNG eWallet
ORD18605,2025-12-16,Electronics,Smartwatch,1413,2,2826,East Malaysia,Sabah,Credit Card
ORD18606,2025-05-19,Fashion,T-Shirt,194,3,582,East Malaysia,Sabah,Credit Card
ORD18607,2025-03-28,Home,Coffee Maker,562,2,1124,West Malaysia,Kuala Lumpur,GrabPay
ORD18608,2025-01-24,Home,Desk Lamp,270,3,810,East Malaysia,Sarawak,GrabPay
ORD18609,2025-02-10,Electronics,Laptop,2892,1,2892,West Malaysia,Kedah,TNG eWallet
ORD18610,2025-01-30,Home,Desk Lamp,579,4,2316,West Malaysia,Kuala Lumpur,FPX
ORD18611,2025-02-06,Home,Air Purifier,593,2,1186,West Malaysia,Melaka,FPX
ORD18612,2025-12-01,Home,Air Purifier,750,1,750,West Malaysia,Johor,TNG eWallet
ORD18613,2025-07-07,Fashion,Backpack,317,4,1268,East Malaysia,Sarawak,Credit Card
ORD18614,2025-06-08,Electronics,Laptop,499,3,1497,East Malaysia,Sarawak,Credit Card
ORD18615,2025-04-06,Electronics,Smartphone,4184,1,4184,West Malaysia,Melaka,FPX
ORD18616,2025-11-18,Fashion,Sunglasses,159,4,636,West Malaysia,Penang,Credit Card
ORD18617,2025-01-13,Fashion,T-Shirt,74,4,296,East Malaysia,Sarawak,TNG eWallet
ORD18618,2025-06-13,Fashion,Backpack,165,4,660,East Malaysia,Sarawak,Credit Card
ORD18619,2025-06-25,Electronics,Smartwatch,2405,1,2405,East Malaysia,Sabah,Credit Card
ORD18620,2025-10-11,Electronics,Smartwatch,1808,3,5424,East Malaysia,Sarawak,GrabPay
ORD18621,2025-02-17,Electronics,Smartphone,2042,4,8168,West Malaysia,Johor,GrabPay
ORD18622,2025-02-03,Fashion,Sunglasses,376,2,752,West Malaysia,Kuala Lumpur,FPX
ORD18623,2025-01-14,Fashion,Sneakers,399,4,1596,East Malaysia,Sarawak,TNG eWallet
ORD18624,2025-07-16,Electronics,Laptop,2153,3,6459,East Malaysia,Sabah,TNG eWallet
ORD18625,2025-08-15,Electronics,Smartwatch,3471,4,13884,West Malaysia,Penang,FPX
ORD18626,2025-03-04,Home,Office Chair,732,2,1464,West Malaysia,Selangor,FPX
ORD18627,2025-02-08,Home,Desk Lamp,602,3,1806,West Malaysia,Pahang,FPX
ORD18628,2025-08-25,Fashion,Sunglasses,188,3,564,East Malaysia,Sabah,GrabPay
ORD18629,2025-08-13,Fashion,Sneakers,72,3,216,West Malaysia,Kuala Lumpur,Credit Card
ORD18630,2025-03-23,Electronics,Laptop,3860,3,11580,East Malaysia,Sarawak,FPX
ORD18631,2025-09-18,Home,Coffee Maker,221,1,221,East Malaysia,Sabah,Credit Card
ORD18632,2025-09-18,Fashion,Backpack,215,2,430,East Malaysia,Sarawak,FPX
ORD18633,2025-07-02,Fashion,T-Shirt,329,4,1316,East Malaysia,Sabah,GrabPay
ORD18634,2025-02-13,Home,Desk Lamp,620,2,1240,West Malaysia,Perak,Credit Card
ORD18635,2025-05-14,Home,Office Chair,171,1,171,West Malaysia,Kuala Lumpur,FPX
ORD18636,2025-09-20,Home,Desk Lamp,351,1,351,West Malaysia,Melaka,Credit Card
ORD18637,2025-02-25,Home,Air Purifier,589,1,589,West Malaysia,Penang,GrabPay
ORD18638,2025-12-12,Fashion,Sneakers,348,3,1044,East Malaysia,Sarawak,GrabPay
ORD18639,2025-05-10,Home,Desk Lamp,140,1,140,East Malaysia,Sabah,TNG eWallet
ORD18640,2025-01-06,Home,Air Purifier,215,4,860,East Malaysia,Sarawak,Credit Card
ORD18641,2025-10-27,Electronics,Wireless Earbuds,1003,2,2006,West Malaysia,Kedah,Credit Card
ORD18642,2025-08-06,Electronics,Laptop,2050,2,4100,East Malaysia,Sabah,Credit Card
ORD18643,2025-06-10,Electronics,Wireless Earbuds,2106,2,4212,East Malaysia,Sarawak,Credit Card
ORD18644,2025-06-07,Fashion,Sneakers,67,3,201,East Malaysia,Sarawak,TNG eWallet
ORD18645,2025-01-21,Fashion,Sneakers,362,1,362,West Malaysia,Pahang,Credit Card
ORD18646,2025-03-12,Electronics,Wireless Earbuds,1046,1,1046,West Malaysia,Pahang,FPX
ORD18647,2025-12-11,Home,Coffee Maker,655,1,655,West Malaysia,Kuala Lumpur,Credit Card
ORD18648,2025-06-01,Home,Air Purifier,325,2,650,West Malaysia,Pahang,TNG eWallet
ORD18649,2025-11-18,Electronics,Smartwatch,2875,1,2875,West Malaysia,Kuala Lumpur,FPX
ORD18650,2025-11-23,Electronics,Wireless Earbuds,3087,1,3087,West Malaysia,Melaka,Credit Card
ORD18651,2025-05-23,Home,Air Purifier,181,2,362,East Malaysia,Sabah,FPX
ORD18652,2025-07-03,Home,Air Purifier,202,4,808,East Malaysia,Sabah,TNG eWallet
ORD18653,2025-04-18,Home,Office Chair,480,1,480,West Malaysia,Melaka,Credit Card
ORD18654,2025-07-14,Fashion,Backpack,214,3,642,East Malaysia,Sarawak,Credit Card
ORD18655,2025-01-01,Electronics,Wireless Earbuds,2409,4,9636,East Malaysia,Sabah,GrabPay
ORD18656,2025-01-18,Fashion,Backpack,80,4,320,East Malaysia,Sabah,GrabPay
ORD18657,2025-01-25,Fashion,Sneakers,63,1,63,East Malaysia,Sarawak,Credit Card
ORD18658,2025-01-07,Home,Office Chair,590,4,2360,West Malaysia,Penang,TNG eWallet
ORD18659,2025-09-16,Electronics,Laptop,1267,3,3801,East Malaysia,Sabah,GrabPay
ORD18660,2025-11-12,Fashion,Sunglasses,246,3,738,West Malaysia,Selangor,FPX
ORD18661,2025-11-06,Electronics,Smartwatch,2827,3,8481,East Malaysia,Sabah,Credit Card
ORD18662,2025-07-21,Electronics,Smartphone,2273,3,6819,East Malaysia,Sabah,Credit Card
ORD18663,2025-10-04,Home,Desk Lamp,687,4,2748,West Malaysia,Penang,GrabPay
ORD18664,2025-01-13,Home,Office Chair,580,3,1740,East Malaysia,Sabah,GrabPay
ORD18665,2025-03-25,Home,Air Purifier,391,1,391,East Malaysia,Sabah,GrabPay
ORD18666,2025-06-01,Home,Office Chair,549,2,1098,East Malaysia,Sabah,TNG eWallet
ORD18667,2025-01-05,Home,Coffee Maker,220,1,220,West Malaysia,Perak,GrabPay
ORD18668,2025-05-10,Home,Coffee Maker,625,2,1250,West Malaysia,Perak,TNG eWallet
ORD18669,2025-12-07,Home,Coffee Maker,431,2,862,East Malaysia,Sabah,GrabPay
ORD18670,2025-08-24,Home,Coffee Maker,603,1,603,West Malaysia,Melaka,FPX
ORD18671,2025-05-28,Home,Air Purifier,431,2,862,West Malaysia,Melaka,GrabPay
ORD18672,2025-04-26,Fashion,Sunglasses,142,4,568,East Malaysia,Sarawak,GrabPay
ORD18673,2025-06-13,Home,Air Purifier,553,1,553,West Malaysia,Melaka,GrabPay
ORD18674,2025-09-19,Electronics,Smartphone,415,1,415,West Malaysia,Selangor,Credit Card
ORD18675,2025-06-10,Electronics,Smartwatch,1257,3,3771,West Malaysia,Johor,TNG eWallet
ORD18676,2025-11-06,Electronics,Smartwatch,2203,3,6609,West Malaysia,Melaka,TNG eWallet
ORD18677,2025-07-11,Home,Air Purifier,570,2,1140,East Malaysia,Sabah,GrabPay
ORD18678,2025-10-11,Electronics,Wireless Earbuds,2858,4,11432,West Malaysia,Selangor,FPX
ORD18679,2025-03-31,Electronics,Smartphone,1237,4,4948,East Malaysia,Sarawak,GrabPay
ORD18680,2025-05-07,Home,Coffee Maker,306,2,612,East Malaysia,Sabah,TNG eWallet
ORD18681,2025-04-30,Fashion,T-Shirt,368,3,1104,West Malaysia,Kuala Lumpur,FPX
ORD18682,2025-05-15,Home,Air Purifier,430,1,430,East Malaysia,Sarawak,FPX
ORD18683,2025-11-23,Electronics,Laptop,2640,4,10560,East Malaysia,Sabah,FPX
ORD18684,2025-11-24,Fashion,Sneakers,348,1,348,East Malaysia,Sarawak,GrabPay
ORD18685,2025-09-19,Fashion,Sunglasses,147,2,294,East Malaysia,Sarawak,FPX
ORD18686,2025-03-06,Electronics,Wireless Earbuds,2474,4,9896,West Malaysia,Perak,FPX
ORD18687,2025-08-17,Home,Desk Lamp,704,4,2816,West Malaysia,Kuala Lumpur,FPX
ORD18688,2025-07-26,Fashion,T-Shirt,386,1,386,East Malaysia,Sarawak,Credit Card
ORD18689,2025-08-02,Home,Coffee Maker,674,4,2696,West Malaysia,Melaka,Credit Card
ORD18690,2025-02-12,Fashion,Sneakers,275,2,550,West Malaysia,Penang,GrabPay
ORD18691,2025-10-11,Fashion,Sunglasses,220,1,220,East Malaysia,Sarawak,Credit Card
ORD18692,2025-06-11,Electronics,Smartphone,2832,4,11328,West Malaysia,Melaka,Credit Card
ORD18693,2025-04-11,Electronics,Smartwatch,3304,4,13216,West Malaysia,Selangor,FPX
ORD18694,2025-04-01,Electronics,Laptop,3302,3,9906,West Malaysia,Johor,Credit Card
ORD18695,2025-02-28,Home,Coffee Maker,418,3,1254,West Malaysia,Penang,Credit Card
ORD18696,2025-02-18,Electronics,Laptop,4412,2,8824,East Malaysia,Sabah,Credit Card
ORD18697,2025-02-10,Fashion,Sunglasses,381,1,381,West Malaysia,Pahang,Credit Card
ORD18698,2025-09-15,Fashion,Backpack,112,4,448,East Malaysia,Sabah,TNG eWallet
ORD18699,2025-08-30,Fashion,Sunglasses,351,4,1404,West Malaysia,Kedah,Credit Card
ORD18700,2025-12-02,Electronics,Laptop,2168,3,6504,West Malaysia,Kedah,GrabPay
ORD18701,2025-11-18,Fashion,Sunglasses,224,1,224,West Malaysia,Johor,GrabPay
ORD18702,2025-03-14,Fashion,Backpack,218,4,872,East Malaysia,Sarawak,Credit Card
ORD18703,2025-08-27,Electronics,Wireless Earbuds,3538,4,14152,West Malaysia,Pahang,FPX
ORD18704,2025-11-01,Home,Coffee Maker,766,3,2298,East Malaysia,Sarawak,FPX
ORD18705,2025-09-15,Fashion,Sunglasses,190,3,570,West Malaysia,Kedah,GrabPay
ORD18706,2025-01-22,Home,Desk Lamp,686,1,686,East Malaysia,Sarawak,FPX
ORD18707,2025-07-11,Fashion,Backpack,227,2,454,East Malaysia,Sarawak,GrabPay
ORD18708,2025-01-08,Home,Coffee Maker,755,2,1510,East Malaysia,Sabah,GrabPay
ORD18709,2025-02-23,Electronics,Laptop,667,3,2001,East Malaysia,Sabah,Credit Card
ORD18710,2025-08-27,Electronics,Smartphone,987,1,987,West Malaysia,Kedah,Credit Card
ORD18711,2025-01-14,Home,Coffee Maker,610,2,1220,East Malaysia,Sarawak,GrabPay
ORD18712,2025-01-30,Fashion,Sneakers,387,4,1548,West Malaysia,Kuala Lumpur,Credit Card
ORD18713,2025-03-27,Electronics,Wireless Earbuds,1295,2,2590,West Malaysia,Kedah,FPX
ORD18714,2025-03-16,Electronics,Smartwatch,3468,1,3468,West Malaysia,Johor,GrabPay
ORD18715,2025-11-10,Fashion,T-Shirt,374,2,748,West Malaysia,Penang,FPX
ORD18716,2025-04-07,Home,Coffee Maker,598,3,1794,West Malaysia,Selangor,Credit Card
ORD18717,2025-05-15,Home,Coffee Maker,557,3,1671,East Malaysia,Sarawak,FPX
ORD18718,2025-12-15,Fashion,Sunglasses,261,4,1044,East Malaysia,Sabah,TNG eWallet
ORD18719,2025-03-19,Electronics,Smartphone,3315,3,9945,East Malaysia,Sabah,GrabPay
ORD18720,2025-09-26,Home,Desk Lamp,599,1,599,West Malaysia,Selangor,Credit Card
ORD18721,2025-01-18,Home,Desk Lamp,450,3,1350,West Malaysia,Penang,Credit Card
ORD18722,2025-07-24,Electronics,Wireless Earbuds,3170,1,3170,West Malaysia,Perak,GrabPay
ORD18723,2025-05-25,Fashion,T-Shirt,304,2,608,East Malaysia,Sabah,GrabPay
ORD18724,2025-07-05,Electronics,Smartphone,2486,3,7458,East Malaysia,Sarawak,Credit Card
ORD18725,2025-09-06,Fashion,Sunglasses,298,4,1192,East Malaysia,Sarawak,GrabPay
ORD18726,2025-05-26,Home,Desk Lamp,629,3,1887,West Malaysia,Pahang,FPX
ORD18727,2025-12-26,Home,Coffee Maker,626,4,2504,East Malaysia,Sarawak,TNG eWallet
ORD18728,2025-04-09,Electronics,Smartphone,3110,3,9330,West Malaysia,Perak,FPX
ORD18729,2025-08-25,Electronics,Smartwatch,2581,3,7743,West Malaysia,Melaka,TNG eWallet
ORD18730,2025-10-23,Home,Desk Lamp,762,3,2286,East Malaysia,Sabah,TNG eWallet
ORD18731,2025-09-17,Home,Air Purifier,430,4,1720,West Malaysia,Perak,FPX
ORD18732,2025-01-17,Electronics,Smartphone,588,4,2352,East Malaysia,Sarawak,GrabPay
ORD18733,2025-06-15,Home,Coffee Maker,569,3,1707,East Malaysia,Sarawak,FPX
ORD18734,2025-07-24,Electronics,Laptop,3611,1,3611,East Malaysia,Sabah,GrabPay
ORD18735,2025-09-05,Electronics,Smartphone,1467,2,2934,East Malaysia,Sarawak,GrabPay
ORD18736,2025-12-10,Electronics,Smartwatch,707,4,2828,West Malaysia,Melaka,TNG eWallet
ORD18737,2025-04-01,Fashion,Sunglasses,324,1,324,West Malaysia,Pahang,FPX
ORD18738,2025-11-21,Home,Office Chair,456,1,456,East Malaysia,Sarawak,TNG eWallet
ORD18739,2025-05-23,Home,Office Chair,474,2,948,West Malaysia,Melaka,GrabPay
ORD18740,2025-01-31,Home,Coffee Maker,138,2,276,West Malaysia,Penang,GrabPay
ORD18741,2025-11-26,Electronics,Laptop,3014,4,12056,West Malaysia,Pahang,GrabPay
ORD18742,2025-11-03,Fashion,Sneakers,91,2,182,West Malaysia,Kuala Lumpur,Credit Card
ORD18743,2025-03-21,Home,Office Chair,195,2,390,East Malaysia,Sarawak,GrabPay
ORD18744,2025-08-14,Electronics,Wireless Earbuds,2254,3,6762,West Malaysia,Johor,Credit Card
ORD18745,2025-06-19,Electronics,Laptop,2892,4,11568,West Malaysia,Perak,Credit Card
ORD18746,2025-05-08,Electronics,Smartphone,1419,3,4257,East Malaysia,Sarawak,TNG eWallet
ORD18747,2025-02-18,Fashion,T-Shirt,94,1,94,West Malaysia,Johor,GrabPay
ORD18748,2025-04-19,Fashion,Sneakers,176,4,704,East Malaysia,Sabah,Credit Card
ORD18749,2025-10-04,Home,Air Purifier,791,2,1582,West Malaysia,Kuala Lumpur,GrabPay
ORD18750,2025-11-12,Fashion,Backpack,300,1,300,East Malaysia,Sarawak,GrabPay
ORD18751,2025-06-01,Home,Desk Lamp,587,2,1174,East Malaysia,Sabah,FPX
ORD18752,2025-09-19,Fashion,Sunglasses,180,2,360,East Malaysia,Sabah,GrabPay
ORD18753,2025-07-16,Home,Office Chair,246,1,246,East Malaysia,Sabah,TNG eWallet
ORD18754,2025-01-03,Home,Air Purifier,188,2,376,East Malaysia,Sarawak,GrabPay
ORD18755,2025-08-27,Fashion,T-Shirt,203,3,609,East Malaysia,Sabah,GrabPay
ORD18756,2025-03-22,Fashion,Backpack,153,2,306,East Malaysia,Sabah,TNG eWallet
ORD18757,2025-03-03,Home,Air Purifier,281,3,843,East Malaysia,Sarawak,GrabPay
ORD18758,2025-05-31,Electronics,Smartwatch,954,1,954,West Malaysia,Melaka,TNG eWallet
ORD18759,2025-08-28,Home,Desk Lamp,380,4,1520,East Malaysia,Sarawak,Credit Card
ORD18760,2025-11-01,Home,Coffee Maker,286,4,1144,West Malaysia,Kuala Lumpur,GrabPay
ORD18761,2025-07-15,Electronics,Smartphone,1206,1,1206,East Malaysia,Sabah,FPX
ORD18762,2025-12-09,Fashion,Backpack,209,3,627,West Malaysia,Perak,TNG eWallet
ORD18763,2025-11-22,Electronics,Smartwatch,3856,2,7712,East Malaysia,Sabah,FPX
ORD18764,2025-04-25,Home,Coffee Maker,692,3,2076,West Malaysia,Penang,GrabPay
ORD18765,2025-02-10,Fashion,Sunglasses,280,4,1120,West Malaysia,Pahang,TNG eWallet
ORD18766,2025-09-03,Electronics,Wireless Earbuds,453,1,453,West Malaysia,Perak,GrabPay
ORD18767,2025-08-02,Home,Desk Lamp,416,4,1664,East Malaysia,Sarawak,GrabPay
ORD18768,2025-04-30,Home,Coffee Maker,326,4,1304,East Malaysia,Sarawak,FPX
ORD18769,2025-10-03,Fashion,Sneakers,71,2,142,West Malaysia,Melaka,FPX
ORD18770,2025-10-26,Electronics,Smartphone,1931,1,1931,West Malaysia,Penang,FPX
ORD18771,2025-02-05,Home,Office Chair,189,4,756,East Malaysia,Sarawak,GrabPay
ORD18772,2025-02-27,Fashion,T-Shirt,366,4,1464,West Malaysia,Pahang,TNG eWallet
ORD18773,2025-11-17,Electronics,Laptop,3466,4,13864,East Malaysia,Sabah,FPX
ORD18774,2025-08-29,Home,Desk Lamp,778,2,1556,West Malaysia,Penang,FPX
ORD18775,2025-01-17,Fashion,Sunglasses,215,3,645,West Malaysia,Selangor,FPX
ORD18776,2025-05-21,Fashion,Backpack,266,2,532,West Malaysia,Kedah,Credit Card
ORD18777,2025-04-29,Electronics,Wireless Earbuds,2355,4,9420,West Malaysia,Perak,GrabPay
ORD18778,2025-08-15,Electronics,Wireless Earbuds,2320,1,2320,West Malaysia,Perak,Credit Card
ORD18779,2025-04-11,Home,Office Chair,789,3,2367,East Malaysia,Sarawak,FPX
ORD18780,2025-06-06,Electronics,Smartwatch,3476,1,3476,West Malaysia,Pahang,TNG eWallet
ORD18781,2025-09-22,Electronics,Smartwatch,3801,3,11403,West Malaysia,Kedah,TNG eWallet
ORD18782,2025-11-26,Home,Desk Lamp,115,2,230,East Malaysia,Sarawak,Credit Card
ORD18783,2025-11-18,Electronics,Smartwatch,1749,4,6996,East Malaysia,Sarawak,FPX
ORD18784,2025-06-02,Home,Coffee Maker,172,4,688,West Malaysia,Kedah,GrabPay
ORD18785,2025-03-28,Home,Office Chair,123,2,246,West Malaysia,Pahang,GrabPay
ORD18786,2025-06-28,Fashion,Backpack,190,1,190,East Malaysia,Sabah,TNG eWallet
ORD18787,2025-04-12,Fashion,T-Shirt,120,4,480,West Malaysia,Pahang,TNG eWallet
ORD18788,2025-09-13,Electronics,Smartphone,4097,2,8194,West Malaysia,Kedah,Credit Card
ORD18789,2025-12-29,Fashion,Sneakers,126,1,126,West Malaysia,Kedah,TNG eWallet
ORD18790,2025-10-12,Electronics,Laptop,4137,4,16548,West Malaysia,Johor,GrabPay
ORD18791,2025-03-12,Home,Office Chair,782,4,3128,East Malaysia,Sarawak,TNG eWallet
ORD18792,2025-12-14,Fashion,Sunglasses,115,2,230,West Malaysia,Johor,TNG eWallet
ORD18793,2025-10-17,Electronics,Smartwatch,1726,2,3452,West Malaysia,Kedah,TNG eWallet
ORD18794,2025-04-26,Electronics,Laptop,339,1,339,East Malaysia,Sabah,TNG eWallet
ORD18795,2025-10-18,Electronics,Smartwatch,1851,3,5553,West Malaysia,Kedah,FPX
ORD18796,2025-06-19,Home,Air Purifier,219,3,657,East Malaysia,Sarawak,Credit Card
ORD18797,2025-10-11,Fashion,Backpack,221,3,663,East Malaysia,Sarawak,Credit Card
ORD18798,2025-05-18,Fashion,T-Shirt,307,2,614,West Malaysia,Pahang,TNG eWallet
ORD18799,2025-02-09,Electronics,Smartwatch,2642,1,2642,East Malaysia,Sarawak,FPX
ORD18800,2025-05-30,Electronics,Smartwatch,1703,1,1703,East Malaysia,Sarawak,GrabPay
ORD18801,2025-11-26,Home,Air Purifier,481,4,1924,East Malaysia,Sabah,GrabPay
ORD18802,2025-07-21,Electronics,Wireless Earbuds,2936,1,2936,West Malaysia,Perak,TNG eWallet
ORD18803,2025-12-28,Electronics,Smartphone,4095,2,8190,East Malaysia,Sarawak,TNG eWallet
ORD18804,2025-12-20,Home,Desk Lamp,233,4,932,East Malaysia,Sabah,GrabPay
ORD18805,2025-06-04,Electronics,Smartwatch,4389,4,17556,East Malaysia,Sabah,GrabPay
ORD18806,2025-03-05,Fashion,T-Shirt,208,2,416,West Malaysia,Penang,TNG eWallet
ORD18807,2025-07-07,Home,Coffee Maker,692,2,1384,West Malaysia,Penang,TNG eWallet
ORD18808,2025-08-16,Electronics,Wireless Earbuds,455,2,910,East Malaysia,Sabah,GrabPay
ORD18809,2025-11-01,Home,Desk Lamp,295,1,295,East Malaysia,Sarawak,GrabPay
ORD18810,2025-09-13,Fashion,Backpack,138,4,552,East Malaysia,Sabah,FPX
ORD18811,2025-03-26,Fashion,T-Shirt,382,1,382,West Malaysia,Melaka,Credit Card
ORD18812,2025-09-30,Fashion,Backpack,373,4,1492,West Malaysia,Perak,FPX
ORD18813,2025-02-26,Home,Office Chair,689,3,2067,East Malaysia,Sabah,TNG eWallet
ORD18814,2025-07-26,Fashion,Backpack,324,2,648,East Malaysia,Sabah,Credit Card
ORD18815,2025-08-28,Home,Air Purifier,494,1,494,West Malaysia,Melaka,GrabPay
ORD18816,2025-02-06,Fashion,Sunglasses,228,3,684,East Malaysia,Sarawak,Credit Card
ORD18817,2025-08-08,Electronics,Smartwatch,4367,1,4367,West Malaysia,Kuala Lumpur,TNG eWallet
ORD18818,2025-11-22,Home,Office Chair,668,2,1336,East Malaysia,Sabah,GrabPay
ORD18819,2025-03-15,Fashion,Sneakers,186,4,744,West Malaysia,Johor,TNG eWallet
ORD18820,2025-03-06,Electronics,Smartphone,2666,2,5332,East Malaysia,Sabah,TNG eWallet
ORD18821,2025-07-26,Fashion,Sunglasses,245,3,735,East Malaysia,Sabah,Credit Card
ORD18822,2025-03-10,Electronics,Wireless Earbuds,2216,1,2216,East Malaysia,Sabah,FPX
ORD18823,2025-12-23,Fashion,Sunglasses,384,4,1536,East Malaysia,Sarawak,Credit Card
ORD18824,2025-02-23,Home,Office Chair,371,3,1113,West Malaysia,Perak,Credit Card
ORD18825,2025-02-23,Home,Desk Lamp,633,2,1266,East Malaysia,Sabah,TNG eWallet
ORD18826,2025-03-22,Electronics,Smartwatch,2631,3,7893,West Malaysia,Perak,TNG eWallet
ORD18827,2025-11-01,Fashion,T-Shirt,154,1,154,West Malaysia,Melaka,FPX
ORD18828,2025-03-30,Home,Air Purifier,756,3,2268,East Malaysia,Sarawak,TNG eWallet
ORD18829,2025-05-13,Fashion,T-Shirt,302,3,906,West Malaysia,Melaka,GrabPay
ORD18830,2025-12-31,Electronics,Smartphone,2822,1,2822,West Malaysia,Selangor,TNG eWallet
ORD18831,2025-02-10,Home,Coffee Maker,103,2,206,East Malaysia,Sarawak,TNG eWallet
ORD18832,2025-06-18,Electronics,Laptop,4213,1,4213,East Malaysia,Sabah,TNG eWallet
ORD18833,2025-07-24,Home,Air Purifier,360,4,1440,West Malaysia,Kuala Lumpur,Credit Card
ORD18834,2025-08-24,Electronics,Wireless Earbuds,2106,1,2106,East Malaysia,Sarawak,Credit Card
ORD18835,2025-07-25,Electronics,Laptop,2373,3,7119,East Malaysia,Sabah,Credit Card
ORD18836,2025-08-04,Electronics,Laptop,1554,2,3108,West Malaysia,Penang,Credit Card
ORD18837,2025-09-28,Home,Desk Lamp,209,3,627,East Malaysia,Sarawak,Credit Card
ORD18838,2025-10-01,Fashion,Backpack,328,4,1312,East Malaysia,Sabah,Credit Card
ORD18839,2025-05-05,Home,Desk Lamp,258,4,1032,West Malaysia,Kedah,GrabPay
ORD18840,2025-07-04,Fashion,Sunglasses,322,1,322,West Malaysia,Penang,TNG eWallet
ORD18841,2025-08-27,Fashion,Backpack,156,2,312,East Malaysia,Sarawak,Credit Card
ORD18842,2025-12-04,Fashion,T-Shirt,74,4,296,West Malaysia,Perak,GrabPay
ORD18843,2025-12-25,Electronics,Laptop,2907,3,8721,West Malaysia,Melaka,GrabPay
ORD18844,2025-03-14,Fashion,Sneakers,293,1,293,East Malaysia,Sarawak,TNG eWallet
ORD18845,2025-04-03,Home,Desk Lamp,226,1,226,West Malaysia,Selangor,TNG eWallet
ORD18846,2025-03-19,Electronics,Smartwatch,4196,2,8392,East Malaysia,Sabah,FPX
ORD18847,2025-02-03,Home,Air Purifier,701,2,1402,West Malaysia,Penang,TNG eWallet
ORD18848,2025-01-21,Home,Office Chair,309,2,618,East Malaysia,Sabah,TNG eWallet
ORD18849,2025-09-19,Fashion,Sunglasses,250,1,250,East Malaysia,Sabah,GrabPay
ORD18850,2025-01-31,Fashion,T-Shirt,327,2,654,East Malaysia,Sabah,Credit Card
ORD18851,2025-09-07,Electronics,Laptop,1876,2,3752,West Malaysia,Selangor,TNG eWallet
ORD18852,2025-09-22,Electronics,Smartwatch,4342,4,17368,East Malaysia,Sabah,GrabPay
ORD18853,2025-01-11,Fashion,Sneakers,393,3,1179,East Malaysia,Sarawak,Credit Card
ORD18854,2025-04-19,Fashion,Sneakers,394,2,788,West Malaysia,Kedah,GrabPay
ORD18855,2025-05-16,Home,Air Purifier,365,4,1460,West Malaysia,Melaka,TNG eWallet
ORD18856,2025-11-16,Home,Desk Lamp,536,4,2144,East Malaysia,Sarawak,Credit Card
ORD18857,2025-08-22,Electronics,Smartphone,3726,1,3726,East Malaysia,Sarawak,FPX
ORD18858,2025-03-26,Fashion,Sunglasses,66,3,198,West Malaysia,Johor,FPX
ORD18859,2025-04-08,Home,Air Purifier,115,2,230,West Malaysia,Perak,GrabPay
ORD18860,2025-09-26,Home,Desk Lamp,727,2,1454,East Malaysia,Sarawak,FPX
ORD18861,2025-04-05,Fashion,T-Shirt,222,4,888,West Malaysia,Selangor,FPX
ORD18862,2025-11-09,Fashion,T-Shirt,129,1,129,East Malaysia,Sarawak,GrabPay
ORD18863,2025-10-18,Electronics,Smartwatch,3073,3,9219,West Malaysia,Kedah,FPX
ORD18864,2025-09-03,Fashion,Backpack,349,2,698,West Malaysia,Perak,TNG eWallet
ORD18865,2025-03-08,Electronics,Smartwatch,2886,3,8658,East Malaysia,Sarawak,FPX
ORD18866,2025-06-03,Electronics,Laptop,922,4,3688,East Malaysia,Sarawak,FPX
ORD18867,2025-12-02,Home,Office Chair,452,4,1808,West Malaysia,Kuala Lumpur,Credit Card
ORD18868,2025-08-28,Home,Air Purifier,316,1,316,East Malaysia,Sarawak,FPX
ORD18869,2025-05-03,Home,Desk Lamp,752,1,752,East Malaysia,Sarawak,FPX
ORD18870,2025-04-19,Electronics,Laptop,923,2,1846,East Malaysia,Sarawak,GrabPay
ORD18871,2025-07-06,Electronics,Smartwatch,4016,4,16064,West Malaysia,Selangor,GrabPay
ORD18872,2025-04-12,Home,Office Chair,412,3,1236,East Malaysia,Sabah,Credit Card
ORD18873,2025-10-22,Home,Desk Lamp,214,2,428,West Malaysia,Penang,GrabPay
ORD18874,2025-09-26,Electronics,Wireless Earbuds,3946,3,11838,East Malaysia,Sabah,Credit Card
ORD18875,2025-10-04,Fashion,Sunglasses,152,3,456,East Malaysia,Sarawak,Credit Card
ORD18876,2025-03-21,Home,Office Chair,738,2,1476,West Malaysia,Selangor,FPX
ORD18877,2025-07-31,Electronics,Wireless Earbuds,3930,2,7860,East Malaysia,Sabah,FPX
ORD18878,2025-05-29,Home,Desk Lamp,249,4,996,East Malaysia,Sabah,Credit Card
ORD18879,2025-03-31,Home,Desk Lamp,379,2,758,West Malaysia,Perak,FPX
ORD18880,2025-04-22,Fashion,Sneakers,79,4,316,East Malaysia,Sarawak,GrabPay
ORD18881,2025-05-09,Electronics,Wireless Earbuds,3205,2,6410,West Malaysia,Melaka,Credit Card
ORD18882,2025-05-19,Home,Office Chair,460,3,1380,East Malaysia,Sarawak,TNG eWallet
ORD18883,2025-01-24,Home,Air Purifier,222,1,222,West Malaysia,Kuala Lumpur,FPX
ORD18884,2025-09-18,Fashion,Backpack,231,1,231,West Malaysia,Selangor,TNG eWallet
ORD18885,2025-10-21,Home,Coffee Maker,675,4,2700,West Malaysia,Perak,FPX
ORD18886,2025-12-29,Home,Office Chair,455,3,1365,East Malaysia,Sarawak,GrabPay
ORD18887,2025-03-09,Home,Air Purifier,339,3,1017,West Malaysia,Kuala Lumpur,TNG eWallet
ORD18888,2025-06-16,Home,Office Chair,625,2,1250,West Malaysia,Penang,Credit Card
ORD18889,2025-08-02,Home,Office Chair,628,1,628,East Malaysia,Sarawak,GrabPay
ORD18890,2025-12-06,Home,Coffee Maker,135,4,540,West Malaysia,Selangor,FPX
ORD18891,2025-02-18,Home,Office Chair,461,2,922,East Malaysia,Sabah,TNG eWallet
ORD18892,2025-09-26,Electronics,Laptop,4429,2,8858,East Malaysia,Sarawak,TNG eWallet
ORD18893,2025-04-23,Home,Coffee Maker,207,2,414,West Malaysia,Kuala Lumpur,GrabPay
ORD18894,2025-07-28,Electronics,Smartwatch,1518,2,3036,West Malaysia,Pahang,TNG eWallet
ORD18895,2025-10-07,Home,Air Purifier,440,3,1320,East Malaysia,Sarawak,Credit Card
ORD18896,2025-02-26,Home,Air Purifier,451,4,1804,West Malaysia,Penang,Credit Card
ORD18897,2025-03-05,Electronics,Laptop,649,3,1947,West Malaysia,Perak,FPX
ORD18898,2025-07-07,Home,Desk Lamp,708,2,1416,East Malaysia,Sarawak,TNG eWallet
ORD18899,2025-03-18,Home,Air Purifier,256,1,256,East Malaysia,Sabah,FPX
ORD18900,2025-09-12,Home,Air Purifier,164,4,656,West Malaysia,Kuala Lumpur,FPX
ORD18901,2025-03-24,Fashion,Backpack,284,4,1136,West Malaysia,Penang,GrabPay
ORD18902,2025-08-04,Home,Office Chair,210,4,840,West Malaysia,Melaka,Credit Card
ORD18903,2025-09-09,Electronics,Smartphone,3644,1,3644,West Malaysia,Melaka,Credit Card
ORD18904,2025-11-10,Electronics,Wireless Earbuds,746,3,2238,West Malaysia,Selangor,Credit Card
ORD18905,2025-09-26,Electronics,Smartphone,1787,1,1787,West Malaysia,Kuala Lumpur,GrabPay
ORD18906,2025-02-17,Electronics,Smartwatch,3091,4,12364,East Malaysia,Sarawak,FPX
ORD18907,2025-03-20,Electronics,Laptop,2999,2,5998,West Malaysia,Kuala Lumpur,FPX
ORD18908,2025-03-01,Home,Air Purifier,253,2,506,East Malaysia,Sabah,TNG eWallet
ORD18909,2025-06-20,Fashion,Backpack,211,4,844,East Malaysia,Sarawak,GrabPay
ORD18910,2025-01-29,Electronics,Smartphone,964,3,2892,West Malaysia,Perak,TNG eWallet
ORD18911,2025-08-28,Home,Office Chair,752,4,3008,West Malaysia,Selangor,Credit Card
ORD18912,2025-03-16,Home,Air Purifier,523,4,2092,West Malaysia,Melaka,FPX
ORD18913,2025-09-18,Electronics,Wireless Earbuds,982,1,982,West Malaysia,Pahang,FPX
ORD18914,2025-09-15,Home,Coffee Maker,416,3,1248,East Malaysia,Sabah,GrabPay
ORD18915,2025-12-31,Electronics,Smartphone,1367,1,1367,West Malaysia,Perak,Credit Card
ORD18916,2025-09-05,Electronics,Laptop,3763,1,3763,West Malaysia,Pahang,TNG eWallet
ORD18917,2025-01-18,Fashion,Backpack,247,4,988,East Malaysia,Sabah,GrabPay
ORD18918,2025-12-18,Home,Air Purifier,773,1,773,East Malaysia,Sabah,GrabPay
ORD18919,2025-10-26,Electronics,Smartphone,1278,4,5112,West Malaysia,Pahang,Credit Card
ORD18920,2025-10-24,Home,Desk Lamp,733,4,2932,East Malaysia,Sabah,FPX
ORD18921,2025-04-21,Fashion,T-Shirt,332,1,332,East Malaysia,Sarawak,Credit Card
ORD18922,2025-07-10,Home,Desk Lamp,218,3,654,East Malaysia,Sarawak,GrabPay
ORD18923,2025-12-03,Fashion,Backpack,99,4,396,East Malaysia,Sabah,FPX
ORD18924,2025-01-24,Electronics,Laptop,2596,1,2596,West Malaysia,Selangor,Credit Card
ORD18925,2025-04-08,Electronics,Smartphone,3829,4,15316,West Malaysia,Penang,Credit Card
ORD18926,2025-02-19,Electronics,Smartwatch,2883,2,5766,East Malaysia,Sabah,GrabPay
ORD18927,2025-09-26,Home,Air Purifier,358,2,716,East Malaysia,Sarawak,TNG eWallet
ORD18928,2025-12-13,Electronics,Smartwatch,2763,1,2763,East Malaysia,Sarawak,FPX
ORD18929,2025-11-11,Home,Desk Lamp,526,4,2104,East Malaysia,Sarawak,GrabPay
ORD18930,2025-12-09,Home,Desk Lamp,598,1,598,West Malaysia,Melaka,TNG eWallet
ORD18931,2025-08-28,Home,Office Chair,770,1,770,West Malaysia,Pahang,TNG eWallet
ORD18932,2025-07-28,Electronics,Smartphone,2554,3,7662,West Malaysia,Penang,FPX
ORD18933,2025-05-23,Home,Desk Lamp,780,4,3120,West Malaysia,Kuala Lumpur,Credit Card
ORD18934,2025-06-26,Electronics,Laptop,752,1,752,West Malaysia,Penang,Credit Card
ORD18935,2025-08-09,Electronics,Smartphone,3031,3,9093,West Malaysia,Melaka,Credit Card
ORD18936,2025-01-12,Home,Air Purifier,582,1,582,West Malaysia,Johor,TNG eWallet
ORD18937,2025-12-31,Electronics,Wireless Earbuds,4429,1,4429,West Malaysia,Johor,FPX
ORD18938,2025-04-19,Electronics,Smartphone,2092,4,8368,West Malaysia,Melaka,FPX
ORD18939,2025-08-20,Fashion,Sneakers,63,1,63,West Malaysia,Selangor,GrabPay
ORD18940,2025-01-27,Electronics,Wireless Earbuds,1798,2,3596,East Malaysia,Sabah,Credit Card
ORD18941,2025-12-16,Home,Coffee Maker,313,4,1252,East Malaysia,Sarawak,Credit Card
ORD18942,2025-03-08,Fashion,Backpack,297,4,1188,East Malaysia,Sarawak,Credit Card
ORD18943,2025-10-26,Electronics,Smartphone,382,1,382,East Malaysia,Sarawak,TNG eWallet
ORD18944,2025-06-10,Fashion,Backpack,57,2,114,East Malaysia,Sarawak,Credit Card
ORD18945,2025-08-01,Electronics,Laptop,810,4,3240,East Malaysia,Sabah,Credit Card
ORD18946,2025-02-03,Home,Desk Lamp,439,4,1756,East Malaysia,Sabah,FPX
ORD18947,2025-01-02,Electronics,Laptop,1917,1,1917,West Malaysia,Melaka,TNG eWallet
ORD18948,2025-06-17,Fashion,Backpack,312,4,1248,West Malaysia,Pahang,TNG eWallet
ORD18949,2025-06-06,Fashion,T-Shirt,86,1,86,West Malaysia,Johor,GrabPay
ORD18950,2025-04-16,Fashion,T-Shirt,301,1,301,West Malaysia,Perak,FPX
ORD18951,2025-03-11,Fashion,Sneakers,298,1,298,West Malaysia,Kedah,TNG eWallet
ORD18952,2025-04-03,Fashion,T-Shirt,172,2,344,West Malaysia,Kuala Lumpur,FPX
ORD18953,2025-10-19,Home,Office Chair,257,2,514,West Malaysia,Kedah,GrabPay
ORD18954,2025-05-10,Electronics,Smartwatch,2731,4,10924,East Malaysia,Sarawak,GrabPay
ORD18955,2025-10-10,Electronics,Smartphone,594,2,1188,West Malaysia,Pahang,TNG eWallet
ORD18956,2025-05-15,Electronics,Smartwatch,3044,4,12176,West Malaysia,Perak,GrabPay
ORD18957,2025-05-15,Home,Coffee Maker,712,1,712,East Malaysia,Sabah,TNG eWallet
ORD18958,2025-05-10,Home,Air Purifier,282,3,846,West Malaysia,Kuala Lumpur,FPX
ORD18959,2025-03-14,Home,Desk Lamp,418,3,1254,West Malaysia,Selangor,TNG eWallet
ORD18960,2025-12-03,Home,Air Purifier,331,1,331,East Malaysia,Sarawak,GrabPay
ORD18961,2025-07-21,Home,Coffee Maker,153,2,306,West Malaysia,Selangor,TNG eWallet
ORD18962,2025-10-03,Electronics,Smartwatch,1526,1,1526,East Malaysia,Sarawak,Credit Card
ORD18963,2025-09-21,Electronics,Smartphone,2366,1,2366,West Malaysia,Melaka,FPX
ORD18964,2025-04-25,Fashion,Backpack,81,2,162,East Malaysia,Sabah,Credit Card
ORD18965,2025-05-13,Home,Office Chair,348,2,696,West Malaysia,Selangor,Credit Card
ORD18966,2025-02-06,Home,Coffee Maker,227,1,227,West Malaysia,Kedah,TNG eWallet
ORD18967,2025-08-12,Fashion,Backpack,74,3,222,West Malaysia,Johor,TNG eWallet
ORD18968,2025-04-25,Fashion,Sunglasses,65,3,195,East Malaysia,Sabah,GrabPay
ORD18969,2025-12-10,Electronics,Wireless Earbuds,2334,4,9336,East Malaysia,Sabah,Credit Card
ORD18970,2025-12-11,Home,Coffee Maker,778,3,2334,East Malaysia,Sabah,Credit Card
ORD18971,2025-02-27,Home,Coffee Maker,517,3,1551,West Malaysia,Kedah,FPX
ORD18972,2025-07-20,Fashion,Sunglasses,289,2,578,East Malaysia,Sarawak,Credit Card
ORD18973,2025-10-10,Home,Air Purifier,213,1,213,West Malaysia,Johor,TNG eWallet
ORD18974,2025-11-05,Fashion,Sunglasses,297,1,297,West Malaysia,Penang,FPX
ORD18975,2025-03-01,Electronics,Laptop,2148,2,4296,West Malaysia,Perak,Credit Card
ORD18976,2025-09-27,Home,Coffee Maker,623,3,1869,East Malaysia,Sarawak,GrabPay
ORD18977,2025-12-01,Home,Coffee Maker,298,3,894,East Malaysia,Sarawak,Credit Card
ORD18978,2025-05-04,Home,Coffee Maker,282,4,1128,East Malaysia,Sabah,TNG eWallet
ORD18979,2025-04-17,Fashion,Backpack,313,4,1252,East Malaysia,Sabah,Credit Card
ORD18980,2025-09-28,Fashion,Sunglasses,306,3,918,East Malaysia,Sarawak,Credit Card
ORD18981,2025-02-02,Electronics,Smartphone,2487,1,2487,East Malaysia,Sabah,GrabPay
ORD18982,2025-05-05,Home,Office Chair,484,2,968,East Malaysia,Sarawak,FPX
ORD18983,2025-01-22,Electronics,Smartwatch,3782,3,11346,East Malaysia,Sarawak,TNG eWallet
ORD18984,2025-06-09,Home,Office Chair,218,2,436,West Malaysia,Selangor,FPX
ORD18985,2025-12-09,Home,Desk Lamp,694,4,2776,West Malaysia,Perak,Credit Card
ORD18986,2025-12-03,Fashion,Sunglasses,172,3,516,East Malaysia,Sarawak,FPX
ORD18987,2025-03-03,Home,Office Chair,553,3,1659,West Malaysia,Selangor,Credit Card
ORD18988,2025-01-04,Electronics,Wireless Earbuds,1225,4,4900,West Malaysia,Kedah,Credit Card
ORD18989,2025-06-26,Fashion,T-Shirt,105,4,420,West Malaysia,Kedah,FPX
ORD18990,2025-04-21,Fashion,Sunglasses,337,3,1011,East Malaysia,Sabah,Credit Card
ORD18991,2025-10-28,Fashion,Backpack,254,4,1016,West Malaysia,Selangor,TNG eWallet
ORD18992,2025-10-19,Fashion,Sunglasses,230,3,690,East Malaysia,Sarawak,GrabPay
ORD18993,2025-03-04,Home,Coffee Maker,451,3,1353,East Malaysia,Sarawak,Credit Card
ORD18994,2025-11-11,Fashion,Sneakers,389,4,1556,East Malaysia,Sarawak,GrabPay
ORD18995,2025-12-18,Electronics,Wireless Earbuds,3277,1,3277,East Malaysia,Sabah,FPX
ORD18996,2025-10-10,Home,Coffee Maker,670,4,2680,West Malaysia,Perak,FPX
ORD18997,2025-10-08,Home,Office Chair,113,4,452,East Malaysia,Sarawak,TNG eWallet
ORD18998,2025-08-22,Home,Desk Lamp,160,1,160,East Malaysia,Sabah,GrabPay
ORD18999,2025-12-19,Fashion,Sunglasses,108,3,324,East Malaysia,Sabah,FPX
ORD19000,2025-07-01,Home,Coffee Maker,668,3,2004,East Malaysia,Sabah,FPX
ORD19001,2025-09-30,Fashion,Sunglasses,303,2,606,West Malaysia,Melaka,GrabPay
ORD19002,2025-07-26,Electronics,Wireless Earbuds,4183,2,8366,East Malaysia,Sarawak,GrabPay
ORD19003,2025-03-27,Home,Desk Lamp,760,4,3040,East Malaysia,Sabah,Credit Card
ORD19004,2025-02-01,Electronics,Smartphone,1714,3,5142,East Malaysia,Sabah,TNG eWallet
ORD19005,2025-01-05,Fashion,T-Shirt,254,1,254,East Malaysia,Sabah,TNG eWallet
ORD19006,2025-08-04,Home,Air Purifier,637,2,1274,West Malaysia,Penang,FPX
ORD19007,2025-02-04,Electronics,Laptop,964,2,1928,East Malaysia,Sarawak,TNG eWallet
ORD19008,2025-04-09,Electronics,Laptop,658,4,2632,West Malaysia,Kuala Lumpur,FPX
ORD19009,2025-11-09,Electronics,Laptop,3894,4,15576,West Malaysia,Kedah,Credit Card
ORD19010,2025-03-26,Electronics,Smartphone,1785,1,1785,East Malaysia,Sarawak,Credit Card
ORD19011,2025-09-30,Fashion,Backpack,80,4,320,West Malaysia,Johor,TNG eWallet
ORD19012,2025-08-04,Electronics,Smartwatch,3289,3,9867,West Malaysia,Melaka,FPX
ORD19013,2025-06-07,Home,Office Chair,263,2,526,East Malaysia,Sarawak,TNG eWallet
ORD19014,2025-12-16,Fashion,T-Shirt,197,2,394,West Malaysia,Kedah,GrabPay
ORD19015,2025-09-05,Electronics,Laptop,3239,3,9717,West Malaysia,Pahang,Credit Card
ORD19016,2025-10-21,Electronics,Laptop,3606,3,10818,West Malaysia,Selangor,TNG eWallet
ORD19017,2025-03-11,Home,Desk Lamp,293,3,879,East Malaysia,Sabah,FPX
ORD19018,2025-03-09,Fashion,Backpack,226,2,452,West Malaysia,Penang,Credit Card
ORD19019,2025-10-11,Home,Air Purifier,247,2,494,East Malaysia,Sarawak,FPX
ORD19020,2025-05-27,Fashion,Sneakers,170,4,680,East Malaysia,Sarawak,FPX
ORD19021,2025-09-27,Electronics,Wireless Earbuds,1495,4,5980,West Malaysia,Penang,FPX
ORD19022,2025-04-09,Fashion,Backpack,275,4,1100,West Malaysia,Johor,Credit Card
ORD19023,2025-05-11,Electronics,Smartwatch,1852,1,1852,West Malaysia,Selangor,TNG eWallet
ORD19024,2025-01-10,Electronics,Smartwatch,2750,3,8250,East Malaysia,Sabah,Credit Card
ORD19025,2025-12-07,Fashion,Backpack,80,2,160,West Malaysia,Penang,Credit Card
ORD19026,2025-08-02,Electronics,Smartphone,998,4,3992,West Malaysia,Perak,Credit Card
ORD19027,2025-02-25,Fashion,Backpack,87,4,348,West Malaysia,Kedah,TNG eWallet
ORD19028,2025-07-25,Electronics,Smartwatch,4390,4,17560,West Malaysia,Perak,Credit Card
ORD19029,2025-04-26,Electronics,Smartphone,2697,1,2697,East Malaysia,Sarawak,FPX
ORD19030,2025-03-17,Home,Office Chair,541,4,2164,West Malaysia,Melaka,TNG eWallet
ORD19031,2025-04-05,Electronics,Smartphone,2572,2,5144,East Malaysia,Sarawak,GrabPay
ORD19032,2025-10-29,Electronics,Wireless Earbuds,490,1,490,West Malaysia,Melaka,Credit Card
ORD19033,2025-12-14,Home,Desk Lamp,627,3,1881,West Malaysia,Penang,Credit Card
ORD19034,2025-03-13,Home,Air Purifier,675,1,675,East Malaysia,Sabah,Credit Card
ORD19035,2025-10-13,Home,Office Chair,370,3,1110,West Malaysia,Selangor,FPX
ORD19036,2025-06-08,Electronics,Wireless Earbuds,1046,2,2092,East Malaysia,Sabah,TNG eWallet
ORD19037,2025-05-09,Home,Desk Lamp,726,3,2178,East Malaysia,Sabah,TNG eWallet
ORD19038,2025-01-31,Electronics,Smartwatch,2783,2,5566,East Malaysia,Sabah,Credit Card
ORD19039,2025-03-01,Fashion,Sneakers,335,4,1340,East Malaysia,Sabah,FPX
ORD19040,2025-11-05,Electronics,Laptop,1782,4,7128,East Malaysia,Sabah,Credit Card
ORD19041,2025-08-11,Home,Office Chair,569,4,2276,East Malaysia,Sabah,TNG eWallet
ORD19042,2025-05-03,Fashion,Sneakers,369,2,738,East Malaysia,Sabah,FPX
ORD19043,2025-06-12,Fashion,Sneakers,203,2,406,West Malaysia,Penang,GrabPay
ORD19044,2025-02-20,Fashion,Sunglasses,120,1,120,West Malaysia,Penang,TNG eWallet
ORD19045,2025-02-15,Home,Coffee Maker,594,1,594,East Malaysia,Sabah,TNG eWallet
ORD19046,2025-07-08,Fashion,Backpack,293,4,1172,West Malaysia,Perak,Credit Card
ORD19047,2025-12-18,Electronics,Wireless Earbuds,2134,3,6402,East Malaysia,Sarawak,Credit Card
ORD19048,2025-04-02,Electronics,Wireless Earbuds,3777,2,7554,East Malaysia,Sabah,FPX
ORD19049,2025-09-16,Home,Air Purifier,255,2,510,West Malaysia,Kedah,Credit Card
ORD19050,2025-10-07,Electronics,Smartwatch,3597,4,14388,East Malaysia,Sabah,FPX
ORD19051,2025-12-26,Electronics,Wireless Earbuds,3646,1,3646,West Malaysia,Melaka,TNG eWallet
ORD19052,2025-08-29,Electronics,Wireless Earbuds,2232,4,8928,West Malaysia,Johor,TNG eWallet
ORD19053,2025-09-07,Fashion,Sneakers,72,2,144,West Malaysia,Perak,Credit Card
ORD19054,2025-04-04,Electronics,Smartphone,3026,4,12104,East Malaysia,Sarawak,GrabPay
ORD19055,2025-09-05,Electronics,Laptop,4274,1,4274,West Malaysia,Penang,FPX
ORD19056,2025-12-21,Home,Coffee Maker,781,4,3124,West Malaysia,Pahang,GrabPay
ORD19057,2025-01-12,Fashion,Sneakers,270,3,810,West Malaysia,Selangor,Credit Card
ORD19058,2025-05-10,Fashion,Sneakers,162,2,324,East Malaysia,Sarawak,FPX
ORD19059,2025-01-25,Home,Office Chair,386,2,772,West Malaysia,Johor,FPX
ORD19060,2025-03-29,Home,Desk Lamp,226,3,678,East Malaysia,Sabah,FPX
ORD19061,2025-05-05,Fashion,Sunglasses,87,4,348,East Malaysia,Sabah,TNG eWallet
ORD19062,2025-04-13,Home,Office Chair,599,4,2396,West Malaysia,Perak,GrabPay
ORD19063,2025-05-16,Fashion,Sunglasses,316,3,948,East Malaysia,Sarawak,TNG eWallet
ORD19064,2025-04-21,Electronics,Smartwatch,725,2,1450,East Malaysia,Sarawak,GrabPay
ORD19065,2025-12-17,Fashion,Sneakers,157,3,471,East Malaysia,Sabah,TNG eWallet
ORD19066,2025-08-17,Fashion,T-Shirt,186,3,558,East Malaysia,Sarawak,GrabPay
ORD19067,2025-08-18,Fashion,T-Shirt,233,3,699,East Malaysia,Sabah,GrabPay
ORD19068,2025-10-22,Electronics,Laptop,2591,2,5182,West Malaysia,Penang,FPX
ORD19069,2025-06-29,Electronics,Wireless Earbuds,2667,4,10668,West Malaysia,Pahang,FPX
ORD19070,2025-07-28,Home,Air Purifier,140,1,140,West Malaysia,Pahang,Credit Card
ORD19071,2025-09-01,Fashion,Sneakers,256,1,256,West Malaysia,Perak,FPX
ORD19072,2025-04-28,Fashion,Sneakers,337,2,674,West Malaysia,Selangor,FPX
ORD19073,2025-03-31,Electronics,Smartwatch,844,2,1688,West Malaysia,Johor,Credit Card
ORD19074,2025-01-07,Home,Coffee Maker,374,1,374,East Malaysia,Sabah,GrabPay
ORD19075,2025-10-17,Electronics,Laptop,2967,2,5934,West Malaysia,Kedah,FPX
ORD19076,2025-01-01,Electronics,Wireless Earbuds,1268,1,1268,East Malaysia,Sabah,GrabPay
ORD19077,2025-11-28,Home,Office Chair,593,3,1779,East Malaysia,Sabah,FPX
ORD19078,2025-03-04,Home,Office Chair,235,1,235,West Malaysia,Selangor,FPX
ORD19079,2025-09-01,Home,Air Purifier,767,4,3068,East Malaysia,Sarawak,GrabPay
ORD19080,2025-10-21,Electronics,Smartphone,3578,2,7156,East Malaysia,Sabah,TNG eWallet
ORD19081,2025-01-28,Home,Coffee Maker,637,3,1911,West Malaysia,Perak,Credit Card
ORD19082,2025-12-13,Fashion,Sunglasses,208,2,416,East Malaysia,Sabah,TNG eWallet
ORD19083,2025-05-19,Electronics,Smartwatch,987,3,2961,West Malaysia,Kedah,FPX
ORD19084,2025-07-02,Electronics,Wireless Earbuds,4239,2,8478,West Malaysia,Selangor,Credit Card
ORD19085,2025-09-18,Home,Office Chair,536,4,2144,West Malaysia,Johor,Credit Card
ORD19086,2025-03-17,Electronics,Laptop,3627,4,14508,West Malaysia,Johor,GrabPay
ORD19087,2025-11-11,Home,Office Chair,436,4,1744,West Malaysia,Perak,FPX
ORD19088,2025-11-30,Fashion,Sneakers,380,1,380,West Malaysia,Melaka,GrabPay
ORD19089,2025-08-07,Fashion,Sunglasses,161,1,161,East Malaysia,Sarawak,TNG eWallet
ORD19090,2025-05-12,Fashion,Sneakers,376,2,752,East Malaysia,Sabah,GrabPay
ORD19091,2025-07-10,Home,Coffee Maker,736,2,1472,East Malaysia,Sarawak,GrabPay
ORD19092,2025-02-14,Fashion,Backpack,124,3,372,West Malaysia,Perak,FPX
ORD19093,2025-09-01,Electronics,Wireless Earbuds,2771,4,11084,West Malaysia,Pahang,GrabPay
ORD19094,2025-10-29,Electronics,Smartwatch,2678,1,2678,West Malaysia,Perak,FPX
ORD19095,2025-04-05,Home,Desk Lamp,396,4,1584,East Malaysia,Sabah,FPX
ORD19096,2025-09-24,Fashion,Sneakers,343,3,1029,East Malaysia,Sarawak,FPX
ORD19097,2025-04-24,Electronics,Smartwatch,384,1,384,West Malaysia,Penang,GrabPay
ORD19098,2025-03-25,Electronics,Wireless Earbuds,2999,4,11996,East Malaysia,Sabah,GrabPay
ORD19099,2025-06-19,Home,Desk Lamp,317,2,634,West Malaysia,Kuala Lumpur,GrabPay
ORD19100,2025-01-13,Fashion,Backpack,172,2,344,East Malaysia,Sabah,FPX
ORD19101,2025-05-09,Home,Office Chair,611,2,1222,West Malaysia,Penang,Credit Card
ORD19102,2025-07-02,Fashion,T-Shirt,386,2,772,East Malaysia,Sarawak,Credit Card
ORD19103,2025-04-09,Electronics,Smartphone,1360,2,2720,East Malaysia,Sarawak,FPX
ORD19104,2025-01-15,Electronics,Smartwatch,1815,2,3630,East Malaysia,Sabah,FPX
ORD19105,2025-01-29,Electronics,Laptop,879,2,1758,East Malaysia,Sabah,Credit Card
ORD19106,2025-03-20,Fashion,Backpack,83,1,83,East Malaysia,Sabah,GrabPay
ORD19107,2025-01-26,Electronics,Wireless Earbuds,1206,2,2412,West Malaysia,Johor,GrabPay
ORD19108,2025-02-06,Electronics,Smartphone,2985,2,5970,East Malaysia,Sabah,TNG eWallet
ORD19109,2025-10-14,Home,Desk Lamp,209,4,836,West Malaysia,Johor,Credit Card
ORD19110,2025-12-06,Electronics,Laptop,2447,4,9788,West Malaysia,Selangor,Credit Card
ORD19111,2025-10-10,Home,Desk Lamp,797,2,1594,West Malaysia,Kuala Lumpur,GrabPay
ORD19112,2025-09-02,Home,Air Purifier,107,2,214,East Malaysia,Sabah,TNG eWallet
ORD19113,2025-11-14,Fashion,Sneakers,115,4,460,West Malaysia,Kuala Lumpur,GrabPay
ORD19114,2025-10-16,Home,Desk Lamp,782,1,782,West Malaysia,Pahang,FPX
ORD19115,2025-04-29,Fashion,Sneakers,82,1,82,East Malaysia,Sarawak,Credit Card
ORD19116,2025-01-07,Home,Desk Lamp,157,3,471,East Malaysia,Sarawak,FPX
ORD19117,2025-11-26,Fashion,T-Shirt,90,1,90,West Malaysia,Perak,Credit Card
ORD19118,2025-09-03,Electronics,Wireless Earbuds,3368,2,6736,West Malaysia,Penang,Credit Card
ORD19119,2025-11-09,Home,Desk Lamp,476,2,952,West Malaysia,Pahang,Credit Card
ORD19120,2025-11-03,Home,Office Chair,389,1,389,East Malaysia,Sarawak,Credit Card
ORD19121,2025-02-27,Home,Air Purifier,732,3,2196,West Malaysia,Selangor,TNG eWallet
ORD19122,2025-09-14,Fashion,T-Shirt,373,1,373,West Malaysia,Kedah,Credit Card
ORD19123,2025-07-22,Home,Desk Lamp,327,2,654,West Malaysia,Selangor,Credit Card
ORD19124,2025-12-28,Electronics,Wireless Earbuds,2500,1,2500,West Malaysia,Perak,TNG eWallet
ORD19125,2025-01-30,Home,Office Chair,402,4,1608,West Malaysia,Selangor,Credit Card
ORD19126,2025-03-01,Electronics,Wireless Earbuds,2101,4,8404,West Malaysia,Johor,Credit Card
ORD19127,2025-01-13,Electronics,Laptop,2191,2,4382,East Malaysia,Sabah,GrabPay
ORD19128,2025-12-11,Home,Desk Lamp,129,2,258,East Malaysia,Sarawak,Credit Card
ORD19129,2026-01-01,Fashion,Backpack,293,1,293,West Malaysia,Melaka,GrabPay
ORD19130,2025-03-14,Electronics,Laptop,3296,4,13184,West Malaysia,Kuala Lumpur,GrabPay
ORD19131,2025-08-09,Home,Desk Lamp,304,2,608,East Malaysia,Sabah,Credit Card
ORD19132,2025-11-15,Electronics,Smartwatch,3892,4,15568,East Malaysia,Sabah,Credit Card
ORD19133,2025-07-07,Home,Coffee Maker,355,2,710,West Malaysia,Johor,TNG eWallet
ORD19134,2025-11-10,Fashion,T-Shirt,112,4,448,East Malaysia,Sabah,Credit Card
ORD19135,2025-09-26,Fashion,Sunglasses,172,4,688,West Malaysia,Perak,FPX
ORD19136,2025-03-14,Fashion,Sneakers,121,3,363,East Malaysia,Sarawak,GrabPay
ORD19137,2025-01-15,Home,Air Purifier,415,4,1660,West Malaysia,Selangor,FPX
ORD19138,2025-04-14,Electronics,Smartwatch,2333,1,2333,West Malaysia,Selangor,FPX
ORD19139,2025-08-18,Electronics,Smartphone,1482,2,2964,West Malaysia,Perak,Credit Card
ORD19140,2025-02-08,Fashion,Sunglasses,343,4,1372,West Malaysia,Kuala Lumpur,FPX
ORD19141,2025-12-01,Home,Air Purifier,138,1,138,East Malaysia,Sabah,Credit Card
ORD19142,2025-11-21,Fashion,Backpack,271,1,271,East Malaysia,Sarawak,Credit Card
ORD19143,2025-05-17,Fashion,Sunglasses,285,1,285,West Malaysia,Perak,FPX
ORD19144,2025-04-01,Fashion,Backpack,310,1,310,East Malaysia,Sabah,TNG eWallet
ORD19145,2025-04-17,Home,Office Chair,272,4,1088,West Malaysia,Melaka,TNG eWallet
ORD19146,2025-01-20,Electronics,Wireless Earbuds,4379,2,8758,West Malaysia,Melaka,TNG eWallet
ORD19147,2025-10-14,Electronics,Laptop,4182,3,12546,West Malaysia,Selangor,Credit Card
ORD19148,2025-08-06,Electronics,Laptop,2343,2,4686,East Malaysia,Sabah,TNG eWallet
ORD19149,2025-01-03,Electronics,Laptop,2913,3,8739,West Malaysia,Kedah,FPX
ORD19150,2025-07-13,Fashion,Backpack,177,4,708,East Malaysia,Sabah,Credit Card
ORD19151,2025-04-15,Home,Office Chair,692,4,2768,West Malaysia,Penang,TNG eWallet
ORD19152,2025-04-25,Home,Coffee Maker,253,1,253,West Malaysia,Selangor,TNG eWallet
ORD19153,2025-05-24,Fashion,Backpack,293,2,586,East Malaysia,Sabah,TNG eWallet
ORD19154,2025-06-02,Fashion,T-Shirt,150,3,450,West Malaysia,Kuala Lumpur,Credit Card
ORD19155,2025-07-22,Electronics,Laptop,2421,1,2421,West Malaysia,Penang,Credit Card
ORD19156,2025-01-18,Home,Air Purifier,459,1,459,East Malaysia,Sabah,FPX
ORD19157,2025-12-06,Electronics,Smartphone,503,1,503,West Malaysia,Johor,GrabPay
ORD19158,2025-03-21,Electronics,Wireless Earbuds,2548,4,10192,West Malaysia,Penang,GrabPay
ORD19159,2025-09-18,Electronics,Smartphone,1836,1,1836,West Malaysia,Perak,GrabPay
ORD19160,2025-12-30,Fashion,Sunglasses,386,3,1158,West Malaysia,Johor,Credit Card
ORD19161,2025-02-10,Home,Coffee Maker,719,2,1438,East Malaysia,Sabah,TNG eWallet
ORD19162,2025-08-14,Fashion,Sneakers,83,2,166,East Malaysia,Sabah,Credit Card
ORD19163,2025-12-03,Fashion,Backpack,248,3,744,West Malaysia,Johor,FPX
ORD19164,2025-03-23,Fashion,T-Shirt,351,3,1053,East Malaysia,Sabah,TNG eWallet
ORD19165,2025-11-22,Electronics,Smartwatch,1919,3,5757,East Malaysia,Sabah,Credit Card
ORD19166,2025-08-30,Electronics,Laptop,2374,2,4748,East Malaysia,Sabah,Credit Card
ORD19167,2025-02-02,Fashion,Sneakers,244,3,732,East Malaysia,Sarawak,FPX
ORD19168,2025-06-14,Fashion,Sunglasses,188,2,376,East Malaysia,Sabah,GrabPay
ORD19169,2025-01-12,Home,Air Purifier,741,4,2964,East Malaysia,Sarawak,FPX
ORD19170,2025-09-01,Electronics,Wireless Earbuds,4109,3,12327,East Malaysia,Sabah,Credit Card
ORD19171,2025-01-24,Electronics,Laptop,3621,2,7242,East Malaysia,Sabah,FPX
ORD19172,2025-06-13,Electronics,Wireless Earbuds,2517,4,10068,West Malaysia,Kedah,FPX
ORD19173,2025-08-12,Home,Coffee Maker,770,4,3080,West Malaysia,Kuala Lumpur,Credit Card
ORD19174,2025-02-02,Fashion,Backpack,227,3,681,East Malaysia,Sarawak,GrabPay
ORD19175,2025-04-07,Fashion,Sunglasses,308,2,616,West Malaysia,Kuala Lumpur,Credit Card
ORD19176,2025-08-11,Home,Desk Lamp,487,1,487,West Malaysia,Perak,Credit Card
ORD19177,2025-11-16,Home,Coffee Maker,122,4,488,West Malaysia,Selangor,GrabPay
ORD19178,2025-01-22,Electronics,Smartwatch,2694,4,10776,East Malaysia,Sarawak,TNG eWallet
ORD19179,2025-09-04,Electronics,Laptop,711,1,711,East Malaysia,Sabah,FPX
ORD19180,2025-01-01,Fashion,Sunglasses,89,2,178,East Malaysia,Sabah,Credit Card
ORD19181,2025-12-19,Fashion,T-Shirt,140,1,140,East Malaysia,Sabah,Credit Card
ORD19182,2025-12-06,Electronics,Wireless Earbuds,1274,4,5096,East Malaysia,Sarawak,Credit Card
ORD19183,2025-08-25,Electronics,Laptop,3212,3,9636,East Malaysia,Sarawak,GrabPay
ORD19184,2025-12-27,Electronics,Wireless Earbuds,1076,4,4304,West Malaysia,Johor,FPX
ORD19185,2025-12-28,Home,Desk Lamp,641,2,1282,East Malaysia,Sabah,GrabPay
ORD19186,2025-10-16,Home,Coffee Maker,746,1,746,East Malaysia,Sarawak,GrabPay
ORD19187,2025-12-20,Electronics,Laptop,405,2,810,East Malaysia,Sarawak,GrabPay
ORD19188,2025-01-07,Fashion,Sunglasses,244,2,488,East Malaysia,Sarawak,FPX
ORD19189,2025-05-12,Home,Office Chair,551,2,1102,East Malaysia,Sarawak,Credit Card
ORD19190,2025-06-16,Fashion,Sunglasses,246,1,246,West Malaysia,Perak,FPX
ORD19191,2025-02-14,Electronics,Smartwatch,3763,1,3763,West Malaysia,Kuala Lumpur,TNG eWallet
ORD19192,2025-02-21,Home,Air Purifier,570,3,1710,West Malaysia,Selangor,FPX
ORD19193,2025-10-25,Home,Air Purifier,352,2,704,West Malaysia,Pahang,Credit Card
ORD19194,2025-12-06,Home,Office Chair,574,3,1722,West Malaysia,Selangor,Credit Card
ORD19195,2025-05-09,Electronics,Laptop,3314,2,6628,West Malaysia,Selangor,FPX
ORD19196,2025-10-22,Home,Desk Lamp,571,4,2284,West Malaysia,Penang,Credit Card
ORD19197,2025-05-26,Home,Desk Lamp,331,4,1324,West Malaysia,Perak,TNG eWallet
ORD19198,2025-01-13,Home,Coffee Maker,160,4,640,West Malaysia,Selangor,TNG eWallet
ORD19199,2025-02-24,Fashion,Sunglasses,114,2,228,West Malaysia,Kuala Lumpur,GrabPay
ORD19200,2025-03-14,Fashion,Sneakers,149,2,298,West Malaysia,Penang,GrabPay
ORD19201,2025-08-16,Home,Desk Lamp,118,3,354,East Malaysia,Sarawak,TNG eWallet
ORD19202,2025-11-28,Fashion,Backpack,198,1,198,East Malaysia,Sarawak,Credit Card
ORD19203,2025-10-25,Electronics,Smartwatch,3060,3,9180,East Malaysia,Sarawak,GrabPay
ORD19204,2025-12-07,Electronics,Smartphone,3036,4,12144,West Malaysia,Selangor,GrabPay
ORD19205,2025-03-18,Home,Office Chair,567,3,1701,East Malaysia,Sabah,FPX
ORD19206,2025-05-27,Home,Office Chair,198,3,594,East Malaysia,Sabah,TNG eWallet
ORD19207,2025-07-14,Home,Desk Lamp,799,3,2397,East Malaysia,Sabah,Credit Card
ORD19208,2025-09-23,Home,Desk Lamp,250,3,750,East Malaysia,Sabah,GrabPay
ORD19209,2025-01-25,Fashion,Sunglasses,241,3,723,East Malaysia,Sarawak,Credit Card
ORD19210,2025-08-02,Home,Coffee Maker,433,4,1732,East Malaysia,Sarawak,FPX
ORD19211,2025-07-14,Fashion,Sneakers,309,4,1236,East Malaysia,Sarawak,Credit Card
ORD19212,2025-10-12,Fashion,T-Shirt,239,1,239,West Malaysia,Selangor,TNG eWallet
ORD19213,2025-03-07,Home,Coffee Maker,642,4,2568,West Malaysia,Melaka,FPX
ORD19214,2025-11-28,Home,Coffee Maker,605,4,2420,West Malaysia,Selangor,GrabPay
ORD19215,2025-03-05,Home,Air Purifier,425,4,1700,East Malaysia,Sarawak,Credit Card
ORD19216,2025-03-13,Fashion,Sneakers,162,4,648,East Malaysia,Sabah,FPX
ORD19217,2025-01-27,Electronics,Smartwatch,2858,2,5716,East Malaysia,Sabah,GrabPay
ORD19218,2025-01-27,Electronics,Wireless Earbuds,1509,2,3018,West Malaysia,Pahang,Credit Card
ORD19219,2025-04-21,Home,Air Purifier,338,2,676,East Malaysia,Sarawak,Credit Card
ORD19220,2025-09-17,Home,Office Chair,717,4,2868,East Malaysia,Sarawak,FPX
ORD19221,2025-10-26,Home,Air Purifier,723,3,2169,East Malaysia,Sarawak,TNG eWallet
ORD19222,2025-02-11,Electronics,Laptop,831,1,831,East Malaysia,Sarawak,Credit Card
ORD19223,2025-12-11,Electronics,Smartphone,1493,4,5972,West Malaysia,Penang,FPX
ORD19224,2025-07-24,Fashion,Sneakers,296,4,1184,East Malaysia,Sarawak,Credit Card
ORD19225,2025-07-15,Electronics,Laptop,537,4,2148,West Malaysia,Melaka,TNG eWallet
ORD19226,2025-09-05,Fashion,Backpack,50,3,150,East Malaysia,Sabah,FPX
ORD19227,2025-06-11,Home,Coffee Maker,561,3,1683,West Malaysia,Penang,GrabPay
ORD19228,2025-12-11,Home,Coffee Maker,153,3,459,West Malaysia,Melaka,Credit Card
ORD19229,2025-11-11,Home,Coffee Maker,333,3,999,East Malaysia,Sabah,FPX
ORD19230,2025-06-20,Home,Coffee Maker,141,1,141,East Malaysia,Sarawak,FPX
ORD19231,2025-04-11,Fashion,Backpack,70,4,280,East Malaysia,Sabah,FPX
ORD19232,2025-12-05,Electronics,Smartwatch,367,2,734,East Malaysia,Sabah,TNG eWallet
ORD19233,2025-05-16,Home,Desk Lamp,674,1,674,West Malaysia,Melaka,TNG eWallet
ORD19234,2025-07-09,Electronics,Smartphone,4050,1,4050,West Malaysia,Johor,FPX
ORD19235,2025-07-15,Electronics,Wireless Earbuds,1995,4,7980,East Malaysia,Sabah,FPX
ORD19236,2025-09-15,Fashion,Backpack,86,4,344,East Malaysia,Sabah,GrabPay
ORD19237,2025-03-28,Fashion,T-Shirt,185,1,185,West Malaysia,Kedah,Credit Card
ORD19238,2025-03-29,Home,Air Purifier,355,2,710,East Malaysia,Sarawak,TNG eWallet
ORD19239,2025-06-24,Fashion,T-Shirt,136,2,272,East Malaysia,Sabah,Credit Card
ORD19240,2025-09-11,Home,Office Chair,450,1,450,East Malaysia,Sarawak,Credit Card
ORD19241,2025-08-17,Home,Coffee Maker,486,2,972,East Malaysia,Sarawak,TNG eWallet
ORD19242,2025-02-24,Fashion,Backpack,190,4,760,West Malaysia,Johor,Credit Card
ORD19243,2025-04-25,Home,Air Purifier,515,2,1030,East Malaysia,Sabah,FPX
ORD19244,2025-12-07,Home,Desk Lamp,114,1,114,West Malaysia,Perak,Credit Card
ORD19245,2025-06-14,Home,Coffee Maker,411,3,1233,West Malaysia,Kedah,GrabPay
ORD19246,2025-05-29,Electronics,Smartphone,392,4,1568,East Malaysia,Sarawak,FPX
ORD19247,2025-02-26,Electronics,Smartphone,2950,3,8850,West Malaysia,Selangor,TNG eWallet
ORD19248,2025-09-23,Home,Coffee Maker,369,4,1476,East Malaysia,Sabah,TNG eWallet
ORD19249,2025-11-22,Fashion,T-Shirt,381,1,381,East Malaysia,Sarawak,TNG eWallet
ORD19250,2025-03-07,Fashion,Sunglasses,253,2,506,West Malaysia,Johor,FPX
ORD19251,2025-12-07,Fashion,Sneakers,287,2,574,East Malaysia,Sabah,Credit Card
ORD19252,2025-03-18,Home,Coffee Maker,672,1,672,West Malaysia,Melaka,GrabPay
ORD19253,2025-06-14,Fashion,Backpack,177,2,354,West Malaysia,Johor,TNG eWallet
ORD19254,2025-12-31,Fashion,T-Shirt,97,4,388,East Malaysia,Sabah,Credit Card
ORD19255,2025-12-19,Fashion,Backpack,397,1,397,West Malaysia,Penang,FPX
ORD19256,2025-10-16,Home,Coffee Maker,609,3,1827,East Malaysia,Sabah,FPX
ORD19257,2025-11-25,Home,Air Purifier,365,3,1095,East Malaysia,Sabah,FPX
ORD19258,2025-05-11,Fashion,T-Shirt,77,3,231,West Malaysia,Selangor,TNG eWallet
ORD19259,2025-01-19,Home,Desk Lamp,790,1,790,East Malaysia,Sarawak,FPX
ORD19260,2025-11-28,Electronics,Wireless Earbuds,4208,1,4208,East Malaysia,Sabah,GrabPay
ORD19261,2025-03-23,Home,Air Purifier,209,2,418,West Malaysia,Selangor,GrabPay
ORD19262,2025-01-27,Electronics,Laptop,1659,1,1659,West Malaysia,Kuala Lumpur,TNG eWallet
ORD19263,2025-02-15,Fashion,T-Shirt,290,4,1160,West Malaysia,Johor,TNG eWallet
ORD19264,2025-07-18,Electronics,Smartwatch,2427,4,9708,East Malaysia,Sabah,TNG eWallet
ORD19265,2025-04-08,Electronics,Smartphone,3655,1,3655,East Malaysia,Sabah,FPX
ORD19266,2025-05-11,Home,Office Chair,317,1,317,East Malaysia,Sabah,FPX
ORD19267,2025-11-07,Fashion,Sneakers,354,4,1416,West Malaysia,Johor,FPX
ORD19268,2025-01-28,Fashion,T-Shirt,244,1,244,East Malaysia,Sarawak,GrabPay
ORD19269,2025-05-13,Electronics,Wireless Earbuds,4468,2,8936,West Malaysia,Penang,TNG eWallet
ORD19270,2025-10-26,Electronics,Laptop,3311,2,6622,East Malaysia,Sarawak,TNG eWallet
ORD19271,2025-12-07,Home,Office Chair,620,2,1240,West Malaysia,Perak,Credit Card
ORD19272,2025-06-14,Home,Desk Lamp,125,3,375,West Malaysia,Johor,TNG eWallet
ORD19273,2025-10-01,Fashion,Backpack,261,3,783,West Malaysia,Kuala Lumpur,Credit Card
ORD19274,2025-04-22,Electronics,Laptop,3413,3,10239,West Malaysia,Johor,FPX
ORD19275,2025-11-10,Home,Office Chair,441,3,1323,East Malaysia,Sabah,TNG eWallet
ORD19276,2025-06-18,Electronics,Laptop,4009,3,12027,East Malaysia,Sarawak,GrabPay
ORD19277,2025-11-26,Fashion,Sneakers,93,3,279,West Malaysia,Kuala Lumpur,GrabPay
ORD19278,2025-03-17,Home,Coffee Maker,487,4,1948,East Malaysia,Sabah,GrabPay
ORD19279,2025-08-28,Fashion,T-Shirt,317,4,1268,East Malaysia,Sarawak,TNG eWallet
ORD19280,2025-09-30,Fashion,T-Shirt,278,1,278,West Malaysia,Kedah,FPX
ORD19281,2025-06-06,Home,Desk Lamp,182,3,546,West Malaysia,Melaka,FPX
ORD19282,2025-10-25,Home,Air Purifier,109,4,436,East Malaysia,Sarawak,TNG eWallet
ORD19283,2025-01-09,Electronics,Smartwatch,826,2,1652,East Malaysia,Sabah,Credit Card
ORD19284,2025-12-16,Electronics,Smartphone,3496,2,6992,East Malaysia,Sarawak,TNG eWallet
ORD19285,2025-01-29,Home,Air Purifier,769,4,3076,West Malaysia,Kuala Lumpur,FPX
ORD19286,2025-07-01,Electronics,Smartwatch,355,3,1065,West Malaysia,Pahang,TNG eWallet
ORD19287,2025-04-09,Home,Desk Lamp,626,4,2504,West Malaysia,Penang,FPX
ORD19288,2025-07-13,Home,Coffee Maker,238,2,476,East Malaysia,Sarawak,Credit Card
ORD19289,2025-07-04,Electronics,Laptop,3515,1,3515,East Malaysia,Sabah,TNG eWallet
ORD19290,2025-07-11,Fashion,Sunglasses,114,4,456,East Malaysia,Sarawak,Credit Card
ORD19291,2025-01-18,Home,Desk Lamp,619,4,2476,East Malaysia,Sarawak,FPX
ORD19292,2025-03-17,Fashion,Sneakers,260,4,1040,East Malaysia,Sabah,FPX
ORD19293,2025-03-06,Fashion,T-Shirt,393,1,393,East Malaysia,Sabah,TNG eWallet
ORD19294,2025-12-06,Fashion,Backpack,157,4,628,West Malaysia,Melaka,FPX
ORD19295,2025-09-09,Electronics,Smartwatch,4045,3,12135,West Malaysia,Melaka,FPX
ORD19296,2025-06-25,Fashion,Sunglasses,105,4,420,East Malaysia,Sabah,FPX
ORD19297,2025-03-19,Fashion,Sneakers,209,2,418,West Malaysia,Pahang,TNG eWallet
ORD19298,2025-11-08,Electronics,Wireless Earbuds,3672,4,14688,West Malaysia,Melaka,Credit Card
ORD19299,2025-05-13,Electronics,Laptop,1148,4,4592,East Malaysia,Sabah,TNG eWallet
ORD19300,2025-09-20,Fashion,Sneakers,165,3,495,East Malaysia,Sabah,TNG eWallet
ORD19301,2025-07-14,Electronics,Laptop,1898,3,5694,East Malaysia,Sarawak,Credit Card
ORD19302,2025-07-29,Electronics,Smartphone,3564,4,14256,East Malaysia,Sarawak,Credit Card
ORD19303,2025-07-17,Fashion,Backpack,258,4,1032,East Malaysia,Sabah,TNG eWallet
ORD19304,2025-04-24,Home,Desk Lamp,360,3,1080,West Malaysia,Kedah,FPX
ORD19305,2025-08-07,Electronics,Wireless Earbuds,920,2,1840,East Malaysia,Sabah,TNG eWallet
ORD19306,2025-11-28,Electronics,Laptop,3698,3,11094,West Malaysia,Selangor,TNG eWallet
ORD19307,2025-01-02,Electronics,Smartwatch,3428,3,10284,East Malaysia,Sarawak,TNG eWallet
ORD19308,2025-07-15,Electronics,Wireless Earbuds,2745,4,10980,West Malaysia,Selangor,GrabPay
ORD19309,2025-11-25,Home,Office Chair,125,3,375,East Malaysia,Sabah,Credit Card
ORD19310,2025-04-17,Electronics,Smartwatch,1401,3,4203,West Malaysia,Melaka,GrabPay
ORD19311,2025-04-23,Home,Air Purifier,512,1,512,West Malaysia,Selangor,GrabPay
ORD19312,2025-06-07,Home,Air Purifier,222,4,888,East Malaysia,Sarawak,FPX
ORD19313,2025-05-01,Home,Office Chair,465,3,1395,West Malaysia,Johor,FPX
ORD19314,2025-09-06,Electronics,Wireless Earbuds,4019,3,12057,East Malaysia,Sarawak,Credit Card
ORD19315,2025-06-25,Home,Coffee Maker,674,2,1348,West Malaysia,Penang,Credit Card
ORD19316,2025-04-16,Fashion,Backpack,327,2,654,West Malaysia,Kedah,Credit Card
ORD19317,2025-05-12,Fashion,T-Shirt,320,1,320,West Malaysia,Johor,FPX
ORD19318,2025-06-07,Fashion,Sneakers,357,3,1071,West Malaysia,Perak,FPX
ORD19319,2025-03-15,Fashion,T-Shirt,128,2,256,West Malaysia,Melaka,FPX
ORD19320,2025-09-15,Fashion,Sneakers,291,4,1164,West Malaysia,Johor,Credit Card
ORD19321,2025-06-07,Fashion,T-Shirt,155,3,465,East Malaysia,Sabah,GrabPay
ORD19322,2025-07-03,Home,Coffee Maker,569,4,2276,West Malaysia,Kedah,Credit Card
ORD19323,2025-07-06,Fashion,Sunglasses,51,3,153,West Malaysia,Kedah,Credit Card
ORD19324,2025-10-26,Fashion,T-Shirt,343,2,686,East Malaysia,Sarawak,TNG eWallet
ORD19325,2025-08-22,Home,Office Chair,332,2,664,West Malaysia,Johor,FPX
ORD19326,2025-01-30,Fashion,Sunglasses,282,4,1128,West Malaysia,Kedah,GrabPay
ORD19327,2025-10-13,Electronics,Wireless Earbuds,3261,1,3261,East Malaysia,Sabah,FPX
ORD19328,2025-01-03,Fashion,T-Shirt,130,4,520,East Malaysia,Sabah,Credit Card
ORD19329,2025-07-21,Fashion,Sneakers,218,1,218,East Malaysia,Sarawak,TNG eWallet
ORD19330,2025-03-25,Fashion,T-Shirt,223,4,892,East Malaysia,Sabah,FPX
ORD19331,2025-01-25,Electronics,Wireless Earbuds,2161,2,4322,East Malaysia,Sarawak,FPX
ORD19332,2025-11-27,Fashion,Sneakers,327,3,981,West Malaysia,Melaka,TNG eWallet
ORD19333,2025-04-30,Fashion,Sneakers,203,1,203,East Malaysia,Sabah,TNG eWallet
ORD19334,2025-11-16,Electronics,Smartphone,3309,3,9927,West Malaysia,Kedah,GrabPay
ORD19335,2025-07-14,Fashion,Sunglasses,266,4,1064,West Malaysia,Selangor,FPX
ORD19336,2025-11-06,Fashion,T-Shirt,113,2,226,East Malaysia,Sabah,FPX
ORD19337,2025-06-12,Fashion,T-Shirt,344,3,1032,East Malaysia,Sabah,GrabPay
ORD19338,2025-12-12,Fashion,Sunglasses,334,2,668,West Malaysia,Johor,GrabPay
ORD19339,2025-04-11,Electronics,Wireless Earbuds,4016,4,16064,East Malaysia,Sarawak,TNG eWallet
ORD19340,2025-02-13,Home,Coffee Maker,538,1,538,West Malaysia,Penang,GrabPay
ORD19341,2025-05-23,Home,Desk Lamp,386,1,386,East Malaysia,Sarawak,TNG eWallet
ORD19342,2025-06-25,Home,Office Chair,601,2,1202,West Malaysia,Pahang,GrabPay
ORD19343,2025-05-19,Electronics,Smartphone,2001,3,6003,West Malaysia,Penang,TNG eWallet
ORD19344,2025-10-27,Home,Air Purifier,448,2,896,West Malaysia,Kuala Lumpur,Credit Card
ORD19345,2025-08-26,Electronics,Smartphone,3991,1,3991,East Malaysia,Sabah,TNG eWallet
ORD19346,2025-08-11,Electronics,Wireless Earbuds,3486,3,10458,West Malaysia,Pahang,Credit Card
ORD19347,2025-10-04,Fashion,T-Shirt,167,4,668,East Malaysia,Sarawak,Credit Card
ORD19348,2025-11-23,Home,Air Purifier,545,2,1090,East Malaysia,Sarawak,TNG eWallet
ORD19349,2025-02-28,Fashion,Sunglasses,255,4,1020,West Malaysia,Kuala Lumpur,Credit Card
ORD19350,2025-08-27,Home,Desk Lamp,117,4,468,East Malaysia,Sabah,Credit Card
ORD19351,2025-12-12,Electronics,Laptop,1790,3,5370,East Malaysia,Sarawak,FPX
ORD19352,2025-11-28,Fashion,T-Shirt,334,1,334,East Malaysia,Sarawak,TNG eWallet
ORD19353,2025-11-18,Electronics,Smartphone,4017,1,4017,West Malaysia,Melaka,Credit Card
ORD19354,2025-12-28,Fashion,T-Shirt,369,4,1476,East Malaysia,Sarawak,TNG eWallet
ORD19355,2025-06-02,Home,Office Chair,581,2,1162,East Malaysia,Sabah,FPX
ORD19356,2025-08-10,Fashion,Sunglasses,224,4,896,West Malaysia,Kuala Lumpur,FPX
ORD19357,2025-12-23,Home,Air Purifier,300,1,300,East Malaysia,Sabah,FPX
ORD19358,2025-01-17,Electronics,Laptop,3730,4,14920,West Malaysia,Selangor,Credit Card
ORD19359,2025-03-22,Home,Desk Lamp,129,3,387,West Malaysia,Perak,FPX
ORD19360,2025-04-25,Fashion,T-Shirt,340,2,680,East Malaysia,Sabah,GrabPay
ORD19361,2025-10-24,Fashion,Backpack,371,1,371,East Malaysia,Sarawak,TNG eWallet
ORD19362,2025-08-30,Fashion,Sunglasses,319,3,957,East Malaysia,Sabah,TNG eWallet
ORD19363,2025-01-30,Electronics,Wireless Earbuds,3409,4,13636,East Malaysia,Sarawak,FPX
ORD19364,2025-11-03,Electronics,Smartwatch,4145,4,16580,East Malaysia,Sarawak,GrabPay
ORD19365,2025-01-28,Home,Coffee Maker,124,1,124,East Malaysia,Sarawak,GrabPay
ORD19366,2025-10-11,Electronics,Laptop,1530,3,4590,East Malaysia,Sabah,TNG eWallet
ORD19367,2025-02-10,Fashion,Backpack,368,4,1472,West Malaysia,Melaka,GrabPay
ORD19368,2025-03-02,Electronics,Wireless Earbuds,2790,1,2790,West Malaysia,Perak,TNG eWallet
ORD19369,2025-03-11,Electronics,Laptop,1752,3,5256,West Malaysia,Kedah,TNG eWallet
ORD19370,2025-06-22,Home,Air Purifier,449,3,1347,East Malaysia,Sarawak,TNG eWallet
ORD19371,2025-07-21,Electronics,Smartphone,3780,4,15120,West Malaysia,Kuala Lumpur,FPX
ORD19372,2025-09-27,Fashion,Sunglasses,343,1,343,West Malaysia,Johor,FPX
ORD19373,2025-01-07,Electronics,Smartwatch,2212,1,2212,West Malaysia,Penang,TNG eWallet
ORD19374,2025-05-09,Fashion,Sneakers,83,1,83,West Malaysia,Pahang,GrabPay
ORD19375,2025-06-20,Fashion,T-Shirt,191,1,191,West Malaysia,Kedah,FPX
ORD19376,2025-05-14,Fashion,Backpack,223,4,892,East Malaysia,Sabah,GrabPay
ORD19377,2025-09-30,Electronics,Wireless Earbuds,1748,4,6992,East Malaysia,Sabah,GrabPay
ORD19378,2025-02-20,Electronics,Wireless Earbuds,1049,3,3147,West Malaysia,Johor,Credit Card
ORD19379,2025-02-13,Electronics,Smartwatch,1149,3,3447,West Malaysia,Kedah,TNG eWallet
ORD19380,2025-04-26,Fashion,Sneakers,261,3,783,East Malaysia,Sabah,Credit Card
ORD19381,2025-10-08,Home,Coffee Maker,693,2,1386,West Malaysia,Penang,TNG eWallet
ORD19382,2025-02-24,Fashion,T-Shirt,121,1,121,West Malaysia,Perak,FPX
ORD19383,2025-11-06,Fashion,T-Shirt,253,2,506,West Malaysia,Kuala Lumpur,FPX
ORD19384,2025-09-16,Home,Air Purifier,151,2,302,West Malaysia,Pahang,GrabPay
ORD19385,2025-10-27,Electronics,Laptop,2996,2,5992,West Malaysia,Pahang,GrabPay
ORD19386,2025-11-15,Home,Desk Lamp,555,1,555,East Malaysia,Sabah,Credit Card
ORD19387,2025-03-31,Home,Office Chair,678,4,2712,East Malaysia,Sarawak,GrabPay
ORD19388,2025-06-20,Electronics,Wireless Earbuds,3128,2,6256,West Malaysia,Perak,GrabPay
ORD19389,2025-10-29,Fashion,Backpack,242,3,726,East Malaysia,Sabah,FPX
ORD19390,2025-06-10,Electronics,Smartphone,4487,1,4487,East Malaysia,Sarawak,FPX
ORD19391,2025-05-09,Fashion,Sunglasses,378,2,756,East Malaysia,Sabah,GrabPay
ORD19392,2025-06-19,Home,Office Chair,766,2,1532,East Malaysia,Sarawak,FPX
ORD19393,2025-08-07,Electronics,Smartwatch,1389,1,1389,West Malaysia,Perak,FPX
ORD19394,2025-07-05,Fashion,Backpack,118,4,472,East Malaysia,Sabah,GrabPay
ORD19395,2025-09-12,Fashion,Backpack,80,2,160,West Malaysia,Melaka,GrabPay
ORD19396,2025-08-27,Home,Desk Lamp,367,4,1468,East Malaysia,Sabah,Credit Card
ORD19397,2025-02-12,Electronics,Laptop,1432,2,2864,West Malaysia,Selangor,FPX
ORD19398,2025-11-23,Electronics,Laptop,2445,3,7335,East Malaysia,Sabah,Credit Card
ORD19399,2025-03-16,Electronics,Smartwatch,2189,4,8756,West Malaysia,Johor,FPX
ORD19400,2025-10-14,Home,Coffee Maker,740,1,740,East Malaysia,Sarawak,Credit Card
ORD19401,2025-02-12,Electronics,Smartphone,3388,2,6776,West Malaysia,Selangor,Credit Card
ORD19402,2025-11-23,Fashion,T-Shirt,236,3,708,East Malaysia,Sabah,TNG eWallet
ORD19403,2025-11-14,Fashion,Sneakers,178,2,356,West Malaysia,Kedah,TNG eWallet
ORD19404,2025-04-26,Home,Coffee Maker,555,2,1110,East Malaysia,Sarawak,FPX
ORD19405,2025-12-20,Home,Air Purifier,495,4,1980,West Malaysia,Selangor,Credit Card
ORD19406,2025-06-21,Electronics,Smartphone,2253,2,4506,East Malaysia,Sarawak,FPX
ORD19407,2025-01-17,Fashion,Sneakers,127,4,508,East Malaysia,Sabah,TNG eWallet
ORD19408,2025-12-06,Fashion,Backpack,216,2,432,West Malaysia,Kedah,GrabPay
ORD19409,2025-02-21,Home,Coffee Maker,315,3,945,West Malaysia,Perak,TNG eWallet
ORD19410,2025-12-27,Home,Office Chair,149,4,596,West Malaysia,Perak,TNG eWallet
ORD19411,2025-08-28,Home,Air Purifier,412,4,1648,West Malaysia,Penang,Credit Card
ORD19412,2025-04-01,Electronics,Smartphone,397,3,1191,West Malaysia,Kedah,Credit Card
ORD19413,2025-02-06,Home,Air Purifier,704,1,704,East Malaysia,Sarawak,Credit Card
ORD19414,2025-07-11,Electronics,Smartphone,3506,4,14024,East Malaysia,Sarawak,FPX
ORD19415,2025-11-27,Home,Air Purifier,673,2,1346,East Malaysia,Sabah,Credit Card
ORD19416,2025-06-26,Fashion,Backpack,83,2,166,West Malaysia,Selangor,FPX
ORD19417,2025-01-12,Home,Coffee Maker,222,3,666,West Malaysia,Johor,TNG eWallet
ORD19418,2025-02-19,Fashion,Sneakers,220,1,220,West Malaysia,Penang,GrabPay
ORD19419,2025-02-06,Home,Office Chair,656,2,1312,East Malaysia,Sarawak,Credit Card
ORD19420,2025-09-07,Fashion,T-Shirt,222,1,222,West Malaysia,Melaka,Credit Card
ORD19421,2025-02-04,Home,Desk Lamp,657,4,2628,East Malaysia,Sabah,FPX
ORD19422,2025-07-26,Fashion,Backpack,395,3,1185,West Malaysia,Johor,TNG eWallet
ORD19423,2025-06-07,Electronics,Smartphone,1145,4,4580,West Malaysia,Kuala Lumpur,GrabPay
ORD19424,2025-03-28,Electronics,Laptop,3275,2,6550,West Malaysia,Johor,TNG eWallet
ORD19425,2025-10-14,Electronics,Smartphone,4479,1,4479,West Malaysia,Selangor,Credit Card
ORD19426,2025-08-15,Electronics,Laptop,2852,1,2852,East Malaysia,Sabah,Credit Card
ORD19427,2025-04-17,Home,Air Purifier,625,4,2500,West Malaysia,Pahang,Credit Card
ORD19428,2025-08-23,Home,Coffee Maker,527,4,2108,East Malaysia,Sabah,Credit Card
ORD19429,2025-06-10,Electronics,Smartphone,2033,4,8132,West Malaysia,Pahang,TNG eWallet
ORD19430,2025-08-06,Electronics,Wireless Earbuds,527,1,527,East Malaysia,Sarawak,GrabPay
ORD19431,2025-05-02,Home,Air Purifier,542,4,2168,West Malaysia,Kuala Lumpur,GrabPay
ORD19432,2025-07-18,Fashion,Sneakers,214,1,214,West Malaysia,Selangor,GrabPay
ORD19433,2025-11-19,Fashion,Sneakers,87,4,348,West Malaysia,Perak,FPX
ORD19434,2025-12-27,Electronics,Smartphone,945,4,3780,West Malaysia,Kuala Lumpur,Credit Card
ORD19435,2025-09-19,Home,Air Purifier,305,3,915,East Malaysia,Sarawak,Credit Card
ORD19436,2025-08-25,Electronics,Wireless Earbuds,1322,2,2644,West Malaysia,Johor,Credit Card
ORD19437,2025-12-08,Home,Desk Lamp,191,3,573,East Malaysia,Sabah,FPX
ORD19438,2025-02-04,Electronics,Laptop,745,2,1490,West Malaysia,Perak,Credit Card
ORD19439,2025-12-20,Electronics,Laptop,1754,1,1754,West Malaysia,Penang,TNG eWallet
ORD19440,2025-03-06,Home,Coffee Maker,289,1,289,East Malaysia,Sarawak,FPX
ORD19441,2025-04-23,Home,Desk Lamp,432,1,432,East Malaysia,Sarawak,FPX
ORD19442,2025-08-11,Home,Coffee Maker,649,4,2596,West Malaysia,Kuala Lumpur,GrabPay
ORD19443,2025-06-05,Electronics,Smartphone,2800,2,5600,East Malaysia,Sabah,Credit Card
ORD19444,2025-01-13,Fashion,T-Shirt,321,3,963,West Malaysia,Selangor,Credit Card
ORD19445,2025-08-02,Fashion,Sunglasses,236,2,472,West Malaysia,Selangor,GrabPay
ORD19446,2025-09-12,Home,Desk Lamp,577,3,1731,West Malaysia,Pahang,FPX
ORD19447,2025-11-27,Electronics,Laptop,1266,3,3798,West Malaysia,Kedah,Credit Card
ORD19448,2025-10-20,Home,Coffee Maker,609,2,1218,West Malaysia,Melaka,GrabPay
ORD19449,2025-01-29,Fashion,T-Shirt,101,3,303,East Malaysia,Sarawak,GrabPay
ORD19450,2025-08-21,Fashion,Sunglasses,180,4,720,East Malaysia,Sabah,Credit Card
ORD19451,2025-01-22,Electronics,Wireless Earbuds,4164,3,12492,East Malaysia,Sarawak,FPX
ORD19452,2025-12-11,Home,Coffee Maker,123,1,123,East Malaysia,Sarawak,GrabPay
ORD19453,2025-10-01,Electronics,Smartwatch,3232,4,12928,East Malaysia,Sarawak,TNG eWallet
ORD19454,2025-01-20,Fashion,Sneakers,136,3,408,West Malaysia,Penang,FPX
ORD19455,2025-06-23,Fashion,Sunglasses,125,2,250,East Malaysia,Sarawak,TNG eWallet
ORD19456,2025-07-07,Home,Air Purifier,779,2,1558,East Malaysia,Sarawak,GrabPay
ORD19457,2025-07-19,Electronics,Wireless Earbuds,3870,4,15480,East Malaysia,Sarawak,GrabPay
ORD19458,2025-06-15,Electronics,Smartwatch,823,4,3292,West Malaysia,Perak,GrabPay
ORD19459,2025-08-09,Home,Coffee Maker,195,4,780,West Malaysia,Selangor,TNG eWallet
ORD19460,2025-09-23,Fashion,Backpack,170,3,510,West Malaysia,Kuala Lumpur,FPX
ORD19461,2025-04-10,Fashion,Sunglasses,132,3,396,West Malaysia,Perak,GrabPay
ORD19462,2025-01-08,Fashion,Sneakers,241,3,723,East Malaysia,Sarawak,GrabPay
ORD19463,2025-07-27,Home,Desk Lamp,600,3,1800,East Malaysia,Sabah,FPX
ORD19464,2025-05-13,Electronics,Wireless Earbuds,4103,4,16412,East Malaysia,Sarawak,FPX
ORD19465,2025-04-21,Electronics,Smartphone,656,2,1312,West Malaysia,Selangor,GrabPay
ORD19466,2025-02-10,Fashion,T-Shirt,236,3,708,West Malaysia,Melaka,Credit Card
ORD19467,2025-12-04,Fashion,T-Shirt,399,1,399,West Malaysia,Melaka,Credit Card
ORD19468,2025-08-23,Home,Coffee Maker,352,2,704,West Malaysia,Kuala Lumpur,GrabPay
ORD19469,2025-05-27,Electronics,Laptop,3322,4,13288,West Malaysia,Pahang,GrabPay
ORD19470,2025-10-04,Fashion,Sneakers,103,1,103,East Malaysia,Sarawak,GrabPay
ORD19471,2025-03-18,Electronics,Smartphone,1466,2,2932,East Malaysia,Sarawak,GrabPay
ORD19472,2025-03-06,Electronics,Smartphone,597,2,1194,East Malaysia,Sarawak,GrabPay
ORD19473,2025-02-09,Home,Air Purifier,295,2,590,West Malaysia,Selangor,GrabPay
ORD19474,2025-11-02,Home,Desk Lamp,623,4,2492,West Malaysia,Melaka,FPX
ORD19475,2025-12-26,Electronics,Wireless Earbuds,1264,1,1264,East Malaysia,Sarawak,GrabPay
ORD19476,2025-11-09,Home,Coffee Maker,726,2,1452,East Malaysia,Sarawak,TNG eWallet
ORD19477,2025-06-23,Home,Coffee Maker,118,3,354,East Malaysia,Sabah,FPX
ORD19478,2025-09-02,Fashion,T-Shirt,217,4,868,East Malaysia,Sabah,FPX
ORD19479,2025-04-04,Home,Coffee Maker,113,2,226,West Malaysia,Selangor,TNG eWallet
ORD19480,2025-10-02,Home,Coffee Maker,740,4,2960,West Malaysia,Melaka,FPX
ORD19481,2025-08-27,Home,Coffee Maker,105,1,105,East Malaysia,Sarawak,GrabPay
ORD19482,2025-11-24,Electronics,Smartphone,2334,2,4668,East Malaysia,Sarawak,TNG eWallet
ORD19483,2025-01-13,Electronics,Laptop,1036,1,1036,East Malaysia,Sarawak,FPX
ORD19484,2025-08-08,Home,Air Purifier,534,2,1068,East Malaysia,Sabah,GrabPay
ORD19485,2025-11-23,Home,Desk Lamp,272,4,1088,East Malaysia,Sarawak,TNG eWallet
ORD19486,2025-01-04,Electronics,Smartwatch,1066,1,1066,East Malaysia,Sarawak,GrabPay
ORD19487,2025-01-17,Electronics,Smartwatch,3558,3,10674,East Malaysia,Sabah,FPX
ORD19488,2025-01-21,Fashion,Sunglasses,238,4,952,West Malaysia,Johor,FPX
ORD19489,2025-07-27,Electronics,Smartwatch,3411,4,13644,East Malaysia,Sabah,TNG eWallet
ORD19490,2025-05-08,Electronics,Smartwatch,1467,1,1467,East Malaysia,Sabah,Credit Card
ORD19491,2025-11-27,Electronics,Smartwatch,1135,4,4540,East Malaysia,Sabah,GrabPay
ORD19492,2025-12-13,Fashion,Sunglasses,270,1,270,West Malaysia,Pahang,TNG eWallet
ORD19493,2025-06-16,Fashion,Sneakers,292,1,292,East Malaysia,Sabah,FPX
ORD19494,2025-06-15,Home,Desk Lamp,489,2,978,West Malaysia,Selangor,Credit Card
ORD19495,2025-04-21,Home,Coffee Maker,790,4,3160,West Malaysia,Kedah,TNG eWallet
ORD19496,2025-06-17,Fashion,T-Shirt,148,2,296,West Malaysia,Pahang,Credit Card
ORD19497,2025-04-27,Electronics,Smartwatch,1210,4,4840,East Malaysia,Sabah,FPX
ORD19498,2025-03-04,Fashion,Sunglasses,90,1,90,West Malaysia,Kuala Lumpur,Credit Card
ORD19499,2025-10-18,Electronics,Laptop,1075,4,4300,East Malaysia,Sabah,Credit Card
ORD19500,2025-08-03,Electronics,Smartphone,3354,3,10062,West Malaysia,Selangor,TNG eWallet
ORD19501,2025-11-28,Electronics,Laptop,3804,3,11412,East Malaysia,Sabah,Credit Card
ORD19502,2025-06-30,Home,Air Purifier,648,3,1944,West Malaysia,Pahang,FPX
ORD19503,2025-09-29,Electronics,Smartwatch,2836,2,5672,East Malaysia,Sarawak,TNG eWallet
ORD19504,2025-08-27,Electronics,Wireless Earbuds,2390,3,7170,East Malaysia,Sabah,Credit Card
ORD19505,2025-05-02,Electronics,Smartphone,1579,2,3158,East Malaysia,Sarawak,FPX
ORD19506,2025-11-12,Electronics,Wireless Earbuds,2941,1,2941,East Malaysia,Sabah,FPX
ORD19507,2025-10-12,Electronics,Smartwatch,1528,3,4584,East Malaysia,Sarawak,GrabPay
ORD19508,2025-06-19,Electronics,Wireless Earbuds,2386,2,4772,West Malaysia,Selangor,TNG eWallet
ORD19509,2025-03-22,Electronics,Laptop,1166,2,2332,East Malaysia,Sabah,GrabPay
ORD19510,2025-01-20,Fashion,Sneakers,161,1,161,West Malaysia,Kuala Lumpur,Credit Card
ORD19511,2025-06-23,Home,Desk Lamp,694,3,2082,East Malaysia,Sabah,FPX
ORD19512,2025-08-20,Fashion,Sunglasses,355,1,355,West Malaysia,Johor,Credit Card
ORD19513,2025-09-25,Electronics,Laptop,2623,3,7869,West Malaysia,Perak,Credit Card
ORD19514,2025-03-30,Electronics,Smartphone,2271,1,2271,West Malaysia,Selangor,GrabPay
ORD19515,2025-10-31,Fashion,T-Shirt,294,3,882,East Malaysia,Sabah,TNG eWallet
ORD19516,2025-04-18,Home,Office Chair,417,1,417,East Malaysia,Sarawak,Credit Card
ORD19517,2025-03-12,Home,Coffee Maker,676,2,1352,West Malaysia,Kedah,FPX
ORD19518,2025-01-21,Fashion,Sneakers,74,2,148,West Malaysia,Selangor,GrabPay
ORD19519,2025-01-20,Home,Air Purifier,312,1,312,East Malaysia,Sabah,GrabPay
ORD19520,2025-12-05,Electronics,Laptop,934,3,2802,West Malaysia,Pahang,FPX
ORD19521,2025-12-20,Electronics,Smartphone,1445,1,1445,West Malaysia,Kedah,GrabPay
ORD19522,2025-05-12,Home,Coffee Maker,446,4,1784,West Malaysia,Kuala Lumpur,GrabPay
ORD19523,2025-08-26,Home,Office Chair,135,4,540,East Malaysia,Sabah,GrabPay
ORD19524,2025-11-15,Electronics,Smartwatch,1071,2,2142,East Malaysia,Sabah,TNG eWallet
ORD19525,2025-11-27,Fashion,T-Shirt,331,3,993,East Malaysia,Sarawak,FPX
ORD19526,2025-05-23,Home,Air Purifier,465,3,1395,West Malaysia,Selangor,GrabPay
ORD19527,2025-11-22,Home,Office Chair,635,2,1270,East Malaysia,Sabah,FPX
ORD19528,2025-10-06,Home,Office Chair,751,4,3004,West Malaysia,Johor,Credit Card
ORD19529,2025-01-07,Electronics,Smartphone,3285,4,13140,West Malaysia,Kedah,FPX
ORD19530,2025-08-28,Home,Desk Lamp,514,1,514,East Malaysia,Sarawak,Credit Card
ORD19531,2025-06-13,Electronics,Laptop,2482,1,2482,West Malaysia,Penang,FPX
ORD19532,2025-09-22,Home,Coffee Maker,152,4,608,West Malaysia,Johor,GrabPay
ORD19533,2025-03-24,Home,Desk Lamp,294,2,588,East Malaysia,Sarawak,Credit Card
ORD19534,2025-08-21,Electronics,Wireless Earbuds,2346,1,2346,West Malaysia,Pahang,FPX
ORD19535,2025-02-08,Fashion,T-Shirt,326,1,326,East Malaysia,Sabah,Credit Card
ORD19536,2025-01-12,Fashion,Backpack,275,2,550,East Malaysia,Sarawak,GrabPay
ORD19537,2025-01-18,Electronics,Wireless Earbuds,3507,4,14028,East Malaysia,Sabah,Credit Card
ORD19538,2025-10-19,Electronics,Smartwatch,2063,1,2063,East Malaysia,Sabah,GrabPay
ORD19539,2025-12-24,Home,Desk Lamp,614,4,2456,East Malaysia,Sabah,TNG eWallet
ORD19540,2025-07-06,Electronics,Laptop,434,3,1302,East Malaysia,Sabah,GrabPay
ORD19541,2025-11-05,Fashion,Sunglasses,371,1,371,West Malaysia,Penang,FPX
ORD19542,2025-07-15,Fashion,Backpack,374,4,1496,West Malaysia,Perak,GrabPay
ORD19543,2025-09-04,Home,Coffee Maker,141,2,282,East Malaysia,Sarawak,TNG eWallet
ORD19544,2025-03-26,Fashion,T-Shirt,237,1,237,West Malaysia,Kedah,FPX
ORD19545,2025-11-25,Electronics,Wireless Earbuds,2991,3,8973,East Malaysia,Sarawak,FPX
ORD19546,2025-07-02,Fashion,Backpack,308,4,1232,West Malaysia,Penang,FPX
ORD19547,2025-11-04,Fashion,Backpack,182,4,728,West Malaysia,Kuala Lumpur,Credit Card
ORD19548,2025-11-10,Electronics,Smartwatch,3400,2,6800,West Malaysia,Penang,TNG eWallet
ORD19549,2025-11-20,Home,Office Chair,714,4,2856,East Malaysia,Sabah,Credit Card
ORD19550,2025-04-15,Fashion,Backpack,242,4,968,West Malaysia,Pahang,GrabPay
ORD19551,2025-05-11,Home,Coffee Maker,196,1,196,East Malaysia,Sarawak,FPX
ORD19552,2025-11-20,Home,Desk Lamp,448,4,1792,West Malaysia,Penang,FPX
ORD19553,2025-12-27,Home,Coffee Maker,679,1,679,East Malaysia,Sarawak,TNG eWallet
ORD19554,2025-03-10,Fashion,T-Shirt,299,4,1196,West Malaysia,Selangor,FPX
ORD19555,2025-07-19,Home,Air Purifier,790,1,790,East Malaysia,Sabah,GrabPay
ORD19556,2025-04-01,Home,Office Chair,592,3,1776,East Malaysia,Sarawak,TNG eWallet
ORD19557,2025-12-13,Fashion,Sunglasses,181,1,181,West Malaysia,Johor,FPX
ORD19558,2025-07-19,Electronics,Smartwatch,2768,1,2768,East Malaysia,Sabah,TNG eWallet
ORD19559,2025-01-08,Home,Air Purifier,239,4,956,East Malaysia,Sarawak,Credit Card
ORD19560,2025-10-22,Fashion,Sneakers,126,1,126,East Malaysia,Sarawak,FPX
ORD19561,2025-03-06,Home,Air Purifier,460,1,460,East Malaysia,Sabah,GrabPay
ORD19562,2025-02-14,Electronics,Wireless Earbuds,2362,4,9448,East Malaysia,Sabah,FPX
ORD19563,2025-04-20,Home,Desk Lamp,248,4,992,West Malaysia,Melaka,GrabPay
ORD19564,2025-02-04,Home,Office Chair,386,2,772,West Malaysia,Selangor,GrabPay
ORD19565,2025-04-25,Electronics,Wireless Earbuds,3445,2,6890,West Malaysia,Selangor,GrabPay
ORD19566,2025-08-03,Home,Air Purifier,214,1,214,East Malaysia,Sarawak,Credit Card
ORD19567,2025-07-31,Electronics,Smartwatch,2037,3,6111,East Malaysia,Sabah,FPX
ORD19568,2025-03-24,Electronics,Smartphone,2410,3,7230,East Malaysia,Sabah,GrabPay
ORD19569,2025-11-20,Fashion,T-Shirt,320,3,960,East Malaysia,Sarawak,Credit Card
ORD19570,2025-07-18,Electronics,Laptop,797,1,797,West Malaysia,Pahang,Credit Card
ORD19571,2025-01-08,Electronics,Wireless Earbuds,355,1,355,West Malaysia,Selangor,FPX
ORD19572,2025-08-26,Fashion,T-Shirt,301,2,602,West Malaysia,Penang,Credit Card
ORD19573,2025-05-30,Electronics,Laptop,1233,4,4932,West Malaysia,Kedah,GrabPay
ORD19574,2025-06-27,Home,Air Purifier,379,4,1516,West Malaysia,Kuala Lumpur,GrabPay
ORD19575,2025-01-07,Fashion,T-Shirt,61,2,122,West Malaysia,Selangor,FPX
ORD19576,2025-12-06,Fashion,Backpack,169,2,338,East Malaysia,Sabah,FPX
ORD19577,2025-02-15,Electronics,Smartphone,4159,2,8318,West Malaysia,Selangor,TNG eWallet
ORD19578,2025-04-05,Fashion,Sneakers,212,3,636,West Malaysia,Penang,GrabPay
ORD19579,2025-07-24,Fashion,T-Shirt,400,4,1600,West Malaysia,Pahang,GrabPay
ORD19580,2025-01-20,Home,Desk Lamp,170,1,170,East Malaysia,Sabah,FPX
ORD19581,2025-06-03,Electronics,Laptop,2713,4,10852,East Malaysia,Sarawak,FPX
ORD19582,2025-06-15,Home,Desk Lamp,389,2,778,West Malaysia,Kedah,TNG eWallet
ORD19583,2025-01-28,Electronics,Smartphone,3182,3,9546,East Malaysia,Sarawak,TNG eWallet
ORD19584,2025-04-30,Electronics,Laptop,3374,2,6748,West Malaysia,Penang,Credit Card
ORD19585,2025-07-04,Home,Air Purifier,469,1,469,West Malaysia,Perak,TNG eWallet
ORD19586,2025-04-29,Home,Desk Lamp,693,4,2772,East Malaysia,Sarawak,Credit Card
ORD19587,2025-06-18,Home,Air Purifier,603,2,1206,West Malaysia,Penang,FPX
ORD19588,2025-08-06,Fashion,Sunglasses,165,3,495,West Malaysia,Pahang,GrabPay
ORD19589,2025-12-13,Fashion,T-Shirt,120,2,240,West Malaysia,Penang,Credit Card
ORD19590,2025-06-06,Fashion,Backpack,124,1,124,West Malaysia,Pahang,TNG eWallet
ORD19591,2025-03-16,Electronics,Smartwatch,1818,1,1818,West Malaysia,Kuala Lumpur,GrabPay
ORD19592,2025-06-07,Home,Air Purifier,664,2,1328,West Malaysia,Kuala Lumpur,GrabPay
ORD19593,2025-10-05,Fashion,Backpack,240,4,960,East Malaysia,Sarawak,GrabPay
ORD19594,2025-08-24,Home,Office Chair,331,3,993,East Malaysia,Sarawak,FPX
ORD19595,2025-07-19,Home,Air Purifier,635,3,1905,East Malaysia,Sarawak,Credit Card
ORD19596,2025-02-11,Fashion,Sunglasses,290,4,1160,West Malaysia,Selangor,FPX
ORD19597,2025-03-16,Fashion,Sunglasses,79,1,79,West Malaysia,Melaka,FPX
ORD19598,2025-08-07,Home,Coffee Maker,515,2,1030,West Malaysia,Johor,FPX
ORD19599,2025-10-31,Home,Office Chair,242,3,726,West Malaysia,Pahang,FPX
ORD19600,2025-09-19,Home,Air Purifier,114,3,342,West Malaysia,Perak,FPX
ORD19601,2025-09-13,Fashion,Sunglasses,148,4,592,West Malaysia,Pahang,TNG eWallet
ORD19602,2025-08-11,Home,Air Purifier,316,1,316,East Malaysia,Sabah,GrabPay
ORD19603,2025-09-13,Fashion,T-Shirt,180,4,720,West Malaysia,Penang,Credit Card
ORD19604,2025-03-24,Fashion,Sunglasses,327,1,327,West Malaysia,Pahang,Credit Card
ORD19605,2025-06-06,Electronics,Wireless Earbuds,3798,4,15192,East Malaysia,Sabah,Credit Card
ORD19606,2025-10-14,Home,Air Purifier,570,1,570,East Malaysia,Sarawak,TNG eWallet
ORD19607,2025-08-02,Fashion,T-Shirt,317,3,951,East Malaysia,Sarawak,FPX
ORD19608,2025-11-15,Electronics,Wireless Earbuds,931,4,3724,East Malaysia,Sabah,FPX
ORD19609,2025-01-24,Home,Office Chair,343,3,1029,East Malaysia,Sarawak,FPX
ORD19610,2025-05-06,Home,Air Purifier,174,2,348,West Malaysia,Pahang,FPX
ORD19611,2025-12-23,Electronics,Smartphone,3121,1,3121,West Malaysia,Perak,GrabPay
ORD19612,2025-03-10,Electronics,Laptop,2755,4,11020,West Malaysia,Selangor,Credit Card
ORD19613,2025-08-12,Fashion,Sneakers,296,2,592,East Malaysia,Sabah,FPX
ORD19614,2025-02-12,Electronics,Smartwatch,2916,2,5832,West Malaysia,Perak,Credit Card
ORD19615,2025-07-10,Electronics,Wireless Earbuds,2436,2,4872,East Malaysia,Sarawak,Credit Card
ORD19616,2025-09-21,Home,Desk Lamp,788,1,788,East Malaysia,Sabah,TNG eWallet
ORD19617,2025-09-12,Fashion,Backpack,143,2,286,West Malaysia,Pahang,GrabPay
ORD19618,2025-12-01,Electronics,Smartwatch,4228,4,16912,East Malaysia,Sabah,FPX
ORD19619,2025-01-06,Fashion,Backpack,295,4,1180,West Malaysia,Melaka,GrabPay
ORD19620,2025-09-09,Electronics,Smartphone,1220,1,1220,West Malaysia,Selangor,GrabPay
ORD19621,2025-09-03,Home,Desk Lamp,555,2,1110,West Malaysia,Penang,FPX
ORD19622,2025-02-13,Fashion,Backpack,189,4,756,East Malaysia,Sarawak,TNG eWallet
ORD19623,2025-11-03,Electronics,Laptop,789,3,2367,West Malaysia,Pahang,FPX
ORD19624,2025-07-15,Fashion,Sunglasses,160,1,160,East Malaysia,Sabah,GrabPay
ORD19625,2025-03-08,Home,Office Chair,323,2,646,West Malaysia,Kedah,Credit Card
ORD19626,2025-09-06,Electronics,Laptop,3270,2,6540,East Malaysia,Sabah,Credit Card
ORD19627,2025-11-28,Fashion,Backpack,248,4,992,West Malaysia,Selangor,Credit Card
ORD19628,2025-07-14,Electronics,Wireless Earbuds,2060,2,4120,West Malaysia,Kedah,FPX
ORD19629,2025-07-24,Electronics,Laptop,3448,1,3448,East Malaysia,Sabah,FPX
ORD19630,2025-12-30,Home,Office Chair,281,3,843,East Malaysia,Sabah,TNG eWallet
ORD19631,2025-01-16,Home,Office Chair,417,2,834,West Malaysia,Pahang,GrabPay
ORD19632,2025-11-09,Home,Air Purifier,359,4,1436,West Malaysia,Selangor,GrabPay
ORD19633,2025-10-31,Electronics,Smartwatch,1099,3,3297,East Malaysia,Sarawak,FPX
ORD19634,2025-03-26,Electronics,Wireless Earbuds,3935,4,15740,East Malaysia,Sarawak,FPX
ORD19635,2025-12-22,Fashion,Backpack,322,2,644,West Malaysia,Johor,GrabPay
ORD19636,2025-10-29,Home,Air Purifier,431,1,431,West Malaysia,Melaka,Credit Card
ORD19637,2025-06-11,Fashion,Sneakers,101,4,404,East Malaysia,Sarawak,Credit Card
ORD19638,2025-06-16,Home,Desk Lamp,537,4,2148,West Malaysia,Johor,GrabPay
ORD19639,2025-07-22,Fashion,Backpack,269,2,538,West Malaysia,Melaka,FPX
ORD19640,2025-06-06,Home,Air Purifier,671,4,2684,East Malaysia,Sarawak,FPX
ORD19641,2025-06-19,Electronics,Smartwatch,1884,4,7536,West Malaysia,Melaka,TNG eWallet
ORD19642,2025-12-19,Electronics,Smartphone,898,2,1796,West Malaysia,Penang,GrabPay
ORD19643,2025-06-21,Electronics,Smartphone,2647,3,7941,East Malaysia,Sabah,TNG eWallet
ORD19644,2025-09-13,Electronics,Smartphone,3037,3,9111,East Malaysia,Sarawak,FPX
ORD19645,2025-02-28,Home,Desk Lamp,497,2,994,West Malaysia,Pahang,FPX
ORD19646,2025-10-11,Home,Office Chair,156,2,312,East Malaysia,Sarawak,Credit Card
ORD19647,2025-01-01,Fashion,Sneakers,81,2,162,East Malaysia,Sarawak,TNG eWallet
ORD19648,2025-05-06,Fashion,Backpack,207,1,207,East Malaysia,Sarawak,TNG eWallet
ORD19649,2025-09-29,Fashion,T-Shirt,263,1,263,East Malaysia,Sabah,GrabPay
ORD19650,2025-09-29,Electronics,Smartphone,3326,1,3326,East Malaysia,Sabah,FPX
ORD19651,2025-11-11,Home,Coffee Maker,620,2,1240,West Malaysia,Perak,TNG eWallet
ORD19652,2025-08-25,Electronics,Wireless Earbuds,4321,2,8642,West Malaysia,Pahang,FPX
ORD19653,2025-11-24,Home,Desk Lamp,135,2,270,East Malaysia,Sabah,Credit Card
ORD19654,2025-03-01,Fashion,Sunglasses,288,1,288,West Malaysia,Kuala Lumpur,FPX
ORD19655,2025-12-10,Electronics,Smartwatch,1556,1,1556,East Malaysia,Sarawak,FPX
ORD19656,2025-07-09,Electronics,Wireless Earbuds,2791,3,8373,West Malaysia,Perak,Credit Card
ORD19657,2025-08-13,Home,Air Purifier,208,3,624,West Malaysia,Johor,TNG eWallet
ORD19658,2025-03-11,Electronics,Wireless Earbuds,575,4,2300,West Malaysia,Melaka,Credit Card
ORD19659,2025-01-04,Electronics,Wireless Earbuds,4418,3,13254,East Malaysia,Sarawak,FPX
ORD19660,2025-08-17,Electronics,Smartphone,1667,1,1667,East Malaysia,Sarawak,GrabPay
ORD19661,2025-06-21,Home,Coffee Maker,697,3,2091,West Malaysia,Penang,FPX
ORD19662,2025-01-24,Electronics,Smartphone,3801,3,11403,East Malaysia,Sabah,Credit Card
ORD19663,2026-01-01,Home,Coffee Maker,526,4,2104,East Malaysia,Sabah,TNG eWallet
ORD19664,2025-03-07,Home,Office Chair,391,1,391,West Malaysia,Johor,GrabPay
ORD19665,2025-10-20,Electronics,Wireless Earbuds,833,4,3332,East Malaysia,Sarawak,GrabPay
ORD19666,2025-02-05,Fashion,Sneakers,298,1,298,East Malaysia,Sarawak,Credit Card
ORD19667,2025-07-30,Home,Desk Lamp,692,1,692,East Malaysia,Sarawak,TNG eWallet
ORD19668,2025-04-07,Home,Coffee Maker,117,2,234,East Malaysia,Sarawak,TNG eWallet
ORD19669,2025-01-31,Home,Office Chair,402,4,1608,East Malaysia,Sarawak,FPX
ORD19670,2025-04-19,Fashion,Backpack,253,1,253,West Malaysia,Kedah,FPX
ORD19671,2025-01-28,Electronics,Laptop,1209,2,2418,West Malaysia,Johor,TNG eWallet
ORD19672,2025-05-12,Electronics,Wireless Earbuds,2418,2,4836,West Malaysia,Perak,FPX
ORD19673,2025-01-24,Fashion,Sneakers,315,1,315,East Malaysia,Sarawak,FPX
ORD19674,2025-05-17,Home,Office Chair,420,1,420,East Malaysia,Sarawak,Credit Card
ORD19675,2025-10-30,Home,Coffee Maker,233,2,466,East Malaysia,Sarawak,Credit Card
ORD19676,2025-06-05,Fashion,Sneakers,175,2,350,West Malaysia,Melaka,FPX
ORD19677,2025-06-30,Fashion,Sneakers,60,4,240,East Malaysia,Sabah,GrabPay
ORD19678,2025-05-01,Home,Air Purifier,477,3,1431,East Malaysia,Sarawak,GrabPay
ORD19679,2025-07-11,Home,Air Purifier,781,3,2343,West Malaysia,Selangor,FPX
ORD19680,2025-06-03,Electronics,Laptop,340,4,1360,West Malaysia,Kuala Lumpur,Credit Card
ORD19681,2025-03-23,Electronics,Smartphone,711,4,2844,West Malaysia,Johor,TNG eWallet
ORD19682,2025-11-15,Home,Desk Lamp,599,4,2396,West Malaysia,Kuala Lumpur,FPX
ORD19683,2025-03-03,Electronics,Laptop,4055,1,4055,West Malaysia,Penang,TNG eWallet
ORD19684,2025-06-12,Electronics,Smartwatch,4049,4,16196,East Malaysia,Sarawak,FPX
ORD19685,2025-09-24,Home,Air Purifier,788,3,2364,East Malaysia,Sarawak,TNG eWallet
ORD19686,2025-12-08,Fashion,Sneakers,114,4,456,West Malaysia,Perak,GrabPay
ORD19687,2025-12-05,Fashion,Backpack,63,4,252,West Malaysia,Kedah,GrabPay
ORD19688,2025-12-21,Electronics,Wireless Earbuds,3400,4,13600,East Malaysia,Sabah,TNG eWallet
ORD19689,2025-06-18,Electronics,Smartwatch,1130,4,4520,East Malaysia,Sabah,FPX
ORD19690,2025-12-10,Home,Desk Lamp,702,2,1404,West Malaysia,Johor,Credit Card
ORD19691,2025-10-25,Home,Coffee Maker,272,1,272,West Malaysia,Johor,FPX
ORD19692,2025-11-15,Home,Desk Lamp,705,4,2820,West Malaysia,Perak,TNG eWallet
ORD19693,2025-06-20,Fashion,Backpack,275,2,550,East Malaysia,Sarawak,TNG eWallet
ORD19694,2025-08-10,Electronics,Smartwatch,1132,1,1132,West Malaysia,Penang,GrabPay
ORD19695,2025-05-26,Electronics,Wireless Earbuds,2600,2,5200,West Malaysia,Pahang,GrabPay
ORD19696,2025-10-21,Home,Desk Lamp,475,1,475,East Malaysia,Sarawak,TNG eWallet
ORD19697,2025-03-20,Electronics,Smartphone,502,3,1506,West Malaysia,Kuala Lumpur,GrabPay
ORD19698,2025-01-02,Electronics,Smartphone,3841,3,11523,West Malaysia,Kuala Lumpur,GrabPay
ORD19699,2025-04-17,Fashion,T-Shirt,131,4,524,West Malaysia,Perak,FPX
ORD19700,2025-11-15,Fashion,Sneakers,305,3,915,West Malaysia,Perak,FPX
ORD19701,2025-04-09,Electronics,Smartphone,3176,2,6352,West Malaysia,Kuala Lumpur,Credit Card
ORD19702,2025-05-14,Electronics,Wireless Earbuds,3090,2,6180,West Malaysia,Melaka,GrabPay
ORD19703,2025-11-27,Fashion,Sunglasses,387,1,387,East Malaysia,Sabah,Credit Card
ORD19704,2025-06-12,Electronics,Laptop,2471,4,9884,East Malaysia,Sabah,FPX
ORD19705,2025-07-17,Fashion,Backpack,261,3,783,East Malaysia,Sarawak,GrabPay
ORD19706,2025-06-27,Fashion,Backpack,278,4,1112,West Malaysia,Melaka,TNG eWallet
ORD19707,2025-07-23,Fashion,Sunglasses,229,3,687,East Malaysia,Sarawak,GrabPay
ORD19708,2025-09-21,Fashion,Backpack,204,3,612,West Malaysia,Pahang,Credit Card
ORD19709,2025-08-25,Fashion,Backpack,185,1,185,East Malaysia,Sabah,Credit Card
ORD19710,2025-05-29,Fashion,Sneakers,73,1,73,West Malaysia,Pahang,FPX
ORD19711,2025-08-20,Home,Air Purifier,494,1,494,East Malaysia,Sarawak,TNG eWallet
ORD19712,2025-09-08,Home,Office Chair,620,2,1240,East Malaysia,Sarawak,TNG eWallet
ORD19713,2025-05-01,Electronics,Wireless Earbuds,1063,1,1063,West Malaysia,Kuala Lumpur,GrabPay
ORD19714,2025-01-12,Fashion,Sneakers,160,2,320,East Malaysia,Sabah,Credit Card
ORD19715,2025-09-26,Electronics,Wireless Earbuds,480,4,1920,West Malaysia,Kedah,TNG eWallet
ORD19716,2025-04-22,Home,Office Chair,191,3,573,West Malaysia,Johor,TNG eWallet
ORD19717,2025-01-11,Fashion,T-Shirt,239,2,478,East Malaysia,Sarawak,FPX
ORD19718,2025-10-03,Electronics,Wireless Earbuds,967,1,967,East Malaysia,Sarawak,Credit Card
ORD19719,2025-04-28,Home,Desk Lamp,236,4,944,East Malaysia,Sabah,FPX
ORD19720,2025-11-04,Home,Coffee Maker,151,4,604,West Malaysia,Johor,Credit Card
ORD19721,2025-10-20,Electronics,Smartwatch,3234,4,12936,East Malaysia,Sarawak,TNG eWallet
ORD19722,2025-01-04,Fashion,Sunglasses,134,2,268,West Malaysia,Selangor,FPX
ORD19723,2025-04-23,Home,Air Purifier,442,2,884,West Malaysia,Johor,TNG eWallet
ORD19724,2025-07-18,Fashion,Sunglasses,176,4,704,West Malaysia,Penang,GrabPay
ORD19725,2025-05-04,Electronics,Smartphone,4284,2,8568,East Malaysia,Sabah,Credit Card
ORD19726,2025-05-28,Home,Air Purifier,141,2,282,East Malaysia,Sabah,Credit Card
ORD19727,2025-10-25,Home,Coffee Maker,564,2,1128,East Malaysia,Sarawak,GrabPay
ORD19728,2025-10-09,Electronics,Laptop,2629,4,10516,East Malaysia,Sarawak,FPX
ORD19729,2025-06-07,Electronics,Smartwatch,4059,2,8118,West Malaysia,Perak,Credit Card
ORD19730,2025-06-28,Electronics,Laptop,2122,2,4244,East Malaysia,Sarawak,Credit Card
ORD19731,2025-03-10,Home,Office Chair,453,4,1812,East Malaysia,Sarawak,GrabPay
ORD19732,2025-10-29,Home,Desk Lamp,431,2,862,East Malaysia,Sarawak,Credit Card
ORD19733,2025-04-29,Home,Coffee Maker,257,2,514,East Malaysia,Sarawak,TNG eWallet
ORD19734,2025-10-05,Fashion,Sunglasses,205,1,205,East Malaysia,Sarawak,TNG eWallet
ORD19735,2025-01-23,Electronics,Smartphone,4449,4,17796,West Malaysia,Kedah,FPX
ORD19736,2025-06-03,Fashion,Sunglasses,165,4,660,West Malaysia,Perak,TNG eWallet
ORD19737,2025-04-13,Fashion,Sneakers,228,1,228,East Malaysia,Sabah,Credit Card
ORD19738,2025-07-23,Electronics,Laptop,1774,2,3548,East Malaysia,Sabah,TNG eWallet
ORD19739,2025-12-24,Electronics,Smartphone,1423,4,5692,East Malaysia,Sabah,Credit Card
ORD19740,2025-12-21,Home,Air Purifier,774,1,774,East Malaysia,Sabah,GrabPay
ORD19741,2025-03-12,Fashion,Sneakers,214,2,428,West Malaysia,Perak,GrabPay
ORD19742,2025-09-24,Home,Air Purifier,557,2,1114,West Malaysia,Penang,Credit Card
ORD19743,2025-11-04,Home,Air Purifier,761,3,2283,East Malaysia,Sabah,Credit Card
ORD19744,2025-08-14,Electronics,Wireless Earbuds,4233,1,4233,East Malaysia,Sabah,GrabPay
ORD19745,2025-12-16,Home,Coffee Maker,259,4,1036,West Malaysia,Perak,TNG eWallet
ORD19746,2025-05-30,Electronics,Smartphone,996,2,1992,West Malaysia,Perak,Credit Card
ORD19747,2025-11-12,Home,Air Purifier,391,4,1564,West Malaysia,Johor,FPX
ORD19748,2025-01-22,Electronics,Wireless Earbuds,453,2,906,East Malaysia,Sarawak,Credit Card
ORD19749,2025-06-18,Home,Air Purifier,173,4,692,East Malaysia,Sarawak,FPX
ORD19750,2025-12-21,Fashion,Sunglasses,226,2,452,East Malaysia,Sabah,TNG eWallet
ORD19751,2025-11-13,Fashion,Backpack,266,4,1064,West Malaysia,Selangor,TNG eWallet
ORD19752,2025-09-25,Electronics,Wireless Earbuds,892,4,3568,East Malaysia,Sarawak,FPX
ORD19753,2025-07-10,Home,Desk Lamp,100,1,100,West Malaysia,Pahang,TNG eWallet
ORD19754,2025-02-03,Fashion,Backpack,286,2,572,West Malaysia,Kedah,TNG eWallet
ORD19755,2025-11-02,Electronics,Laptop,3019,4,12076,West Malaysia,Melaka,Credit Card
ORD19756,2025-11-20,Electronics,Laptop,1811,2,3622,East Malaysia,Sabah,Credit Card
ORD19757,2025-02-25,Home,Desk Lamp,131,3,393,East Malaysia,Sarawak,TNG eWallet
ORD19758,2025-10-23,Fashion,Sunglasses,263,1,263,West Malaysia,Kuala Lumpur,GrabPay
ORD19759,2025-10-04,Home,Coffee Maker,783,4,3132,West Malaysia,Penang,Credit Card
ORD19760,2025-10-15,Home,Office Chair,778,4,3112,West Malaysia,Penang,TNG eWallet
ORD19761,2025-11-16,Home,Office Chair,434,2,868,West Malaysia,Kedah,GrabPay
ORD19762,2025-11-06,Fashion,Sneakers,125,4,500,West Malaysia,Kuala Lumpur,Credit Card
ORD19763,2025-11-02,Fashion,Sunglasses,135,4,540,West Malaysia,Johor,TNG eWallet
ORD19764,2025-03-21,Fashion,T-Shirt,174,2,348,West Malaysia,Penang,TNG eWallet
ORD19765,2025-05-30,Electronics,Smartphone,2597,3,7791,West Malaysia,Kuala Lumpur,GrabPay
ORD19766,2025-07-26,Fashion,Sneakers,392,1,392,West Malaysia,Selangor,FPX
ORD19767,2025-07-17,Home,Desk Lamp,155,2,310,West Malaysia,Johor,Credit Card
ORD19768,2025-08-19,Home,Office Chair,254,2,508,East Malaysia,Sarawak,TNG eWallet
ORD19769,2025-07-04,Home,Air Purifier,275,2,550,East Malaysia,Sabah,TNG eWallet
ORD19770,2025-11-13,Home,Coffee Maker,763,4,3052,East Malaysia,Sabah,GrabPay
ORD19771,2025-09-08,Fashion,Sunglasses,215,4,860,East Malaysia,Sabah,FPX
ORD19772,2025-04-05,Home,Desk Lamp,698,3,2094,West Malaysia,Penang,TNG eWallet
ORD19773,2025-12-05,Fashion,Sunglasses,112,3,336,West Malaysia,Johor,Credit Card
ORD19774,2025-10-03,Electronics,Laptop,2302,4,9208,West Malaysia,Pahang,Credit Card
ORD19775,2025-10-30,Electronics,Smartphone,1696,3,5088,West Malaysia,Kuala Lumpur,TNG eWallet
ORD19776,2025-10-22,Home,Office Chair,471,2,942,East Malaysia,Sabah,FPX
ORD19777,2025-10-05,Fashion,T-Shirt,183,3,549,West Malaysia,Melaka,FPX
ORD19778,2025-06-30,Fashion,Backpack,203,1,203,West Malaysia,Pahang,FPX
ORD19779,2025-07-01,Home,Desk Lamp,283,1,283,West Malaysia,Kuala Lumpur,Credit Card
ORD19780,2025-03-05,Home,Coffee Maker,210,4,840,East Malaysia,Sarawak,FPX
ORD19781,2025-03-26,Electronics,Wireless Earbuds,704,4,2816,East Malaysia,Sarawak,Credit Card
ORD19782,2025-02-05,Home,Coffee Maker,541,2,1082,West Malaysia,Penang,TNG eWallet
ORD19783,2025-09-03,Fashion,Sunglasses,212,2,424,West Malaysia,Johor,GrabPay
ORD19784,2025-12-15,Home,Coffee Maker,635,2,1270,West Malaysia,Kuala Lumpur,FPX
ORD19785,2025-01-01,Home,Coffee Maker,610,2,1220,East Malaysia,Sarawak,TNG eWallet
ORD19786,2025-01-30,Home,Air Purifier,463,1,463,East Malaysia,Sarawak,Credit Card
ORD19787,2025-04-08,Electronics,Wireless Earbuds,815,4,3260,West Malaysia,Kedah,TNG eWallet
ORD19788,2025-08-01,Home,Air Purifier,145,2,290,East Malaysia,Sabah,GrabPay
ORD19789,2025-03-29,Fashion,T-Shirt,240,2,480,East Malaysia,Sarawak,FPX
ORD19790,2025-05-12,Electronics,Laptop,565,4,2260,West Malaysia,Penang,GrabPay
ORD19791,2025-11-01,Electronics,Smartphone,551,1,551,East Malaysia,Sarawak,GrabPay
ORD19792,2025-02-19,Home,Desk Lamp,228,4,912,East Malaysia,Sarawak,TNG eWallet
ORD19793,2025-06-16,Electronics,Smartphone,1824,1,1824,East Malaysia,Sabah,TNG eWallet
ORD19794,2025-12-15,Electronics,Smartwatch,3592,1,3592,West Malaysia,Pahang,Credit Card
ORD19795,2025-09-05,Home,Office Chair,468,1,468,West Malaysia,Kedah,FPX
ORD19796,2025-07-23,Home,Office Chair,425,3,1275,West Malaysia,Melaka,FPX
ORD19797,2025-11-23,Electronics,Smartphone,510,2,1020,West Malaysia,Selangor,Credit Card
ORD19798,2025-07-11,Electronics,Laptop,4140,1,4140,East Malaysia,Sarawak,FPX
ORD19799,2025-12-14,Fashion,Sneakers,65,1,65,West Malaysia,Melaka,GrabPay
ORD19800,2025-03-31,Fashion,Sunglasses,53,1,53,East Malaysia,Sabah,FPX
ORD19801,2025-10-14,Home,Coffee Maker,712,1,712,East Malaysia,Sarawak,FPX
ORD19802,2025-01-10,Fashion,Sneakers,226,4,904,West Malaysia,Selangor,Credit Card
ORD19803,2025-03-16,Home,Air Purifier,355,3,1065,West Malaysia,Johor,Credit Card
ORD19804,2025-05-06,Electronics,Smartphone,688,3,2064,West Malaysia,Kedah,FPX
ORD19805,2025-11-04,Home,Coffee Maker,786,2,1572,West Malaysia,Selangor,FPX
ORD19806,2025-07-28,Home,Air Purifier,553,1,553,East Malaysia,Sabah,GrabPay
ORD19807,2025-12-23,Electronics,Laptop,899,2,1798,West Malaysia,Kedah,TNG eWallet
ORD19808,2025-02-25,Fashion,Backpack,234,4,936,West Malaysia,Penang,GrabPay
ORD19809,2025-02-16,Fashion,T-Shirt,200,4,800,West Malaysia,Johor,TNG eWallet
ORD19810,2025-10-05,Electronics,Wireless Earbuds,931,4,3724,East Malaysia,Sarawak,FPX
ORD19811,2025-06-23,Electronics,Smartwatch,3653,1,3653,East Malaysia,Sarawak,TNG eWallet
ORD19812,2025-12-01,Electronics,Smartwatch,2967,3,8901,East Malaysia,Sabah,TNG eWallet
ORD19813,2025-08-22,Home,Office Chair,712,4,2848,West Malaysia,Melaka,GrabPay
ORD19814,2025-03-09,Fashion,T-Shirt,284,4,1136,East Malaysia,Sarawak,FPX
ORD19815,2025-10-24,Electronics,Wireless Earbuds,2207,4,8828,West Malaysia,Penang,TNG eWallet
ORD19816,2025-11-28,Fashion,T-Shirt,272,2,544,East Malaysia,Sabah,TNG eWallet
ORD19817,2025-11-20,Electronics,Wireless Earbuds,1937,3,5811,East Malaysia,Sarawak,GrabPay
ORD19818,2025-01-12,Home,Office Chair,504,4,2016,East Malaysia,Sabah,FPX
ORD19819,2025-01-14,Electronics,Laptop,3927,1,3927,East Malaysia,Sabah,FPX
ORD19820,2025-07-26,Home,Desk Lamp,358,2,716,West Malaysia,Kedah,Credit Card
ORD19821,2025-05-29,Home,Air Purifier,550,2,1100,West Malaysia,Selangor,Credit Card
ORD19822,2025-05-31,Electronics,Smartwatch,3983,4,15932,East Malaysia,Sarawak,GrabPay
ORD19823,2025-11-25,Electronics,Wireless Earbuds,2337,2,4674,East Malaysia,Sabah,GrabPay
ORD19824,2025-09-08,Home,Coffee Maker,407,1,407,West Malaysia,Kuala Lumpur,Credit Card
ORD19825,2025-09-10,Electronics,Laptop,532,1,532,West Malaysia,Penang,FPX
ORD19826,2025-11-12,Fashion,Sunglasses,338,1,338,East Malaysia,Sarawak,FPX
ORD19827,2025-05-06,Fashion,Sunglasses,164,3,492,East Malaysia,Sarawak,GrabPay
ORD19828,2025-09-09,Home,Coffee Maker,492,4,1968,West Malaysia,Kedah,TNG eWallet
ORD19829,2025-04-23,Electronics,Smartphone,1654,1,1654,West Malaysia,Perak,GrabPay
ORD19830,2025-09-18,Home,Desk Lamp,129,1,129,West Malaysia,Johor,GrabPay
ORD19831,2025-03-10,Fashion,Sneakers,241,3,723,East Malaysia,Sabah,GrabPay
ORD19832,2025-01-26,Home,Desk Lamp,765,1,765,East Malaysia,Sabah,TNG eWallet
ORD19833,2025-05-04,Home,Coffee Maker,701,4,2804,West Malaysia,Kuala Lumpur,TNG eWallet
ORD19834,2025-12-12,Fashion,Backpack,191,2,382,East Malaysia,Sabah,FPX
ORD19835,2025-05-30,Fashion,T-Shirt,364,2,728,East Malaysia,Sarawak,FPX
ORD19836,2025-03-27,Electronics,Smartwatch,1056,3,3168,East Malaysia,Sabah,FPX
ORD19837,2025-04-27,Electronics,Wireless Earbuds,2425,4,9700,West Malaysia,Kedah,TNG eWallet
ORD19838,2025-07-08,Electronics,Wireless Earbuds,557,4,2228,East Malaysia,Sabah,Credit Card
ORD19839,2025-02-16,Electronics,Smartwatch,3877,1,3877,West Malaysia,Pahang,TNG eWallet
ORD19840,2025-05-29,Electronics,Laptop,2268,2,4536,West Malaysia,Penang,GrabPay
ORD19841,2025-09-09,Fashion,Backpack,199,1,199,West Malaysia,Kuala Lumpur,TNG eWallet
ORD19842,2025-04-09,Fashion,Sunglasses,205,4,820,West Malaysia,Kuala Lumpur,GrabPay
ORD19843,2025-07-07,Home,Desk Lamp,387,1,387,East Malaysia,Sarawak,Credit Card
ORD19844,2025-12-06,Home,Coffee Maker,454,1,454,East Malaysia,Sabah,TNG eWallet
ORD19845,2025-03-05,Fashion,Sneakers,400,4,1600,West Malaysia,Kuala Lumpur,GrabPay
ORD19846,2025-03-21,Fashion,Backpack,152,3,456,West Malaysia,Johor,GrabPay
ORD19847,2025-03-06,Home,Desk Lamp,655,3,1965,East Malaysia,Sarawak,GrabPay
ORD19848,2025-03-26,Home,Coffee Maker,613,4,2452,West Malaysia,Kuala Lumpur,Credit Card
ORD19849,2025-08-16,Electronics,Smartwatch,3273,4,13092,West Malaysia,Melaka,GrabPay
ORD19850,2025-10-18,Fashion,T-Shirt,344,4,1376,West Malaysia,Melaka,FPX
ORD19851,2025-11-30,Home,Desk Lamp,587,1,587,West Malaysia,Melaka,Credit Card
ORD19852,2025-05-13,Electronics,Wireless Earbuds,3872,2,7744,West Malaysia,Johor,FPX
ORD19853,2025-01-01,Electronics,Smartwatch,2479,3,7437,West Malaysia,Pahang,TNG eWallet
ORD19854,2025-03-20,Electronics,Smartphone,2949,1,2949,West Malaysia,Kedah,GrabPay
ORD19855,2025-11-07,Electronics,Smartwatch,661,3,1983,East Malaysia,Sarawak,GrabPay
ORD19856,2025-07-18,Fashion,Sunglasses,160,4,640,West Malaysia,Melaka,FPX
ORD19857,2025-04-03,Home,Air Purifier,767,2,1534,West Malaysia,Perak,FPX
ORD19858,2025-04-09,Fashion,T-Shirt,134,4,536,West Malaysia,Penang,GrabPay
ORD19859,2025-02-06,Fashion,T-Shirt,279,2,558,East Malaysia,Sarawak,FPX
ORD19860,2025-05-12,Fashion,Sunglasses,225,3,675,West Malaysia,Johor,FPX
ORD19861,2025-07-15,Fashion,Sunglasses,258,4,1032,West Malaysia,Melaka,Credit Card
ORD19862,2025-03-06,Electronics,Laptop,934,2,1868,East Malaysia,Sarawak,GrabPay
ORD19863,2025-03-19,Fashion,T-Shirt,297,1,297,East Malaysia,Sarawak,FPX
ORD19864,2025-09-19,Electronics,Smartphone,3936,1,3936,East Malaysia,Sarawak,TNG eWallet
ORD19865,2025-12-10,Home,Air Purifier,797,3,2391,West Malaysia,Johor,GrabPay
ORD19866,2025-06-24,Fashion,Backpack,222,4,888,East Malaysia,Sabah,TNG eWallet
ORD19867,2025-06-27,Fashion,Sneakers,144,2,288,East Malaysia,Sabah,TNG eWallet
ORD19868,2025-07-28,Home,Coffee Maker,505,1,505,East Malaysia,Sarawak,FPX
ORD19869,2025-06-05,Home,Desk Lamp,638,4,2552,East Malaysia,Sarawak,Credit Card
ORD19870,2025-09-11,Fashion,Sneakers,220,1,220,West Malaysia,Perak,GrabPay
ORD19871,2025-01-07,Electronics,Laptop,3017,3,9051,West Malaysia,Johor,Credit Card
ORD19872,2025-03-25,Home,Office Chair,172,1,172,East Malaysia,Sarawak,GrabPay
ORD19873,2025-11-21,Fashion,Backpack,378,2,756,West Malaysia,Pahang,FPX
ORD19874,2025-05-19,Home,Desk Lamp,407,4,1628,East Malaysia,Sabah,FPX
ORD19875,2025-07-31,Electronics,Smartphone,4223,1,4223,West Malaysia,Kuala Lumpur,GrabPay
ORD19876,2025-01-06,Electronics,Smartwatch,1073,1,1073,West Malaysia,Melaka,GrabPay
ORD19877,2025-01-14,Home,Desk Lamp,606,3,1818,West Malaysia,Melaka,Credit Card
ORD19878,2025-05-11,Home,Coffee Maker,454,4,1816,East Malaysia,Sabah,Credit Card
ORD19879,2025-03-18,Electronics,Wireless Earbuds,809,3,2427,West Malaysia,Selangor,GrabPay
ORD19880,2025-05-29,Electronics,Laptop,3409,2,6818,West Malaysia,Pahang,FPX
ORD19881,2025-01-18,Home,Air Purifier,675,4,2700,East Malaysia,Sabah,FPX
ORD19882,2025-07-06,Home,Desk Lamp,241,2,482,East Malaysia,Sarawak,FPX
ORD19883,2025-11-20,Electronics,Wireless Earbuds,4193,2,8386,East Malaysia,Sabah,Credit Card
ORD19884,2025-08-27,Fashion,Sunglasses,84,1,84,West Malaysia,Selangor,FPX
ORD19885,2025-11-26,Fashion,Sneakers,232,4,928,East Malaysia,Sabah,Credit Card
ORD19886,2025-08-26,Electronics,Laptop,3065,1,3065,West Malaysia,Perak,TNG eWallet
ORD19887,2025-10-06,Home,Coffee Maker,716,2,1432,West Malaysia,Kuala Lumpur,Credit Card
ORD19888,2025-10-20,Fashion,Backpack,275,2,550,East Malaysia,Sabah,TNG eWallet
ORD19889,2025-03-27,Fashion,T-Shirt,397,4,1588,East Malaysia,Sarawak,FPX
ORD19890,2025-09-09,Fashion,Sunglasses,325,2,650,East Malaysia,Sabah,Credit Card
ORD19891,2025-12-23,Home,Desk Lamp,765,4,3060,West Malaysia,Penang,Credit Card
ORD19892,2025-08-03,Home,Air Purifier,109,2,218,West Malaysia,Johor,GrabPay
ORD19893,2025-08-14,Home,Desk Lamp,388,2,776,West Malaysia,Kuala Lumpur,TNG eWallet
ORD19894,2025-02-23,Fashion,Sneakers,250,2,500,East Malaysia,Sarawak,Credit Card
ORD19895,2025-09-10,Electronics,Laptop,2006,4,8024,West Malaysia,Penang,Credit Card
ORD19896,2025-08-25,Electronics,Smartwatch,3712,4,14848,East Malaysia,Sarawak,TNG eWallet
ORD19897,2025-03-31,Fashion,Sneakers,88,1,88,East Malaysia,Sabah,FPX
ORD19898,2025-01-13,Electronics,Smartphone,4038,1,4038,East Malaysia,Sabah,GrabPay
ORD19899,2025-12-23,Fashion,Backpack,203,4,812,East Malaysia,Sabah,TNG eWallet
ORD19900,2025-11-08,Fashion,Backpack,253,4,1012,West Malaysia,Johor,Credit Card
ORD19901,2025-12-16,Electronics,Smartwatch,3111,1,3111,East Malaysia,Sabah,FPX
ORD19902,2025-12-08,Fashion,Sunglasses,88,3,264,West Malaysia,Johor,TNG eWallet
ORD19903,2025-06-05,Electronics,Laptop,370,2,740,West Malaysia,Johor,TNG eWallet
ORD19904,2025-07-29,Home,Air Purifier,273,2,546,East Malaysia,Sarawak,TNG eWallet
ORD19905,2025-11-11,Electronics,Smartwatch,729,4,2916,East Malaysia,Sarawak,Credit Card
ORD19906,2025-02-23,Electronics,Smartwatch,3154,3,9462,West Malaysia,Melaka,GrabPay
ORD19907,2025-12-27,Home,Desk Lamp,365,4,1460,West Malaysia,Kedah,TNG eWallet
ORD19908,2025-06-20,Electronics,Smartphone,1950,1,1950,West Malaysia,Melaka,FPX
ORD19909,2025-05-02,Home,Desk Lamp,707,4,2828,East Malaysia,Sabah,FPX
ORD19910,2025-11-06,Electronics,Laptop,1276,4,5104,East Malaysia,Sabah,Credit Card
ORD19911,2025-08-25,Home,Air Purifier,228,2,456,West Malaysia,Kuala Lumpur,GrabPay
ORD19912,2025-01-09,Home,Office Chair,641,1,641,East Malaysia,Sabah,Credit Card
ORD19913,2025-06-20,Fashion,Sneakers,157,1,157,East Malaysia,Sabah,GrabPay
ORD19914,2025-01-03,Electronics,Smartwatch,1460,1,1460,East Malaysia,Sarawak,FPX
ORD19915,2025-01-20,Home,Office Chair,641,2,1282,East Malaysia,Sarawak,TNG eWallet
ORD19916,2025-09-17,Home,Coffee Maker,574,2,1148,West Malaysia,Penang,GrabPay
ORD19917,2025-03-17,Electronics,Smartwatch,2560,1,2560,West Malaysia,Kuala Lumpur,TNG eWallet
ORD19918,2025-03-09,Electronics,Smartwatch,3910,1,3910,East Malaysia,Sabah,FPX
ORD19919,2025-08-18,Home,Office Chair,393,3,1179,West Malaysia,Johor,GrabPay
ORD19920,2025-02-16,Electronics,Laptop,2885,1,2885,West Malaysia,Johor,GrabPay
ORD19921,2025-12-01,Home,Coffee Maker,430,4,1720,West Malaysia,Pahang,Credit Card
ORD19922,2025-06-23,Fashion,Backpack,121,2,242,West Malaysia,Selangor,Credit Card
ORD19923,2025-07-22,Home,Air Purifier,559,2,1118,East Malaysia,Sabah,Credit Card
ORD19924,2025-12-11,Fashion,T-Shirt,340,4,1360,West Malaysia,Pahang,GrabPay
ORD19925,2025-01-09,Electronics,Smartphone,1480,1,1480,East Malaysia,Sabah,Credit Card
ORD19926,2025-09-22,Fashion,Backpack,386,4,1544,East Malaysia,Sabah,TNG eWallet
ORD19927,2025-06-06,Home,Air Purifier,515,1,515,West Malaysia,Pahang,TNG eWallet
ORD19928,2025-10-12,Fashion,Backpack,71,4,284,East Malaysia,Sarawak,FPX
ORD19929,2025-10-14,Electronics,Smartwatch,1473,2,2946,West Malaysia,Selangor,FPX
ORD19930,2025-05-11,Home,Office Chair,384,1,384,West Malaysia,Johor,FPX
ORD19931,2025-12-23,Fashion,Sneakers,122,3,366,West Malaysia,Penang,Credit Card
ORD19932,2025-07-16,Fashion,Sunglasses,291,1,291,West Malaysia,Kuala Lumpur,FPX
ORD19933,2025-06-02,Home,Air Purifier,711,2,1422,West Malaysia,Kedah,TNG eWallet
ORD19934,2025-08-28,Electronics,Laptop,1376,2,2752,East Malaysia,Sabah,GrabPay
ORD19935,2025-05-24,Electronics,Wireless Earbuds,641,4,2564,West Malaysia,Selangor,TNG eWallet
ORD19936,2025-11-09,Fashion,Backpack,367,1,367,West Malaysia,Melaka,GrabPay
ORD19937,2025-11-24,Fashion,Sunglasses,288,2,576,East Malaysia,Sarawak,GrabPay
ORD19938,2025-08-12,Home,Office Chair,565,1,565,East Malaysia,Sabah,GrabPay
ORD19939,2025-12-31,Fashion,T-Shirt,258,3,774,West Malaysia,Johor,Credit Card
ORD19940,2025-02-10,Fashion,Sneakers,173,4,692,West Malaysia,Kuala Lumpur,GrabPay
ORD19941,2025-04-16,Home,Office Chair,417,4,1668,West Malaysia,Kedah,TNG eWallet
ORD19942,2025-04-06,Electronics,Wireless Earbuds,535,1,535,East Malaysia,Sarawak,GrabPay
ORD19943,2025-02-02,Electronics,Laptop,3568,1,3568,East Malaysia,Sarawak,TNG eWallet
ORD19944,2025-10-01,Home,Desk Lamp,333,2,666,East Malaysia,Sarawak,TNG eWallet
ORD19945,2025-02-04,Home,Coffee Maker,332,1,332,East Malaysia,Sabah,Credit Card
ORD19946,2025-12-15,Fashion,T-Shirt,370,4,1480,East Malaysia,Sarawak,Credit Card
ORD19947,2025-07-06,Electronics,Smartphone,4343,2,8686,East Malaysia,Sabah,FPX
ORD19948,2025-08-14,Electronics,Wireless Earbuds,1738,1,1738,West Malaysia,Kuala Lumpur,TNG eWallet
ORD19949,2025-11-09,Electronics,Smartwatch,4099,4,16396,East Malaysia,Sarawak,FPX
ORD19950,2025-11-02,Home,Office Chair,629,1,629,East Malaysia,Sabah,TNG eWallet
ORD19951,2025-06-18,Electronics,Smartphone,4182,2,8364,East Malaysia,Sarawak,GrabPay
ORD19952,2025-02-12,Electronics,Laptop,2135,3,6405,West Malaysia,Perak,Credit Card
ORD19953,2025-12-29,Fashion,T-Shirt,379,3,1137,East Malaysia,Sarawak,FPX
ORD19954,2025-02-03,Fashion,Sneakers,77,4,308,West Malaysia,Selangor,Credit Card
ORD19955,2025-03-11,Fashion,T-Shirt,58,2,116,West Malaysia,Selangor,FPX
ORD19956,2025-01-17,Home,Office Chair,705,3,2115,East Malaysia,Sabah,TNG eWallet
ORD19957,2025-10-28,Home,Air Purifier,431,2,862,East Malaysia,Sabah,FPX
ORD19958,2025-01-23,Home,Air Purifier,266,2,532,East Malaysia,Sabah,TNG eWallet
ORD19959,2025-04-12,Home,Office Chair,169,2,338,East Malaysia,Sabah,Credit Card
ORD19960,2025-03-23,Fashion,T-Shirt,354,4,1416,West Malaysia,Johor,GrabPay
ORD19961,2025-03-29,Electronics,Wireless Earbuds,3400,4,13600,East Malaysia,Sabah,Credit Card
ORD19962,2025-04-15,Fashion,Backpack,229,2,458,West Malaysia,Johor,TNG eWallet
ORD19963,2025-11-12,Electronics,Laptop,1433,4,5732,East Malaysia,Sabah,GrabPay
ORD19964,2025-11-19,Fashion,T-Shirt,114,3,342,East Malaysia,Sabah,GrabPay
ORD19965,2025-08-16,Fashion,Backpack,244,1,244,West Malaysia,Selangor,FPX
ORD19966,2025-12-23,Fashion,Backpack,189,1,189,East Malaysia,Sabah,FPX
ORD19967,2025-04-16,Electronics,Wireless Earbuds,2210,4,8840,East Malaysia,Sarawak,Credit Card
ORD19968,2025-02-19,Fashion,T-Shirt,243,1,243,West Malaysia,Kuala Lumpur,Credit Card
ORD19969,2025-07-05,Home,Air Purifier,644,4,2576,East Malaysia,Sabah,GrabPay
ORD19970,2025-04-13,Electronics,Wireless Earbuds,4044,3,12132,West Malaysia,Perak,Credit Card
ORD19971,2025-06-02,Electronics,Smartwatch,3464,3,10392,East Malaysia,Sarawak,GrabPay
ORD19972,2025-08-18,Electronics,Wireless Earbuds,337,1,337,East Malaysia,Sarawak,TNG eWallet
ORD19973,2025-04-19,Fashion,T-Shirt,243,1,243,East Malaysia,Sabah,TNG eWallet
ORD19974,2025-01-14,Fashion,Backpack,133,3,399,West Malaysia,Pahang,FPX
ORD19975,2025-06-25,Fashion,T-Shirt,184,1,184,East Malaysia,Sabah,FPX
ORD19976,2025-07-17,Fashion,Sunglasses,171,1,171,East Malaysia,Sarawak,GrabPay
ORD19977,2025-11-17,Home,Air Purifier,790,4,3160,West Malaysia,Kedah,GrabPay
ORD19978,2025-08-05,Fashion,T-Shirt,394,4,1576,West Malaysia,Penang,TNG eWallet
ORD19979,2025-08-11,Home,Coffee Maker,464,3,1392,West Malaysia,Perak,FPX
ORD19980,2025-12-02,Home,Office Chair,772,4,3088,East Malaysia,Sarawak,TNG eWallet
ORD19981,2025-12-25,Electronics,Smartwatch,596,3,1788,East Malaysia,Sarawak,Credit Card
ORD19982,2025-06-20,Home,Coffee Maker,385,4,1540,East Malaysia,Sabah,GrabPay
ORD19983,2025-04-08,Fashion,Sneakers,393,1,393,West Malaysia,Selangor,GrabPay
ORD19984,2025-03-23,Home,Desk Lamp,380,2,760,East Malaysia,Sabah,FPX
ORD19985,2025-07-09,Fashion,Backpack,80,2,160,West Malaysia,Pahang,Credit Card
ORD19986,2025-12-17,Home,Office Chair,322,4,1288,East Malaysia,Sarawak,TNG eWallet
ORD19987,2025-09-05,Home,Coffee Maker,524,3,1572,East Malaysia,Sabah,GrabPay
ORD19988,2025-09-24,Electronics,Laptop,3198,3,9594,East Malaysia,Sarawak,FPX
ORD19989,2025-07-27,Electronics,Laptop,1388,3,4164,East Malaysia,Sabah,TNG eWallet
ORD19990,2025-06-08,Fashion,Sneakers,238,2,476,West Malaysia,Perak,FPX
ORD19991,2025-11-05,Fashion,Backpack,231,4,924,West Malaysia,Melaka,Credit Card
ORD19992,2025-06-05,Home,Desk Lamp,551,2,1102,West Malaysia,Kuala Lumpur,GrabPay
ORD19993,2025-05-03,Home,Coffee Maker,221,1,221,East Malaysia,Sabah,FPX
ORD19994,2025-05-13,Fashion,Backpack,81,3,243,East Malaysia,Sabah,TNG eWallet
ORD19995,2025-06-12,Fashion,Sunglasses,78,4,312,West Malaysia,Johor,GrabPay
ORD19996,2025-03-10,Home,Office Chair,720,4,2880,West Malaysia,Penang,Credit Card
ORD19997,2025-08-24,Fashion,Backpack,332,3,996,East Malaysia,Sabah,TNG eWallet
ORD19998,2025-08-21,Fashion,Backpack,150,2,300,East Malaysia,Sabah,TNG eWallet
ORD19999,2025-05-02,Home,Desk Lamp,371,4,1484,East Malaysia,Sarawak,TNG eWallet
