order_id,order_date,category,product_name,unit_price_rm,quantity,total_sales_rm,region,state,payment_method
ORD10002,2025-07-18,Fashion,Sneakers,123,4,492,West Malaysia,Pahang,Credit Card
ORD10004,2025-09-29,Fashion,T-Shirt,80,1,80,West Malaysia,Penang,Credit Card
ORD10005,2025-10-27,Home,Desk Lamp,580,1,580,West Malaysia,Pahang,Credit Card
ORD10006,2025-07-16,Electronics,Smartphone,4242,2,8484,West Malaysia,Pahang,GrabPay
ORD10008,2025-08-20,Home,Coffee Maker,698,1,698,West Malaysia,Kuala Lumpur,Credit Card
ORD10009,2025-09-21,Electronics,Smartphone,3991,4,15964,West Malaysia,Penang,FPX
ORD10010,2025-08-01,Electronics,Smartphone,1427,1,1427,West Malaysia,Kedah,FPX
ORD10012,2025-08-28,Home,Desk Lamp,737,1,737,West Malaysia,Johor,GrabPay
ORD10013,2025-05-17,Fashion,T-Shirt,334,2,668,West Malaysia,Penang,TNG eWallet
ORD10020,2025-04-15,Fashion,Sneakers,55,3,165,West Malaysia,Penang,Credit Card
ORD10021,2025-01-27,Fashion,Backpack,70,2,140,West Malaysia,Melaka,Credit Card
ORD10023,2025-04-22,Home,Coffee Maker,546,2,1092,West Malaysia,Johor,TNG eWallet
ORD10025,2025-03-31,Home,Air Purifier,753,4,3012,West Malaysia,Melaka,Credit Card
ORD10027,2025-09-21,Electronics,Smartwatch,1828,1,1828,West Malaysia,Kedah,FPX
ORD10028,2025-12-24,Home,Air Purifier,126,2,252,West Malaysia,Penang,GrabPay
ORD10030,2025-07-29,Electronics,Wireless Earbuds,3354,3,10062,West Malaysia,Kedah,FPX
ORD10031,2025-02-16,Electronics,Laptop,1022,2,2044,West Malaysia,Selangor,GrabPay
ORD10034,2025-12-13,Home,Air Purifier,410,4,1640,West Malaysia,Johor,TNG eWallet
ORD10035,2025-11-28,Electronics,Smartphone,713,1,713,West Malaysia,Kuala Lumpur,TNG eWallet
ORD10036,2025-08-12,Electronics,Wireless Earbuds,3875,2,7750,West Malaysia,Selangor,TNG eWallet
ORD10037,2025-11-28,Electronics,Smartwatch,1528,4,6112,West Malaysia,Selangor,FPX
ORD10038,2025-02-09,Electronics,Wireless Earbuds,2968,3,8904,West Malaysia,Kedah,Credit Card
ORD10039,2025-11-19,Electronics,Smartphone,381,2,762,West Malaysia,Kedah,GrabPay
ORD10040,2025-10-09,Fashion,T-Shirt,153,3,459,West Malaysia,Melaka,TNG eWallet
ORD10041,2025-08-28,Electronics,Smartwatch,654,2,1308,West Malaysia,Kedah,Credit Card
ORD10042,2025-09-20,Electronics,Smartphone,2018,3,6054,West Malaysia,Kedah,GrabPay
ORD10043,2025-12-07,Electronics,Laptop,1439,1,1439,West Malaysia,Melaka,GrabPay
ORD10046,2025-01-13,Home,Coffee Maker,529,2,1058,West Malaysia,Penang,FPX
ORD10047,2025-05-02,Fashion,Sneakers,311,3,933,West Malaysia,Kedah,FPX
ORD10048,2025-01-28,Fashion,Sneakers,65,2,130,West Malaysia,Perak,TNG eWallet
ORD10051,2025-11-25,Electronics,Smartphone,3744,4,14976,West Malaysia,Kuala Lumpur,TNG eWallet
ORD10054,2025-11-25,Home,Office Chair,698,2,1396,West Malaysia,Selangor,FPX
ORD10055,2025-04-06,Fashion,Sneakers,266,2,532,West Malaysia,Melaka,GrabPay
ORD10058,2025-11-02,Electronics,Smartwatch,4335,4,17340,West Malaysia,Melaka,FPX
ORD10061,2025-01-30,Fashion,T-Shirt,190,1,190,West Malaysia,Kuala Lumpur,FPX
ORD10063,2025-09-16,Fashion,Sneakers,223,2,446,West Malaysia,Johor,GrabPay
ORD10070,2025-04-13,Home,Desk Lamp,113,1,113,West Malaysia,Penang,TNG eWallet
ORD10073,2025-02-25,Electronics,Wireless Earbuds,1042,3,3126,West Malaysia,Johor,TNG eWallet
ORD10079,2025-02-23,Fashion,Sunglasses,382,4,1528,West Malaysia,Johor,Credit Card
ORD10080,2025-07-14,Home,Office Chair,600,3,1800,West Malaysia,Melaka,TNG eWallet
ORD10082,2025-08-14,Electronics,Wireless Earbuds,2389,1,2389,West Malaysia,Kuala Lumpur,FPX
ORD10084,2025-03-27,Fashion,Sunglasses,365,1,365,West Malaysia,Kuala Lumpur,FPX
ORD10087,2025-07-03,Fashion,T-Shirt,72,3,216,West Malaysia,Kedah,Credit Card
ORD10090,2025-07-22,Electronics,Wireless Earbuds,970,1,970,West Malaysia,Melaka,TNG eWallet
ORD10091,2025-08-19,Home,Coffee Maker,109,4,436,West Malaysia,Pahang,TNG eWallet
ORD10092,2025-07-29,Electronics,Laptop,3379,4,13516,West Malaysia,Pahang,GrabPay
ORD10094,2025-07-18,Fashion,Backpack,119,1,119,West Malaysia,Melaka,GrabPay
ORD10099,2025-06-21,Electronics,Laptop,865,4,3460,West Malaysia,Kuala Lumpur,FPX
ORD10102,2025-09-19,Fashion,Sunglasses,113,4,452,West Malaysia,Johor,GrabPay
ORD10106,2025-01-10,Home,Desk Lamp,729,2,1458,West Malaysia,Selangor,GrabPay
ORD10107,2025-05-21,Electronics,Laptop,2417,2,4834,West Malaysia,Selangor,Credit Card
ORD10108,2025-04-28,Home,Office Chair,492,4,1968,West Malaysia,Johor,GrabPay
ORD10109,2025-07-20,Home,Office Chair,263,1,263,West Malaysia,Penang,Credit Card
ORD10110,2025-02-02,Electronics,Laptop,3614,2,7228,West Malaysia,Penang,GrabPay
ORD10111,2025-10-27,Fashion,Backpack,289,1,289,West Malaysia,Pahang,GrabPay
ORD10113,2025-08-31,Home,Desk Lamp,794,2,1588,West Malaysia,Melaka,GrabPay
ORD10114,2025-02-02,Fashion,T-Shirt,250,4,1000,West Malaysia,Selangor,GrabPay
ORD10115,2025-03-03,Electronics,Laptop,3490,2,6980,West Malaysia,Selangor,FPX
ORD10116,2025-04-23,Home,Coffee Maker,133,3,399,West Malaysia,Melaka,FPX
ORD10119,2025-11-12,Home,Desk Lamp,786,3,2358,West Malaysia,Kuala Lumpur,GrabPay
ORD10122,2025-06-01,Home,Coffee Maker,788,2,1576,West Malaysia,Johor,Credit Card
ORD10126,2025-03-20,Home,Coffee Maker,106,2,212,West Malaysia,Pahang,Credit Card
ORD10127,2025-02-17,Fashion,T-Shirt,269,4,1076,West Malaysia,Selangor,TNG eWallet
ORD10130,2025-11-14,Home,Office Chair,796,3,2388,West Malaysia,Selangor,TNG eWallet
ORD10132,2025-07-13,Home,Office Chair,658,1,658,West Malaysia,Kuala Lumpur,FPX
ORD10133,2025-04-12,Fashion,Sunglasses,97,3,291,West Malaysia,Melaka,Credit Card
ORD10134,2025-02-19,Fashion,Backpack,65,3,195,West Malaysia,Johor,TNG eWallet
ORD10136,2025-02-04,Fashion,Sneakers,210,2,420,West Malaysia,Selangor,TNG eWallet
ORD10137,2025-08-25,Home,Office Chair,399,1,399,West Malaysia,Pahang,GrabPay
ORD10138,2025-03-10,Fashion,T-Shirt,122,4,488,West Malaysia,Pahang,FPX
ORD10141,2025-03-03,Home,Office Chair,463,2,926,West Malaysia,Selangor,TNG eWallet
ORD10142,2025-12-10,Electronics,Laptop,3421,4,13684,West Malaysia,Perak,TNG eWallet
ORD10149,2025-11-14,Fashion,T-Shirt,197,2,394,West Malaysia,Penang,TNG eWallet
ORD10150,2025-05-11,Electronics,Laptop,430,2,860,West Malaysia,Pahang,TNG eWallet
ORD10151,2025-03-02,Electronics,Smartphone,4176,1,4176,West Malaysia,Melaka,FPX
ORD10154,2025-09-20,Fashion,Sneakers,141,4,564,West Malaysia,Johor,GrabPay
ORD10155,2025-01-31,Electronics,Wireless Earbuds,2102,4,8408,West Malaysia,Pahang,FPX
ORD10156,2025-10-09,Electronics,Smartphone,769,3,2307,West Malaysia,Kuala Lumpur,FPX
ORD10157,2025-06-30,Electronics,Laptop,2332,1,2332,West Malaysia,Kedah,Credit Card
ORD10158,2025-06-29,Home,Desk Lamp,656,4,2624,West Malaysia,Selangor,FPX
ORD10159,2025-05-05,Home,Desk Lamp,159,4,636,West Malaysia,Selangor,GrabPay
ORD10164,2025-05-23,Home,Office Chair,706,2,1412,West Malaysia,Pahang,TNG eWallet
ORD10167,2025-03-10,Electronics,Smartphone,1270,4,5080,West Malaysia,Perak,GrabPay
ORD10168,2025-06-13,Fashion,Backpack,387,3,1161,West Malaysia,Kuala Lumpur,FPX
ORD10169,2025-03-23,Home,Coffee Maker,489,1,489,West Malaysia,Penang,TNG eWallet
ORD10170,2025-06-16,Fashion,Backpack,232,1,232,West Malaysia,Pahang,FPX
ORD10172,2025-10-06,Home,Air Purifier,334,1,334,West Malaysia,Johor,GrabPay
ORD10173,2025-09-09,Home,Desk Lamp,144,4,576,West Malaysia,Johor,Credit Card
ORD10177,2025-01-02,Fashion,Sneakers,315,4,1260,West Malaysia,Penang,FPX
ORD10178,2025-08-24,Home,Coffee Maker,668,2,1336,West Malaysia,Melaka,GrabPay
ORD10180,2025-03-14,Electronics,Smartwatch,2360,2,4720,West Malaysia,Kedah,FPX
ORD10183,2025-03-04,Electronics,Laptop,1735,3,5205,West Malaysia,Johor,FPX
ORD10184,2025-07-15,Home,Coffee Maker,376,1,376,West Malaysia,Pahang,Credit Card
ORD10185,2025-06-06,Electronics,Wireless Earbuds,1811,2,3622,West Malaysia,Melaka,Credit Card
ORD10186,2025-03-31,Home,Office Chair,641,4,2564,West Malaysia,Perak,FPX
ORD10189,2025-08-03,Home,Desk Lamp,611,3,1833,West Malaysia,Perak,FPX
ORD10190,2025-08-11,Electronics,Wireless Earbuds,4084,1,4084,West Malaysia,Perak,Credit Card
ORD10191,2025-05-24,Fashion,T-Shirt,84,2,168,West Malaysia,Johor,GrabPay
ORD10194,2025-10-17,Electronics,Laptop,2492,4,9968,West Malaysia,Pahang,GrabPay
ORD10195,2025-08-24,Electronics,Laptop,2431,3,7293,West Malaysia,Selangor,FPX
ORD10197,2025-06-28,Fashion,Backpack,344,3,1032,West Malaysia,Perak,Credit Card
ORD10199,2025-04-26,Electronics,Wireless Earbuds,1880,1,1880,West Malaysia,Selangor,GrabPay
ORD10200,2025-01-31,Home,Office Chair,204,3,612,West Malaysia,Selangor,FPX
ORD10201,2025-12-13,Electronics,Laptop,3584,3,10752,West Malaysia,Penang,GrabPay
ORD10202,2025-10-21,Electronics,Smartphone,3144,2,6288,West Malaysia,Kedah,FPX
ORD10203,2025-05-17,Electronics,Wireless Earbuds,1652,2,3304,West Malaysia,Perak,TNG eWallet
ORD10207,2025-10-31,Home,Desk Lamp,378,4,1512,West Malaysia,Penang,Credit Card
ORD10208,2025-04-22,Fashion,Sneakers,234,2,468,West Malaysia,Perak,GrabPay
ORD10209,2025-01-25,Electronics,Laptop,3470,1,3470,West Malaysia,Kedah,GrabPay
ORD10212,2025-02-22,Home,Coffee Maker,489,3,1467,West Malaysia,Johor,Credit Card
ORD10215,2025-12-11,Fashion,Backpack,100,4,400,West Malaysia,Selangor,FPX
ORD10217,2025-04-14,Home,Desk Lamp,300,4,1200,West Malaysia,Kuala Lumpur,TNG eWallet
ORD10218,2025-11-29,Home,Office Chair,468,2,936,West Malaysia,Penang,FPX
ORD10220,2025-11-06,Fashion,Sneakers,50,3,150,West Malaysia,Kuala Lumpur,GrabPay
ORD10221,2025-08-16,Home,Coffee Maker,627,2,1254,West Malaysia,Melaka,Credit Card
ORD10225,2025-05-24,Fashion,Sunglasses,384,2,768,West Malaysia,Kuala Lumpur,TNG eWallet
ORD10226,2025-01-12,Electronics,Laptop,3779,4,15116,West Malaysia,Perak,Credit Card
ORD10231,2025-09-23,Electronics,Wireless Earbuds,2968,3,8904,West Malaysia,Penang,TNG eWallet
ORD10232,2025-09-08,Electronics,Smartphone,858,1,858,West Malaysia,Pahang,GrabPay
ORD10234,2025-04-08,Fashion,Sunglasses,128,3,384,West Malaysia,Perak,TNG eWallet
ORD10235,2025-06-06,Home,Coffee Maker,759,4,3036,West Malaysia,Penang,Credit Card
ORD10236,2025-06-15,Electronics,Wireless Earbuds,1399,4,5596,West Malaysia,Selangor,Credit Card
ORD10237,2025-11-12,Home,Desk Lamp,203,1,203,West Malaysia,Kedah,GrabPay
ORD10241,2025-03-13,Fashion,Backpack,221,2,442,West Malaysia,Selangor,TNG eWallet
ORD10244,2025-11-15,Home,Air Purifier,568,1,568,West Malaysia,Perak,TNG eWallet
ORD10245,2025-08-01,Home,Desk Lamp,392,4,1568,West Malaysia,Johor,Credit Card
ORD10246,2025-06-11,Home,Office Chair,509,2,1018,West Malaysia,Penang,TNG eWallet
ORD10249,2025-04-01,Home,Desk Lamp,797,3,2391,West Malaysia,Kuala Lumpur,FPX
ORD10252,2025-11-12,Electronics,Wireless Earbuds,3474,4,13896,West Malaysia,Penang,TNG eWallet
ORD10253,2025-11-16,Electronics,Laptop,3381,1,3381,West Malaysia,Perak,Credit Card
ORD10255,2025-05-10,Home,Coffee Maker,182,2,364,West Malaysia,Perak,Credit Card
ORD10257,2025-12-11,Fashion,T-Shirt,224,2,448,West Malaysia,Penang,FPX
ORD10263,2025-06-25,Electronics,Laptop,2417,2,4834,West Malaysia,Pahang,FPX
ORD10268,2025-01-01,Home,Air Purifier,608,1,608,West Malaysia,Selangor,FPX
ORD10271,2025-04-11,Home,Air Purifier,534,1,534,West Malaysia,Johor,Credit Card
ORD10273,2025-08-05,Electronics,Smartphone,1715,2,3430,West Malaysia,Pahang,FPX
ORD10275,2025-10-30,Electronics,Smartphone,3344,1,3344,West Malaysia,Selangor,TNG eWallet
ORD10277,2025-08-27,Electronics,Smartphone,1592,3,4776,West Malaysia,Kedah,GrabPay
ORD10278,2025-11-24,Electronics,Smartphone,3917,3,11751,West Malaysia,Perak,FPX
ORD10279,2025-09-20,Home,Desk Lamp,775,3,2325,West Malaysia,Pahang,FPX
ORD10280,2025-05-06,Home,Desk Lamp,676,1,676,West Malaysia,Kedah,FPX
ORD10282,2025-02-18,Electronics,Wireless Earbuds,3756,1,3756,West Malaysia,Perak,Credit Card
ORD10285,2025-09-11,Fashion,T-Shirt,68,3,204,West Malaysia,Pahang,FPX
ORD10286,2025-10-19,Electronics,Laptop,2301,1,2301,West Malaysia,Selangor,TNG eWallet
ORD10289,2025-04-19,Fashion,Sneakers,304,4,1216,West Malaysia,Johor,GrabPay
ORD10293,2025-12-23,Home,Coffee Maker,272,1,272,West Malaysia,Penang,Credit Card
ORD10295,2025-08-13,Home,Office Chair,649,2,1298,West Malaysia,Selangor,GrabPay
ORD10299,2025-04-13,Fashion,Sunglasses,209,3,627,West Malaysia,Perak,Credit Card
ORD10300,2025-04-30,Home,Desk Lamp,747,2,1494,West Malaysia,Kedah,TNG eWallet
ORD10301,2025-05-30,Home,Desk Lamp,155,2,310,West Malaysia,Pahang,FPX
ORD10302,2025-10-14,Home,Air Purifier,740,4,2960,West Malaysia,Pahang,Credit Card
ORD10303,2025-11-30,Home,Office Chair,756,3,2268,West Malaysia,Johor,Credit Card
ORD10304,2025-06-02,Fashion,Backpack,172,2,344,West Malaysia,Perak,GrabPay
ORD10307,2025-06-17,Fashion,T-Shirt,215,3,645,West Malaysia,Perak,FPX
ORD10308,2025-08-05,Electronics,Laptop,300,4,1200,West Malaysia,Penang,FPX
ORD10309,2025-11-23,Electronics,Smartwatch,3756,4,15024,West Malaysia,Melaka,FPX
ORD10310,2025-12-18,Fashion,Backpack,277,1,277,West Malaysia,Kuala Lumpur,FPX
ORD10311,2025-01-29,Fashion,Sneakers,299,1,299,West Malaysia,Penang,Credit Card
ORD10312,2025-03-03,Electronics,Smartphone,413,3,1239,West Malaysia,Kuala Lumpur,Credit Card
ORD10315,2025-04-01,Fashion,T-Shirt,165,4,660,West Malaysia,Pahang,FPX
ORD10322,2025-12-24,Fashion,T-Shirt,362,1,362,West Malaysia,Kuala Lumpur,TNG eWallet
ORD10326,2025-05-31,Electronics,Wireless Earbuds,820,1,820,West Malaysia,Perak,FPX
ORD10330,2025-07-16,Electronics,Smartwatch,3413,1,3413,West Malaysia,Kuala Lumpur,Credit Card
ORD10332,2025-11-21,Home,Office Chair,634,3,1902,West Malaysia,Johor,FPX
ORD10333,2025-03-05,Home,Desk Lamp,217,3,651,West Malaysia,Johor,FPX
ORD10334,2025-02-18,Electronics,Wireless Earbuds,4445,2,8890,West Malaysia,Kedah,TNG eWallet
ORD10335,2025-04-10,Fashion,Sneakers,345,3,1035,West Malaysia,Penang,TNG eWallet
ORD10336,2025-10-16,Home,Desk Lamp,612,3,1836,West Malaysia,Penang,GrabPay
ORD10337,2025-10-11,Fashion,Sunglasses,398,3,1194,West Malaysia,Johor,TNG eWallet
ORD10338,2025-04-13,Fashion,Sunglasses,76,4,304,West Malaysia,Selangor,FPX
ORD10339,2025-05-23,Electronics,Laptop,2895,3,8685,West Malaysia,Pahang,FPX
ORD10341,2025-10-21,Fashion,Backpack,364,2,728,West Malaysia,Kedah,TNG eWallet
ORD10343,2025-06-28,Home,Desk Lamp,578,1,578,West Malaysia,Melaka,TNG eWallet
ORD10344,2025-01-13,Electronics,Wireless Earbuds,582,4,2328,West Malaysia,Perak,FPX
ORD10345,2025-09-04,Electronics,Laptop,4338,1,4338,West Malaysia,Pahang,GrabPay
ORD10346,2025-06-24,Electronics,Laptop,1302,2,2604,West Malaysia,Pahang,Credit Card
ORD10347,2025-06-12,Home,Office Chair,703,1,703,West Malaysia,Melaka,FPX
ORD10353,2025-05-01,Home,Office Chair,347,2,694,West Malaysia,Selangor,Credit Card
ORD10354,2025-07-30,Home,Coffee Maker,496,1,496,West Malaysia,Kedah,FPX
ORD10356,2025-02-07,Fashion,T-Shirt,290,1,290,West Malaysia,Melaka,TNG eWallet
ORD10357,2025-05-11,Fashion,Sneakers,311,2,622,West Malaysia,Pahang,TNG eWallet
ORD10358,2025-08-27,Fashion,Sunglasses,156,1,156,West Malaysia,Perak,Credit Card
ORD10359,2025-06-06,Fashion,Sunglasses,364,1,364,West Malaysia,Melaka,Credit Card
ORD10360,2025-09-05,Fashion,Backpack,262,2,524,West Malaysia,Selangor,Credit Card
ORD10361,2025-07-17,Fashion,Backpack,73,4,292,West Malaysia,Kedah,FPX
ORD10365,2025-04-18,Home,Coffee Maker,137,2,274,West Malaysia,Selangor,Credit Card
ORD10369,2025-11-17,Fashion,Sunglasses,61,1,61,West Malaysia,Kuala Lumpur,FPX
ORD10370,2025-01-01,Fashion,Sunglasses,124,3,372,West Malaysia,Melaka,GrabPay
ORD10373,2025-11-25,Home,Coffee Maker,202,3,606,West Malaysia,Kuala Lumpur,TNG eWallet
ORD10375,2025-02-11,Home,Coffee Maker,161,4,644,West Malaysia,Melaka,GrabPay
ORD10376,2025-01-24,Fashion,Sunglasses,272,2,544,West Malaysia,Perak,GrabPay
ORD10377,2025-01-21,Home,Office Chair,318,2,636,West Malaysia,Melaka,TNG eWallet
ORD10379,2025-09-17,Fashion,Backpack,152,1,152,West Malaysia,Kedah,TNG eWallet
ORD10380,2025-01-05,Fashion,Sneakers,293,3,879,West Malaysia,Perak,TNG eWallet
ORD10383,2025-07-22,Electronics,Wireless Earbuds,3104,2,6208,West Malaysia,Penang,TNG eWallet
ORD10384,2025-06-23,Fashion,Sneakers,252,1,252,West Malaysia,Johor,Credit Card
ORD10385,2025-03-24,Electronics,Smartphone,3177,3,9531,West Malaysia,Johor,GrabPay
ORD10390,2025-11-02,Electronics,Laptop,305,1,305,West Malaysia,Perak,GrabPay
ORD10392,2025-05-17,Home,Desk Lamp,103,4,412,West Malaysia,Perak,FPX
ORD10394,2025-02-23,Home,Air Purifier,239,2,478,West Malaysia,Kedah,Credit Card
ORD10396,2025-11-19,Home,Air Purifier,301,1,301,West Malaysia,Kuala Lumpur,FPX
ORD10398,2025-01-25,Home,Air Purifier,488,4,1952,West Malaysia,Kedah,FPX
ORD10403,2025-09-11,Electronics,Laptop,4424,1,4424,West Malaysia,Selangor,Credit Card
ORD10404,2025-11-18,Home,Coffee Maker,108,1,108,West Malaysia,Kedah,Credit Card
ORD10407,2025-04-22,Home,Air Purifier,271,1,271,West Malaysia,Kedah,Credit Card
ORD10411,2025-01-22,Electronics,Laptop,2209,3,6627,West Malaysia,Johor,GrabPay
ORD10414,2025-07-25,Electronics,Smartphone,3444,4,13776,West Malaysia,Johor,GrabPay
ORD10418,2025-10-03,Fashion,T-Shirt,58,2,116,West Malaysia,Johor,GrabPay
ORD10419,2025-04-16,Home,Office Chair,628,3,1884,West Malaysia,Johor,Credit Card
ORD10422,2025-07-17,Electronics,Laptop,4408,3,13224,West Malaysia,Melaka,FPX
ORD10425,2025-08-11,Fashion,Backpack,345,2,690,West Malaysia,Melaka,FPX
ORD10428,2025-07-14,Home,Coffee Maker,720,2,1440,West Malaysia,Selangor,Credit Card
ORD10431,2025-11-16,Electronics,Smartphone,619,4,2476,West Malaysia,Selangor,GrabPay
ORD10432,2025-05-27,Electronics,Wireless Earbuds,539,2,1078,West Malaysia,Melaka,TNG eWallet
ORD10433,2025-05-16,Home,Desk Lamp,213,1,213,West Malaysia,Kuala Lumpur,TNG eWallet
ORD10434,2025-07-04,Fashion,Sunglasses,385,1,385,West Malaysia,Kuala Lumpur,FPX
ORD10435,2025-12-06,Home,Air Purifier,416,1,416,West Malaysia,Pahang,Credit Card
ORD10436,2025-11-11,Fashion,T-Shirt,204,3,612,West Malaysia,Johor,FPX
ORD10438,2025-09-28,Electronics,Laptop,1075,3,3225,West Malaysia,Melaka,Credit Card
ORD10439,2025-03-14,Fashion,T-Shirt,326,2,652,West Malaysia,Johor,FPX
ORD10440,2025-08-19,Home,Coffee Maker,144,2,288,West Malaysia,Kuala Lumpur,FPX
ORD10441,2025-01-02,Electronics,Wireless Earbuds,555,3,1665,West Malaysia,Melaka,TNG eWallet
ORD10446,2025-06-18,Home,Coffee Maker,423,2,846,West Malaysia,Melaka,GrabPay
ORD10449,2025-06-13,Home,Air Purifier,654,2,1308,West Malaysia,Kuala Lumpur,Credit Card
ORD10451,2025-02-03,Electronics,Smartwatch,1711,4,6844,West Malaysia,Perak,Credit Card
ORD10460,2025-03-04,Electronics,Laptop,3253,1,3253,West Malaysia,Penang,FPX
ORD10462,2025-02-02,Electronics,Wireless Earbuds,2870,3,8610,West Malaysia,Kedah,FPX
ORD10465,2025-07-05,Fashion,Sneakers,141,2,282,West Malaysia,Perak,GrabPay
ORD10466,2025-04-05,Fashion,Backpack,260,2,520,West Malaysia,Melaka,GrabPay
ORD10469,2025-02-10,Home,Office Chair,553,4,2212,West Malaysia,Johor,TNG eWallet
ORD10472,2025-07-10,Electronics,Smartphone,842,3,2526,West Malaysia,Pahang,TNG eWallet
ORD10474,2025-09-21,Electronics,Laptop,4086,3,12258,West Malaysia,Melaka,Credit Card
ORD10475,2025-11-01,Fashion,Sunglasses,92,4,368,West Malaysia,Penang,FPX
ORD10476,2025-11-23,Fashion,Backpack,316,4,1264,West Malaysia,Pahang,GrabPay
ORD10478,2025-01-05,Home,Desk Lamp,724,3,2172,West Malaysia,Johor,Credit Card
ORD10486,2025-02-11,Fashion,Sunglasses,243,4,972,West Malaysia,Selangor,FPX
ORD10487,2025-05-05,Electronics,Wireless Earbuds,1412,4,5648,West Malaysia,Johor,GrabPay
ORD10488,2025-11-08,Electronics,Smartphone,3451,3,10353,West Malaysia,Pahang,TNG eWallet
ORD10489,2025-10-25,Fashion,Backpack,236,1,236,West Malaysia,Pahang,Credit Card
ORD10490,2025-04-15,Home,Air Purifier,249,1,249,West Malaysia,Melaka,Credit Card
ORD10492,2026-01-01,Fashion,Sunglasses,352,3,1056,West Malaysia,Perak,FPX
ORD10494,2025-01-16,Electronics,Wireless Earbuds,2921,1,2921,West Malaysia,Perak,Credit Card
ORD10495,2025-03-04,Home,Desk Lamp,331,1,331,West Malaysia,Kuala Lumpur,Credit Card
ORD10498,2025-10-11,Home,Air Purifier,586,2,1172,West Malaysia,Penang,TNG eWallet
ORD10499,2025-12-16,Electronics,Smartphone,2487,1,2487,West Malaysia,Pahang,Credit Card
ORD10500,2025-07-18,Home,Desk Lamp,492,3,1476,West Malaysia,Melaka,Credit Card
ORD10501,2025-04-13,Home,Office Chair,106,4,424,West Malaysia,Pahang,FPX
ORD10502,2025-08-01,Fashion,Sneakers,92,3,276,West Malaysia,Perak,Credit Card
ORD10503,2025-10-12,Home,Air Purifier,294,2,588,West Malaysia,Kedah,Credit Card
ORD10507,2025-08-16,Electronics,Smartwatch,1329,3,3987,West Malaysia,Perak,TNG eWallet
ORD10508,2025-06-18,Electronics,Laptop,392,1,392,West Malaysia,Perak,TNG eWallet
ORD10510,2025-01-23,Home,Coffee Maker,558,1,558,West Malaysia,Pahang,FPX
ORD10511,2025-09-18,Electronics,Smartphone,4380,4,17520,West Malaysia,Johor,GrabPay
ORD10512,2025-10-15,Home,Office Chair,250,3,750,West Malaysia,Pahang,GrabPay
ORD10513,2025-02-12,Fashion,Sneakers,361,2,722,West Malaysia,Selangor,GrabPay
ORD10515,2025-08-05,Home,Office Chair,798,1,798,West Malaysia,Melaka,FPX
ORD10518,2025-09-10,Fashion,Backpack,81,2,162,West Malaysia,Kuala Lumpur,FPX
ORD10519,2025-02-13,Electronics,Smartwatch,2050,1,2050,West Malaysia,Johor,GrabPay
ORD10527,2025-06-04,Fashion,Backpack,69,1,69,West Malaysia,Pahang,GrabPay
ORD10529,2025-12-06,Fashion,Sneakers,373,3,1119,West Malaysia,Selangor,Credit Card
ORD10532,2025-02-24,Electronics,Laptop,2679,1,2679,West Malaysia,Penang,Credit Card
ORD10533,2025-08-30,Electronics,Smartwatch,3121,3,9363,West Malaysia,Johor,GrabPay
ORD10539,2025-12-05,Electronics,Smartphone,3816,4,15264,West Malaysia,Pahang,GrabPay
ORD10540,2025-09-01,Home,Office Chair,274,1,274,West Malaysia,Perak,FPX
ORD10541,2025-04-26,Electronics,Laptop,3822,1,3822,West Malaysia,Perak,Credit Card
ORD10542,2025-04-14,Electronics,Laptop,2680,4,10720,West Malaysia,Kuala Lumpur,Credit Card
ORD10545,2025-04-21,Fashion,Sunglasses,140,2,280,West Malaysia,Kuala Lumpur,TNG eWallet
ORD10546,2025-08-20,Home,Desk Lamp,142,4,568,West Malaysia,Kuala Lumpur,GrabPay
ORD10547,2025-01-13,Electronics,Smartwatch,2549,4,10196,West Malaysia,Melaka,Credit Card
ORD10548,2025-03-06,Fashion,Backpack,186,2,372,West Malaysia,Kedah,Credit Card
ORD10552,2025-08-20,Fashion,Sunglasses,214,4,856,West Malaysia,Pahang,Credit Card
ORD10553,2025-07-21,Electronics,Wireless Earbuds,2413,2,4826,West Malaysia,Kuala Lumpur,FPX
ORD10554,2025-10-27,Home,Coffee Maker,634,3,1902,West Malaysia,Selangor,FPX
ORD10555,2025-01-14,Fashion,T-Shirt,380,1,380,West Malaysia,Melaka,TNG eWallet
ORD10559,2025-11-26,Electronics,Smartwatch,1118,1,1118,West Malaysia,Pahang,FPX
ORD10561,2025-12-05,Home,Coffee Maker,112,1,112,West Malaysia,Melaka,Credit Card
ORD10562,2025-03-23,Home,Office Chair,184,2,368,West Malaysia,Selangor,TNG eWallet
ORD10563,2025-07-07,Home,Coffee Maker,245,2,490,West Malaysia,Kuala Lumpur,FPX
ORD10564,2025-05-11,Home,Desk Lamp,380,3,1140,West Malaysia,Kuala Lumpur,GrabPay
ORD10565,2025-02-24,Fashion,Sneakers,371,2,742,West Malaysia,Selangor,Credit Card
ORD10566,2025-02-13,Fashion,Sunglasses,175,4,700,West Malaysia,Johor,FPX
ORD10568,2025-04-19,Fashion,Backpack,183,3,549,West Malaysia,Penang,GrabPay
ORD10569,2025-03-06,Home,Coffee Maker,483,1,483,West Malaysia,Melaka,GrabPay
ORD10570,2025-10-17,Home,Air Purifier,392,2,784,West Malaysia,Perak,GrabPay
ORD10574,2025-10-16,Fashion,Sunglasses,313,2,626,West Malaysia,Johor,FPX
ORD10575,2025-03-26,Electronics,Smartwatch,1926,3,5778,West Malaysia,Johor,Credit Card
ORD10577,2025-07-15,Home,Desk Lamp,431,1,431,West Malaysia,Perak,GrabPay
ORD10579,2025-06-24,Fashion,Backpack,232,3,696,West Malaysia,Kuala Lumpur,GrabPay
ORD10580,2025-03-21,Home,Desk Lamp,596,4,2384,West Malaysia,Kedah,TNG eWallet
ORD10581,2025-01-24,Fashion,T-Shirt,302,1,302,West Malaysia,Melaka,FPX
ORD10582,2025-05-05,Electronics,Laptop,1681,3,5043,West Malaysia,Penang,GrabPay
ORD10584,2025-02-23,Electronics,Wireless Earbuds,3971,3,11913,West Malaysia,Pahang,GrabPay
ORD10586,2025-05-27,Fashion,Sneakers,163,2,326,West Malaysia,Kuala Lumpur,TNG eWallet
ORD10587,2025-12-18,Fashion,T-Shirt,385,4,1540,West Malaysia,Pahang,TNG eWallet
ORD10588,2025-01-12,Home,Office Chair,188,2,376,West Malaysia,Kedah,GrabPay
ORD10591,2025-01-11,Electronics,Smartphone,2892,3,8676,West Malaysia,Penang,TNG eWallet
ORD10592,2025-01-19,Fashion,Sunglasses,53,4,212,West Malaysia,Penang,GrabPay
ORD10594,2025-05-18,Fashion,Sneakers,63,3,189,West Malaysia,Penang,GrabPay
ORD10597,2025-03-12,Fashion,Sunglasses,141,3,423,West Malaysia,Kuala Lumpur,TNG eWallet
ORD10603,2025-07-06,Home,Air Purifier,320,2,640,West Malaysia,Selangor,GrabPay
ORD10608,2025-03-19,Electronics,Laptop,3018,1,3018,West Malaysia,Selangor,Credit Card
ORD10610,2025-12-23,Electronics,Wireless Earbuds,3909,1,3909,West Malaysia,Melaka,GrabPay
ORD10611,2025-12-07,Fashion,Sunglasses,189,2,378,West Malaysia,Pahang,GrabPay
ORD10612,2025-01-05,Fashion,Sunglasses,382,2,764,West Malaysia,Melaka,FPX
ORD10613,2025-10-28,Electronics,Laptop,3880,3,11640,West Malaysia,Melaka,TNG eWallet
ORD10616,2025-02-17,Home,Air Purifier,513,2,1026,West Malaysia,Penang,FPX
ORD10617,2025-09-09,Electronics,Smartwatch,3584,2,7168,West Malaysia,Kedah,GrabPay
ORD10619,2025-02-12,Home,Desk Lamp,181,3,543,West Malaysia,Selangor,TNG eWallet
ORD10620,2025-09-04,Electronics,Laptop,3060,3,9180,West Malaysia,Melaka,FPX
ORD10624,2025-07-28,Home,Desk Lamp,126,3,378,West Malaysia,Kuala Lumpur,Credit Card
ORD10628,2025-11-02,Electronics,Laptop,2354,3,7062,West Malaysia,Kuala Lumpur,TNG eWallet
ORD10629,2025-01-22,Home,Desk Lamp,327,1,327,West Malaysia,Kuala Lumpur,FPX
ORD10630,2025-11-04,Electronics,Laptop,2803,4,11212,West Malaysia,Kuala Lumpur,FPX
ORD10631,2025-06-01,Fashion,Sunglasses,190,3,570,West Malaysia,Pahang,GrabPay
ORD10634,2025-01-22,Fashion,Backpack,163,3,489,West Malaysia,Melaka,FPX
ORD10636,2025-08-16,Electronics,Smartphone,3753,2,7506,West Malaysia,Penang,Credit Card
ORD10637,2025-12-10,Fashion,Sunglasses,209,2,418,West Malaysia,Kedah,Credit Card
ORD10638,2025-11-04,Home,Office Chair,280,1,280,West Malaysia,Melaka,FPX
ORD10639,2025-07-19,Electronics,Wireless Earbuds,2683,1,2683,West Malaysia,Melaka,TNG eWallet
ORD10640,2025-05-29,Fashion,Sunglasses,305,2,610,West Malaysia,Kedah,Credit Card
ORD10641,2025-08-27,Electronics,Smartwatch,2634,1,2634,West Malaysia,Pahang,FPX
ORD10643,2025-06-30,Home,Office Chair,242,1,242,West Malaysia,Perak,Credit Card
ORD10644,2025-03-19,Home,Office Chair,250,2,500,West Malaysia,Kedah,TNG eWallet
ORD10647,2025-06-10,Electronics,Smartwatch,1563,4,6252,West Malaysia,Johor,TNG eWallet
ORD10649,2025-02-26,Fashion,T-Shirt,121,2,242,West Malaysia,Melaka,GrabPay
ORD10655,2025-11-19,Home,Desk Lamp,122,2,244,West Malaysia,Kuala Lumpur,TNG eWallet
ORD10657,2025-04-05,Fashion,Sneakers,369,3,1107,West Malaysia,Melaka,FPX
ORD10658,2025-02-18,Electronics,Smartphone,2210,4,8840,West Malaysia,Kedah,GrabPay
ORD10660,2025-07-16,Fashion,T-Shirt,308,4,1232,West Malaysia,Melaka,GrabPay
ORD10663,2025-06-08,Home,Office Chair,480,1,480,West Malaysia,Kuala Lumpur,TNG eWallet
ORD10668,2025-12-13,Fashion,T-Shirt,73,1,73,West Malaysia,Johor,FPX
ORD10669,2025-02-09,Home,Air Purifier,635,4,2540,West Malaysia,Perak,FPX
ORD10671,2025-11-14,Home,Office Chair,413,4,1652,West Malaysia,Pahang,TNG eWallet
ORD10674,2025-04-18,Fashion,T-Shirt,304,2,608,West Malaysia,Kedah,TNG eWallet
ORD10677,2025-07-05,Home,Air Purifier,791,4,3164,West Malaysia,Perak,FPX
ORD10678,2025-03-27,Home,Air Purifier,714,3,2142,West Malaysia,Pahang,GrabPay
ORD10679,2025-06-16,Fashion,Sneakers,221,3,663,West Malaysia,Kedah,Credit Card
ORD10687,2025-03-29,Fashion,Backpack,372,4,1488,West Malaysia,Kedah,GrabPay
ORD10688,2025-03-20,Electronics,Smartwatch,798,2,1596,West Malaysia,Johor,FPX
ORD10689,2025-06-20,Electronics,Laptop,4265,1,4265,West Malaysia,Kedah,GrabPay
ORD10690,2025-06-07,Fashion,Sunglasses,255,2,510,West Malaysia,Melaka,FPX
ORD10692,2025-09-15,Home,Desk Lamp,567,4,2268,West Malaysia,Pahang,Credit Card
ORD10693,2025-11-20,Fashion,Sunglasses,286,4,1144,West Malaysia,Kedah,TNG eWallet
ORD10694,2025-08-04,Electronics,Laptop,1034,4,4136,West Malaysia,Penang,GrabPay
ORD10697,2025-12-30,Fashion,Sunglasses,379,3,1137,West Malaysia,Pahang,Credit Card
ORD10698,2025-06-30,Fashion,Sneakers,163,1,163,West Malaysia,Selangor,Credit Card
ORD10699,2025-03-03,Home,Office Chair,426,1,426,West Malaysia,Perak,TNG eWallet
ORD10700,2025-01-17,Electronics,Wireless Earbuds,3662,2,7324,West Malaysia,Johor,GrabPay
ORD10703,2025-12-29,Electronics,Smartwatch,2538,4,10152,West Malaysia,Melaka,GrabPay
ORD10707,2025-01-19,Electronics,Smartwatch,312,3,936,West Malaysia,Kuala Lumpur,Credit Card
ORD10711,2025-02-18,Electronics,Laptop,1111,4,4444,West Malaysia,Melaka,Credit Card
ORD10714,2025-11-15,Electronics,Laptop,1543,3,4629,West Malaysia,Penang,TNG eWallet
ORD10717,2025-08-19,Fashion,Backpack,340,4,1360,West Malaysia,Kuala Lumpur,FPX
ORD10718,2025-12-22,Home,Desk Lamp,576,1,576,West Malaysia,Perak,Credit Card
ORD10721,2025-03-13,Fashion,Backpack,243,2,486,West Malaysia,Melaka,Credit Card
ORD10724,2025-02-25,Fashion,T-Shirt,326,2,652,West Malaysia,Kedah,GrabPay
ORD10725,2025-06-13,Home,Air Purifier,524,4,2096,West Malaysia,Selangor,TNG eWallet
ORD10727,2025-10-06,Fashion,Sunglasses,277,1,277,West Malaysia,Melaka,GrabPay
ORD10729,2025-12-24,Fashion,T-Shirt,241,3,723,West Malaysia,Selangor,GrabPay
ORD10733,2025-07-24,Home,Desk Lamp,314,2,628,West Malaysia,Kedah,Credit Card
ORD10734,2025-07-02,Home,Desk Lamp,577,2,1154,West Malaysia,Perak,TNG eWallet
ORD10739,2026-01-01,Home,Office Chair,164,1,164,West Malaysia,Selangor,Credit Card
ORD10740,2025-03-29,Fashion,Sneakers,52,4,208,West Malaysia,Kedah,GrabPay
ORD10742,2025-01-03,Electronics,Smartwatch,2758,1,2758,West Malaysia,Penang,TNG eWallet
ORD10743,2025-08-20,Electronics,Wireless Earbuds,1291,3,3873,West Malaysia,Johor,FPX
ORD10744,2025-12-08,Home,Office Chair,537,2,1074,West Malaysia,Kedah,TNG eWallet
ORD10745,2025-11-09,Fashion,Backpack,208,3,624,West Malaysia,Johor,GrabPay
ORD10746,2025-05-11,Home,Coffee Maker,742,3,2226,West Malaysia,Pahang,Credit Card
ORD10752,2025-10-19,Fashion,Sunglasses,232,1,232,West Malaysia,Johor,TNG eWallet
ORD10753,2025-07-14,Fashion,Backpack,158,2,316,West Malaysia,Penang,FPX
ORD10754,2025-11-12,Electronics,Smartphone,3231,2,6462,West Malaysia,Melaka,FPX
ORD10755,2025-11-13,Electronics,Laptop,3893,2,7786,West Malaysia,Kedah,TNG eWallet
ORD10762,2025-06-20,Home,Air Purifier,554,3,1662,West Malaysia,Perak,FPX
ORD10763,2025-03-30,Fashion,Sunglasses,198,2,396,West Malaysia,Kuala Lumpur,TNG eWallet
ORD10770,2025-03-01,Home,Desk Lamp,341,2,682,West Malaysia,Selangor,TNG eWallet
ORD10771,2025-06-07,Home,Coffee Maker,146,1,146,West Malaysia,Melaka,Credit Card
ORD10772,2025-11-03,Home,Coffee Maker,435,3,1305,West Malaysia,Kuala Lumpur,GrabPay
ORD10774,2025-05-22,Electronics,Laptop,2228,4,8912,West Malaysia,Melaka,GrabPay
ORD10776,2025-02-25,Electronics,Laptop,3895,1,3895,West Malaysia,Johor,GrabPay
ORD10782,2025-01-27,Electronics,Laptop,2599,3,7797,West Malaysia,Melaka,Credit Card
ORD10785,2025-12-14,Electronics,Smartphone,569,2,1138,West Malaysia,Selangor,TNG eWallet
ORD10788,2025-05-09,Electronics,Smartphone,2049,3,6147,West Malaysia,Kedah,GrabPay
ORD10789,2025-12-14,Fashion,Backpack,97,3,291,West Malaysia,Melaka,GrabPay
ORD10791,2025-07-12,Home,Air Purifier,649,1,649,West Malaysia,Perak,FPX
ORD10792,2025-10-21,Electronics,Laptop,2280,3,6840,West Malaysia,Penang,TNG eWallet
ORD10795,2025-01-18,Fashion,Sunglasses,110,2,220,West Malaysia,Selangor,Credit Card
ORD10796,2025-09-17,Home,Office Chair,273,3,819,West Malaysia,Kuala Lumpur,TNG eWallet
ORD10797,2025-04-27,Home,Air Purifier,732,4,2928,West Malaysia,Melaka,GrabPay
ORD10798,2025-02-25,Fashion,Sneakers,130,4,520,West Malaysia,Melaka,Credit Card
ORD10800,2025-06-09,Fashion,Sneakers,390,1,390,West Malaysia,Perak,TNG eWallet
ORD10803,2025-10-25,Home,Coffee Maker,413,3,1239,West Malaysia,Pahang,GrabPay
ORD10804,2025-07-29,Home,Coffee Maker,541,2,1082,West Malaysia,Penang,GrabPay
ORD10806,2025-12-25,Fashion,Backpack,123,3,369,West Malaysia,Perak,Credit Card
ORD10807,2025-07-12,Electronics,Smartphone,4251,4,17004,West Malaysia,Johor,GrabPay
ORD10808,2025-04-18,Electronics,Smartwatch,1998,4,7992,West Malaysia,Kedah,Credit Card
ORD10809,2025-02-23,Fashion,Sunglasses,391,4,1564,West Malaysia,Pahang,FPX
ORD10810,2025-02-11,Home,Desk Lamp,531,1,531,West Malaysia,Penang,TNG eWallet
ORD10814,2025-03-12,Home,Air Purifier,273,4,1092,West Malaysia,Pahang,TNG eWallet
ORD10817,2025-07-05,Fashion,Sneakers,398,3,1194,West Malaysia,Selangor,TNG eWallet
ORD10818,2025-12-29,Fashion,Backpack,72,4,288,West Malaysia,Kedah,GrabPay
ORD10819,2025-03-20,Electronics,Smartphone,4245,1,4245,West Malaysia,Kedah,FPX
ORD10820,2025-04-03,Home,Air Purifier,658,2,1316,West Malaysia,Penang,GrabPay
ORD10822,2025-07-22,Fashion,Backpack,251,3,753,West Malaysia,Pahang,GrabPay
ORD10823,2025-09-27,Home,Office Chair,579,4,2316,West Malaysia,Melaka,TNG eWallet
ORD10824,2025-07-29,Home,Coffee Maker,761,4,3044,West Malaysia,Penang,Credit Card
ORD10826,2025-02-21,Fashion,T-Shirt,118,1,118,West Malaysia,Melaka,GrabPay
ORD10827,2025-11-14,Electronics,Smartwatch,704,2,1408,West Malaysia,Pahang,FPX
ORD10829,2025-08-06,Home,Air Purifier,148,1,148,West Malaysia,Kuala Lumpur,TNG eWallet
ORD10831,2025-10-30,Fashion,Backpack,396,1,396,West Malaysia,Pahang,Credit Card
ORD10833,2025-05-15,Fashion,Backpack,383,4,1532,West Malaysia,Perak,FPX
ORD10834,2025-04-11,Fashion,Sneakers,144,4,576,West Malaysia,Perak,TNG eWallet
ORD10835,2025-12-05,Fashion,Sneakers,89,1,89,West Malaysia,Kedah,GrabPay
ORD10836,2025-12-30,Home,Air Purifier,387,1,387,West Malaysia,Penang,FPX
ORD10838,2025-05-17,Home,Office Chair,528,2,1056,West Malaysia,Perak,TNG eWallet
ORD10839,2025-03-01,Electronics,Wireless Earbuds,3152,4,12608,West Malaysia,Perak,FPX
ORD10841,2025-12-07,Home,Coffee Maker,660,3,1980,West Malaysia,Perak,TNG eWallet
ORD10842,2025-02-01,Home,Coffee Maker,689,3,2067,West Malaysia,Melaka,Credit Card
ORD10845,2025-12-01,Electronics,Wireless Earbuds,4235,4,16940,West Malaysia,Pahang,TNG eWallet
ORD10847,2025-11-15,Fashion,T-Shirt,391,3,1173,West Malaysia,Melaka,GrabPay
ORD10851,2025-04-03,Fashion,T-Shirt,339,3,1017,West Malaysia,Melaka,Credit Card
ORD10854,2025-12-30,Fashion,Backpack,332,3,996,West Malaysia,Kedah,TNG eWallet
ORD10855,2025-11-03,Fashion,Sunglasses,124,1,124,West Malaysia,Johor,FPX
ORD10856,2025-04-28,Electronics,Smartphone,3573,3,10719,West Malaysia,Kedah,GrabPay
ORD10863,2025-09-10,Home,Office Chair,526,4,2104,West Malaysia,Pahang,Credit Card
ORD10864,2025-07-04,Home,Desk Lamp,791,1,791,West Malaysia,Kuala Lumpur,TNG eWallet
ORD10865,2025-01-03,Home,Desk Lamp,470,2,940,West Malaysia,Pahang,Credit Card
ORD10867,2025-11-10,Electronics,Wireless Earbuds,1826,3,5478,West Malaysia,Perak,FPX
ORD10868,2025-05-29,Fashion,Sneakers,381,2,762,West Malaysia,Kuala Lumpur,TNG eWallet
ORD10870,2025-08-23,Fashion,Backpack,217,2,434,West Malaysia,Perak,GrabPay
ORD10871,2025-09-21,Home,Desk Lamp,417,2,834,West Malaysia,Kedah,Credit Card
ORD10873,2025-07-28,Fashion,T-Shirt,298,2,596,West Malaysia,Kedah,GrabPay
ORD10877,2025-02-24,Home,Desk Lamp,469,3,1407,West Malaysia,Melaka,TNG eWallet
ORD10878,2025-05-17,Home,Office Chair,129,2,258,West Malaysia,Kuala Lumpur,Credit Card
ORD10880,2025-05-07,Electronics,Smartphone,1412,4,5648,West Malaysia,Penang,FPX
ORD10882,2025-09-27,Home,Air Purifier,274,1,274,West Malaysia,Perak,TNG eWallet
ORD10884,2025-04-02,Electronics,Smartwatch,1727,2,3454,West Malaysia,Selangor,FPX
ORD10886,2025-04-27,Fashion,Sunglasses,333,4,1332,West Malaysia,Pahang,FPX
ORD10888,2025-07-25,Fashion,Backpack,166,1,166,West Malaysia,Kuala Lumpur,Credit Card
ORD10889,2025-02-04,Home,Coffee Maker,181,2,362,West Malaysia,Pahang,FPX
ORD10892,2025-12-01,Electronics,Laptop,391,1,391,West Malaysia,Melaka,GrabPay
ORD10896,2025-04-13,Fashion,Sneakers,258,2,516,West Malaysia,Kuala Lumpur,GrabPay
ORD10897,2025-05-10,Electronics,Laptop,706,4,2824,West Malaysia,Johor,GrabPay
ORD10898,2025-06-25,Electronics,Wireless Earbuds,3315,3,9945,West Malaysia,Kedah,Credit Card
ORD10899,2025-05-30,Fashion,Sneakers,77,1,77,West Malaysia,Johor,GrabPay
ORD10901,2025-04-30,Electronics,Smartphone,3871,3,11613,West Malaysia,Selangor,Credit Card
ORD10903,2025-06-03,Electronics,Smartwatch,4374,1,4374,West Malaysia,Kedah,Credit Card
ORD10908,2025-01-12,Fashion,Backpack,254,3,762,West Malaysia,Penang,FPX
ORD10911,2025-02-27,Fashion,Sneakers,360,1,360,West Malaysia,Johor,FPX
ORD10912,2025-11-05,Fashion,Sneakers,125,3,375,West Malaysia,Johor,GrabPay
ORD10915,2025-03-20,Electronics,Smartwatch,3153,1,3153,West Malaysia,Kedah,FPX
ORD10916,2025-04-19,Fashion,T-Shirt,308,3,924,West Malaysia,Penang,FPX
ORD10919,2025-08-23,Home,Coffee Maker,242,4,968,West Malaysia,Kedah,TNG eWallet
ORD10920,2025-02-27,Electronics,Smartphone,4369,3,13107,West Malaysia,Penang,GrabPay
ORD10925,2025-04-19,Fashion,Sneakers,98,4,392,West Malaysia,Penang,TNG eWallet
ORD10927,2025-10-25,Electronics,Wireless Earbuds,2359,2,4718,West Malaysia,Kuala Lumpur,GrabPay
ORD10928,2025-11-05,Home,Office Chair,193,4,772,West Malaysia,Melaka,TNG eWallet
ORD10930,2025-09-12,Fashion,Sneakers,335,2,670,West Malaysia,Perak,TNG eWallet
ORD10932,2025-09-19,Electronics,Laptop,527,1,527,West Malaysia,Pahang,GrabPay
ORD10935,2025-04-19,Home,Desk Lamp,141,4,564,West Malaysia,Penang,FPX
ORD10936,2025-02-01,Fashion,Sunglasses,73,1,73,West Malaysia,Perak,FPX
ORD10937,2025-01-12,Electronics,Smartwatch,980,4,3920,West Malaysia,Johor,Credit Card
ORD10938,2025-11-20,Home,Air Purifier,141,1,141,West Malaysia,Kuala Lumpur,TNG eWallet
ORD10945,2025-03-17,Home,Coffee Maker,384,1,384,West Malaysia,Perak,TNG eWallet
ORD10948,2025-02-08,Electronics,Laptop,2151,4,8604,West Malaysia,Perak,TNG eWallet
ORD10952,2025-12-31,Home,Office Chair,541,2,1082,West Malaysia,Selangor,TNG eWallet
ORD10954,2025-11-20,Electronics,Smartwatch,4010,2,8020,West Malaysia,Johor,Credit Card
ORD10958,2025-07-09,Fashion,T-Shirt,283,1,283,West Malaysia,Pahang,GrabPay
ORD10960,2025-09-15,Electronics,Laptop,1184,2,2368,West Malaysia,Melaka,Credit Card
ORD10961,2025-11-14,Fashion,Backpack,177,1,177,West Malaysia,Kuala Lumpur,Credit Card
ORD10962,2025-09-08,Home,Coffee Maker,397,3,1191,West Malaysia,Selangor,FPX
ORD10963,2025-04-16,Electronics,Wireless Earbuds,803,2,1606,West Malaysia,Perak,TNG eWallet
ORD10964,2025-05-08,Home,Air Purifier,425,1,425,West Malaysia,Selangor,FPX
ORD10967,2025-07-22,Electronics,Smartwatch,1978,1,1978,West Malaysia,Perak,Credit Card
ORD10969,2025-11-22,Home,Coffee Maker,360,2,720,West Malaysia,Kuala Lumpur,FPX
ORD10970,2025-04-16,Home,Coffee Maker,708,4,2832,West Malaysia,Kedah,Credit Card
ORD10971,2025-03-03,Home,Air Purifier,368,4,1472,West Malaysia,Perak,GrabPay
ORD10973,2025-01-08,Home,Desk Lamp,718,3,2154,West Malaysia,Kedah,TNG eWallet
ORD10974,2025-05-06,Fashion,Sunglasses,233,4,932,West Malaysia,Kedah,Credit Card
ORD10983,2025-01-14,Fashion,Sunglasses,380,1,380,West Malaysia,Pahang,FPX
ORD10986,2025-03-22,Fashion,T-Shirt,126,2,252,West Malaysia,Pahang,GrabPay
ORD10989,2025-07-21,Home,Coffee Maker,349,2,698,West Malaysia,Johor,GrabPay
ORD10991,2025-08-21,Fashion,Backpack,259,2,518,West Malaysia,Kuala Lumpur,FPX
ORD10992,2025-03-22,Electronics,Laptop,2258,4,9032,West Malaysia,Selangor,Credit Card
ORD10993,2025-06-15,Home,Office Chair,245,1,245,West Malaysia,Kedah,Credit Card
ORD10996,2025-12-26,Fashion,Sneakers,328,1,328,West Malaysia,Penang,Credit Card
ORD10999,2025-08-05,Electronics,Smartphone,859,3,2577,West Malaysia,Melaka,Credit Card
ORD11000,2025-10-18,Electronics,Wireless Earbuds,3954,1,3954,West Malaysia,Melaka,GrabPay
ORD11001,2025-03-30,Electronics,Laptop,2926,2,5852,West Malaysia,Johor,GrabPay
ORD11005,2025-07-07,Home,Office Chair,504,2,1008,West Malaysia,Pahang,TNG eWallet
ORD11006,2025-01-06,Electronics,Wireless Earbuds,2512,1,2512,West Malaysia,Selangor,Credit Card
ORD11008,2025-09-07,Electronics,Laptop,970,4,3880,West Malaysia,Perak,FPX
ORD11012,2025-04-04,Home,Desk Lamp,408,2,816,West Malaysia,Melaka,Credit Card
ORD11013,2025-04-02,Electronics,Smartphone,2554,3,7662,West Malaysia,Kedah,TNG eWallet
ORD11014,2025-03-24,Electronics,Laptop,3817,3,11451,West Malaysia,Pahang,GrabPay
ORD11015,2025-10-03,Fashion,Backpack,140,2,280,West Malaysia,Pahang,FPX
ORD11016,2025-09-09,Electronics,Smartwatch,1691,4,6764,West Malaysia,Johor,GrabPay
ORD11017,2025-12-30,Home,Air Purifier,257,1,257,West Malaysia,Penang,FPX
ORD11018,2025-10-13,Fashion,Sunglasses,137,1,137,West Malaysia,Pahang,FPX
ORD11020,2025-08-11,Fashion,T-Shirt,147,2,294,West Malaysia,Perak,FPX
ORD11021,2025-09-29,Fashion,T-Shirt,126,1,126,West Malaysia,Kuala Lumpur,FPX
ORD11025,2025-04-28,Home,Desk Lamp,357,2,714,West Malaysia,Perak,Credit Card
ORD11026,2025-04-22,Electronics,Smartwatch,4419,2,8838,West Malaysia,Johor,TNG eWallet
ORD11027,2025-10-28,Electronics,Smartwatch,1485,3,4455,West Malaysia,Kuala Lumpur,GrabPay
ORD11028,2025-01-01,Fashion,Sunglasses,331,1,331,West Malaysia,Melaka,TNG eWallet
ORD11029,2025-03-02,Electronics,Wireless Earbuds,3177,4,12708,West Malaysia,Kuala Lumpur,TNG eWallet
ORD11031,2025-07-19,Home,Air Purifier,359,1,359,West Malaysia,Melaka,FPX
ORD11033,2025-12-31,Fashion,Sunglasses,368,2,736,West Malaysia,Penang,Credit Card
ORD11036,2025-07-01,Electronics,Smartphone,1011,4,4044,West Malaysia,Melaka,GrabPay
ORD11037,2025-07-21,Electronics,Smartwatch,4192,4,16768,West Malaysia,Penang,Credit Card
ORD11039,2025-10-26,Electronics,Wireless Earbuds,1923,3,5769,West Malaysia,Kedah,Credit Card
ORD11040,2025-11-10,Fashion,T-Shirt,364,2,728,West Malaysia,Selangor,FPX
ORD11042,2025-08-31,Fashion,Sunglasses,135,3,405,West Malaysia,Johor,GrabPay
ORD11043,2025-10-27,Electronics,Laptop,680,1,680,West Malaysia,Kuala Lumpur,FPX
ORD11045,2025-09-04,Fashion,Backpack,302,3,906,West Malaysia,Penang,TNG eWallet
ORD11046,2025-05-06,Electronics,Smartwatch,2591,4,10364,West Malaysia,Johor,Credit Card
ORD11047,2025-09-27,Home,Coffee Maker,259,3,777,West Malaysia,Penang,GrabPay
ORD11049,2025-07-21,Fashion,Sneakers,330,3,990,West Malaysia,Kuala Lumpur,GrabPay
ORD11050,2025-01-21,Fashion,Sunglasses,295,3,885,West Malaysia,Penang,FPX
ORD11051,2025-03-27,Home,Office Chair,768,1,768,West Malaysia,Pahang,FPX
ORD11053,2025-10-23,Home,Air Purifier,434,2,868,West Malaysia,Pahang,TNG eWallet
ORD11055,2025-09-23,Home,Office Chair,608,2,1216,West Malaysia,Penang,TNG eWallet
ORD11057,2025-01-29,Home,Office Chair,315,1,315,West Malaysia,Penang,FPX
ORD11060,2025-08-28,Fashion,Sunglasses,268,4,1072,West Malaysia,Pahang,TNG eWallet
ORD11063,2025-10-15,Home,Desk Lamp,707,1,707,West Malaysia,Perak,Credit Card
ORD11065,2025-12-05,Fashion,T-Shirt,327,1,327,West Malaysia,Selangor,FPX
ORD11067,2025-06-18,Electronics,Smartwatch,3062,3,9186,West Malaysia,Melaka,Credit Card
ORD11071,2025-06-01,Fashion,Sneakers,343,2,686,West Malaysia,Perak,TNG eWallet
ORD11075,2025-01-11,Home,Office Chair,281,3,843,West Malaysia,Perak,GrabPay
ORD11076,2025-07-26,Fashion,Sunglasses,211,4,844,West Malaysia,Kedah,FPX
ORD11081,2025-10-12,Fashion,Sneakers,83,1,83,West Malaysia,Johor,TNG eWallet
ORD11082,2025-07-24,Electronics,Laptop,1186,4,4744,West Malaysia,Perak,FPX
ORD11083,2025-04-27,Fashion,Sneakers,266,2,532,West Malaysia,Penang,FPX
ORD11084,2025-12-01,Fashion,T-Shirt,390,2,780,West Malaysia,Selangor,GrabPay
ORD11088,2025-01-02,Electronics,Smartphone,595,4,2380,West Malaysia,Melaka,TNG eWallet
ORD11094,2025-04-04,Electronics,Wireless Earbuds,3859,1,3859,West Malaysia,Selangor,TNG eWallet
ORD11096,2025-05-29,Electronics,Laptop,2769,2,5538,West Malaysia,Kedah,FPX
ORD11098,2025-01-20,Electronics,Smartwatch,2980,1,2980,West Malaysia,Pahang,GrabPay
ORD11102,2025-05-30,Home,Coffee Maker,131,2,262,West Malaysia,Kedah,TNG eWallet
ORD11103,2025-04-09,Electronics,Smartphone,3867,4,15468,West Malaysia,Penang,FPX
ORD11105,2025-09-17,Home,Coffee Maker,338,1,338,West Malaysia,Melaka,GrabPay
ORD11106,2025-04-15,Electronics,Smartphone,1632,2,3264,West Malaysia,Kuala Lumpur,FPX
ORD11108,2025-11-01,Home,Desk Lamp,108,2,216,West Malaysia,Kuala Lumpur,GrabPay
ORD11109,2025-05-06,Electronics,Smartphone,3062,1,3062,West Malaysia,Pahang,GrabPay
ORD11110,2025-08-02,Home,Desk Lamp,211,4,844,West Malaysia,Melaka,Credit Card
ORD11112,2025-11-21,Electronics,Laptop,2356,2,4712,West Malaysia,Melaka,GrabPay
ORD11114,2025-01-18,Fashion,Sneakers,89,4,356,West Malaysia,Selangor,TNG eWallet
ORD11117,2025-01-04,Fashion,Backpack,220,3,660,West Malaysia,Pahang,TNG eWallet
ORD11120,2025-10-02,Fashion,Sunglasses,69,2,138,West Malaysia,Kedah,GrabPay
ORD11124,2025-07-30,Home,Office Chair,327,1,327,West Malaysia,Selangor,FPX
ORD11125,2025-04-13,Fashion,Sunglasses,313,3,939,West Malaysia,Melaka,FPX
ORD11126,2025-10-25,Fashion,Sneakers,395,2,790,West Malaysia,Penang,GrabPay
ORD11127,2025-01-02,Fashion,Sunglasses,155,2,310,West Malaysia,Penang,TNG eWallet
ORD11129,2025-03-30,Fashion,T-Shirt,308,3,924,West Malaysia,Kedah,FPX
ORD11130,2025-09-02,Home,Coffee Maker,303,3,909,West Malaysia,Pahang,GrabPay
ORD11131,2025-01-07,Home,Coffee Maker,606,1,606,West Malaysia,Melaka,TNG eWallet
ORD11132,2025-08-18,Home,Desk Lamp,542,1,542,West Malaysia,Kedah,TNG eWallet
ORD11133,2025-05-20,Fashion,Sunglasses,200,1,200,West Malaysia,Pahang,FPX
ORD11135,2025-04-02,Electronics,Wireless Earbuds,2718,2,5436,West Malaysia,Kedah,Credit Card
ORD11136,2025-02-15,Electronics,Smartphone,3045,1,3045,West Malaysia,Pahang,GrabPay
ORD11138,2025-06-02,Fashion,Sunglasses,309,1,309,West Malaysia,Selangor,GrabPay
ORD11140,2025-12-23,Home,Office Chair,575,4,2300,West Malaysia,Penang,GrabPay
ORD11142,2025-06-07,Home,Desk Lamp,575,4,2300,West Malaysia,Kedah,TNG eWallet
ORD11144,2025-08-20,Electronics,Smartphone,3510,4,14040,West Malaysia,Pahang,TNG eWallet
ORD11146,2025-05-04,Fashion,Backpack,400,2,800,West Malaysia,Johor,Credit Card
ORD11147,2025-08-01,Electronics,Laptop,3962,4,15848,West Malaysia,Perak,GrabPay
ORD11148,2025-09-13,Fashion,Sunglasses,209,3,627,West Malaysia,Pahang,FPX
ORD11150,2025-01-08,Fashion,T-Shirt,128,2,256,West Malaysia,Perak,FPX
ORD11151,2025-08-03,Home,Coffee Maker,731,4,2924,West Malaysia,Johor,FPX
ORD11152,2025-08-18,Home,Coffee Maker,142,3,426,West Malaysia,Perak,GrabPay
ORD11153,2025-11-10,Home,Air Purifier,656,4,2624,West Malaysia,Kedah,FPX
ORD11154,2025-12-07,Home,Desk Lamp,368,4,1472,West Malaysia,Kedah,Credit Card
ORD11156,2025-04-16,Electronics,Wireless Earbuds,1953,3,5859,West Malaysia,Selangor,FPX
ORD11157,2025-03-01,Fashion,T-Shirt,141,4,564,West Malaysia,Pahang,Credit Card
ORD11159,2025-04-01,Electronics,Wireless Earbuds,2975,1,2975,West Malaysia,Johor,Credit Card
ORD11160,2025-02-08,Fashion,T-Shirt,320,4,1280,West Malaysia,Pahang,Credit Card
ORD11161,2025-05-19,Home,Office Chair,750,3,2250,West Malaysia,Perak,TNG eWallet
ORD11162,2025-02-21,Electronics,Smartphone,1393,3,4179,West Malaysia,Johor,Credit Card
ORD11163,2025-01-15,Electronics,Laptop,3649,2,7298,West Malaysia,Perak,TNG eWallet
ORD11164,2025-02-23,Home,Air Purifier,158,4,632,West Malaysia,Penang,GrabPay
ORD11165,2025-05-19,Home,Office Chair,669,4,2676,West Malaysia,Kedah,GrabPay
ORD11167,2025-07-23,Electronics,Laptop,2970,1,2970,West Malaysia,Selangor,TNG eWallet
ORD11171,2025-06-06,Fashion,Sunglasses,277,2,554,West Malaysia,Kedah,Credit Card
ORD11172,2025-11-08,Fashion,Sneakers,198,3,594,West Malaysia,Kuala Lumpur,FPX
ORD11175,2025-10-16,Home,Desk Lamp,597,4,2388,West Malaysia,Johor,Credit Card
ORD11178,2025-10-24,Fashion,Sneakers,77,3,231,West Malaysia,Johor,TNG eWallet
ORD11184,2025-02-04,Electronics,Smartwatch,814,3,2442,West Malaysia,Kuala Lumpur,TNG eWallet
ORD11185,2025-01-19,Electronics,Wireless Earbuds,1945,3,5835,West Malaysia,Johor,GrabPay
ORD11186,2025-02-07,Fashion,Backpack,57,3,171,West Malaysia,Pahang,Credit Card
ORD11188,2025-07-14,Home,Coffee Maker,428,4,1712,West Malaysia,Johor,FPX
ORD11189,2025-05-04,Home,Coffee Maker,431,3,1293,West Malaysia,Melaka,FPX
ORD11191,2025-04-24,Electronics,Wireless Earbuds,3296,2,6592,West Malaysia,Pahang,Credit Card
ORD11197,2025-09-19,Electronics,Wireless Earbuds,2821,3,8463,West Malaysia,Penang,GrabPay
ORD11198,2025-11-23,Fashion,Sneakers,324,4,1296,West Malaysia,Perak,GrabPay
ORD11199,2025-03-17,Electronics,Smartphone,3169,2,6338,West Malaysia,Selangor,Credit Card
ORD11201,2025-09-16,Home,Office Chair,634,3,1902,West Malaysia,Pahang,FPX
ORD11203,2025-05-26,Fashion,T-Shirt,192,4,768,West Malaysia,Perak,TNG eWallet
ORD11204,2025-10-03,Home,Coffee Maker,645,4,2580,West Malaysia,Kedah,FPX
ORD11206,2025-08-30,Home,Office Chair,766,4,3064,West Malaysia,Penang,FPX
ORD11210,2025-07-15,Electronics,Smartwatch,3894,1,3894,West Malaysia,Johor,FPX
ORD11214,2025-09-06,Home,Desk Lamp,520,3,1560,West Malaysia,Penang,Credit Card
ORD11215,2025-07-18,Home,Air Purifier,348,2,696,West Malaysia,Kedah,FPX
ORD11216,2025-05-22,Home,Air Purifier,149,2,298,West Malaysia,Kedah,TNG eWallet
ORD11217,2025-05-07,Fashion,Sneakers,227,4,908,West Malaysia,Kuala Lumpur,TNG eWallet
ORD11220,2025-04-13,Fashion,Sneakers,215,3,645,West Malaysia,Penang,TNG eWallet
ORD11221,2025-08-06,Electronics,Laptop,1146,2,2292,West Malaysia,Johor,TNG eWallet
ORD11222,2025-03-11,Fashion,Backpack,370,2,740,West Malaysia,Penang,Credit Card
ORD11226,2025-09-17,Fashion,Sneakers,399,3,1197,West Malaysia,Melaka,FPX
ORD11229,2025-02-09,Fashion,T-Shirt,76,1,76,West Malaysia,Pahang,Credit Card
ORD11230,2025-08-06,Electronics,Wireless Earbuds,1197,2,2394,West Malaysia,Kuala Lumpur,FPX
ORD11232,2025-10-14,Home,Air Purifier,565,1,565,West Malaysia,Kuala Lumpur,FPX
ORD11233,2025-07-29,Fashion,T-Shirt,94,2,188,West Malaysia,Kuala Lumpur,Credit Card
ORD11234,2025-02-01,Fashion,Sneakers,123,4,492,West Malaysia,Kuala Lumpur,TNG eWallet
ORD11238,2025-02-03,Fashion,T-Shirt,224,4,896,West Malaysia,Kedah,Credit Card
ORD11239,2025-05-11,Home,Air Purifier,516,2,1032,West Malaysia,Kedah,TNG eWallet
ORD11240,2025-09-22,Home,Air Purifier,459,1,459,West Malaysia,Perak,FPX
ORD11241,2025-02-10,Fashion,Sneakers,203,1,203,West Malaysia,Kuala Lumpur,Credit Card
ORD11242,2025-03-20,Electronics,Laptop,1980,3,5940,West Malaysia,Johor,GrabPay
ORD11243,2025-03-16,Home,Office Chair,445,3,1335,West Malaysia,Penang,TNG eWallet
ORD11244,2025-01-03,Fashion,Sunglasses,164,4,656,West Malaysia,Pahang,GrabPay
ORD11248,2025-10-23,Electronics,Smartwatch,1018,4,4072,West Malaysia,Kuala Lumpur,FPX
ORD11250,2025-05-24,Fashion,Sunglasses,223,2,446,West Malaysia,Kedah,FPX
ORD11252,2025-01-05,Home,Coffee Maker,623,2,1246,West Malaysia,Penang,FPX
ORD11253,2025-03-13,Home,Coffee Maker,197,3,591,West Malaysia,Penang,FPX
ORD11254,2025-11-04,Electronics,Smartphone,3849,4,15396,West Malaysia,Penang,GrabPay
ORD11256,2025-12-13,Electronics,Wireless Earbuds,2978,4,11912,West Malaysia,Kedah,TNG eWallet
ORD11258,2025-07-10,Home,Air Purifier,171,3,513,West Malaysia,Melaka,Credit Card
ORD11261,2025-03-18,Fashion,T-Shirt,331,3,993,West Malaysia,Perak,TNG eWallet
ORD11262,2025-12-15,Home,Office Chair,517,4,2068,West Malaysia,Pahang,GrabPay
ORD11264,2025-09-21,Home,Coffee Maker,613,1,613,West Malaysia,Selangor,TNG eWallet
ORD11267,2025-02-08,Fashion,Backpack,131,1,131,West Malaysia,Perak,Credit Card
ORD11269,2025-03-13,Electronics,Smartwatch,764,1,764,West Malaysia,Pahang,GrabPay
ORD11271,2025-12-11,Fashion,T-Shirt,312,4,1248,West Malaysia,Johor,TNG eWallet
ORD11273,2025-04-14,Fashion,Sunglasses,167,4,668,West Malaysia,Penang,FPX
ORD11274,2025-08-13,Electronics,Smartwatch,4144,4,16576,West Malaysia,Johor,FPX
ORD11275,2025-01-31,Electronics,Laptop,806,4,3224,West Malaysia,Kedah,TNG eWallet
ORD11278,2025-05-29,Home,Office Chair,373,4,1492,West Malaysia,Selangor,FPX
ORD11279,2025-09-24,Fashion,T-Shirt,326,2,652,West Malaysia,Kuala Lumpur,TNG eWallet
ORD11280,2025-11-22,Electronics,Smartwatch,741,2,1482,West Malaysia,Perak,GrabPay
ORD11283,2025-03-07,Fashion,Backpack,104,3,312,West Malaysia,Penang,FPX
ORD11286,2025-01-29,Home,Air Purifier,670,1,670,West Malaysia,Selangor,TNG eWallet
ORD11288,2025-06-23,Electronics,Smartphone,4414,4,17656,West Malaysia,Melaka,GrabPay
ORD11290,2025-05-20,Fashion,T-Shirt,295,2,590,West Malaysia,Perak,TNG eWallet
ORD11293,2025-06-08,Electronics,Smartphone,2992,1,2992,West Malaysia,Kuala Lumpur,GrabPay
ORD11295,2025-07-11,Fashion,T-Shirt,148,2,296,West Malaysia,Kedah,FPX
ORD11296,2025-03-09,Fashion,T-Shirt,52,1,52,West Malaysia,Kuala Lumpur,FPX
ORD11297,2025-06-01,Electronics,Smartphone,792,2,1584,West Malaysia,Selangor,Credit Card
ORD11298,2025-08-05,Electronics,Smartwatch,3809,4,15236,West Malaysia,Johor,FPX
ORD11299,2025-05-16,Fashion,T-Shirt,137,1,137,West Malaysia,Kedah,FPX
ORD11300,2025-06-12,Electronics,Wireless Earbuds,917,2,1834,West Malaysia,Melaka,GrabPay
ORD11303,2025-08-08,Home,Coffee Maker,262,2,524,West Malaysia,Selangor,Credit Card
ORD11313,2025-12-10,Electronics,Wireless Earbuds,1015,2,2030,West Malaysia,Pahang,Credit Card
ORD11314,2025-01-26,Electronics,Smartwatch,508,3,1524,West Malaysia,Johor,Credit Card
ORD11315,2025-01-11,Electronics,Smartwatch,1471,1,1471,West Malaysia,Johor,Credit Card
ORD11316,2025-03-27,Fashion,T-Shirt,134,4,536,West Malaysia,Penang,GrabPay
ORD11318,2025-11-16,Fashion,Backpack,119,3,357,West Malaysia,Penang,GrabPay
ORD11320,2025-07-14,Fashion,T-Shirt,277,2,554,West Malaysia,Penang,GrabPay
ORD11323,2025-01-26,Electronics,Laptop,3177,3,9531,West Malaysia,Pahang,GrabPay
ORD11324,2025-04-16,Electronics,Laptop,3626,1,3626,West Malaysia,Melaka,GrabPay
ORD11325,2025-12-27,Fashion,Sneakers,239,4,956,West Malaysia,Kuala Lumpur,FPX
ORD11326,2025-07-08,Home,Office Chair,700,4,2800,West Malaysia,Selangor,TNG eWallet
ORD11327,2025-04-01,Fashion,Backpack,187,2,374,West Malaysia,Pahang,GrabPay
ORD11329,2025-12-03,Electronics,Smartwatch,4084,4,16336,West Malaysia,Pahang,Credit Card
ORD11331,2025-07-23,Electronics,Smartwatch,3484,4,13936,West Malaysia,Selangor,Credit Card
ORD11332,2025-02-25,Electronics,Wireless Earbuds,3525,2,7050,West Malaysia,Selangor,GrabPay
ORD11335,2025-02-10,Home,Desk Lamp,726,3,2178,West Malaysia,Kuala Lumpur,Credit Card
ORD11336,2025-11-26,Home,Air Purifier,200,1,200,West Malaysia,Pahang,TNG eWallet
ORD11337,2025-10-20,Electronics,Laptop,539,4,2156,West Malaysia,Kedah,GrabPay
ORD11338,2025-12-20,Electronics,Laptop,365,2,730,West Malaysia,Melaka,FPX
ORD11339,2025-05-27,Fashion,T-Shirt,368,4,1472,West Malaysia,Johor,TNG eWallet
ORD11341,2025-01-03,Fashion,Sneakers,318,2,636,West Malaysia,Kedah,FPX
ORD11343,2025-03-23,Fashion,Sneakers,182,3,546,West Malaysia,Melaka,FPX
ORD11345,2025-08-31,Electronics,Smartphone,2444,4,9776,West Malaysia,Perak,TNG eWallet
ORD11346,2025-08-10,Electronics,Smartwatch,642,1,642,West Malaysia,Perak,TNG eWallet
ORD11347,2025-01-23,Home,Coffee Maker,535,4,2140,West Malaysia,Kuala Lumpur,Credit Card
ORD11348,2025-03-11,Home,Office Chair,782,1,782,West Malaysia,Perak,TNG eWallet
ORD11349,2025-08-09,Home,Coffee Maker,363,1,363,West Malaysia,Perak,GrabPay
ORD11350,2025-03-05,Electronics,Wireless Earbuds,1197,4,4788,West Malaysia,Penang,Credit Card
ORD11351,2025-03-23,Home,Desk Lamp,191,3,573,West Malaysia,Johor,Credit Card
ORD11353,2025-08-21,Fashion,T-Shirt,173,2,346,West Malaysia,Penang,FPX
ORD11354,2025-12-01,Electronics,Smartwatch,4015,3,12045,West Malaysia,Kedah,TNG eWallet
ORD11355,2025-04-24,Home,Desk Lamp,728,2,1456,West Malaysia,Selangor,GrabPay
ORD11356,2025-05-25,Electronics,Smartphone,2691,3,8073,West Malaysia,Kuala Lumpur,TNG eWallet
ORD11358,2025-11-08,Home,Office Chair,384,4,1536,West Malaysia,Penang,FPX
ORD11359,2025-04-13,Electronics,Smartwatch,3984,4,15936,West Malaysia,Kedah,FPX
ORD11361,2025-02-02,Electronics,Laptop,3134,4,12536,West Malaysia,Pahang,Credit Card
ORD11362,2025-03-19,Home,Air Purifier,578,2,1156,West Malaysia,Pahang,FPX
ORD11364,2025-12-28,Fashion,T-Shirt,275,3,825,West Malaysia,Kuala Lumpur,GrabPay
ORD11365,2025-12-20,Electronics,Smartphone,3965,2,7930,West Malaysia,Kuala Lumpur,FPX
ORD11366,2025-03-28,Electronics,Smartphone,1300,4,5200,West Malaysia,Johor,Credit Card
ORD11367,2025-06-24,Home,Air Purifier,472,4,1888,West Malaysia,Kuala Lumpur,TNG eWallet
ORD11370,2025-05-11,Fashion,Backpack,281,4,1124,West Malaysia,Selangor,FPX
ORD11372,2025-10-18,Fashion,T-Shirt,232,2,464,West Malaysia,Kuala Lumpur,GrabPay
ORD11377,2025-12-05,Home,Air Purifier,604,4,2416,West Malaysia,Kedah,GrabPay
ORD11379,2025-10-05,Electronics,Wireless Earbuds,2225,2,4450,West Malaysia,Johor,TNG eWallet
ORD11381,2025-04-12,Home,Office Chair,357,2,714,West Malaysia,Penang,FPX
ORD11382,2025-04-09,Electronics,Smartwatch,2401,4,9604,West Malaysia,Kuala Lumpur,FPX
ORD11383,2025-09-25,Electronics,Laptop,3020,4,12080,West Malaysia,Johor,GrabPay
ORD11384,2025-04-05,Home,Office Chair,508,2,1016,West Malaysia,Kuala Lumpur,Credit Card
ORD11385,2025-03-25,Electronics,Wireless Earbuds,3049,3,9147,West Malaysia,Melaka,Credit Card
ORD11386,2025-05-04,Home,Office Chair,662,2,1324,West Malaysia,Johor,FPX
ORD11387,2025-07-07,Fashion,Sunglasses,326,4,1304,West Malaysia,Kuala Lumpur,FPX
ORD11388,2025-04-18,Fashion,T-Shirt,338,4,1352,West Malaysia,Pahang,FPX
ORD11390,2025-04-20,Fashion,Backpack,121,2,242,West Malaysia,Kuala Lumpur,TNG eWallet
ORD11391,2025-03-20,Electronics,Smartphone,1119,1,1119,West Malaysia,Perak,Credit Card
ORD11392,2025-02-11,Electronics,Wireless Earbuds,1900,1,1900,West Malaysia,Selangor,TNG eWallet
ORD11393,2025-03-20,Electronics,Laptop,1699,4,6796,West Malaysia,Penang,FPX
ORD11394,2025-02-06,Home,Air Purifier,539,1,539,West Malaysia,Kuala Lumpur,GrabPay
ORD11397,2025-03-02,Home,Office Chair,295,3,885,West Malaysia,Pahang,TNG eWallet
ORD11398,2025-10-17,Electronics,Laptop,513,1,513,West Malaysia,Perak,TNG eWallet
ORD11402,2025-03-31,Fashion,Backpack,340,3,1020,West Malaysia,Melaka,Credit Card
ORD11403,2025-03-28,Home,Office Chair,180,1,180,West Malaysia,Kedah,FPX
ORD11404,2025-04-13,Electronics,Laptop,1263,2,2526,West Malaysia,Pahang,Credit Card
ORD11406,2025-09-11,Electronics,Laptop,3903,2,7806,West Malaysia,Penang,Credit Card
ORD11407,2025-09-20,Electronics,Smartwatch,548,2,1096,West Malaysia,Johor,FPX
ORD11408,2025-04-28,Fashion,Sunglasses,216,2,432,West Malaysia,Pahang,Credit Card
ORD11412,2025-12-27,Fashion,Sunglasses,298,3,894,West Malaysia,Kuala Lumpur,GrabPay
ORD11416,2025-09-20,Electronics,Laptop,2603,1,2603,West Malaysia,Melaka,TNG eWallet
ORD11417,2025-11-16,Fashion,Sneakers,235,4,940,West Malaysia,Kedah,Credit Card
ORD11418,2025-03-02,Home,Air Purifier,676,1,676,West Malaysia,Perak,Credit Card
ORD11419,2025-01-19,Electronics,Wireless Earbuds,2673,2,5346,West Malaysia,Johor,FPX
ORD11420,2025-09-20,Electronics,Wireless Earbuds,4192,1,4192,West Malaysia,Kuala Lumpur,FPX
ORD11421,2025-10-04,Electronics,Laptop,4102,1,4102,West Malaysia,Kedah,GrabPay
ORD11423,2025-02-03,Fashion,Backpack,186,1,186,West Malaysia,Johor,GrabPay
ORD11428,2025-01-01,Fashion,Sneakers,172,1,172,West Malaysia,Johor,FPX
ORD11434,2025-05-01,Fashion,Sneakers,288,1,288,West Malaysia,Perak,FPX
ORD11435,2025-09-05,Home,Coffee Maker,382,2,764,West Malaysia,Kedah,GrabPay
ORD11437,2025-11-29,Electronics,Laptop,1041,1,1041,West Malaysia,Kedah,TNG eWallet
ORD11439,2025-05-24,Home,Office Chair,576,3,1728,West Malaysia,Pahang,TNG eWallet
ORD11440,2025-07-31,Electronics,Smartphone,4239,2,8478,West Malaysia,Pahang,GrabPay
ORD11442,2025-06-18,Electronics,Laptop,3122,2,6244,West Malaysia,Kedah,GrabPay
ORD11443,2025-05-23,Home,Coffee Maker,649,1,649,West Malaysia,Selangor,TNG eWallet
ORD11445,2025-06-19,Home,Office Chair,628,2,1256,West Malaysia,Johor,TNG eWallet
ORD11447,2025-08-18,Electronics,Smartphone,4370,1,4370,West Malaysia,Melaka,FPX
ORD11448,2025-12-22,Home,Desk Lamp,577,1,577,West Malaysia,Kuala Lumpur,TNG eWallet
ORD11451,2025-07-26,Home,Desk Lamp,751,1,751,West Malaysia,Kedah,FPX
ORD11453,2025-07-14,Home,Coffee Maker,405,3,1215,West Malaysia,Pahang,TNG eWallet
ORD11455,2025-05-21,Home,Desk Lamp,277,4,1108,West Malaysia,Pahang,GrabPay
ORD11456,2025-12-28,Fashion,Backpack,258,4,1032,West Malaysia,Penang,TNG eWallet
ORD11457,2025-05-22,Fashion,Backpack,279,2,558,West Malaysia,Kuala Lumpur,Credit Card
ORD11459,2025-03-24,Fashion,Sneakers,147,2,294,West Malaysia,Melaka,FPX
ORD11463,2025-09-01,Home,Office Chair,144,4,576,West Malaysia,Pahang,Credit Card
ORD11464,2025-11-28,Home,Air Purifier,191,1,191,West Malaysia,Melaka,TNG eWallet
ORD11466,2025-05-04,Electronics,Smartphone,2975,1,2975,West Malaysia,Melaka,TNG eWallet
ORD11468,2025-01-09,Fashion,Sneakers,149,1,149,West Malaysia,Penang,FPX
ORD11469,2025-12-03,Home,Desk Lamp,756,3,2268,West Malaysia,Penang,TNG eWallet
ORD11470,2025-11-11,Home,Air Purifier,753,2,1506,West Malaysia,Kuala Lumpur,TNG eWallet
ORD11472,2025-01-22,Home,Air Purifier,487,1,487,West Malaysia,Pahang,FPX
ORD11476,2025-06-23,Home,Coffee Maker,688,1,688,West Malaysia,Melaka,Credit Card
ORD11477,2025-03-02,Fashion,T-Shirt,196,2,392,West Malaysia,Selangor,FPX
ORD11478,2025-08-11,Electronics,Laptop,2999,1,2999,West Malaysia,Johor,GrabPay
ORD11479,2025-01-03,Home,Air Purifier,523,4,2092,West Malaysia,Kedah,Credit Card
ORD11481,2025-09-23,Home,Coffee Maker,101,2,202,West Malaysia,Johor,Credit Card
ORD11483,2025-05-26,Electronics,Smartwatch,2384,4,9536,West Malaysia,Perak,TNG eWallet
ORD11484,2025-03-20,Home,Desk Lamp,534,4,2136,West Malaysia,Penang,FPX
ORD11485,2025-09-07,Home,Office Chair,729,4,2916,West Malaysia,Perak,FPX
ORD11487,2025-11-09,Home,Air Purifier,436,1,436,West Malaysia,Johor,FPX
ORD11489,2025-06-14,Electronics,Smartphone,1549,4,6196,West Malaysia,Kuala Lumpur,TNG eWallet
ORD11492,2025-05-29,Home,Air Purifier,767,2,1534,West Malaysia,Melaka,GrabPay
ORD11494,2025-05-12,Electronics,Smartwatch,1129,1,1129,West Malaysia,Melaka,GrabPay
ORD11496,2025-04-21,Home,Air Purifier,368,4,1472,West Malaysia,Kedah,FPX
ORD11497,2025-07-25,Home,Coffee Maker,294,3,882,West Malaysia,Kedah,FPX
ORD11498,2025-04-15,Home,Desk Lamp,324,1,324,West Malaysia,Pahang,Credit Card
ORD11499,2025-08-17,Electronics,Wireless Earbuds,4170,4,16680,West Malaysia,Penang,FPX
ORD11500,2025-12-04,Electronics,Smartphone,4373,1,4373,West Malaysia,Kuala Lumpur,TNG eWallet
ORD11505,2025-05-24,Home,Coffee Maker,722,2,1444,West Malaysia,Johor,FPX
ORD11506,2025-12-12,Home,Office Chair,440,2,880,West Malaysia,Melaka,GrabPay
ORD11507,2025-10-22,Electronics,Wireless Earbuds,704,4,2816,West Malaysia,Pahang,GrabPay
ORD11513,2025-04-03,Fashion,Sunglasses,387,3,1161,West Malaysia,Pahang,Credit Card
ORD11519,2025-04-29,Home,Air Purifier,429,3,1287,West Malaysia,Perak,TNG eWallet
ORD11520,2025-05-03,Fashion,Sunglasses,145,2,290,West Malaysia,Selangor,FPX
ORD11522,2025-04-21,Home,Desk Lamp,685,1,685,West Malaysia,Johor,FPX
ORD11523,2025-06-29,Fashion,Sunglasses,247,3,741,West Malaysia,Penang,TNG eWallet
ORD11524,2025-03-10,Home,Office Chair,468,4,1872,West Malaysia,Pahang,Credit Card
ORD11526,2025-03-02,Fashion,Backpack,92,1,92,West Malaysia,Kedah,GrabPay
ORD11528,2025-09-27,Electronics,Smartwatch,1726,1,1726,West Malaysia,Kuala Lumpur,GrabPay
ORD11529,2025-08-03,Fashion,Sunglasses,168,2,336,West Malaysia,Melaka,Credit Card
ORD11530,2025-07-07,Fashion,Sunglasses,371,2,742,West Malaysia,Penang,FPX
ORD11531,2025-01-17,Electronics,Smartphone,4138,3,12414,West Malaysia,Johor,Credit Card
ORD11532,2025-03-30,Electronics,Smartphone,1097,4,4388,West Malaysia,Perak,TNG eWallet
ORD11535,2025-04-03,Home,Coffee Maker,605,3,1815,West Malaysia,Kuala Lumpur,GrabPay
ORD11537,2025-05-07,Electronics,Wireless Earbuds,638,3,1914,West Malaysia,Johor,GrabPay
ORD11538,2025-04-10,Fashion,Backpack,100,1,100,West Malaysia,Kedah,Credit Card
ORD11539,2025-05-17,Home,Office Chair,429,4,1716,West Malaysia,Perak,TNG eWallet
ORD11542,2025-10-23,Fashion,Sunglasses,50,4,200,West Malaysia,Selangor,GrabPay
ORD11543,2025-04-21,Home,Desk Lamp,151,1,151,West Malaysia,Kuala Lumpur,Credit Card
ORD11551,2025-06-17,Home,Desk Lamp,513,2,1026,West Malaysia,Selangor,TNG eWallet
ORD11552,2025-12-12,Electronics,Wireless Earbuds,1888,1,1888,West Malaysia,Kedah,TNG eWallet
ORD11554,2025-11-18,Electronics,Wireless Earbuds,4216,3,12648,West Malaysia,Kedah,Credit Card
ORD11555,2025-04-02,Electronics,Smartphone,2942,2,5884,West Malaysia,Pahang,Credit Card
ORD11556,2025-02-23,Home,Office Chair,192,1,192,West Malaysia,Kuala Lumpur,GrabPay
ORD11557,2025-03-31,Electronics,Wireless Earbuds,399,3,1197,West Malaysia,Perak,GrabPay
ORD11558,2025-03-11,Home,Office Chair,645,4,2580,West Malaysia,Perak,Credit Card
ORD11559,2025-11-08,Electronics,Smartwatch,1427,1,1427,West Malaysia,Kuala Lumpur,TNG eWallet
ORD11561,2025-09-17,Electronics,Smartwatch,3388,2,6776,West Malaysia,Kuala Lumpur,Credit Card
ORD11562,2025-05-30,Fashion,Sunglasses,137,4,548,West Malaysia,Melaka,Credit Card
ORD11563,2025-10-24,Electronics,Smartwatch,2789,2,5578,West Malaysia,Penang,GrabPay
ORD11565,2025-06-16,Electronics,Smartwatch,399,3,1197,West Malaysia,Kuala Lumpur,Credit Card
ORD11568,2025-01-04,Fashion,Backpack,140,3,420,West Malaysia,Kedah,GrabPay
ORD11570,2025-08-24,Fashion,T-Shirt,391,1,391,West Malaysia,Kedah,Credit Card
ORD11571,2025-09-12,Home,Office Chair,680,2,1360,West Malaysia,Selangor,Credit Card
ORD11572,2025-08-16,Fashion,Sunglasses,264,4,1056,West Malaysia,Kedah,GrabPay
ORD11577,2025-06-11,Electronics,Smartwatch,1832,3,5496,West Malaysia,Perak,FPX
ORD11578,2025-05-05,Electronics,Smartphone,1678,2,3356,West Malaysia,Melaka,FPX
ORD11580,2025-07-16,Home,Air Purifier,356,3,1068,West Malaysia,Kedah,TNG eWallet
ORD11581,2025-02-28,Fashion,Sneakers,67,2,134,West Malaysia,Penang,FPX
ORD11582,2025-02-03,Home,Coffee Maker,231,3,693,West Malaysia,Selangor,TNG eWallet
ORD11583,2025-12-17,Electronics,Laptop,4359,1,4359,West Malaysia,Pahang,GrabPay
ORD11584,2025-01-16,Electronics,Smartwatch,2908,2,5816,West Malaysia,Kedah,TNG eWallet
ORD11585,2025-10-01,Electronics,Smartwatch,4116,1,4116,West Malaysia,Johor,FPX
ORD11590,2025-10-04,Electronics,Wireless Earbuds,1408,2,2816,West Malaysia,Penang,FPX
ORD11593,2025-06-11,Home,Air Purifier,355,2,710,West Malaysia,Perak,Credit Card
ORD11598,2025-09-19,Electronics,Smartwatch,3347,1,3347,West Malaysia,Kuala Lumpur,Credit Card
ORD11599,2025-03-16,Home,Desk Lamp,713,4,2852,West Malaysia,Kuala Lumpur,Credit Card
ORD11602,2025-06-18,Fashion,Backpack,195,4,780,West Malaysia,Kedah,FPX
ORD11603,2025-04-21,Electronics,Wireless Earbuds,3523,3,10569,West Malaysia,Perak,FPX
ORD11606,2025-02-23,Fashion,T-Shirt,217,3,651,West Malaysia,Perak,Credit Card
ORD11610,2025-02-28,Fashion,Backpack,228,2,456,West Malaysia,Perak,GrabPay
ORD11615,2025-10-05,Electronics,Laptop,1787,4,7148,West Malaysia,Pahang,FPX
ORD11617,2025-08-25,Electronics,Laptop,4307,4,17228,West Malaysia,Melaka,FPX
ORD11619,2025-02-12,Home,Desk Lamp,740,2,1480,West Malaysia,Perak,FPX
ORD11623,2025-01-26,Electronics,Smartwatch,2551,1,2551,West Malaysia,Kedah,Credit Card
ORD11625,2025-05-05,Home,Air Purifier,740,2,1480,West Malaysia,Kedah,GrabPay
ORD11628,2025-06-28,Fashion,T-Shirt,332,2,664,West Malaysia,Kedah,Credit Card
ORD11630,2025-11-23,Home,Air Purifier,344,4,1376,West Malaysia,Melaka,GrabPay
ORD11634,2025-03-06,Electronics,Wireless Earbuds,4264,1,4264,West Malaysia,Kuala Lumpur,TNG eWallet
ORD11636,2025-07-25,Electronics,Wireless Earbuds,3953,1,3953,West Malaysia,Kedah,Credit Card
ORD11638,2025-04-01,Electronics,Laptop,1408,2,2816,West Malaysia,Melaka,TNG eWallet
ORD11639,2025-09-05,Electronics,Laptop,667,2,1334,West Malaysia,Kuala Lumpur,FPX
ORD11640,2025-05-26,Home,Desk Lamp,632,1,632,West Malaysia,Kedah,FPX
ORD11643,2025-06-29,Fashion,Sunglasses,145,2,290,West Malaysia,Perak,TNG eWallet
ORD11660,2025-04-12,Fashion,Backpack,51,1,51,West Malaysia,Perak,Credit Card
ORD11662,2025-01-27,Fashion,Sneakers,52,1,52,West Malaysia,Kuala Lumpur,Credit Card
ORD11666,2025-03-02,Fashion,Sunglasses,230,1,230,West Malaysia,Perak,GrabPay
ORD11669,2025-04-03,Home,Coffee Maker,310,3,930,West Malaysia,Kuala Lumpur,FPX
ORD11670,2025-11-14,Electronics,Smartphone,1904,3,5712,West Malaysia,Kuala Lumpur,TNG eWallet
ORD11672,2025-03-25,Fashion,T-Shirt,188,3,564,West Malaysia,Kedah,GrabPay
ORD11674,2025-10-27,Fashion,Backpack,258,3,774,West Malaysia,Perak,Credit Card
ORD11675,2025-01-16,Fashion,Sneakers,172,4,688,West Malaysia,Perak,TNG eWallet
ORD11676,2025-06-28,Electronics,Wireless Earbuds,4043,1,4043,West Malaysia,Johor,Credit Card
ORD11677,2025-07-15,Home,Coffee Maker,639,4,2556,West Malaysia,Penang,Credit Card
ORD11678,2025-06-16,Home,Air Purifier,432,2,864,West Malaysia,Kuala Lumpur,FPX
ORD11680,2025-05-28,Home,Desk Lamp,543,3,1629,West Malaysia,Kuala Lumpur,FPX
ORD11686,2025-05-27,Electronics,Smartwatch,3324,4,13296,West Malaysia,Perak,FPX
ORD11687,2025-01-18,Fashion,Backpack,68,2,136,West Malaysia,Selangor,GrabPay
ORD11688,2025-10-07,Electronics,Wireless Earbuds,1023,4,4092,West Malaysia,Johor,TNG eWallet
ORD11690,2025-01-17,Home,Desk Lamp,558,1,558,West Malaysia,Kuala Lumpur,GrabPay
ORD11694,2025-07-03,Home,Desk Lamp,560,4,2240,West Malaysia,Kuala Lumpur,TNG eWallet
ORD11696,2025-07-18,Home,Air Purifier,507,4,2028,West Malaysia,Penang,TNG eWallet
ORD11698,2025-10-29,Electronics,Smartphone,4295,4,17180,West Malaysia,Pahang,FPX
ORD11699,2025-12-31,Home,Air Purifier,375,4,1500,West Malaysia,Johor,Credit Card
ORD11701,2025-04-06,Fashion,T-Shirt,340,1,340,West Malaysia,Pahang,Credit Card
ORD11702,2025-12-04,Electronics,Smartwatch,1184,3,3552,West Malaysia,Perak,GrabPay
ORD11703,2025-01-23,Fashion,Sneakers,263,3,789,West Malaysia,Kedah,GrabPay
ORD11708,2025-02-05,Home,Coffee Maker,442,2,884,West Malaysia,Perak,Credit Card
ORD11710,2025-06-26,Electronics,Laptop,2628,4,10512,West Malaysia,Kuala Lumpur,GrabPay
ORD11711,2025-07-28,Home,Coffee Maker,310,2,620,West Malaysia,Johor,Credit Card
ORD11714,2025-09-25,Electronics,Laptop,2518,4,10072,West Malaysia,Melaka,FPX
ORD11715,2025-11-26,Fashion,Sneakers,307,1,307,West Malaysia,Pahang,TNG eWallet
ORD11716,2025-09-26,Home,Office Chair,472,4,1888,West Malaysia,Perak,Credit Card
ORD11718,2025-03-06,Fashion,Backpack,51,2,102,West Malaysia,Perak,TNG eWallet
ORD11720,2025-07-23,Fashion,Backpack,361,1,361,West Malaysia,Johor,Credit Card
ORD11722,2025-02-07,Fashion,Backpack,363,2,726,West Malaysia,Selangor,FPX
ORD11724,2025-04-08,Fashion,Sunglasses,272,2,544,West Malaysia,Kuala Lumpur,GrabPay
ORD11726,2025-04-13,Electronics,Wireless Earbuds,2955,1,2955,West Malaysia,Kuala Lumpur,FPX
ORD11728,2025-10-29,Home,Office Chair,616,3,1848,West Malaysia,Melaka,TNG eWallet
ORD11732,2025-06-08,Fashion,Sneakers,250,4,1000,West Malaysia,Selangor,TNG eWallet
ORD11733,2025-12-28,Electronics,Laptop,2101,1,2101,West Malaysia,Selangor,Credit Card
ORD11736,2025-09-07,Electronics,Laptop,4019,3,12057,West Malaysia,Johor,Credit Card
ORD11737,2025-07-21,Electronics,Wireless Earbuds,1522,1,1522,West Malaysia,Penang,TNG eWallet
ORD11740,2025-04-08,Electronics,Laptop,1911,2,3822,West Malaysia,Selangor,TNG eWallet
ORD11742,2025-03-19,Home,Coffee Maker,545,3,1635,West Malaysia,Penang,Credit Card
ORD11747,2025-03-25,Home,Air Purifier,184,3,552,West Malaysia,Selangor,FPX
ORD11750,2025-11-18,Fashion,T-Shirt,355,3,1065,West Malaysia,Kuala Lumpur,TNG eWallet
ORD11752,2025-05-21,Electronics,Smartwatch,2487,1,2487,West Malaysia,Melaka,FPX
ORD11754,2025-03-31,Fashion,Backpack,83,1,83,West Malaysia,Selangor,GrabPay
ORD11755,2025-12-14,Electronics,Smartphone,3189,4,12756,West Malaysia,Kuala Lumpur,TNG eWallet
ORD11756,2025-07-20,Electronics,Laptop,3647,4,14588,West Malaysia,Melaka,FPX
ORD11757,2025-01-21,Home,Desk Lamp,630,2,1260,West Malaysia,Kedah,TNG eWallet
ORD11759,2025-04-24,Electronics,Smartphone,4202,2,8404,West Malaysia,Johor,GrabPay
ORD11760,2025-03-20,Fashion,Backpack,56,3,168,West Malaysia,Kedah,Credit Card
ORD11761,2025-11-05,Fashion,Sunglasses,400,1,400,West Malaysia,Perak,TNG eWallet
ORD11762,2025-05-27,Fashion,Sunglasses,84,4,336,West Malaysia,Johor,GrabPay
ORD11763,2025-09-19,Fashion,Backpack,95,2,190,West Malaysia,Selangor,GrabPay
ORD11764,2025-11-05,Fashion,Sunglasses,400,2,800,West Malaysia,Johor,GrabPay
ORD11765,2025-10-06,Home,Coffee Maker,489,3,1467,West Malaysia,Pahang,FPX
ORD11766,2025-07-09,Electronics,Smartphone,699,3,2097,West Malaysia,Perak,Credit Card
ORD11767,2025-11-14,Fashion,Backpack,158,3,474,West Malaysia,Melaka,FPX
ORD11768,2025-10-19,Electronics,Laptop,1888,3,5664,West Malaysia,Pahang,FPX
ORD11769,2025-09-13,Fashion,Sunglasses,380,2,760,West Malaysia,Kedah,TNG eWallet
ORD11770,2025-07-27,Fashion,Backpack,97,3,291,West Malaysia,Melaka,FPX
ORD11771,2025-03-28,Electronics,Laptop,2110,3,6330,West Malaysia,Pahang,GrabPay
ORD11772,2025-12-12,Home,Air Purifier,176,1,176,West Malaysia,Penang,GrabPay
ORD11774,2025-05-29,Electronics,Laptop,3958,2,7916,West Malaysia,Kuala Lumpur,GrabPay
ORD11775,2025-05-28,Home,Coffee Maker,364,2,728,West Malaysia,Kedah,Credit Card
ORD11776,2025-03-01,Home,Desk Lamp,233,2,466,West Malaysia,Kedah,Credit Card
ORD11777,2025-07-07,Fashion,Sneakers,384,1,384,West Malaysia,Perak,Credit Card
ORD11778,2025-01-31,Fashion,T-Shirt,390,4,1560,West Malaysia,Selangor,Credit Card
ORD11781,2025-09-11,Home,Office Chair,722,4,2888,West Malaysia,Penang,FPX
ORD11782,2025-07-14,Electronics,Smartwatch,1403,2,2806,West Malaysia,Penang,Credit Card
ORD11784,2025-02-02,Electronics,Wireless Earbuds,763,4,3052,West Malaysia,Selangor,GrabPay
ORD11788,2025-05-29,Electronics,Laptop,3184,2,6368,West Malaysia,Perak,GrabPay
ORD11789,2025-01-23,Electronics,Smartwatch,1318,2,2636,West Malaysia,Johor,FPX
ORD11791,2025-05-02,Electronics,Wireless Earbuds,3124,3,9372,West Malaysia,Kedah,GrabPay
ORD11792,2025-07-06,Electronics,Laptop,1741,3,5223,West Malaysia,Penang,TNG eWallet
ORD11794,2025-10-13,Electronics,Smartphone,3840,4,15360,West Malaysia,Melaka,Credit Card
ORD11797,2025-12-20,Electronics,Laptop,3500,3,10500,West Malaysia,Melaka,GrabPay
ORD11798,2025-01-26,Fashion,T-Shirt,132,3,396,West Malaysia,Johor,FPX
ORD11800,2025-05-26,Home,Coffee Maker,499,1,499,West Malaysia,Pahang,TNG eWallet
ORD11804,2025-06-05,Electronics,Smartwatch,2503,2,5006,West Malaysia,Johor,GrabPay
ORD11805,2025-03-23,Electronics,Wireless Earbuds,3449,1,3449,West Malaysia,Selangor,TNG eWallet
ORD11806,2025-09-17,Fashion,Sunglasses,382,4,1528,West Malaysia,Penang,TNG eWallet
ORD11807,2025-01-21,Home,Desk Lamp,493,2,986,West Malaysia,Selangor,Credit Card
ORD11809,2025-12-21,Fashion,T-Shirt,343,3,1029,West Malaysia,Kedah,TNG eWallet
ORD11811,2025-12-19,Fashion,T-Shirt,308,4,1232,West Malaysia,Melaka,FPX
ORD11812,2025-09-21,Electronics,Wireless Earbuds,681,4,2724,West Malaysia,Melaka,FPX
ORD11815,2025-12-16,Fashion,Backpack,222,3,666,West Malaysia,Johor,GrabPay
ORD11817,2025-07-23,Electronics,Laptop,3562,3,10686,West Malaysia,Kedah,FPX
ORD11818,2025-05-27,Home,Coffee Maker,408,2,816,West Malaysia,Penang,TNG eWallet
ORD11819,2025-11-08,Fashion,Sunglasses,167,2,334,West Malaysia,Johor,TNG eWallet
ORD11820,2025-08-05,Electronics,Smartphone,3014,1,3014,West Malaysia,Selangor,GrabPay
ORD11822,2025-09-16,Electronics,Wireless Earbuds,1978,4,7912,West Malaysia,Kuala Lumpur,GrabPay
ORD11823,2025-03-06,Electronics,Wireless Earbuds,1139,3,3417,West Malaysia,Kedah,Credit Card
ORD11825,2025-07-23,Fashion,Sneakers,102,4,408,West Malaysia,Pahang,GrabPay
ORD11826,2025-09-02,Fashion,Sneakers,63,2,126,West Malaysia,Johor,TNG eWallet
ORD11827,2025-05-02,Electronics,Smartphone,2939,1,2939,West Malaysia,Johor,FPX
ORD11829,2025-04-01,Electronics,Wireless Earbuds,1512,1,1512,West Malaysia,Johor,GrabPay
ORD11831,2025-08-09,Fashion,Backpack,337,4,1348,West Malaysia,Pahang,GrabPay
ORD11832,2025-08-30,Home,Coffee Maker,591,4,2364,West Malaysia,Selangor,Credit Card
ORD11834,2025-05-23,Home,Coffee Maker,573,4,2292,West Malaysia,Perak,Credit Card
ORD11835,2025-12-12,Electronics,Smartwatch,2375,2,4750,West Malaysia,Kedah,TNG eWallet
ORD11836,2025-05-28,Fashion,Sneakers,255,4,1020,West Malaysia,Johor,GrabPay
ORD11838,2025-08-17,Home,Office Chair,658,4,2632,West Malaysia,Melaka,GrabPay
ORD11839,2025-05-21,Electronics,Laptop,3409,4,13636,West Malaysia,Penang,GrabPay
ORD11842,2025-08-14,Fashion,T-Shirt,129,1,129,West Malaysia,Selangor,FPX
ORD11844,2025-10-07,Electronics,Smartphone,1292,4,5168,West Malaysia,Perak,Credit Card
ORD11845,2025-10-15,Electronics,Laptop,3605,3,10815,West Malaysia,Johor,TNG eWallet
ORD11847,2025-05-03,Home,Desk Lamp,637,2,1274,West Malaysia,Johor,GrabPay
ORD11849,2025-05-26,Electronics,Smartphone,3081,4,12324,West Malaysia,Penang,GrabPay
ORD11852,2025-12-27,Home,Desk Lamp,242,2,484,West Malaysia,Penang,Credit Card
ORD11858,2025-02-06,Electronics,Smartphone,541,3,1623,West Malaysia,Perak,Credit Card
ORD11859,2025-05-16,Electronics,Laptop,2539,1,2539,West Malaysia,Kedah,Credit Card
ORD11860,2025-11-21,Fashion,Sneakers,270,1,270,West Malaysia,Perak,GrabPay
ORD11861,2025-07-15,Fashion,Backpack,226,4,904,West Malaysia,Penang,TNG eWallet
ORD11862,2025-12-27,Fashion,T-Shirt,384,3,1152,West Malaysia,Perak,TNG eWallet
ORD11865,2025-06-20,Home,Office Chair,185,1,185,West Malaysia,Kedah,Credit Card
ORD11866,2025-06-07,Fashion,Backpack,64,2,128,West Malaysia,Pahang,FPX
ORD11868,2025-04-08,Fashion,Sunglasses,57,1,57,West Malaysia,Kuala Lumpur,FPX
ORD11869,2025-01-07,Electronics,Wireless Earbuds,424,1,424,West Malaysia,Kuala Lumpur,Credit Card
ORD11870,2025-01-22,Fashion,Sneakers,130,4,520,West Malaysia,Kedah,FPX
ORD11872,2025-11-04,Electronics,Smartphone,415,2,830,West Malaysia,Johor,Credit Card
ORD11873,2025-10-11,Home,Coffee Maker,671,2,1342,West Malaysia,Penang,GrabPay
ORD11876,2025-01-10,Electronics,Smartwatch,3862,4,15448,West Malaysia,Selangor,FPX
ORD11877,2025-03-12,Electronics,Wireless Earbuds,1525,1,1525,West Malaysia,Johor,TNG eWallet
ORD11878,2025-03-09,Electronics,Smartwatch,1762,3,5286,West Malaysia,Penang,FPX
ORD11886,2025-11-26,Electronics,Wireless Earbuds,757,1,757,West Malaysia,Perak,FPX
ORD11893,2025-02-07,Fashion,T-Shirt,163,1,163,West Malaysia,Kedah,FPX
ORD11899,2025-01-30,Electronics,Wireless Earbuds,3998,2,7996,West Malaysia,Melaka,TNG eWallet
ORD11900,2025-04-22,Electronics,Smartphone,3257,3,9771,West Malaysia,Melaka,TNG eWallet
ORD11903,2025-03-19,Fashion,Sneakers,286,3,858,West Malaysia,Johor,TNG eWallet
ORD11904,2025-05-30,Electronics,Wireless Earbuds,1249,4,4996,West Malaysia,Pahang,TNG eWallet
ORD11906,2025-05-16,Fashion,Sunglasses,112,4,448,West Malaysia,Penang,FPX
ORD11907,2025-08-11,Electronics,Laptop,2969,1,2969,West Malaysia,Perak,GrabPay
ORD11908,2025-12-19,Home,Office Chair,518,1,518,West Malaysia,Kuala Lumpur,Credit Card
ORD11909,2025-06-16,Electronics,Smartwatch,3627,2,7254,West Malaysia,Kedah,FPX
ORD11910,2025-05-27,Fashion,Sneakers,330,1,330,West Malaysia,Pahang,TNG eWallet
ORD11918,2025-03-12,Home,Desk Lamp,563,4,2252,West Malaysia,Melaka,FPX
ORD11919,2025-03-16,Home,Coffee Maker,579,3,1737,West Malaysia,Kuala Lumpur,Credit Card
ORD11922,2025-11-20,Fashion,T-Shirt,224,3,672,West Malaysia,Pahang,FPX
ORD11924,2025-12-14,Fashion,T-Shirt,399,2,798,West Malaysia,Selangor,TNG eWallet
ORD11925,2025-11-17,Fashion,Sneakers,319,3,957,West Malaysia,Melaka,FPX
ORD11926,2025-10-08,Fashion,Sunglasses,349,2,698,West Malaysia,Perak,TNG eWallet
ORD11927,2025-12-28,Fashion,Sneakers,237,4,948,West Malaysia,Kuala Lumpur,Credit Card
ORD11929,2025-10-06,Electronics,Wireless Earbuds,4003,4,16012,West Malaysia,Pahang,TNG eWallet
ORD11932,2025-07-24,Fashion,T-Shirt,249,1,249,West Malaysia,Johor,Credit Card
ORD11937,2025-05-25,Electronics,Laptop,4095,2,8190,West Malaysia,Penang,FPX
ORD11938,2025-03-14,Fashion,Backpack,371,1,371,West Malaysia,Melaka,GrabPay
ORD11943,2025-09-20,Electronics,Laptop,1369,4,5476,West Malaysia,Melaka,Credit Card
ORD11945,2025-06-15,Home,Air Purifier,285,1,285,West Malaysia,Johor,Credit Card
ORD11946,2025-04-20,Electronics,Smartphone,3825,1,3825,West Malaysia,Penang,FPX
ORD11947,2025-08-26,Fashion,T-Shirt,223,1,223,West Malaysia,Melaka,Credit Card
ORD11948,2025-06-07,Electronics,Smartwatch,4312,3,12936,West Malaysia,Melaka,FPX
ORD11950,2025-04-15,Fashion,Sneakers,58,1,58,West Malaysia,Melaka,GrabPay
ORD11951,2025-08-18,Home,Coffee Maker,103,1,103,West Malaysia,Penang,GrabPay
ORD11956,2025-07-29,Fashion,T-Shirt,131,3,393,West Malaysia,Pahang,FPX
ORD11957,2025-11-20,Electronics,Smartphone,2715,3,8145,West Malaysia,Kedah,FPX
ORD11958,2025-10-22,Electronics,Wireless Earbuds,3317,1,3317,West Malaysia,Penang,TNG eWallet
ORD11960,2025-07-17,Electronics,Wireless Earbuds,2532,1,2532,West Malaysia,Kedah,Credit Card
ORD11962,2025-05-09,Home,Desk Lamp,529,3,1587,West Malaysia,Kedah,FPX
ORD11967,2025-02-23,Electronics,Laptop,2939,2,5878,West Malaysia,Pahang,TNG eWallet
ORD11970,2025-05-16,Electronics,Laptop,571,1,571,West Malaysia,Kuala Lumpur,Credit Card
ORD11973,2025-08-25,Home,Coffee Maker,354,4,1416,West Malaysia,Selangor,TNG eWallet
ORD11975,2025-11-15,Home,Air Purifier,297,3,891,West Malaysia,Johor,GrabPay
ORD11977,2025-08-10,Fashion,Sunglasses,244,4,976,West Malaysia,Melaka,GrabPay
ORD11978,2026-01-01,Electronics,Smartwatch,2220,2,4440,West Malaysia,Johor,TNG eWallet
ORD11979,2025-10-28,Fashion,Sunglasses,95,4,380,West Malaysia,Pahang,FPX
ORD11981,2025-09-13,Home,Coffee Maker,389,3,1167,West Malaysia,Kedah,TNG eWallet
ORD11983,2025-07-07,Home,Coffee Maker,202,1,202,West Malaysia,Penang,TNG eWallet
ORD11984,2025-05-16,Electronics,Smartphone,3673,4,14692,West Malaysia,Melaka,FPX
ORD11987,2025-07-05,Fashion,T-Shirt,311,4,1244,West Malaysia,Perak,Credit Card
ORD11988,2025-03-27,Home,Coffee Maker,650,1,650,West Malaysia,Perak,TNG eWallet
ORD11990,2025-07-21,Fashion,Sneakers,194,4,776,West Malaysia,Selangor,TNG eWallet
ORD11991,2025-08-04,Electronics,Laptop,3294,4,13176,West Malaysia,Selangor,TNG eWallet
ORD11992,2025-03-11,Fashion,Backpack,254,1,254,West Malaysia,Kuala Lumpur,TNG eWallet
ORD11996,2025-02-14,Home,Air Purifier,648,3,1944,West Malaysia,Johor,GrabPay
ORD11997,2025-01-01,Fashion,T-Shirt,249,4,996,West Malaysia,Kedah,TNG eWallet
ORD11999,2025-05-21,Home,Desk Lamp,298,2,596,West Malaysia,Johor,Credit Card
ORD12001,2025-05-13,Fashion,Backpack,287,1,287,West Malaysia,Kuala Lumpur,Credit Card
ORD12002,2025-12-29,Fashion,Sneakers,247,2,494,West Malaysia,Kedah,Credit Card
ORD12003,2025-09-15,Home,Coffee Maker,792,4,3168,West Malaysia,Penang,TNG eWallet
ORD12006,2025-06-17,Home,Air Purifier,346,1,346,West Malaysia,Johor,Credit Card
ORD12007,2025-12-15,Electronics,Smartphone,3483,1,3483,West Malaysia,Pahang,GrabPay
ORD12008,2025-02-03,Home,Coffee Maker,664,4,2656,West Malaysia,Perak,TNG eWallet
ORD12009,2025-08-08,Home,Desk Lamp,255,2,510,West Malaysia,Melaka,Credit Card
ORD12013,2025-11-12,Home,Coffee Maker,317,3,951,West Malaysia,Johor,FPX
ORD12016,2025-11-24,Home,Office Chair,746,2,1492,West Malaysia,Johor,FPX
ORD12017,2025-01-09,Home,Air Purifier,485,1,485,West Malaysia,Kuala Lumpur,TNG eWallet
ORD12018,2025-09-04,Electronics,Smartwatch,2326,4,9304,West Malaysia,Selangor,Credit Card
ORD12025,2025-07-01,Electronics,Laptop,3658,4,14632,West Malaysia,Penang,FPX
ORD12027,2025-02-13,Electronics,Wireless Earbuds,2094,3,6282,West Malaysia,Melaka,FPX
ORD12030,2025-04-04,Electronics,Laptop,1833,4,7332,West Malaysia,Perak,FPX
ORD12032,2025-02-14,Home,Coffee Maker,241,2,482,West Malaysia,Penang,GrabPay
ORD12036,2025-11-13,Home,Air Purifier,475,2,950,West Malaysia,Selangor,Credit Card
ORD12037,2025-10-17,Electronics,Laptop,2760,1,2760,West Malaysia,Pahang,Credit Card
ORD12038,2025-04-21,Fashion,Sunglasses,180,3,540,West Malaysia,Johor,Credit Card
ORD12039,2025-02-21,Fashion,Sneakers,61,1,61,West Malaysia,Selangor,GrabPay
ORD12040,2025-11-06,Electronics,Smartwatch,1335,2,2670,West Malaysia,Pahang,Credit Card
ORD12041,2025-07-19,Home,Desk Lamp,663,1,663,West Malaysia,Perak,Credit Card
ORD12043,2025-10-03,Electronics,Smartwatch,3466,2,6932,West Malaysia,Perak,TNG eWallet
ORD12052,2025-04-10,Fashion,Sneakers,374,3,1122,West Malaysia,Perak,GrabPay
ORD12055,2025-08-03,Fashion,Backpack,361,1,361,West Malaysia,Pahang,GrabPay
ORD12057,2025-10-18,Fashion,Backpack,238,4,952,West Malaysia,Kedah,GrabPay
ORD12060,2025-01-11,Fashion,Sunglasses,105,3,315,West Malaysia,Penang,Credit Card
ORD12061,2025-04-17,Electronics,Smartwatch,917,1,917,West Malaysia,Penang,TNG eWallet
ORD12063,2025-10-30,Electronics,Laptop,2984,1,2984,West Malaysia,Melaka,FPX
ORD12064,2025-08-27,Electronics,Smartwatch,3304,3,9912,West Malaysia,Kedah,FPX
ORD12067,2025-06-11,Home,Office Chair,130,2,260,West Malaysia,Pahang,TNG eWallet
ORD12068,2025-03-24,Home,Coffee Maker,513,4,2052,West Malaysia,Pahang,TNG eWallet
ORD12069,2025-01-01,Home,Office Chair,323,2,646,West Malaysia,Melaka,TNG eWallet
ORD12070,2025-11-29,Fashion,Sneakers,76,2,152,West Malaysia,Penang,GrabPay
ORD12074,2025-09-04,Fashion,Sneakers,230,1,230,West Malaysia,Johor,FPX
ORD12076,2025-02-16,Home,Office Chair,306,2,612,West Malaysia,Perak,TNG eWallet
ORD12080,2025-01-06,Electronics,Smartphone,3489,4,13956,West Malaysia,Kedah,FPX
ORD12081,2025-08-11,Home,Air Purifier,343,3,1029,West Malaysia,Johor,GrabPay
ORD12083,2025-12-13,Electronics,Smartphone,4247,3,12741,West Malaysia,Selangor,Credit Card
ORD12089,2025-07-18,Home,Air Purifier,696,2,1392,West Malaysia,Selangor,TNG eWallet
ORD12092,2025-06-11,Fashion,Sneakers,156,3,468,West Malaysia,Pahang,Credit Card
ORD12098,2025-07-28,Electronics,Smartphone,2690,3,8070,West Malaysia,Penang,TNG eWallet
ORD12099,2025-05-07,Fashion,Sneakers,167,3,501,West Malaysia,Penang,GrabPay
ORD12100,2025-05-09,Fashion,Sunglasses,217,3,651,West Malaysia,Selangor,Credit Card
ORD12103,2025-01-15,Fashion,T-Shirt,134,1,134,West Malaysia,Johor,GrabPay
ORD12106,2025-10-08,Home,Office Chair,120,3,360,West Malaysia,Perak,Credit Card
ORD12108,2025-08-22,Electronics,Smartphone,1558,3,4674,West Malaysia,Melaka,Credit Card
ORD12112,2025-03-10,Home,Office Chair,392,3,1176,West Malaysia,Penang,GrabPay
ORD12115,2025-02-23,Electronics,Smartwatch,3563,2,7126,West Malaysia,Melaka,GrabPay
ORD12119,2025-07-23,Electronics,Laptop,2809,1,2809,West Malaysia,Kuala Lumpur,TNG eWallet
ORD12120,2025-02-02,Electronics,Wireless Earbuds,3014,4,12056,West Malaysia,Kuala Lumpur,FPX
ORD12121,2025-10-03,Fashion,Sneakers,296,4,1184,West Malaysia,Selangor,FPX
ORD12125,2025-06-24,Electronics,Laptop,3864,1,3864,West Malaysia,Penang,TNG eWallet
ORD12126,2025-06-22,Electronics,Wireless Earbuds,2254,4,9016,West Malaysia,Perak,Credit Card
ORD12127,2025-03-29,Electronics,Smartwatch,2792,1,2792,West Malaysia,Penang,GrabPay
ORD12128,2025-07-01,Fashion,Sunglasses,368,2,736,West Malaysia,Melaka,FPX
ORD12129,2025-05-10,Home,Desk Lamp,690,2,1380,West Malaysia,Kuala Lumpur,TNG eWallet
ORD12130,2025-11-29,Fashion,Backpack,236,2,472,West Malaysia,Kuala Lumpur,GrabPay
ORD12132,2025-12-23,Home,Air Purifier,615,2,1230,West Malaysia,Pahang,GrabPay
ORD12133,2025-06-12,Home,Desk Lamp,397,4,1588,West Malaysia,Melaka,GrabPay
ORD12140,2025-09-27,Electronics,Smartwatch,2798,2,5596,West Malaysia,Melaka,Credit Card
ORD12143,2025-08-24,Fashion,Sneakers,298,3,894,West Malaysia,Kedah,FPX
ORD12146,2025-07-23,Home,Air Purifier,278,4,1112,West Malaysia,Penang,Credit Card
ORD12148,2025-03-12,Electronics,Smartphone,4326,1,4326,West Malaysia,Johor,GrabPay
ORD12149,2025-01-01,Electronics,Smartwatch,2293,3,6879,West Malaysia,Johor,Credit Card
ORD12150,2025-05-01,Home,Air Purifier,473,4,1892,West Malaysia,Perak,FPX
ORD12153,2025-05-12,Electronics,Wireless Earbuds,850,1,850,West Malaysia,Perak,FPX
ORD12154,2025-02-05,Electronics,Smartphone,2981,4,11924,West Malaysia,Penang,FPX
ORD12156,2025-09-07,Electronics,Laptop,3881,1,3881,West Malaysia,Penang,TNG eWallet
ORD12157,2025-09-07,Electronics,Smartphone,594,1,594,West Malaysia,Perak,FPX
ORD12159,2025-03-12,Fashion,Sunglasses,137,2,274,West Malaysia,Perak,GrabPay
ORD12160,2025-03-14,Home,Office Chair,658,4,2632,West Malaysia,Pahang,TNG eWallet
ORD12162,2025-09-27,Fashion,T-Shirt,331,2,662,West Malaysia,Kedah,Credit Card
ORD12165,2025-09-19,Home,Desk Lamp,468,1,468,West Malaysia,Penang,Credit Card
ORD12167,2025-06-24,Home,Coffee Maker,554,4,2216,West Malaysia,Penang,Credit Card
ORD12168,2025-02-04,Fashion,Sneakers,297,2,594,West Malaysia,Perak,FPX
ORD12169,2025-10-01,Home,Air Purifier,788,1,788,West Malaysia,Kuala Lumpur,TNG eWallet
ORD12171,2025-05-24,Fashion,Sneakers,165,4,660,West Malaysia,Pahang,TNG eWallet
ORD12173,2025-10-29,Electronics,Smartphone,2276,4,9104,West Malaysia,Penang,GrabPay
ORD12174,2025-02-04,Fashion,Sneakers,287,4,1148,West Malaysia,Perak,FPX
ORD12175,2025-12-15,Home,Coffee Maker,698,3,2094,West Malaysia,Penang,FPX
ORD12176,2025-03-07,Home,Air Purifier,215,4,860,West Malaysia,Selangor,Credit Card
ORD12178,2025-09-03,Fashion,Backpack,149,2,298,West Malaysia,Melaka,GrabPay
ORD12179,2025-02-25,Home,Air Purifier,311,2,622,West Malaysia,Perak,TNG eWallet
ORD12180,2025-08-10,Home,Office Chair,281,4,1124,West Malaysia,Kedah,GrabPay
ORD12182,2025-12-13,Home,Coffee Maker,563,3,1689,West Malaysia,Johor,TNG eWallet
ORD12187,2025-02-21,Home,Coffee Maker,597,3,1791,West Malaysia,Melaka,TNG eWallet
ORD12188,2025-06-16,Fashion,Backpack,200,1,200,West Malaysia,Melaka,TNG eWallet
ORD12194,2025-01-12,Electronics,Laptop,1015,2,2030,West Malaysia,Penang,GrabPay
ORD12195,2025-02-13,Electronics,Laptop,2192,3,6576,West Malaysia,Melaka,GrabPay
ORD12196,2025-09-18,Electronics,Smartwatch,2685,1,2685,West Malaysia,Perak,FPX
ORD12197,2025-01-30,Fashion,Sneakers,89,1,89,West Malaysia,Perak,FPX
ORD12201,2025-10-18,Home,Air Purifier,115,2,230,West Malaysia,Pahang,GrabPay
ORD12202,2025-07-31,Home,Coffee Maker,441,2,882,West Malaysia,Kuala Lumpur,GrabPay
ORD12204,2025-04-23,Home,Air Purifier,598,4,2392,West Malaysia,Perak,GrabPay
ORD12205,2025-09-03,Fashion,Sneakers,387,4,1548,West Malaysia,Kedah,FPX
ORD12206,2025-05-15,Home,Office Chair,333,3,999,West Malaysia,Melaka,FPX
ORD12207,2025-09-18,Home,Desk Lamp,110,3,330,West Malaysia,Perak,FPX
ORD12209,2025-10-14,Electronics,Wireless Earbuds,1907,1,1907,West Malaysia,Penang,TNG eWallet
ORD12211,2025-07-13,Electronics,Smartphone,332,3,996,West Malaysia,Kuala Lumpur,TNG eWallet
ORD12213,2025-01-10,Fashion,Backpack,122,2,244,West Malaysia,Perak,TNG eWallet
ORD12215,2025-10-03,Home,Desk Lamp,516,2,1032,West Malaysia,Selangor,FPX
ORD12216,2025-03-29,Home,Desk Lamp,587,2,1174,West Malaysia,Kuala Lumpur,Credit Card
ORD12217,2025-02-26,Fashion,Backpack,281,1,281,West Malaysia,Perak,GrabPay
ORD12218,2025-04-27,Electronics,Wireless Earbuds,3849,1,3849,West Malaysia,Melaka,Credit Card
ORD12220,2025-09-17,Home,Air Purifier,799,4,3196,West Malaysia,Pahang,GrabPay
ORD12221,2025-11-17,Electronics,Laptop,2075,4,8300,West Malaysia,Penang,TNG eWallet
ORD12222,2025-03-30,Electronics,Smartwatch,1426,1,1426,West Malaysia,Melaka,TNG eWallet
ORD12224,2025-12-10,Electronics,Wireless Earbuds,3004,2,6008,West Malaysia,Perak,TNG eWallet
ORD12228,2025-08-23,Home,Desk Lamp,579,3,1737,West Malaysia,Pahang,Credit Card
ORD12234,2025-05-30,Electronics,Smartwatch,3575,1,3575,West Malaysia,Selangor,TNG eWallet
ORD12235,2025-10-07,Fashion,Backpack,76,1,76,West Malaysia,Penang,GrabPay
ORD12236,2025-09-19,Home,Office Chair,669,3,2007,West Malaysia,Melaka,FPX
ORD12237,2025-06-16,Fashion,T-Shirt,151,3,453,West Malaysia,Johor,FPX
ORD12238,2025-08-09,Electronics,Smartwatch,1702,4,6808,West Malaysia,Kedah,GrabPay
ORD12243,2025-02-22,Electronics,Smartphone,2523,3,7569,West Malaysia,Penang,TNG eWallet
ORD12244,2025-07-17,Home,Office Chair,293,3,879,West Malaysia,Pahang,FPX
ORD12247,2025-08-01,Fashion,Sneakers,157,3,471,West Malaysia,Kedah,TNG eWallet
ORD12249,2025-11-09,Fashion,Sunglasses,323,4,1292,West Malaysia,Perak,TNG eWallet
ORD12251,2025-06-02,Home,Air Purifier,172,4,688,West Malaysia,Penang,FPX
ORD12253,2025-11-14,Electronics,Smartwatch,3204,4,12816,West Malaysia,Perak,FPX
ORD12256,2025-09-30,Electronics,Laptop,2029,3,6087,West Malaysia,Johor,GrabPay
ORD12259,2025-08-03,Electronics,Smartwatch,1030,4,4120,West Malaysia,Kedah,FPX
ORD12261,2025-06-04,Electronics,Laptop,1345,2,2690,West Malaysia,Perak,GrabPay
ORD12262,2025-05-09,Electronics,Smartwatch,2550,1,2550,West Malaysia,Kuala Lumpur,Credit Card
ORD12265,2025-10-30,Home,Office Chair,110,4,440,West Malaysia,Johor,TNG eWallet
ORD12266,2025-04-08,Electronics,Smartphone,1308,4,5232,West Malaysia,Pahang,FPX
ORD12269,2025-09-29,Home,Air Purifier,487,3,1461,West Malaysia,Perak,Credit Card
ORD12272,2025-04-20,Fashion,T-Shirt,364,3,1092,West Malaysia,Melaka,GrabPay
ORD12273,2025-06-17,Electronics,Wireless Earbuds,2134,4,8536,West Malaysia,Pahang,Credit Card
ORD12274,2025-03-06,Electronics,Laptop,1261,2,2522,West Malaysia,Pahang,TNG eWallet
ORD12278,2025-12-16,Home,Office Chair,350,1,350,West Malaysia,Penang,TNG eWallet
ORD12280,2025-10-26,Home,Office Chair,167,4,668,West Malaysia,Perak,TNG eWallet
ORD12281,2025-08-10,Electronics,Wireless Earbuds,3015,3,9045,West Malaysia,Penang,GrabPay
ORD12283,2025-11-05,Fashion,Backpack,213,3,639,West Malaysia,Perak,Credit Card
ORD12285,2025-08-20,Electronics,Laptop,2831,3,8493,West Malaysia,Pahang,GrabPay
ORD12287,2025-03-13,Fashion,Backpack,217,4,868,West Malaysia,Kuala Lumpur,Credit Card
ORD12288,2025-09-02,Fashion,Sneakers,80,4,320,West Malaysia,Pahang,Credit Card
ORD12289,2025-10-27,Home,Coffee Maker,320,4,1280,West Malaysia,Kedah,TNG eWallet
ORD12291,2025-11-29,Electronics,Smartphone,2032,3,6096,West Malaysia,Kuala Lumpur,Credit Card
ORD12292,2025-12-02,Fashion,T-Shirt,241,1,241,West Malaysia,Kedah,FPX
ORD12293,2025-08-09,Electronics,Smartphone,3069,1,3069,West Malaysia,Melaka,TNG eWallet
ORD12294,2025-03-29,Home,Desk Lamp,557,3,1671,West Malaysia,Kuala Lumpur,Credit Card
ORD12295,2025-12-30,Fashion,T-Shirt,324,3,972,West Malaysia,Selangor,GrabPay
ORD12297,2025-06-16,Fashion,Backpack,237,2,474,West Malaysia,Melaka,FPX
ORD12299,2025-04-11,Fashion,Sunglasses,339,4,1356,West Malaysia,Pahang,Credit Card
ORD12304,2025-08-28,Electronics,Wireless Earbuds,1772,1,1772,West Malaysia,Melaka,Credit Card
ORD12306,2025-01-01,Electronics,Smartphone,2094,3,6282,West Malaysia,Perak,TNG eWallet
ORD12308,2025-03-04,Home,Desk Lamp,444,2,888,West Malaysia,Penang,Credit Card
ORD12309,2025-05-27,Fashion,Sunglasses,331,1,331,West Malaysia,Penang,Credit Card
ORD12311,2025-05-18,Electronics,Smartwatch,1886,4,7544,West Malaysia,Melaka,FPX
ORD12313,2025-02-19,Home,Office Chair,245,2,490,West Malaysia,Selangor,Credit Card
ORD12314,2025-02-04,Fashion,Sneakers,222,2,444,West Malaysia,Selangor,FPX
ORD12315,2025-06-26,Electronics,Smartphone,3798,2,7596,West Malaysia,Selangor,FPX
ORD12316,2025-04-21,Fashion,T-Shirt,165,3,495,West Malaysia,Kedah,TNG eWallet
ORD12318,2025-05-22,Electronics,Laptop,3118,3,9354,West Malaysia,Penang,TNG eWallet
ORD12319,2025-11-17,Fashion,Backpack,276,1,276,West Malaysia,Penang,TNG eWallet
ORD12320,2025-07-16,Electronics,Wireless Earbuds,3924,4,15696,West Malaysia,Perak,GrabPay
ORD12321,2025-10-18,Fashion,Sneakers,237,4,948,West Malaysia,Pahang,TNG eWallet
ORD12323,2025-05-04,Home,Desk Lamp,683,4,2732,West Malaysia,Perak,FPX
ORD12324,2025-02-28,Electronics,Smartwatch,2061,1,2061,West Malaysia,Penang,TNG eWallet
ORD12325,2025-01-28,Home,Office Chair,224,3,672,West Malaysia,Kedah,FPX
ORD12326,2025-06-11,Home,Air Purifier,737,4,2948,West Malaysia,Johor,FPX
ORD12328,2025-05-26,Electronics,Smartwatch,3746,2,7492,West Malaysia,Johor,FPX
ORD12330,2025-06-20,Home,Office Chair,371,2,742,West Malaysia,Kedah,TNG eWallet
ORD12332,2025-11-23,Home,Air Purifier,733,3,2199,West Malaysia,Selangor,TNG eWallet
ORD12334,2025-11-25,Electronics,Smartphone,3358,4,13432,West Malaysia,Perak,GrabPay
ORD12335,2025-08-14,Home,Office Chair,486,4,1944,West Malaysia,Melaka,FPX
ORD12337,2025-10-04,Fashion,Backpack,126,1,126,West Malaysia,Melaka,GrabPay
ORD12338,2025-09-08,Electronics,Smartwatch,1473,2,2946,West Malaysia,Kedah,FPX
ORD12340,2025-09-18,Home,Coffee Maker,663,3,1989,West Malaysia,Kedah,GrabPay
ORD12341,2025-08-27,Electronics,Smartwatch,3027,2,6054,West Malaysia,Johor,Credit Card
ORD12343,2025-05-16,Home,Coffee Maker,324,3,972,West Malaysia,Johor,TNG eWallet
ORD12345,2025-12-16,Electronics,Smartphone,546,3,1638,West Malaysia,Johor,TNG eWallet
ORD12346,2025-02-02,Home,Air Purifier,476,4,1904,West Malaysia,Melaka,GrabPay
ORD12348,2025-05-12,Fashion,Sunglasses,190,2,380,West Malaysia,Kedah,GrabPay
ORD12350,2025-08-18,Fashion,T-Shirt,345,4,1380,West Malaysia,Penang,FPX
ORD12351,2025-07-30,Fashion,Backpack,200,3,600,West Malaysia,Perak,TNG eWallet
ORD12352,2025-07-15,Fashion,Sunglasses,397,2,794,West Malaysia,Perak,GrabPay
ORD12353,2025-07-20,Home,Coffee Maker,271,3,813,West Malaysia,Johor,FPX
ORD12355,2025-05-13,Home,Desk Lamp,710,1,710,West Malaysia,Kuala Lumpur,Credit Card
ORD12358,2025-05-19,Home,Desk Lamp,238,2,476,West Malaysia,Kuala Lumpur,GrabPay
ORD12363,2025-04-09,Fashion,Backpack,349,4,1396,West Malaysia,Pahang,TNG eWallet
ORD12364,2025-05-30,Fashion,Backpack,149,2,298,West Malaysia,Penang,FPX
ORD12366,2025-02-08,Fashion,Sunglasses,240,2,480,West Malaysia,Kedah,GrabPay
ORD12368,2025-08-05,Home,Coffee Maker,793,3,2379,West Malaysia,Kuala Lumpur,GrabPay
ORD12369,2025-10-21,Home,Office Chair,747,1,747,West Malaysia,Melaka,FPX
ORD12372,2025-10-02,Home,Air Purifier,330,2,660,West Malaysia,Kuala Lumpur,TNG eWallet
ORD12373,2025-01-10,Home,Coffee Maker,391,2,782,West Malaysia,Melaka,Credit Card
ORD12376,2025-11-20,Home,Office Chair,365,3,1095,West Malaysia,Kuala Lumpur,FPX
ORD12379,2025-12-09,Fashion,T-Shirt,154,2,308,West Malaysia,Selangor,TNG eWallet
ORD12380,2025-10-13,Fashion,T-Shirt,249,3,747,West Malaysia,Penang,FPX
ORD12382,2025-03-19,Home,Air Purifier,702,3,2106,West Malaysia,Perak,FPX
ORD12384,2025-01-28,Home,Air Purifier,430,1,430,West Malaysia,Pahang,TNG eWallet
ORD12389,2025-05-23,Home,Office Chair,128,4,512,West Malaysia,Johor,GrabPay
ORD12391,2025-12-11,Home,Office Chair,622,1,622,West Malaysia,Kuala Lumpur,GrabPay
ORD12393,2025-08-17,Home,Office Chair,324,3,972,West Malaysia,Pahang,GrabPay
ORD12394,2025-04-03,Electronics,Laptop,1274,4,5096,West Malaysia,Kuala Lumpur,GrabPay
ORD12395,2025-03-02,Home,Desk Lamp,729,3,2187,West Malaysia,Melaka,GrabPay
ORD12397,2025-11-27,Electronics,Smartwatch,400,2,800,West Malaysia,Kuala Lumpur,GrabPay
ORD12398,2025-02-16,Fashion,Sneakers,215,1,215,West Malaysia,Selangor,GrabPay
ORD12399,2025-06-15,Electronics,Wireless Earbuds,1994,1,1994,West Malaysia,Perak,GrabPay
ORD12402,2025-01-23,Home,Air Purifier,318,1,318,West Malaysia,Johor,TNG eWallet
ORD12403,2025-04-21,Home,Office Chair,496,3,1488,West Malaysia,Kedah,GrabPay
ORD12405,2025-08-12,Fashion,Backpack,103,1,103,West Malaysia,Melaka,TNG eWallet
ORD12408,2025-06-04,Home,Coffee Maker,668,3,2004,West Malaysia,Pahang,Credit Card
ORD12409,2025-07-30,Home,Office Chair,186,4,744,West Malaysia,Johor,FPX
ORD12411,2025-04-18,Fashion,Backpack,60,2,120,West Malaysia,Kuala Lumpur,GrabPay
ORD12413,2025-07-20,Electronics,Wireless Earbuds,1580,4,6320,West Malaysia,Penang,GrabPay
ORD12416,2025-09-09,Home,Coffee Maker,292,1,292,West Malaysia,Kedah,FPX
ORD12419,2025-02-14,Fashion,Sneakers,111,1,111,West Malaysia,Kuala Lumpur,Credit Card
ORD12420,2025-05-26,Electronics,Smartwatch,2045,4,8180,West Malaysia,Melaka,TNG eWallet
ORD12426,2025-01-10,Electronics,Laptop,1970,3,5910,West Malaysia,Kedah,TNG eWallet
ORD12427,2025-12-05,Fashion,T-Shirt,162,1,162,West Malaysia,Kedah,Credit Card
ORD12431,2025-05-23,Fashion,T-Shirt,353,3,1059,West Malaysia,Selangor,GrabPay
ORD12433,2025-01-09,Fashion,T-Shirt,115,1,115,West Malaysia,Pahang,TNG eWallet
ORD12436,2025-10-24,Fashion,Backpack,256,1,256,West Malaysia,Kedah,FPX
ORD12437,2025-09-23,Fashion,T-Shirt,118,1,118,West Malaysia,Kedah,GrabPay
ORD12438,2025-08-21,Electronics,Smartwatch,413,1,413,West Malaysia,Pahang,GrabPay
ORD12440,2025-02-21,Fashion,Sunglasses,126,4,504,West Malaysia,Penang,Credit Card
ORD12442,2025-11-09,Fashion,Sneakers,60,2,120,West Malaysia,Johor,FPX
ORD12445,2025-12-15,Electronics,Smartwatch,3403,4,13612,West Malaysia,Penang,Credit Card
ORD12447,2025-12-09,Home,Coffee Maker,672,4,2688,West Malaysia,Penang,TNG eWallet
ORD12450,2025-01-29,Fashion,Backpack,214,3,642,West Malaysia,Penang,Credit Card
ORD12451,2025-09-21,Fashion,Backpack,139,1,139,West Malaysia,Kuala Lumpur,FPX
ORD12452,2025-10-14,Electronics,Laptop,1022,2,2044,West Malaysia,Kedah,Credit Card
ORD12456,2025-03-10,Home,Office Chair,321,1,321,West Malaysia,Selangor,TNG eWallet
ORD12461,2025-11-21,Fashion,Sneakers,289,4,1156,West Malaysia,Penang,GrabPay
ORD12462,2025-05-26,Fashion,Backpack,292,4,1168,West Malaysia,Kuala Lumpur,GrabPay
ORD12463,2025-06-27,Electronics,Wireless Earbuds,2538,1,2538,West Malaysia,Selangor,FPX
ORD12464,2025-04-16,Home,Air Purifier,680,4,2720,West Malaysia,Kuala Lumpur,Credit Card
ORD12465,2025-05-22,Home,Desk Lamp,457,2,914,West Malaysia,Penang,FPX
ORD12466,2025-02-19,Fashion,T-Shirt,383,1,383,West Malaysia,Kuala Lumpur,FPX
ORD12467,2025-01-06,Electronics,Smartphone,1209,2,2418,West Malaysia,Melaka,TNG eWallet
ORD12469,2025-08-21,Home,Coffee Maker,373,1,373,West Malaysia,Perak,GrabPay
ORD12471,2025-03-11,Electronics,Smartphone,3680,1,3680,West Malaysia,Kuala Lumpur,FPX
ORD12474,2025-06-23,Fashion,T-Shirt,263,2,526,West Malaysia,Selangor,GrabPay
ORD12475,2025-07-11,Electronics,Smartphone,4012,1,4012,West Malaysia,Kuala Lumpur,Credit Card
ORD12477,2025-10-17,Home,Desk Lamp,773,4,3092,West Malaysia,Penang,TNG eWallet
ORD12480,2025-05-31,Home,Air Purifier,773,3,2319,West Malaysia,Melaka,GrabPay
ORD12481,2025-06-30,Home,Air Purifier,518,3,1554,West Malaysia,Pahang,Credit Card
ORD12482,2025-06-27,Home,Coffee Maker,599,3,1797,West Malaysia,Kedah,Credit Card
ORD12483,2025-09-21,Home,Air Purifier,377,3,1131,West Malaysia,Perak,FPX
ORD12484,2025-01-05,Fashion,Backpack,351,3,1053,West Malaysia,Penang,Credit Card
ORD12485,2025-05-20,Electronics,Smartwatch,2145,4,8580,West Malaysia,Perak,GrabPay
ORD12486,2025-08-15,Fashion,Sneakers,399,2,798,West Malaysia,Perak,TNG eWallet
ORD12491,2025-06-26,Fashion,Sneakers,123,4,492,West Malaysia,Kedah,TNG eWallet
ORD12492,2025-06-25,Electronics,Smartwatch,384,4,1536,West Malaysia,Pahang,GrabPay
ORD12493,2025-09-10,Home,Office Chair,406,2,812,West Malaysia,Perak,GrabPay
ORD12497,2025-07-04,Fashion,T-Shirt,388,4,1552,West Malaysia,Perak,TNG eWallet
ORD12498,2025-12-19,Electronics,Laptop,1189,1,1189,West Malaysia,Perak,FPX
ORD12499,2025-03-09,Electronics,Smartwatch,2018,2,4036,West Malaysia,Kuala Lumpur,Credit Card
ORD12504,2025-07-14,Fashion,T-Shirt,230,4,920,West Malaysia,Pahang,FPX
ORD12505,2025-08-02,Electronics,Laptop,1757,1,1757,West Malaysia,Penang,TNG eWallet
ORD12507,2025-08-15,Electronics,Smartphone,410,3,1230,West Malaysia,Penang,FPX
ORD12508,2025-07-30,Fashion,Sunglasses,270,2,540,West Malaysia,Kuala Lumpur,TNG eWallet
ORD12510,2025-09-05,Electronics,Smartwatch,1292,3,3876,West Malaysia,Kuala Lumpur,FPX
ORD12511,2025-05-26,Electronics,Smartphone,1205,4,4820,West Malaysia,Perak,FPX
ORD12513,2025-03-10,Home,Air Purifier,457,1,457,West Malaysia,Pahang,Credit Card
ORD12514,2025-08-28,Home,Office Chair,197,4,788,West Malaysia,Johor,GrabPay
ORD12516,2025-05-02,Fashion,Sneakers,295,2,590,West Malaysia,Johor,TNG eWallet
ORD12517,2025-05-09,Home,Air Purifier,697,3,2091,West Malaysia,Johor,TNG eWallet
ORD12519,2025-10-12,Electronics,Wireless Earbuds,3630,1,3630,West Malaysia,Perak,TNG eWallet
ORD12520,2025-10-27,Home,Office Chair,297,1,297,West Malaysia,Penang,Credit Card
ORD12521,2025-08-11,Home,Office Chair,489,3,1467,West Malaysia,Melaka,FPX
ORD12522,2025-06-02,Home,Desk Lamp,760,4,3040,West Malaysia,Selangor,Credit Card
ORD12524,2025-09-15,Home,Office Chair,747,3,2241,West Malaysia,Kuala Lumpur,GrabPay
ORD12525,2025-07-16,Home,Air Purifier,147,2,294,West Malaysia,Kuala Lumpur,Credit Card
ORD12528,2025-09-09,Fashion,T-Shirt,190,1,190,West Malaysia,Melaka,FPX
ORD12531,2025-09-16,Home,Desk Lamp,279,3,837,West Malaysia,Melaka,Credit Card
ORD12534,2025-10-11,Home,Air Purifier,554,2,1108,West Malaysia,Perak,Credit Card
ORD12536,2025-01-26,Electronics,Smartphone,1709,2,3418,West Malaysia,Penang,TNG eWallet
ORD12538,2025-12-22,Fashion,Sneakers,195,2,390,West Malaysia,Pahang,FPX
ORD12543,2025-11-28,Home,Air Purifier,374,1,374,West Malaysia,Kedah,Credit Card
ORD12546,2025-05-02,Fashion,T-Shirt,149,2,298,West Malaysia,Johor,Credit Card
ORD12548,2025-12-11,Home,Office Chair,317,1,317,West Malaysia,Perak,Credit Card
ORD12549,2025-03-11,Fashion,Backpack,98,3,294,West Malaysia,Perak,FPX
ORD12550,2025-06-03,Fashion,Backpack,235,3,705,West Malaysia,Selangor,Credit Card
ORD12551,2025-05-01,Electronics,Wireless Earbuds,3195,4,12780,West Malaysia,Perak,FPX
ORD12552,2025-12-01,Electronics,Smartwatch,727,3,2181,West Malaysia,Penang,GrabPay
ORD12553,2025-11-06,Home,Coffee Maker,361,2,722,West Malaysia,Melaka,Credit Card
ORD12554,2025-03-20,Fashion,Sneakers,165,1,165,West Malaysia,Melaka,TNG eWallet
ORD12555,2025-06-29,Fashion,Sneakers,65,2,130,West Malaysia,Johor,FPX
ORD12556,2025-07-26,Electronics,Smartwatch,2870,3,8610,West Malaysia,Johor,GrabPay
ORD12561,2025-12-19,Home,Desk Lamp,731,2,1462,West Malaysia,Melaka,FPX
ORD12566,2025-05-25,Electronics,Smartphone,2634,4,10536,West Malaysia,Selangor,GrabPay
ORD12568,2025-09-19,Fashion,Sneakers,156,1,156,West Malaysia,Kedah,Credit Card
ORD12569,2025-06-03,Home,Coffee Maker,333,3,999,West Malaysia,Penang,Credit Card
ORD12570,2025-08-21,Home,Office Chair,716,2,1432,West Malaysia,Melaka,GrabPay
ORD12572,2025-05-28,Electronics,Laptop,2786,2,5572,West Malaysia,Penang,GrabPay
ORD12573,2025-08-06,Fashion,Sneakers,236,4,944,West Malaysia,Kedah,GrabPay
ORD12575,2025-03-19,Home,Air Purifier,676,2,1352,West Malaysia,Penang,GrabPay
ORD12585,2025-01-03,Electronics,Smartwatch,667,2,1334,West Malaysia,Kuala Lumpur,FPX
ORD12586,2025-02-17,Fashion,T-Shirt,300,4,1200,West Malaysia,Kedah,TNG eWallet
ORD12587,2025-09-26,Home,Office Chair,401,2,802,West Malaysia,Perak,Credit Card
ORD12591,2025-02-06,Electronics,Smartphone,3685,2,7370,West Malaysia,Kedah,TNG eWallet
ORD12592,2025-02-22,Home,Coffee Maker,552,1,552,West Malaysia,Pahang,TNG eWallet
ORD12598,2025-02-22,Fashion,Backpack,396,1,396,West Malaysia,Perak,FPX
ORD12599,2025-08-01,Electronics,Laptop,4102,3,12306,West Malaysia,Kedah,GrabPay
ORD12600,2025-02-19,Electronics,Laptop,1548,2,3096,West Malaysia,Pahang,GrabPay
ORD12602,2025-09-20,Fashion,Sunglasses,62,3,186,West Malaysia,Perak,TNG eWallet
ORD12604,2025-11-16,Fashion,Backpack,395,1,395,West Malaysia,Melaka,GrabPay
ORD12605,2025-02-17,Electronics,Laptop,4161,2,8322,West Malaysia,Melaka,GrabPay
ORD12606,2025-05-20,Fashion,Backpack,294,2,588,West Malaysia,Perak,FPX
ORD12607,2025-03-29,Fashion,Sneakers,223,1,223,West Malaysia,Selangor,TNG eWallet
ORD12608,2025-06-05,Fashion,Sunglasses,358,1,358,West Malaysia,Perak,Credit Card
ORD12612,2025-03-24,Electronics,Smartphone,2561,2,5122,West Malaysia,Melaka,TNG eWallet
ORD12614,2025-08-29,Fashion,Backpack,250,2,500,West Malaysia,Selangor,Credit Card
ORD12615,2025-08-23,Fashion,Sunglasses,136,3,408,West Malaysia,Pahang,Credit Card
ORD12616,2025-03-07,Home,Coffee Maker,134,4,536,West Malaysia,Penang,TNG eWallet
ORD12617,2025-08-17,Electronics,Laptop,3269,2,6538,West Malaysia,Kuala Lumpur,GrabPay
ORD12619,2025-11-28,Fashion,Backpack,265,1,265,West Malaysia,Kuala Lumpur,FPX
ORD12620,2025-01-12,Home,Air Purifier,293,4,1172,West Malaysia,Kuala Lumpur,GrabPay
ORD12621,2025-04-29,Electronics,Wireless Earbuds,1838,2,3676,West Malaysia,Kuala Lumpur,GrabPay
ORD12622,2025-10-15,Electronics,Smartphone,879,2,1758,West Malaysia,Selangor,TNG eWallet
ORD12623,2025-11-04,Fashion,Sneakers,162,4,648,West Malaysia,Melaka,TNG eWallet
ORD12628,2025-12-24,Electronics,Wireless Earbuds,4443,3,13329,West Malaysia,Selangor,TNG eWallet
ORD12630,2025-11-24,Home,Air Purifier,682,3,2046,West Malaysia,Perak,TNG eWallet
ORD12635,2025-04-13,Fashion,T-Shirt,382,3,1146,West Malaysia,Kuala Lumpur,TNG eWallet
ORD12636,2025-06-18,Fashion,Backpack,375,3,1125,West Malaysia,Pahang,Credit Card
ORD12639,2025-04-09,Home,Desk Lamp,337,4,1348,West Malaysia,Perak,GrabPay
ORD12641,2025-10-04,Home,Office Chair,234,1,234,West Malaysia,Kuala Lumpur,TNG eWallet
ORD12642,2025-10-25,Fashion,Backpack,286,2,572,West Malaysia,Johor,FPX
ORD12644,2025-01-01,Electronics,Laptop,352,1,352,West Malaysia,Kedah,GrabPay
ORD12647,2025-09-16,Home,Air Purifier,566,4,2264,West Malaysia,Kedah,Credit Card
ORD12653,2025-04-18,Home,Air Purifier,682,1,682,West Malaysia,Pahang,TNG eWallet
ORD12654,2025-11-06,Home,Desk Lamp,273,4,1092,West Malaysia,Melaka,FPX
ORD12655,2025-10-03,Home,Office Chair,535,2,1070,West Malaysia,Perak,TNG eWallet
ORD12656,2025-03-17,Electronics,Wireless Earbuds,1600,2,3200,West Malaysia,Johor,TNG eWallet
ORD12662,2025-10-11,Fashion,T-Shirt,258,2,516,West Malaysia,Selangor,TNG eWallet
ORD12663,2025-11-28,Fashion,T-Shirt,238,4,952,West Malaysia,Kuala Lumpur,Credit Card
ORD12664,2025-02-22,Fashion,T-Shirt,78,4,312,West Malaysia,Perak,TNG eWallet
ORD12666,2025-09-28,Home,Air Purifier,395,4,1580,West Malaysia,Perak,GrabPay
ORD12667,2025-06-26,Electronics,Wireless Earbuds,1529,4,6116,West Malaysia,Melaka,TNG eWallet
ORD12669,2025-06-30,Fashion,T-Shirt,229,1,229,West Malaysia,Penang,FPX
ORD12670,2025-09-18,Fashion,T-Shirt,268,2,536,West Malaysia,Selangor,FPX
ORD12671,2025-12-14,Electronics,Laptop,1006,4,4024,West Malaysia,Kedah,TNG eWallet
ORD12673,2025-02-17,Electronics,Laptop,2244,3,6732,West Malaysia,Kuala Lumpur,Credit Card
ORD12674,2025-02-01,Home,Air Purifier,585,4,2340,West Malaysia,Johor,GrabPay
ORD12677,2025-09-28,Fashion,Backpack,355,4,1420,West Malaysia,Kuala Lumpur,TNG eWallet
ORD12686,2025-10-09,Home,Air Purifier,685,1,685,West Malaysia,Perak,GrabPay
ORD12687,2025-05-07,Fashion,Sneakers,227,1,227,West Malaysia,Kuala Lumpur,Credit Card
ORD12689,2025-04-02,Electronics,Smartwatch,3632,2,7264,West Malaysia,Kedah,Credit Card
ORD12690,2025-03-29,Electronics,Wireless Earbuds,4481,1,4481,West Malaysia,Selangor,GrabPay
ORD12692,2025-06-22,Fashion,Sneakers,239,1,239,West Malaysia,Melaka,Credit Card
ORD12693,2025-06-11,Home,Air Purifier,315,1,315,West Malaysia,Johor,Credit Card
ORD12694,2025-03-26,Electronics,Smartphone,895,1,895,West Malaysia,Selangor,TNG eWallet
ORD12695,2025-06-03,Home,Coffee Maker,528,3,1584,West Malaysia,Perak,FPX
ORD12696,2025-12-08,Home,Coffee Maker,622,3,1866,West Malaysia,Melaka,TNG eWallet
ORD12698,2025-08-28,Home,Air Purifier,738,3,2214,West Malaysia,Selangor,Credit Card
ORD12699,2025-11-17,Home,Air Purifier,326,1,326,West Malaysia,Selangor,GrabPay
ORD12700,2025-06-04,Fashion,Sneakers,335,1,335,West Malaysia,Penang,Credit Card
ORD12701,2025-11-16,Home,Desk Lamp,539,1,539,West Malaysia,Johor,GrabPay
ORD12702,2025-07-26,Home,Coffee Maker,262,1,262,West Malaysia,Pahang,GrabPay
ORD12705,2025-07-10,Home,Office Chair,221,2,442,West Malaysia,Selangor,FPX
ORD12709,2025-12-13,Electronics,Wireless Earbuds,2778,2,5556,West Malaysia,Selangor,FPX
ORD12710,2025-12-18,Fashion,Sneakers,318,3,954,West Malaysia,Penang,FPX
ORD12712,2025-09-29,Fashion,Backpack,60,2,120,West Malaysia,Melaka,Credit Card
ORD12713,2025-06-12,Electronics,Smartwatch,1436,3,4308,West Malaysia,Perak,FPX
ORD12718,2025-07-15,Fashion,Sunglasses,364,1,364,West Malaysia,Kedah,TNG eWallet
ORD12719,2025-07-09,Fashion,Sunglasses,284,1,284,West Malaysia,Selangor,TNG eWallet
ORD12720,2025-09-20,Fashion,T-Shirt,222,3,666,West Malaysia,Kuala Lumpur,FPX
ORD12722,2025-12-12,Home,Office Chair,741,4,2964,West Malaysia,Kuala Lumpur,GrabPay
ORD12724,2025-06-25,Home,Coffee Maker,547,2,1094,West Malaysia,Penang,TNG eWallet
ORD12726,2025-08-18,Home,Air Purifier,796,3,2388,West Malaysia,Kedah,GrabPay
ORD12728,2025-05-27,Fashion,T-Shirt,234,1,234,West Malaysia,Perak,TNG eWallet
ORD12730,2025-03-10,Fashion,Backpack,105,2,210,West Malaysia,Perak,GrabPay
ORD12731,2025-12-09,Home,Coffee Maker,349,4,1396,West Malaysia,Penang,TNG eWallet
ORD12732,2025-04-10,Electronics,Smartwatch,2291,4,9164,West Malaysia,Perak,GrabPay
ORD12733,2025-03-11,Home,Desk Lamp,446,4,1784,West Malaysia,Melaka,GrabPay
ORD12734,2025-03-21,Fashion,Sneakers,217,4,868,West Malaysia,Kedah,Credit Card
ORD12736,2025-08-19,Electronics,Laptop,512,4,2048,West Malaysia,Selangor,Credit Card
ORD12741,2025-09-26,Home,Office Chair,347,2,694,West Malaysia,Johor,TNG eWallet
ORD12743,2025-04-04,Fashion,Sneakers,141,4,564,West Malaysia,Kedah,FPX
ORD12744,2025-04-28,Fashion,Sneakers,133,2,266,West Malaysia,Selangor,GrabPay
ORD12745,2025-02-26,Electronics,Smartwatch,1419,4,5676,West Malaysia,Penang,FPX
ORD12746,2025-04-28,Home,Office Chair,467,2,934,West Malaysia,Melaka,TNG eWallet
ORD12757,2025-12-11,Electronics,Wireless Earbuds,4279,2,8558,West Malaysia,Pahang,GrabPay
ORD12759,2025-07-31,Electronics,Smartwatch,1006,3,3018,West Malaysia,Melaka,TNG eWallet
ORD12760,2025-05-21,Electronics,Smartphone,766,2,1532,West Malaysia,Kedah,Credit Card
ORD12761,2025-03-23,Electronics,Smartphone,320,4,1280,West Malaysia,Penang,FPX
ORD12762,2025-08-03,Home,Air Purifier,598,1,598,West Malaysia,Pahang,TNG eWallet
ORD12770,2025-09-27,Electronics,Wireless Earbuds,785,2,1570,West Malaysia,Selangor,Credit Card
ORD12771,2025-09-13,Fashion,Sunglasses,181,3,543,West Malaysia,Melaka,GrabPay
ORD12773,2025-09-01,Home,Coffee Maker,361,4,1444,West Malaysia,Melaka,GrabPay
ORD12775,2025-04-19,Electronics,Laptop,2941,1,2941,West Malaysia,Melaka,Credit Card
ORD12778,2025-07-21,Electronics,Smartphone,652,2,1304,West Malaysia,Johor,GrabPay
ORD12781,2025-10-23,Electronics,Laptop,617,4,2468,West Malaysia,Pahang,TNG eWallet
ORD12783,2025-02-03,Home,Air Purifier,379,4,1516,West Malaysia,Johor,GrabPay
ORD12784,2025-03-02,Electronics,Laptop,3799,1,3799,West Malaysia,Perak,TNG eWallet
ORD12785,2025-03-11,Home,Office Chair,681,3,2043,West Malaysia,Kedah,FPX
ORD12786,2025-02-27,Electronics,Laptop,1672,1,1672,West Malaysia,Selangor,FPX
ORD12787,2025-05-09,Fashion,Backpack,317,1,317,West Malaysia,Pahang,TNG eWallet
ORD12789,2025-04-03,Fashion,T-Shirt,192,2,384,West Malaysia,Pahang,FPX
ORD12791,2025-02-03,Electronics,Wireless Earbuds,3343,3,10029,West Malaysia,Selangor,TNG eWallet
ORD12794,2025-10-31,Electronics,Smartphone,1358,2,2716,West Malaysia,Selangor,TNG eWallet
ORD12800,2025-07-24,Home,Desk Lamp,197,4,788,West Malaysia,Kuala Lumpur,FPX
ORD12801,2025-08-05,Electronics,Wireless Earbuds,1409,2,2818,West Malaysia,Selangor,FPX
ORD12802,2025-02-06,Electronics,Smartwatch,3536,4,14144,West Malaysia,Penang,Credit Card
ORD12803,2025-07-05,Home,Office Chair,350,3,1050,West Malaysia,Penang,GrabPay
ORD12804,2025-02-23,Home,Desk Lamp,313,1,313,West Malaysia,Kuala Lumpur,FPX
ORD12808,2025-07-11,Fashion,Sneakers,289,2,578,West Malaysia,Perak,FPX
ORD12811,2025-11-21,Electronics,Smartphone,2556,2,5112,West Malaysia,Melaka,Credit Card
ORD12812,2025-05-02,Home,Air Purifier,760,2,1520,West Malaysia,Kuala Lumpur,GrabPay
ORD12816,2025-04-23,Fashion,T-Shirt,75,4,300,West Malaysia,Kedah,FPX
ORD12819,2025-08-24,Electronics,Laptop,4036,3,12108,West Malaysia,Penang,Credit Card
ORD12820,2025-05-08,Fashion,T-Shirt,219,4,876,West Malaysia,Penang,TNG eWallet
ORD12821,2025-03-04,Electronics,Smartphone,2775,2,5550,West Malaysia,Kedah,GrabPay
ORD12822,2025-07-27,Electronics,Smartphone,4271,3,12813,West Malaysia,Johor,TNG eWallet
ORD12823,2025-10-04,Electronics,Smartphone,677,2,1354,West Malaysia,Selangor,GrabPay
ORD12824,2025-12-17,Home,Coffee Maker,563,4,2252,West Malaysia,Kuala Lumpur,GrabPay
ORD12825,2025-01-22,Fashion,T-Shirt,69,2,138,West Malaysia,Johor,GrabPay
ORD12827,2025-09-26,Home,Office Chair,582,2,1164,West Malaysia,Perak,TNG eWallet
ORD12828,2025-12-15,Fashion,Sneakers,359,3,1077,West Malaysia,Penang,Credit Card
ORD12830,2025-11-15,Home,Coffee Maker,333,3,999,West Malaysia,Melaka,Credit Card
ORD12833,2025-06-18,Fashion,Sunglasses,53,2,106,West Malaysia,Pahang,Credit Card
ORD12836,2025-06-20,Home,Office Chair,396,3,1188,West Malaysia,Pahang,TNG eWallet
ORD12837,2025-11-22,Electronics,Wireless Earbuds,1398,2,2796,West Malaysia,Perak,Credit Card
ORD12840,2025-07-05,Electronics,Laptop,4455,1,4455,West Malaysia,Pahang,GrabPay
ORD12841,2025-01-01,Fashion,T-Shirt,350,2,700,West Malaysia,Selangor,TNG eWallet
ORD12843,2025-10-12,Electronics,Smartwatch,2613,2,5226,West Malaysia,Perak,TNG eWallet
ORD12844,2025-04-22,Fashion,T-Shirt,370,1,370,West Malaysia,Kedah,GrabPay
ORD12845,2025-12-12,Fashion,T-Shirt,310,2,620,West Malaysia,Penang,TNG eWallet
ORD12847,2025-07-26,Fashion,Sunglasses,317,4,1268,West Malaysia,Kedah,FPX
ORD12852,2025-04-04,Electronics,Smartphone,2391,4,9564,West Malaysia,Selangor,TNG eWallet
ORD12856,2025-10-22,Home,Air Purifier,162,4,648,West Malaysia,Johor,GrabPay
ORD12858,2025-03-02,Fashion,T-Shirt,162,4,648,West Malaysia,Selangor,GrabPay
ORD12859,2025-07-16,Home,Air Purifier,154,3,462,West Malaysia,Penang,GrabPay
ORD12863,2025-06-10,Home,Desk Lamp,371,1,371,West Malaysia,Melaka,Credit Card
ORD12864,2025-12-23,Fashion,T-Shirt,328,4,1312,West Malaysia,Penang,GrabPay
ORD12865,2025-07-31,Home,Coffee Maker,746,3,2238,West Malaysia,Selangor,FPX
ORD12866,2025-07-12,Fashion,Backpack,190,2,380,West Malaysia,Kuala Lumpur,TNG eWallet
ORD12868,2025-12-01,Fashion,Backpack,200,3,600,West Malaysia,Penang,FPX
ORD12869,2025-06-06,Fashion,Sunglasses,192,3,576,West Malaysia,Pahang,Credit Card
ORD12871,2025-04-09,Electronics,Smartwatch,4240,1,4240,West Malaysia,Kuala Lumpur,GrabPay
ORD12872,2025-02-13,Electronics,Wireless Earbuds,2184,2,4368,West Malaysia,Pahang,Credit Card
ORD12873,2025-08-29,Electronics,Laptop,352,2,704,West Malaysia,Johor,GrabPay
ORD12875,2025-12-23,Fashion,T-Shirt,128,4,512,West Malaysia,Pahang,TNG eWallet
ORD12877,2025-02-14,Electronics,Wireless Earbuds,4361,4,17444,West Malaysia,Johor,GrabPay
ORD12883,2025-10-03,Fashion,Backpack,325,4,1300,West Malaysia,Pahang,FPX
ORD12885,2025-08-04,Electronics,Wireless Earbuds,2121,2,4242,West Malaysia,Kedah,Credit Card
ORD12888,2025-11-03,Home,Coffee Maker,742,4,2968,West Malaysia,Selangor,GrabPay
ORD12890,2025-02-16,Home,Office Chair,686,3,2058,West Malaysia,Pahang,Credit Card
ORD12897,2025-04-21,Home,Desk Lamp,342,1,342,West Malaysia,Selangor,GrabPay
ORD12900,2025-05-25,Home,Air Purifier,522,3,1566,West Malaysia,Kuala Lumpur,FPX
ORD12901,2025-05-10,Electronics,Wireless Earbuds,1659,3,4977,West Malaysia,Johor,FPX
ORD12902,2025-02-15,Electronics,Laptop,1047,4,4188,West Malaysia,Perak,TNG eWallet
ORD12905,2025-04-14,Fashion,Backpack,86,1,86,West Malaysia,Kuala Lumpur,Credit Card
ORD12906,2025-10-22,Fashion,Sunglasses,251,4,1004,West Malaysia,Johor,GrabPay
ORD12907,2025-01-06,Electronics,Laptop,3319,1,3319,West Malaysia,Perak,FPX
ORD12910,2025-02-18,Electronics,Wireless Earbuds,1310,4,5240,West Malaysia,Selangor,GrabPay
ORD12914,2025-09-23,Fashion,Backpack,143,2,286,West Malaysia,Pahang,TNG eWallet
ORD12916,2025-06-12,Electronics,Smartphone,1001,2,2002,West Malaysia,Kuala Lumpur,FPX
ORD12917,2025-11-10,Fashion,Sunglasses,69,2,138,West Malaysia,Perak,FPX
ORD12918,2025-11-07,Fashion,Sunglasses,169,4,676,West Malaysia,Selangor,Credit Card
ORD12919,2025-10-30,Home,Coffee Maker,703,4,2812,West Malaysia,Kuala Lumpur,GrabPay
ORD12920,2025-07-26,Electronics,Laptop,1651,3,4953,West Malaysia,Pahang,Credit Card
ORD12921,2025-02-22,Electronics,Wireless Earbuds,1818,1,1818,West Malaysia,Selangor,Credit Card
ORD12924,2025-01-11,Home,Office Chair,732,1,732,West Malaysia,Penang,GrabPay
ORD12928,2025-05-21,Fashion,Sneakers,154,1,154,West Malaysia,Melaka,FPX
ORD12929,2025-07-10,Home,Office Chair,197,4,788,West Malaysia,Perak,TNG eWallet
ORD12930,2025-01-09,Electronics,Smartwatch,4492,1,4492,West Malaysia,Pahang,TNG eWallet
ORD12933,2025-04-02,Fashion,Sunglasses,284,3,852,West Malaysia,Pahang,TNG eWallet
ORD12935,2025-12-27,Electronics,Smartwatch,3428,3,10284,West Malaysia,Perak,Credit Card
ORD12937,2025-02-18,Fashion,Sneakers,237,4,948,West Malaysia,Perak,Credit Card
ORD12938,2025-08-02,Electronics,Smartphone,697,4,2788,West Malaysia,Perak,FPX
ORD12939,2025-05-28,Home,Coffee Maker,296,3,888,West Malaysia,Selangor,TNG eWallet
ORD12940,2025-08-24,Home,Coffee Maker,296,1,296,West Malaysia,Penang,FPX
ORD12942,2025-12-10,Fashion,Sneakers,80,2,160,West Malaysia,Penang,GrabPay
ORD12943,2025-10-11,Electronics,Wireless Earbuds,1939,4,7756,West Malaysia,Johor,GrabPay
ORD12944,2025-04-05,Electronics,Smartwatch,4131,4,16524,West Malaysia,Perak,Credit Card
ORD12949,2025-11-13,Home,Coffee Maker,493,3,1479,West Malaysia,Kuala Lumpur,GrabPay
ORD12950,2025-07-11,Fashion,Backpack,271,3,813,West Malaysia,Johor,Credit Card
ORD12951,2025-11-05,Electronics,Smartphone,2306,3,6918,West Malaysia,Johor,TNG eWallet
ORD12952,2025-07-10,Fashion,Sunglasses,276,3,828,West Malaysia,Pahang,GrabPay
ORD12953,2025-09-27,Electronics,Laptop,3637,1,3637,West Malaysia,Kuala Lumpur,FPX
ORD12956,2025-08-03,Fashion,Backpack,69,2,138,West Malaysia,Kedah,FPX
ORD12957,2025-09-23,Fashion,Sunglasses,334,3,1002,West Malaysia,Melaka,FPX
ORD12958,2025-10-09,Electronics,Smartwatch,3181,2,6362,West Malaysia,Penang,Credit Card
ORD12959,2025-02-27,Fashion,Sunglasses,369,1,369,West Malaysia,Selangor,FPX
ORD12963,2025-06-23,Fashion,T-Shirt,67,1,67,West Malaysia,Melaka,GrabPay
ORD12964,2025-04-01,Electronics,Smartphone,1305,1,1305,West Malaysia,Selangor,Credit Card
ORD12965,2025-11-18,Electronics,Wireless Earbuds,4149,1,4149,West Malaysia,Perak,Credit Card
ORD12966,2025-01-22,Electronics,Smartphone,1729,2,3458,West Malaysia,Kuala Lumpur,Credit Card
ORD12967,2025-05-23,Home,Air Purifier,178,1,178,West Malaysia,Selangor,FPX
ORD12969,2025-12-18,Home,Desk Lamp,310,4,1240,West Malaysia,Selangor,FPX
ORD12971,2025-12-20,Electronics,Smartwatch,4031,3,12093,West Malaysia,Selangor,GrabPay
ORD12972,2025-04-26,Home,Coffee Maker,145,4,580,West Malaysia,Melaka,GrabPay
ORD12974,2025-11-25,Home,Desk Lamp,698,4,2792,West Malaysia,Penang,Credit Card
ORD12976,2025-09-24,Fashion,Sneakers,275,2,550,West Malaysia,Kedah,FPX
ORD12981,2025-06-05,Electronics,Wireless Earbuds,4039,2,8078,West Malaysia,Perak,FPX
ORD12982,2025-08-12,Fashion,Backpack,318,3,954,West Malaysia,Perak,TNG eWallet
ORD12984,2025-06-15,Electronics,Laptop,1887,4,7548,West Malaysia,Perak,FPX
ORD12985,2025-04-13,Home,Office Chair,783,3,2349,West Malaysia,Melaka,Credit Card
ORD12986,2025-07-25,Fashion,Backpack,222,1,222,West Malaysia,Penang,GrabPay
ORD12989,2025-05-29,Electronics,Smartwatch,1464,1,1464,West Malaysia,Penang,GrabPay
ORD12990,2025-09-20,Home,Desk Lamp,254,2,508,West Malaysia,Perak,Credit Card
ORD12995,2025-12-29,Fashion,T-Shirt,161,4,644,West Malaysia,Melaka,Credit Card
ORD12998,2025-05-07,Electronics,Smartwatch,2603,1,2603,West Malaysia,Melaka,TNG eWallet
ORD13000,2025-02-26,Home,Office Chair,626,1,626,West Malaysia,Johor,GrabPay
ORD13003,2025-03-22,Fashion,Backpack,237,3,711,West Malaysia,Pahang,Credit Card
ORD13004,2025-12-16,Electronics,Smartphone,4206,2,8412,West Malaysia,Melaka,GrabPay
ORD13005,2025-09-07,Electronics,Wireless Earbuds,4198,2,8396,West Malaysia,Kuala Lumpur,FPX
ORD13008,2025-11-25,Home,Air Purifier,108,3,324,West Malaysia,Pahang,GrabPay
ORD13009,2025-06-15,Fashion,Sunglasses,217,2,434,West Malaysia,Kuala Lumpur,Credit Card
ORD13010,2025-10-04,Electronics,Smartphone,3241,1,3241,West Malaysia,Kuala Lumpur,GrabPay
ORD13011,2025-02-23,Home,Coffee Maker,392,3,1176,West Malaysia,Melaka,TNG eWallet
ORD13012,2025-12-12,Fashion,Sneakers,376,3,1128,West Malaysia,Pahang,FPX
ORD13013,2025-08-26,Fashion,Sneakers,87,1,87,West Malaysia,Johor,FPX
ORD13014,2025-07-02,Electronics,Smartphone,979,1,979,West Malaysia,Perak,FPX
ORD13015,2025-09-22,Electronics,Laptop,4361,3,13083,West Malaysia,Kuala Lumpur,FPX
ORD13016,2025-09-23,Home,Office Chair,379,1,379,West Malaysia,Selangor,FPX
ORD13018,2025-10-02,Home,Air Purifier,347,4,1388,West Malaysia,Melaka,FPX
ORD13020,2025-05-09,Electronics,Laptop,1765,3,5295,West Malaysia,Perak,GrabPay
ORD13023,2025-09-25,Fashion,T-Shirt,191,3,573,West Malaysia,Johor,Credit Card
ORD13026,2025-09-16,Fashion,T-Shirt,283,1,283,West Malaysia,Selangor,Credit Card
ORD13029,2025-04-14,Fashion,Sneakers,284,2,568,West Malaysia,Johor,TNG eWallet
ORD13030,2025-03-21,Electronics,Wireless Earbuds,3624,1,3624,West Malaysia,Johor,Credit Card
ORD13032,2025-10-03,Fashion,T-Shirt,342,3,1026,West Malaysia,Melaka,FPX
ORD13033,2025-03-13,Fashion,T-Shirt,180,2,360,West Malaysia,Melaka,GrabPay
ORD13035,2025-01-18,Home,Air Purifier,518,4,2072,West Malaysia,Pahang,GrabPay
ORD13037,2025-03-04,Fashion,Sunglasses,71,4,284,West Malaysia,Melaka,GrabPay
ORD13038,2025-04-25,Home,Coffee Maker,669,4,2676,West Malaysia,Kedah,GrabPay
ORD13039,2025-12-27,Fashion,Backpack,117,3,351,West Malaysia,Selangor,TNG eWallet
ORD13040,2025-01-21,Electronics,Laptop,1270,3,3810,West Malaysia,Perak,TNG eWallet
ORD13044,2025-12-12,Home,Coffee Maker,630,2,1260,West Malaysia,Pahang,FPX
ORD13046,2025-12-27,Electronics,Smartwatch,898,3,2694,West Malaysia,Selangor,Credit Card
ORD13048,2025-10-27,Electronics,Smartphone,1635,3,4905,West Malaysia,Selangor,GrabPay
ORD13050,2025-04-15,Electronics,Laptop,3405,1,3405,West Malaysia,Selangor,TNG eWallet
ORD13051,2025-08-18,Electronics,Smartwatch,2613,4,10452,West Malaysia,Selangor,Credit Card
ORD13056,2025-03-25,Home,Office Chair,475,1,475,West Malaysia,Johor,FPX
ORD13058,2025-08-02,Home,Air Purifier,306,2,612,West Malaysia,Selangor,Credit Card
ORD13060,2025-05-06,Home,Coffee Maker,580,2,1160,West Malaysia,Melaka,Credit Card
ORD13061,2025-06-13,Fashion,Sunglasses,340,1,340,West Malaysia,Kuala Lumpur,Credit Card
ORD13062,2025-03-03,Electronics,Laptop,710,4,2840,West Malaysia,Kuala Lumpur,GrabPay
ORD13063,2025-02-10,Fashion,Backpack,332,4,1328,West Malaysia,Johor,FPX
ORD13068,2025-02-22,Electronics,Laptop,894,3,2682,West Malaysia,Selangor,GrabPay
ORD13069,2025-04-29,Home,Air Purifier,116,4,464,West Malaysia,Johor,GrabPay
ORD13071,2025-12-03,Home,Desk Lamp,521,3,1563,West Malaysia,Kedah,FPX
ORD13073,2025-04-26,Electronics,Smartwatch,1863,4,7452,West Malaysia,Penang,GrabPay
ORD13076,2025-10-12,Electronics,Laptop,964,4,3856,West Malaysia,Kedah,GrabPay
ORD13081,2025-03-14,Electronics,Laptop,3105,2,6210,West Malaysia,Kuala Lumpur,GrabPay
ORD13082,2025-05-30,Electronics,Wireless Earbuds,2319,1,2319,West Malaysia,Selangor,FPX
ORD13083,2025-08-09,Electronics,Laptop,4206,2,8412,West Malaysia,Pahang,Credit Card
ORD13084,2025-07-05,Fashion,Sneakers,290,1,290,West Malaysia,Perak,FPX
ORD13086,2025-05-30,Electronics,Smartwatch,3048,1,3048,West Malaysia,Melaka,FPX
ORD13088,2025-08-22,Fashion,Sunglasses,360,1,360,West Malaysia,Johor,FPX
ORD13089,2025-06-03,Electronics,Smartwatch,4388,2,8776,West Malaysia,Melaka,TNG eWallet
ORD13090,2025-10-28,Home,Coffee Maker,541,1,541,West Malaysia,Penang,Credit Card
ORD13092,2025-04-28,Fashion,Sneakers,300,1,300,West Malaysia,Pahang,TNG eWallet
ORD13094,2025-11-23,Electronics,Wireless Earbuds,3986,3,11958,West Malaysia,Johor,GrabPay
ORD13095,2025-09-21,Fashion,Sneakers,100,4,400,West Malaysia,Selangor,Credit Card
ORD13097,2025-11-21,Home,Office Chair,429,2,858,West Malaysia,Kuala Lumpur,TNG eWallet
ORD13099,2025-07-23,Home,Air Purifier,119,2,238,West Malaysia,Melaka,Credit Card
ORD13100,2025-11-07,Electronics,Smartwatch,3319,1,3319,West Malaysia,Kuala Lumpur,TNG eWallet
ORD13102,2025-08-08,Fashion,Sneakers,243,3,729,West Malaysia,Selangor,Credit Card
ORD13103,2025-02-18,Fashion,Sneakers,99,3,297,West Malaysia,Perak,TNG eWallet
ORD13104,2025-07-26,Fashion,Sneakers,288,1,288,West Malaysia,Melaka,FPX
ORD13115,2025-07-03,Electronics,Smartphone,1540,4,6160,West Malaysia,Penang,FPX
ORD13116,2025-03-04,Fashion,Backpack,69,3,207,West Malaysia,Penang,GrabPay
ORD13118,2025-01-16,Home,Coffee Maker,389,1,389,West Malaysia,Melaka,FPX
ORD13119,2025-05-22,Fashion,Sunglasses,269,4,1076,West Malaysia,Melaka,Credit Card
ORD13121,2025-04-26,Fashion,Sneakers,322,2,644,West Malaysia,Kedah,GrabPay
ORD13123,2025-06-07,Electronics,Laptop,2259,1,2259,West Malaysia,Johor,Credit Card
ORD13126,2025-05-10,Home,Coffee Maker,291,4,1164,West Malaysia,Johor,TNG eWallet
ORD13127,2025-01-10,Fashion,Backpack,140,1,140,West Malaysia,Johor,GrabPay
ORD13129,2025-10-21,Electronics,Wireless Earbuds,3002,3,9006,West Malaysia,Perak,TNG eWallet
ORD13130,2025-10-03,Home,Air Purifier,357,4,1428,West Malaysia,Selangor,GrabPay
ORD13133,2025-04-04,Fashion,Sneakers,316,1,316,West Malaysia,Penang,Credit Card
ORD13135,2025-04-07,Electronics,Smartwatch,4015,2,8030,West Malaysia,Pahang,FPX
ORD13136,2025-01-28,Home,Air Purifier,786,4,3144,West Malaysia,Perak,GrabPay
ORD13137,2025-05-16,Fashion,Backpack,68,4,272,West Malaysia,Kuala Lumpur,Credit Card
ORD13139,2025-12-10,Electronics,Laptop,4252,3,12756,West Malaysia,Johor,TNG eWallet
ORD13141,2025-08-19,Fashion,Sunglasses,273,3,819,West Malaysia,Penang,Credit Card
ORD13143,2025-01-29,Fashion,Backpack,276,3,828,West Malaysia,Kuala Lumpur,Credit Card
ORD13145,2025-11-17,Home,Desk Lamp,127,1,127,West Malaysia,Kedah,Credit Card
ORD13147,2025-09-14,Home,Coffee Maker,783,4,3132,West Malaysia,Kuala Lumpur,Credit Card
ORD13148,2025-08-20,Fashion,Backpack,82,1,82,West Malaysia,Selangor,FPX
ORD13151,2025-09-05,Electronics,Smartwatch,597,4,2388,West Malaysia,Selangor,TNG eWallet
ORD13152,2025-06-22,Home,Air Purifier,439,2,878,West Malaysia,Melaka,FPX
ORD13155,2025-04-22,Home,Office Chair,596,4,2384,West Malaysia,Johor,TNG eWallet
ORD13157,2025-11-15,Electronics,Wireless Earbuds,1592,1,1592,West Malaysia,Melaka,GrabPay
ORD13159,2025-08-31,Home,Air Purifier,600,4,2400,West Malaysia,Perak,Credit Card
ORD13161,2025-06-29,Home,Coffee Maker,214,3,642,West Malaysia,Selangor,Credit Card
ORD13168,2025-12-15,Electronics,Smartwatch,4213,3,12639,West Malaysia,Selangor,GrabPay
ORD13170,2025-06-07,Electronics,Smartwatch,2886,2,5772,West Malaysia,Johor,TNG eWallet
ORD13171,2025-08-30,Home,Office Chair,157,4,628,West Malaysia,Penang,TNG eWallet
ORD13173,2025-10-15,Fashion,Sneakers,389,3,1167,West Malaysia,Kedah,GrabPay
ORD13174,2025-06-17,Electronics,Laptop,3168,2,6336,West Malaysia,Pahang,TNG eWallet
ORD13175,2025-04-27,Fashion,Sneakers,357,4,1428,West Malaysia,Johor,TNG eWallet
ORD13179,2025-01-27,Electronics,Smartphone,3129,1,3129,West Malaysia,Melaka,GrabPay
ORD13184,2025-11-08,Home,Coffee Maker,516,2,1032,West Malaysia,Penang,Credit Card
ORD13185,2025-09-15,Electronics,Smartphone,1543,2,3086,West Malaysia,Melaka,TNG eWallet
ORD13188,2025-12-24,Home,Coffee Maker,187,4,748,West Malaysia,Melaka,TNG eWallet
ORD13189,2025-11-16,Fashion,Backpack,99,2,198,West Malaysia,Perak,Credit Card
ORD13190,2025-08-30,Home,Office Chair,325,2,650,West Malaysia,Kuala Lumpur,GrabPay
ORD13191,2025-02-21,Home,Coffee Maker,736,3,2208,West Malaysia,Johor,GrabPay
ORD13192,2025-09-08,Home,Air Purifier,618,1,618,West Malaysia,Penang,GrabPay
ORD13194,2025-01-10,Fashion,Sneakers,112,3,336,West Malaysia,Melaka,Credit Card
ORD13195,2025-02-20,Electronics,Smartphone,3215,4,12860,West Malaysia,Selangor,GrabPay
ORD13196,2025-10-10,Home,Coffee Maker,614,2,1228,West Malaysia,Johor,GrabPay
ORD13199,2025-10-12,Electronics,Laptop,4180,2,8360,West Malaysia,Johor,Credit Card
ORD13201,2025-04-07,Electronics,Wireless Earbuds,3305,4,13220,West Malaysia,Kedah,TNG eWallet
ORD13204,2025-09-10,Fashion,Backpack,64,2,128,West Malaysia,Melaka,FPX
ORD13205,2025-11-22,Home,Coffee Maker,242,4,968,West Malaysia,Selangor,TNG eWallet
ORD13209,2025-02-22,Electronics,Smartphone,2159,4,8636,West Malaysia,Kuala Lumpur,GrabPay
ORD13210,2025-10-19,Electronics,Wireless Earbuds,3002,4,12008,West Malaysia,Pahang,TNG eWallet
ORD13211,2025-11-10,Home,Coffee Maker,513,4,2052,West Malaysia,Selangor,FPX
ORD13213,2025-07-01,Fashion,T-Shirt,259,2,518,West Malaysia,Perak,Credit Card
ORD13221,2025-01-12,Electronics,Smartwatch,3954,2,7908,West Malaysia,Selangor,TNG eWallet
ORD13224,2025-03-02,Home,Air Purifier,717,3,2151,West Malaysia,Johor,FPX
ORD13225,2025-07-17,Home,Desk Lamp,469,4,1876,West Malaysia,Melaka,TNG eWallet
ORD13227,2025-10-28,Fashion,Sneakers,347,1,347,West Malaysia,Penang,FPX
ORD13229,2025-05-15,Electronics,Smartwatch,626,4,2504,West Malaysia,Pahang,GrabPay
ORD13230,2025-07-29,Electronics,Smartwatch,2889,2,5778,West Malaysia,Pahang,Credit Card
ORD13231,2025-09-12,Home,Air Purifier,498,4,1992,West Malaysia,Johor,TNG eWallet
ORD13232,2025-11-19,Electronics,Smartphone,1970,3,5910,West Malaysia,Melaka,FPX
ORD13235,2025-05-21,Home,Coffee Maker,537,4,2148,West Malaysia,Kedah,GrabPay
ORD13236,2025-10-27,Home,Office Chair,594,3,1782,West Malaysia,Pahang,TNG eWallet
ORD13237,2025-05-29,Fashion,Sneakers,192,2,384,West Malaysia,Perak,FPX
ORD13240,2025-05-15,Home,Desk Lamp,532,4,2128,West Malaysia,Penang,FPX
ORD13242,2025-08-24,Fashion,Backpack,112,3,336,West Malaysia,Kedah,GrabPay
ORD13243,2025-08-12,Home,Office Chair,798,4,3192,West Malaysia,Johor,TNG eWallet
ORD13244,2025-10-14,Home,Office Chair,565,4,2260,West Malaysia,Pahang,FPX
ORD13245,2025-01-11,Electronics,Smartwatch,4386,1,4386,West Malaysia,Perak,TNG eWallet
ORD13251,2025-07-11,Fashion,T-Shirt,217,1,217,West Malaysia,Pahang,FPX
ORD13252,2025-11-14,Home,Coffee Maker,556,2,1112,West Malaysia,Perak,TNG eWallet
ORD13254,2025-10-05,Home,Coffee Maker,351,2,702,West Malaysia,Perak,GrabPay
ORD13255,2025-08-26,Home,Coffee Maker,447,3,1341,West Malaysia,Kuala Lumpur,TNG eWallet
ORD13259,2025-08-27,Home,Office Chair,673,3,2019,West Malaysia,Kedah,Credit Card
ORD13262,2025-04-18,Home,Coffee Maker,475,2,950,West Malaysia,Kedah,Credit Card
ORD13264,2025-05-24,Fashion,T-Shirt,196,4,784,West Malaysia,Pahang,GrabPay
ORD13265,2025-09-22,Electronics,Smartwatch,2046,4,8184,West Malaysia,Pahang,GrabPay
ORD13271,2026-01-01,Electronics,Wireless Earbuds,2826,2,5652,West Malaysia,Selangor,FPX
ORD13272,2025-11-19,Electronics,Smartphone,3949,4,15796,West Malaysia,Selangor,FPX
ORD13273,2025-01-23,Home,Air Purifier,375,3,1125,West Malaysia,Melaka,TNG eWallet
ORD13275,2025-06-19,Electronics,Wireless Earbuds,2904,1,2904,West Malaysia,Johor,FPX
ORD13276,2025-06-26,Fashion,Backpack,262,4,1048,West Malaysia,Perak,TNG eWallet
ORD13277,2025-02-07,Home,Coffee Maker,720,1,720,West Malaysia,Melaka,Credit Card
ORD13283,2025-11-24,Fashion,Backpack,223,2,446,West Malaysia,Johor,GrabPay
ORD13284,2025-09-02,Fashion,Sunglasses,320,1,320,West Malaysia,Kuala Lumpur,Credit Card
ORD13285,2025-01-28,Electronics,Smartwatch,2559,2,5118,West Malaysia,Perak,TNG eWallet
ORD13286,2025-02-06,Home,Desk Lamp,393,4,1572,West Malaysia,Kuala Lumpur,Credit Card
ORD13287,2025-06-02,Electronics,Laptop,2046,3,6138,West Malaysia,Selangor,FPX
ORD13288,2025-08-03,Home,Office Chair,653,1,653,West Malaysia,Selangor,Credit Card
ORD13289,2025-06-28,Home,Desk Lamp,440,1,440,West Malaysia,Johor,TNG eWallet
ORD13290,2025-02-13,Electronics,Wireless Earbuds,4055,3,12165,West Malaysia,Melaka,FPX
ORD13291,2025-03-10,Fashion,Sneakers,123,1,123,West Malaysia,Perak,GrabPay
ORD13292,2025-11-20,Home,Office Chair,382,4,1528,West Malaysia,Selangor,Credit Card
ORD13294,2025-09-17,Home,Air Purifier,661,4,2644,West Malaysia,Melaka,GrabPay
ORD13296,2025-11-17,Electronics,Smartwatch,2680,2,5360,West Malaysia,Kuala Lumpur,Credit Card
ORD13299,2025-05-30,Electronics,Wireless Earbuds,3829,3,11487,West Malaysia,Penang,GrabPay
ORD13300,2025-03-02,Electronics,Smartwatch,3122,1,3122,West Malaysia,Kedah,TNG eWallet
ORD13301,2025-06-07,Home,Air Purifier,517,3,1551,West Malaysia,Selangor,GrabPay
ORD13304,2025-01-27,Electronics,Smartphone,474,4,1896,West Malaysia,Kedah,Credit Card
ORD13305,2025-07-14,Fashion,Backpack,269,2,538,West Malaysia,Melaka,GrabPay
ORD13308,2025-07-01,Home,Desk Lamp,458,1,458,West Malaysia,Pahang,Credit Card
ORD13309,2025-05-09,Electronics,Smartphone,317,3,951,West Malaysia,Selangor,FPX
ORD13310,2025-01-19,Fashion,Sneakers,50,4,200,West Malaysia,Kedah,GrabPay
ORD13311,2025-10-26,Fashion,Backpack,373,3,1119,West Malaysia,Perak,GrabPay
ORD13313,2025-04-24,Electronics,Smartwatch,2982,3,8946,West Malaysia,Penang,TNG eWallet
ORD13317,2025-04-26,Fashion,Sunglasses,139,3,417,West Malaysia,Penang,FPX
ORD13321,2025-03-20,Fashion,T-Shirt,111,1,111,West Malaysia,Penang,Credit Card
ORD13322,2025-04-06,Home,Air Purifier,623,2,1246,West Malaysia,Selangor,Credit Card
ORD13324,2025-02-05,Electronics,Laptop,776,3,2328,West Malaysia,Penang,Credit Card
ORD13325,2025-01-18,Electronics,Smartphone,2356,1,2356,West Malaysia,Kuala Lumpur,TNG eWallet
ORD13326,2025-07-06,Electronics,Smartphone,4336,4,17344,West Malaysia,Kuala Lumpur,Credit Card
ORD13329,2025-02-24,Electronics,Wireless Earbuds,1252,4,5008,West Malaysia,Perak,Credit Card
ORD13330,2025-08-16,Home,Desk Lamp,126,1,126,West Malaysia,Melaka,TNG eWallet
ORD13333,2025-01-27,Home,Office Chair,127,3,381,West Malaysia,Perak,GrabPay
ORD13335,2025-11-24,Home,Air Purifier,514,2,1028,West Malaysia,Pahang,Credit Card
ORD13336,2025-02-25,Fashion,Backpack,293,1,293,West Malaysia,Kedah,GrabPay
ORD13337,2025-05-26,Home,Office Chair,359,3,1077,West Malaysia,Melaka,Credit Card
ORD13338,2025-03-18,Home,Air Purifier,561,4,2244,West Malaysia,Pahang,FPX
ORD13342,2025-01-27,Fashion,Sunglasses,174,3,522,West Malaysia,Penang,FPX
ORD13344,2025-06-09,Fashion,Sneakers,144,3,432,West Malaysia,Perak,Credit Card
ORD13346,2025-01-05,Home,Desk Lamp,706,1,706,West Malaysia,Selangor,FPX
ORD13348,2025-06-01,Fashion,Sneakers,50,3,150,West Malaysia,Perak,TNG eWallet
ORD13349,2025-02-07,Fashion,Backpack,118,3,354,West Malaysia,Melaka,TNG eWallet
ORD13351,2025-09-21,Electronics,Wireless Earbuds,3732,4,14928,West Malaysia,Johor,FPX
ORD13352,2025-05-07,Fashion,Backpack,196,2,392,West Malaysia,Pahang,TNG eWallet
ORD13355,2025-01-29,Fashion,Sunglasses,92,3,276,West Malaysia,Melaka,FPX
ORD13356,2025-02-13,Home,Office Chair,326,2,652,West Malaysia,Penang,Credit Card
ORD13357,2025-07-30,Home,Air Purifier,131,2,262,West Malaysia,Perak,FPX
ORD13358,2025-01-20,Fashion,Sunglasses,265,2,530,West Malaysia,Kedah,FPX
ORD13359,2025-09-13,Home,Air Purifier,112,2,224,West Malaysia,Melaka,TNG eWallet
ORD13361,2025-02-01,Electronics,Smartwatch,377,3,1131,West Malaysia,Kuala Lumpur,Credit Card
ORD13365,2025-10-23,Fashion,Sneakers,203,2,406,West Malaysia,Penang,FPX
ORD13370,2025-10-22,Home,Office Chair,131,1,131,West Malaysia,Perak,Credit Card
ORD13371,2025-08-31,Electronics,Laptop,3269,1,3269,West Malaysia,Melaka,Credit Card
ORD13372,2025-07-17,Fashion,Sneakers,64,3,192,West Malaysia,Johor,TNG eWallet
ORD13374,2025-08-30,Electronics,Smartphone,2873,1,2873,West Malaysia,Kedah,GrabPay
ORD13375,2025-12-28,Fashion,Sneakers,165,4,660,West Malaysia,Johor,FPX
ORD13376,2025-06-29,Electronics,Laptop,3115,2,6230,West Malaysia,Kedah,TNG eWallet
ORD13377,2025-12-09,Home,Air Purifier,480,3,1440,West Malaysia,Selangor,Credit Card
ORD13380,2025-07-05,Home,Desk Lamp,799,2,1598,West Malaysia,Pahang,FPX
ORD13381,2025-10-05,Electronics,Smartwatch,2861,2,5722,West Malaysia,Penang,TNG eWallet
ORD13383,2025-01-28,Fashion,T-Shirt,102,4,408,West Malaysia,Pahang,Credit Card
ORD13385,2025-08-08,Home,Air Purifier,115,3,345,West Malaysia,Melaka,GrabPay
ORD13388,2025-10-19,Home,Coffee Maker,499,4,1996,West Malaysia,Kedah,FPX
ORD13389,2025-12-27,Home,Coffee Maker,648,2,1296,West Malaysia,Pahang,GrabPay
ORD13391,2025-06-27,Fashion,T-Shirt,186,1,186,West Malaysia,Pahang,Credit Card
ORD13392,2025-03-07,Fashion,Backpack,275,3,825,West Malaysia,Pahang,Credit Card
ORD13394,2025-08-02,Home,Coffee Maker,691,2,1382,West Malaysia,Kuala Lumpur,FPX
ORD13396,2025-11-25,Electronics,Smartwatch,2980,4,11920,West Malaysia,Melaka,GrabPay
ORD13399,2025-12-16,Home,Desk Lamp,703,3,2109,West Malaysia,Pahang,Credit Card
ORD13401,2025-06-17,Electronics,Wireless Earbuds,3262,1,3262,West Malaysia,Melaka,Credit Card
ORD13402,2025-09-14,Electronics,Smartphone,2477,4,9908,West Malaysia,Penang,FPX
ORD13404,2025-12-03,Electronics,Smartphone,1609,3,4827,West Malaysia,Melaka,TNG eWallet
ORD13405,2025-03-13,Home,Desk Lamp,115,1,115,West Malaysia,Selangor,Credit Card
ORD13406,2025-02-17,Fashion,Sunglasses,390,4,1560,West Malaysia,Johor,Credit Card
ORD13408,2025-10-18,Home,Desk Lamp,546,1,546,West Malaysia,Selangor,TNG eWallet
ORD13409,2025-06-26,Home,Air Purifier,380,3,1140,West Malaysia,Selangor,TNG eWallet
ORD13413,2025-03-12,Fashion,Sunglasses,319,3,957,West Malaysia,Kedah,TNG eWallet
ORD13414,2025-02-18,Electronics,Smartwatch,4381,3,13143,West Malaysia,Kuala Lumpur,TNG eWallet
ORD13417,2025-02-16,Fashion,Sneakers,321,3,963,West Malaysia,Johor,FPX
ORD13418,2025-07-04,Fashion,Sunglasses,364,4,1456,West Malaysia,Penang,TNG eWallet
ORD13421,2025-07-08,Electronics,Smartwatch,666,1,666,West Malaysia,Melaka,TNG eWallet
ORD13423,2025-04-29,Electronics,Smartwatch,2143,1,2143,West Malaysia,Melaka,FPX
ORD13427,2025-04-16,Fashion,Sneakers,362,1,362,West Malaysia,Penang,Credit Card
ORD13430,2025-02-15,Electronics,Smartwatch,1195,4,4780,West Malaysia,Melaka,GrabPay
ORD13432,2025-06-05,Electronics,Smartwatch,3815,1,3815,West Malaysia,Perak,TNG eWallet
ORD13433,2025-05-31,Home,Air Purifier,139,1,139,West Malaysia,Kedah,FPX
ORD13434,2025-08-30,Fashion,Sunglasses,86,2,172,West Malaysia,Pahang,TNG eWallet
ORD13435,2025-03-01,Home,Coffee Maker,231,2,462,West Malaysia,Kedah,TNG eWallet
ORD13438,2025-05-07,Home,Office Chair,238,4,952,West Malaysia,Johor,Credit Card
ORD13441,2025-06-16,Home,Desk Lamp,306,1,306,West Malaysia,Kuala Lumpur,GrabPay
ORD13444,2025-11-03,Electronics,Wireless Earbuds,377,2,754,West Malaysia,Johor,GrabPay
ORD13445,2025-10-29,Fashion,Sneakers,230,2,460,West Malaysia,Johor,FPX
ORD13447,2025-02-09,Fashion,T-Shirt,138,2,276,West Malaysia,Johor,FPX
ORD13448,2025-06-14,Fashion,T-Shirt,188,2,376,West Malaysia,Selangor,GrabPay
ORD13449,2025-05-28,Fashion,Sneakers,388,4,1552,West Malaysia,Pahang,GrabPay
ORD13451,2025-05-08,Fashion,T-Shirt,181,4,724,West Malaysia,Pahang,TNG eWallet
ORD13454,2025-08-12,Home,Air Purifier,676,3,2028,West Malaysia,Melaka,FPX
ORD13455,2025-11-10,Fashion,Backpack,135,2,270,West Malaysia,Pahang,Credit Card
ORD13456,2025-05-22,Fashion,T-Shirt,166,1,166,West Malaysia,Selangor,Credit Card
ORD13458,2025-01-23,Home,Office Chair,581,1,581,West Malaysia,Kedah,FPX
ORD13460,2025-09-07,Home,Desk Lamp,465,4,1860,West Malaysia,Penang,TNG eWallet
ORD13466,2025-09-27,Fashion,Sneakers,126,2,252,West Malaysia,Melaka,TNG eWallet
ORD13467,2025-02-21,Home,Coffee Maker,211,3,633,West Malaysia,Pahang,Credit Card
ORD13473,2025-07-21,Home,Air Purifier,728,1,728,West Malaysia,Melaka,TNG eWallet
ORD13480,2025-01-16,Home,Desk Lamp,778,3,2334,West Malaysia,Kuala Lumpur,TNG eWallet
ORD13481,2025-04-24,Electronics,Wireless Earbuds,2710,4,10840,West Malaysia,Kedah,Credit Card
ORD13482,2025-09-29,Electronics,Wireless Earbuds,981,4,3924,West Malaysia,Penang,TNG eWallet
ORD13484,2025-02-22,Home,Office Chair,403,1,403,West Malaysia,Pahang,GrabPay
ORD13486,2025-09-16,Electronics,Smartwatch,1571,1,1571,West Malaysia,Johor,GrabPay
ORD13487,2025-04-10,Fashion,Sneakers,150,4,600,West Malaysia,Penang,TNG eWallet
ORD13489,2025-05-10,Fashion,Sunglasses,389,3,1167,West Malaysia,Melaka,Credit Card
ORD13490,2025-09-14,Electronics,Wireless Earbuds,576,4,2304,West Malaysia,Pahang,FPX
ORD13491,2025-06-07,Home,Desk Lamp,207,2,414,West Malaysia,Selangor,FPX
ORD13494,2025-11-11,Fashion,Sunglasses,368,2,736,West Malaysia,Kuala Lumpur,Credit Card
ORD13495,2025-07-15,Fashion,T-Shirt,149,2,298,West Malaysia,Kuala Lumpur,Credit Card
ORD13496,2025-05-23,Fashion,Sneakers,58,3,174,West Malaysia,Johor,GrabPay
ORD13497,2025-02-11,Electronics,Wireless Earbuds,4377,4,17508,West Malaysia,Pahang,FPX
ORD13498,2025-11-22,Electronics,Smartphone,2946,4,11784,West Malaysia,Kedah,FPX
ORD13501,2025-06-08,Home,Desk Lamp,473,1,473,West Malaysia,Pahang,GrabPay
ORD13503,2025-11-06,Fashion,Sunglasses,246,4,984,West Malaysia,Selangor,GrabPay
ORD13504,2025-10-04,Electronics,Smartphone,933,2,1866,West Malaysia,Kedah,TNG eWallet
ORD13505,2025-02-03,Fashion,Sunglasses,380,2,760,West Malaysia,Selangor,FPX
ORD13506,2025-07-03,Electronics,Smartphone,2790,1,2790,West Malaysia,Pahang,TNG eWallet
ORD13507,2025-11-25,Electronics,Laptop,2005,1,2005,West Malaysia,Melaka,GrabPay
ORD13510,2025-07-17,Fashion,Sunglasses,107,1,107,West Malaysia,Perak,TNG eWallet
ORD13513,2025-05-17,Electronics,Wireless Earbuds,1662,1,1662,West Malaysia,Kedah,Credit Card
ORD13514,2025-04-24,Home,Air Purifier,779,1,779,West Malaysia,Kuala Lumpur,GrabPay
ORD13515,2025-12-31,Fashion,Backpack,246,4,984,West Malaysia,Perak,GrabPay
ORD13516,2025-04-06,Home,Coffee Maker,723,3,2169,West Malaysia,Perak,Credit Card
ORD13517,2025-07-10,Electronics,Smartphone,3530,2,7060,West Malaysia,Johor,GrabPay
ORD13518,2025-12-14,Home,Desk Lamp,492,3,1476,West Malaysia,Melaka,TNG eWallet
ORD13521,2025-04-29,Fashion,Sneakers,257,4,1028,West Malaysia,Johor,TNG eWallet
ORD13523,2025-08-20,Electronics,Laptop,3143,3,9429,West Malaysia,Johor,TNG eWallet
ORD13524,2025-05-13,Electronics,Wireless Earbuds,3560,1,3560,West Malaysia,Kuala Lumpur,FPX
ORD13527,2025-02-01,Electronics,Smartwatch,2311,2,4622,West Malaysia,Perak,TNG eWallet
ORD13528,2025-04-23,Electronics,Laptop,3375,1,3375,West Malaysia,Kedah,Credit Card
ORD13529,2025-03-24,Fashion,Sunglasses,392,2,784,West Malaysia,Melaka,GrabPay
ORD13530,2025-03-26,Home,Air Purifier,666,4,2664,West Malaysia,Melaka,TNG eWallet
ORD13531,2025-06-28,Home,Coffee Maker,723,2,1446,West Malaysia,Penang,TNG eWallet
ORD13532,2025-07-10,Electronics,Smartphone,4116,3,12348,West Malaysia,Melaka,FPX
ORD13533,2025-10-29,Home,Office Chair,489,3,1467,West Malaysia,Perak,GrabPay
ORD13537,2025-12-16,Electronics,Smartwatch,3782,4,15128,West Malaysia,Penang,TNG eWallet
ORD13538,2025-11-13,Home,Office Chair,626,2,1252,West Malaysia,Kedah,TNG eWallet
ORD13539,2025-08-17,Electronics,Smartphone,1353,3,4059,West Malaysia,Johor,Credit Card
ORD13540,2025-11-08,Fashion,T-Shirt,284,4,1136,West Malaysia,Johor,GrabPay
ORD13544,2025-03-08,Electronics,Smartwatch,577,4,2308,West Malaysia,Kuala Lumpur,Credit Card
ORD13546,2025-05-06,Fashion,Sunglasses,290,1,290,West Malaysia,Pahang,FPX
ORD13549,2025-10-24,Electronics,Laptop,449,1,449,West Malaysia,Kuala Lumpur,Credit Card
ORD13550,2025-11-16,Home,Coffee Maker,118,3,354,West Malaysia,Penang,TNG eWallet
ORD13552,2025-02-21,Electronics,Smartphone,859,1,859,West Malaysia,Perak,TNG eWallet
ORD13553,2025-03-03,Fashion,Backpack,365,3,1095,West Malaysia,Melaka,TNG eWallet
ORD13554,2025-10-21,Fashion,T-Shirt,272,4,1088,West Malaysia,Kedah,TNG eWallet
ORD13556,2025-06-27,Electronics,Smartphone,1013,2,2026,West Malaysia,Penang,Credit Card
ORD13557,2025-09-07,Home,Coffee Maker,298,4,1192,West Malaysia,Perak,GrabPay
ORD13559,2025-06-11,Home,Air Purifier,754,4,3016,West Malaysia,Kedah,GrabPay
ORD13560,2025-04-14,Home,Air Purifier,271,3,813,West Malaysia,Johor,FPX
ORD13564,2025-12-09,Home,Desk Lamp,589,4,2356,West Malaysia,Pahang,Credit Card
ORD13566,2025-08-16,Home,Air Purifier,701,3,2103,West Malaysia,Perak,Credit Card
ORD13568,2025-08-13,Home,Office Chair,150,1,150,West Malaysia,Perak,Credit Card
ORD13573,2025-10-24,Fashion,Sneakers,158,2,316,West Malaysia,Perak,Credit Card
ORD13574,2025-07-05,Electronics,Laptop,1414,1,1414,West Malaysia,Melaka,Credit Card
ORD13576,2025-04-28,Fashion,Sunglasses,391,2,782,West Malaysia,Selangor,Credit Card
ORD13577,2025-12-22,Electronics,Smartphone,742,2,1484,West Malaysia,Kuala Lumpur,FPX
ORD13580,2025-09-06,Electronics,Smartwatch,1168,1,1168,West Malaysia,Melaka,GrabPay
ORD13581,2025-10-07,Home,Coffee Maker,797,3,2391,West Malaysia,Melaka,TNG eWallet
ORD13586,2025-04-30,Fashion,Backpack,96,2,192,West Malaysia,Perak,TNG eWallet
ORD13587,2025-06-29,Electronics,Laptop,549,2,1098,West Malaysia,Selangor,GrabPay
ORD13589,2025-08-25,Electronics,Smartwatch,2492,4,9968,West Malaysia,Perak,GrabPay
ORD13593,2025-06-05,Electronics,Smartphone,4056,1,4056,West Malaysia,Melaka,TNG eWallet
ORD13594,2025-02-14,Electronics,Smartphone,2798,2,5596,West Malaysia,Kedah,Credit Card
ORD13595,2025-08-05,Electronics,Smartphone,1312,2,2624,West Malaysia,Kedah,TNG eWallet
ORD13597,2025-03-11,Fashion,Backpack,87,2,174,West Malaysia,Kuala Lumpur,GrabPay
ORD13603,2025-01-28,Home,Coffee Maker,535,3,1605,West Malaysia,Perak,FPX
ORD13605,2025-02-24,Fashion,Sneakers,291,1,291,West Malaysia,Perak,GrabPay
ORD13609,2025-12-21,Electronics,Wireless Earbuds,495,3,1485,West Malaysia,Melaka,TNG eWallet
ORD13613,2025-11-21,Home,Air Purifier,396,3,1188,West Malaysia,Melaka,GrabPay
ORD13614,2025-03-24,Electronics,Smartphone,1337,2,2674,West Malaysia,Kuala Lumpur,GrabPay
ORD13616,2025-03-19,Fashion,Backpack,230,3,690,West Malaysia,Johor,Credit Card
ORD13617,2025-07-10,Fashion,Sneakers,255,4,1020,West Malaysia,Johor,FPX
ORD13618,2025-06-04,Fashion,Sneakers,224,4,896,West Malaysia,Kuala Lumpur,GrabPay
ORD13619,2025-08-30,Fashion,Backpack,98,3,294,West Malaysia,Kedah,FPX
ORD13621,2025-07-05,Fashion,Sneakers,386,2,772,West Malaysia,Melaka,TNG eWallet
ORD13622,2025-12-02,Home,Desk Lamp,279,1,279,West Malaysia,Melaka,Credit Card
ORD13623,2025-07-01,Home,Office Chair,621,3,1863,West Malaysia,Kedah,GrabPay
ORD13628,2025-11-20,Electronics,Laptop,2617,2,5234,West Malaysia,Melaka,Credit Card
ORD13632,2025-06-16,Electronics,Laptop,3297,3,9891,West Malaysia,Penang,TNG eWallet
ORD13635,2025-06-04,Home,Desk Lamp,707,3,2121,West Malaysia,Kedah,Credit Card
ORD13637,2025-02-14,Electronics,Laptop,2274,4,9096,West Malaysia,Selangor,FPX
ORD13640,2025-01-30,Fashion,Backpack,373,1,373,West Malaysia,Kedah,FPX
ORD13641,2025-03-21,Home,Desk Lamp,215,4,860,West Malaysia,Melaka,Credit Card
ORD13644,2025-11-04,Home,Desk Lamp,580,4,2320,West Malaysia,Kuala Lumpur,Credit Card
ORD13645,2025-01-16,Fashion,Sunglasses,71,4,284,West Malaysia,Johor,Credit Card
ORD13646,2025-07-18,Electronics,Smartwatch,3120,4,12480,West Malaysia,Kedah,TNG eWallet
ORD13647,2025-01-20,Home,Coffee Maker,210,1,210,West Malaysia,Selangor,TNG eWallet
ORD13648,2025-10-05,Electronics,Wireless Earbuds,2860,2,5720,West Malaysia,Pahang,GrabPay
ORD13655,2025-01-27,Electronics,Wireless Earbuds,4407,2,8814,West Malaysia,Perak,GrabPay
ORD13656,2025-03-25,Fashion,Sneakers,172,2,344,West Malaysia,Selangor,GrabPay
ORD13657,2025-05-31,Home,Desk Lamp,323,3,969,West Malaysia,Kuala Lumpur,TNG eWallet
ORD13659,2025-11-24,Home,Coffee Maker,493,4,1972,West Malaysia,Kedah,Credit Card
ORD13664,2025-09-15,Fashion,Sunglasses,348,2,696,West Malaysia,Penang,Credit Card
ORD13667,2025-08-12,Home,Office Chair,185,1,185,West Malaysia,Kuala Lumpur,GrabPay
ORD13670,2025-10-31,Electronics,Smartwatch,672,1,672,West Malaysia,Johor,FPX
ORD13674,2025-07-13,Fashion,Sneakers,144,2,288,West Malaysia,Pahang,Credit Card
ORD13676,2025-10-25,Fashion,Backpack,216,3,648,West Malaysia,Penang,Credit Card
ORD13677,2025-03-13,Electronics,Laptop,3745,4,14980,West Malaysia,Penang,TNG eWallet
ORD13678,2025-12-09,Electronics,Smartphone,1580,3,4740,West Malaysia,Selangor,Credit Card
ORD13679,2025-09-05,Fashion,T-Shirt,53,3,159,West Malaysia,Pahang,TNG eWallet
ORD13680,2025-12-23,Fashion,Sneakers,382,2,764,West Malaysia,Pahang,FPX
ORD13681,2025-04-22,Fashion,T-Shirt,304,4,1216,West Malaysia,Johor,Credit Card
ORD13683,2025-08-16,Home,Air Purifier,389,4,1556,West Malaysia,Kedah,GrabPay
ORD13686,2025-06-06,Electronics,Laptop,3862,3,11586,West Malaysia,Perak,TNG eWallet
ORD13687,2025-11-13,Electronics,Wireless Earbuds,1102,2,2204,West Malaysia,Perak,FPX
ORD13688,2025-06-29,Electronics,Smartphone,4247,2,8494,West Malaysia,Penang,GrabPay
ORD13689,2025-05-02,Fashion,Backpack,391,3,1173,West Malaysia,Perak,FPX
ORD13690,2025-05-06,Electronics,Smartphone,4038,1,4038,West Malaysia,Selangor,FPX
ORD13691,2025-09-10,Home,Desk Lamp,452,4,1808,West Malaysia,Kedah,Credit Card
ORD13695,2025-12-11,Electronics,Laptop,4050,3,12150,West Malaysia,Kedah,Credit Card
ORD13697,2025-07-22,Fashion,Backpack,390,1,390,West Malaysia,Perak,Credit Card
ORD13698,2025-04-07,Fashion,T-Shirt,148,4,592,West Malaysia,Pahang,GrabPay
ORD13701,2025-11-17,Home,Coffee Maker,221,4,884,West Malaysia,Kuala Lumpur,FPX
ORD13702,2025-08-28,Home,Air Purifier,299,4,1196,West Malaysia,Melaka,TNG eWallet
ORD13705,2025-01-12,Electronics,Smartphone,982,1,982,West Malaysia,Selangor,GrabPay
ORD13706,2025-06-14,Fashion,T-Shirt,139,4,556,West Malaysia,Melaka,TNG eWallet
ORD13707,2025-01-05,Home,Office Chair,442,4,1768,West Malaysia,Melaka,GrabPay
ORD13712,2025-07-05,Fashion,T-Shirt,55,3,165,West Malaysia,Perak,TNG eWallet
ORD13714,2025-07-31,Electronics,Wireless Earbuds,1466,4,5864,West Malaysia,Penang,TNG eWallet
ORD13715,2025-10-23,Home,Desk Lamp,694,1,694,West Malaysia,Melaka,FPX
ORD13716,2025-11-09,Electronics,Wireless Earbuds,3352,1,3352,West Malaysia,Selangor,TNG eWallet
ORD13718,2025-10-29,Electronics,Smartwatch,1590,4,6360,West Malaysia,Melaka,GrabPay
ORD13724,2025-01-09,Fashion,Sunglasses,305,3,915,West Malaysia,Johor,GrabPay
ORD13725,2025-12-03,Fashion,Sunglasses,91,2,182,West Malaysia,Melaka,GrabPay
ORD13727,2025-01-11,Home,Coffee Maker,189,3,567,West Malaysia,Penang,Credit Card
ORD13728,2025-03-03,Fashion,T-Shirt,271,4,1084,West Malaysia,Kedah,TNG eWallet
ORD13730,2025-07-16,Fashion,Backpack,315,3,945,West Malaysia,Pahang,GrabPay
ORD13731,2025-06-06,Electronics,Smartphone,1363,4,5452,West Malaysia,Melaka,GrabPay
ORD13734,2025-02-05,Home,Coffee Maker,682,3,2046,West Malaysia,Penang,TNG eWallet
ORD13737,2025-04-23,Home,Coffee Maker,442,1,442,West Malaysia,Penang,TNG eWallet
ORD13739,2025-04-06,Fashion,Sunglasses,170,4,680,West Malaysia,Penang,GrabPay
ORD13740,2025-06-03,Electronics,Wireless Earbuds,3218,4,12872,West Malaysia,Johor,Credit Card
ORD13741,2025-06-27,Electronics,Wireless Earbuds,1017,3,3051,West Malaysia,Perak,FPX
ORD13742,2025-12-08,Fashion,Backpack,343,3,1029,West Malaysia,Penang,Credit Card
ORD13750,2025-11-03,Fashion,Sneakers,393,2,786,West Malaysia,Melaka,GrabPay
ORD13752,2025-05-20,Home,Coffee Maker,437,2,874,West Malaysia,Johor,TNG eWallet
ORD13758,2025-06-05,Home,Office Chair,323,1,323,West Malaysia,Pahang,Credit Card
ORD13759,2025-03-17,Fashion,Sunglasses,126,2,252,West Malaysia,Melaka,Credit Card
ORD13760,2025-05-01,Electronics,Laptop,4423,3,13269,West Malaysia,Johor,FPX
ORD13763,2025-05-01,Electronics,Wireless Earbuds,2843,2,5686,West Malaysia,Kedah,GrabPay
ORD13774,2025-12-26,Home,Office Chair,104,4,416,West Malaysia,Perak,TNG eWallet
ORD13776,2025-08-11,Electronics,Smartphone,404,2,808,West Malaysia,Pahang,Credit Card
ORD13777,2025-12-30,Electronics,Smartphone,1458,3,4374,West Malaysia,Johor,TNG eWallet
ORD13778,2025-08-08,Fashion,T-Shirt,93,3,279,West Malaysia,Kedah,FPX
ORD13781,2025-02-23,Electronics,Smartwatch,4395,2,8790,West Malaysia,Penang,Credit Card
ORD13782,2025-04-13,Electronics,Wireless Earbuds,2050,1,2050,West Malaysia,Selangor,Credit Card
ORD13783,2025-10-20,Fashion,Sneakers,364,4,1456,West Malaysia,Selangor,FPX
ORD13784,2025-11-26,Fashion,Backpack,217,4,868,West Malaysia,Perak,TNG eWallet
ORD13785,2025-12-12,Fashion,Backpack,235,3,705,West Malaysia,Pahang,TNG eWallet
ORD13786,2025-10-23,Home,Air Purifier,787,2,1574,West Malaysia,Selangor,FPX
ORD13787,2025-05-28,Fashion,Sunglasses,115,3,345,West Malaysia,Pahang,TNG eWallet
ORD13791,2025-04-09,Electronics,Laptop,2106,1,2106,West Malaysia,Penang,Credit Card
ORD13795,2025-02-16,Home,Office Chair,459,3,1377,West Malaysia,Perak,Credit Card
ORD13796,2025-04-25,Fashion,Sneakers,232,2,464,West Malaysia,Selangor,Credit Card
ORD13799,2025-11-09,Home,Office Chair,664,2,1328,West Malaysia,Melaka,FPX
ORD13800,2025-06-06,Electronics,Smartphone,965,3,2895,West Malaysia,Perak,FPX
ORD13801,2025-02-07,Home,Desk Lamp,161,1,161,West Malaysia,Penang,Credit Card
ORD13802,2025-04-24,Home,Coffee Maker,601,4,2404,West Malaysia,Johor,Credit Card
ORD13803,2025-04-24,Home,Office Chair,614,1,614,West Malaysia,Selangor,GrabPay
ORD13805,2025-12-31,Electronics,Smartphone,2459,2,4918,West Malaysia,Kuala Lumpur,TNG eWallet
ORD13806,2025-02-16,Electronics,Smartwatch,408,1,408,West Malaysia,Johor,Credit Card
ORD13808,2025-07-02,Electronics,Laptop,1888,2,3776,West Malaysia,Melaka,Credit Card
ORD13811,2025-06-29,Home,Office Chair,278,3,834,West Malaysia,Kuala Lumpur,GrabPay
ORD13813,2025-03-19,Fashion,Sneakers,212,3,636,West Malaysia,Penang,Credit Card
ORD13814,2025-05-04,Electronics,Smartphone,1303,4,5212,West Malaysia,Johor,FPX
ORD13815,2025-01-01,Electronics,Smartwatch,2389,2,4778,West Malaysia,Kedah,FPX
ORD13816,2025-10-02,Electronics,Laptop,2375,1,2375,West Malaysia,Selangor,FPX
ORD13817,2025-08-11,Fashion,T-Shirt,58,1,58,West Malaysia,Selangor,TNG eWallet
ORD13820,2025-01-20,Electronics,Smartphone,1731,1,1731,West Malaysia,Melaka,GrabPay
ORD13824,2025-03-15,Fashion,Sneakers,325,2,650,West Malaysia,Selangor,FPX
ORD13826,2025-02-26,Home,Coffee Maker,679,3,2037,West Malaysia,Selangor,FPX
ORD13827,2025-07-30,Fashion,T-Shirt,107,2,214,West Malaysia,Johor,TNG eWallet
ORD13828,2025-01-28,Fashion,Sunglasses,394,4,1576,West Malaysia,Pahang,TNG eWallet
ORD13830,2025-04-23,Electronics,Laptop,2858,4,11432,West Malaysia,Penang,FPX
ORD13831,2025-08-08,Fashion,Backpack,171,1,171,West Malaysia,Kuala Lumpur,Credit Card
ORD13833,2025-01-13,Home,Air Purifier,171,2,342,West Malaysia,Melaka,FPX
ORD13836,2025-11-27,Electronics,Smartwatch,4322,3,12966,West Malaysia,Johor,FPX
ORD13842,2025-08-21,Electronics,Laptop,2717,1,2717,West Malaysia,Kedah,GrabPay
ORD13844,2025-01-06,Fashion,Backpack,73,1,73,West Malaysia,Johor,FPX
ORD13845,2025-06-27,Electronics,Smartphone,2604,3,7812,West Malaysia,Kedah,FPX
ORD13846,2025-06-06,Electronics,Wireless Earbuds,2844,3,8532,West Malaysia,Kedah,GrabPay
ORD13847,2025-06-17,Home,Office Chair,246,4,984,West Malaysia,Pahang,TNG eWallet
ORD13848,2025-08-02,Home,Air Purifier,514,4,2056,West Malaysia,Penang,FPX
ORD13849,2025-02-19,Electronics,Wireless Earbuds,2738,3,8214,West Malaysia,Melaka,Credit Card
ORD13853,2025-07-15,Electronics,Laptop,1261,4,5044,West Malaysia,Johor,TNG eWallet
ORD13856,2025-01-28,Home,Coffee Maker,644,3,1932,West Malaysia,Pahang,Credit Card
ORD13859,2025-03-25,Electronics,Smartwatch,1572,2,3144,West Malaysia,Kedah,Credit Card
ORD13863,2025-03-28,Electronics,Smartwatch,774,2,1548,West Malaysia,Perak,TNG eWallet
ORD13864,2025-02-02,Home,Air Purifier,281,4,1124,West Malaysia,Kuala Lumpur,GrabPay
ORD13866,2025-03-12,Fashion,T-Shirt,62,2,124,West Malaysia,Johor,Credit Card
ORD13867,2025-09-14,Home,Office Chair,725,1,725,West Malaysia,Penang,GrabPay
ORD13868,2025-01-17,Home,Desk Lamp,674,3,2022,West Malaysia,Pahang,GrabPay
ORD13869,2025-12-25,Fashion,T-Shirt,288,1,288,West Malaysia,Melaka,Credit Card
ORD13871,2025-09-01,Electronics,Wireless Earbuds,1608,2,3216,West Malaysia,Johor,GrabPay
ORD13877,2025-08-26,Electronics,Smartwatch,3748,1,3748,West Malaysia,Kedah,FPX
ORD13878,2025-12-18,Electronics,Smartphone,4113,1,4113,West Malaysia,Melaka,FPX
ORD13879,2025-08-06,Fashion,Sunglasses,238,2,476,West Malaysia,Johor,TNG eWallet
ORD13880,2025-03-30,Fashion,Backpack,65,1,65,West Malaysia,Kuala Lumpur,TNG eWallet
ORD13881,2025-01-31,Fashion,Backpack,80,3,240,West Malaysia,Penang,TNG eWallet
ORD13885,2025-04-23,Home,Desk Lamp,350,2,700,West Malaysia,Kuala Lumpur,TNG eWallet
ORD13886,2025-09-23,Home,Coffee Maker,154,4,616,West Malaysia,Penang,GrabPay
ORD13887,2025-04-29,Home,Desk Lamp,652,3,1956,West Malaysia,Melaka,Credit Card
ORD13889,2025-10-08,Electronics,Wireless Earbuds,3645,4,14580,West Malaysia,Johor,FPX
ORD13892,2025-11-11,Home,Air Purifier,235,1,235,West Malaysia,Perak,Credit Card
ORD13893,2025-03-20,Home,Air Purifier,230,2,460,West Malaysia,Selangor,FPX
ORD13894,2025-03-22,Electronics,Smartwatch,4328,2,8656,West Malaysia,Kuala Lumpur,FPX
ORD13898,2025-05-09,Home,Office Chair,407,1,407,West Malaysia,Selangor,TNG eWallet
ORD13899,2025-02-23,Home,Air Purifier,259,2,518,West Malaysia,Perak,Credit Card
ORD13900,2025-09-12,Home,Desk Lamp,155,4,620,West Malaysia,Penang,GrabPay
ORD13901,2025-12-24,Electronics,Wireless Earbuds,3443,4,13772,West Malaysia,Pahang,FPX
ORD13902,2025-10-19,Home,Air Purifier,690,3,2070,West Malaysia,Selangor,Credit Card
ORD13903,2025-11-03,Fashion,T-Shirt,355,4,1420,West Malaysia,Penang,FPX
ORD13904,2025-09-12,Fashion,Backpack,312,3,936,West Malaysia,Melaka,GrabPay
ORD13908,2025-07-25,Home,Desk Lamp,616,1,616,West Malaysia,Kuala Lumpur,Credit Card
ORD13912,2025-08-18,Electronics,Smartwatch,4241,1,4241,West Malaysia,Johor,Credit Card
ORD13916,2025-03-11,Fashion,Sunglasses,284,3,852,West Malaysia,Perak,Credit Card
ORD13917,2025-11-28,Home,Air Purifier,347,3,1041,West Malaysia,Kedah,TNG eWallet
ORD13918,2025-08-18,Fashion,Backpack,354,3,1062,West Malaysia,Kedah,GrabPay
ORD13920,2025-06-03,Electronics,Smartphone,4131,4,16524,West Malaysia,Melaka,GrabPay
ORD13922,2025-02-18,Fashion,Sneakers,246,1,246,West Malaysia,Penang,TNG eWallet
ORD13925,2025-01-20,Fashion,Backpack,145,4,580,West Malaysia,Kuala Lumpur,TNG eWallet
ORD13926,2025-07-28,Electronics,Smartwatch,2563,3,7689,West Malaysia,Selangor,FPX
ORD13927,2025-09-02,Electronics,Smartwatch,2105,4,8420,West Malaysia,Selangor,FPX
ORD13929,2025-01-13,Electronics,Laptop,486,1,486,West Malaysia,Kedah,GrabPay
ORD13930,2025-06-12,Fashion,Sunglasses,372,2,744,West Malaysia,Selangor,Credit Card
ORD13934,2025-03-14,Fashion,T-Shirt,89,1,89,West Malaysia,Kedah,FPX
ORD13937,2025-04-29,Fashion,Sunglasses,96,1,96,West Malaysia,Pahang,FPX
ORD13938,2025-01-15,Home,Office Chair,612,1,612,West Malaysia,Penang,Credit Card
ORD13940,2025-12-13,Fashion,Sunglasses,257,4,1028,West Malaysia,Melaka,GrabPay
ORD13942,2025-08-17,Electronics,Laptop,2952,2,5904,West Malaysia,Johor,FPX
ORD13944,2025-01-16,Home,Air Purifier,570,3,1710,West Malaysia,Melaka,GrabPay
ORD13947,2025-02-27,Fashion,Sunglasses,349,3,1047,West Malaysia,Johor,GrabPay
ORD13949,2025-06-07,Electronics,Laptop,3834,2,7668,West Malaysia,Johor,Credit Card
ORD13950,2025-06-22,Fashion,Backpack,220,2,440,West Malaysia,Pahang,GrabPay
ORD13952,2025-03-22,Electronics,Smartwatch,1509,4,6036,West Malaysia,Kuala Lumpur,FPX
ORD13953,2025-05-03,Fashion,Sunglasses,182,2,364,West Malaysia,Penang,FPX
ORD13957,2025-12-30,Home,Desk Lamp,208,3,624,West Malaysia,Kedah,TNG eWallet
ORD13958,2025-08-20,Fashion,Sunglasses,178,2,356,West Malaysia,Melaka,TNG eWallet
ORD13962,2025-06-22,Home,Office Chair,402,4,1608,West Malaysia,Kedah,FPX
ORD13967,2025-10-12,Fashion,T-Shirt,357,1,357,West Malaysia,Perak,FPX
ORD13968,2025-03-21,Electronics,Smartphone,1906,3,5718,West Malaysia,Pahang,Credit Card
ORD13969,2025-10-14,Home,Coffee Maker,277,1,277,West Malaysia,Perak,Credit Card
ORD13971,2025-10-09,Fashion,Backpack,206,1,206,West Malaysia,Melaka,Credit Card
ORD13972,2025-02-19,Electronics,Laptop,957,1,957,West Malaysia,Perak,FPX
ORD13973,2025-09-03,Home,Office Chair,308,3,924,West Malaysia,Pahang,GrabPay
ORD13980,2025-07-17,Home,Coffee Maker,305,1,305,West Malaysia,Kuala Lumpur,Credit Card
ORD13981,2025-05-03,Fashion,Sunglasses,218,4,872,West Malaysia,Kedah,GrabPay
ORD13984,2025-06-03,Fashion,Sneakers,273,2,546,West Malaysia,Selangor,FPX
ORD13985,2025-04-12,Home,Air Purifier,197,3,591,West Malaysia,Melaka,Credit Card
ORD13987,2025-10-24,Electronics,Laptop,3984,3,11952,West Malaysia,Melaka,TNG eWallet
ORD13988,2025-05-30,Fashion,T-Shirt,352,1,352,West Malaysia,Johor,TNG eWallet
ORD13990,2025-08-16,Electronics,Laptop,3362,2,6724,West Malaysia,Melaka,TNG eWallet
ORD13991,2025-07-04,Electronics,Wireless Earbuds,333,2,666,West Malaysia,Penang,Credit Card
ORD13992,2025-01-20,Fashion,Sneakers,152,4,608,West Malaysia,Perak,GrabPay
ORD13994,2025-08-05,Fashion,Backpack,376,3,1128,West Malaysia,Pahang,Credit Card
ORD13995,2025-05-02,Home,Desk Lamp,737,3,2211,West Malaysia,Pahang,TNG eWallet
ORD13996,2025-04-15,Electronics,Smartwatch,1811,4,7244,West Malaysia,Perak,Credit Card
ORD13998,2025-07-24,Electronics,Laptop,2886,1,2886,West Malaysia,Johor,Credit Card
ORD14000,2025-03-08,Electronics,Smartphone,1540,3,4620,West Malaysia,Johor,FPX
ORD14003,2025-09-26,Home,Coffee Maker,662,2,1324,West Malaysia,Johor,GrabPay
ORD14004,2025-07-04,Electronics,Smartwatch,4048,1,4048,West Malaysia,Johor,Credit Card
ORD14005,2025-03-24,Fashion,Backpack,387,3,1161,West Malaysia,Johor,Credit Card
ORD14006,2025-03-08,Home,Office Chair,753,1,753,West Malaysia,Kuala Lumpur,TNG eWallet
ORD14007,2026-01-01,Home,Air Purifier,270,2,540,West Malaysia,Selangor,FPX
ORD14011,2025-02-05,Fashion,Backpack,169,2,338,West Malaysia,Penang,GrabPay
ORD14015,2025-04-24,Home,Air Purifier,738,2,1476,West Malaysia,Kedah,FPX
ORD14017,2025-06-25,Electronics,Smartphone,2105,1,2105,West Malaysia,Pahang,FPX
ORD14021,2025-04-10,Electronics,Laptop,1878,4,7512,West Malaysia,Kuala Lumpur,TNG eWallet
ORD14024,2025-09-01,Fashion,T-Shirt,159,3,477,West Malaysia,Johor,GrabPay
ORD14027,2025-07-27,Electronics,Smartphone,1740,3,5220,West Malaysia,Penang,FPX
ORD14031,2025-09-16,Electronics,Wireless Earbuds,624,3,1872,West Malaysia,Pahang,FPX
ORD14032,2025-03-13,Fashion,Sneakers,155,4,620,West Malaysia,Kuala Lumpur,Credit Card
ORD14034,2025-01-04,Fashion,Sneakers,116,1,116,West Malaysia,Pahang,Credit Card
ORD14036,2025-02-03,Electronics,Smartwatch,1757,1,1757,West Malaysia,Selangor,TNG eWallet
ORD14037,2025-11-11,Electronics,Wireless Earbuds,1056,2,2112,West Malaysia,Melaka,Credit Card
ORD14039,2025-02-25,Home,Office Chair,159,2,318,West Malaysia,Melaka,TNG eWallet
ORD14040,2025-09-02,Fashion,T-Shirt,148,1,148,West Malaysia,Kuala Lumpur,GrabPay
ORD14045,2025-08-08,Electronics,Laptop,2533,2,5066,West Malaysia,Melaka,FPX
ORD14049,2025-11-07,Electronics,Laptop,589,2,1178,West Malaysia,Kedah,Credit Card
ORD14051,2025-12-14,Electronics,Smartwatch,3376,2,6752,West Malaysia,Perak,GrabPay
ORD14057,2025-10-22,Home,Desk Lamp,592,3,1776,West Malaysia,Selangor,GrabPay
ORD14059,2026-01-01,Fashion,Sunglasses,169,1,169,West Malaysia,Melaka,Credit Card
ORD14060,2025-09-26,Home,Office Chair,519,1,519,West Malaysia,Melaka,Credit Card
ORD14061,2025-08-20,Home,Desk Lamp,331,2,662,West Malaysia,Kuala Lumpur,TNG eWallet
ORD14062,2025-08-28,Electronics,Laptop,345,2,690,West Malaysia,Selangor,Credit Card
ORD14065,2025-09-20,Fashion,Sunglasses,358,3,1074,West Malaysia,Perak,Credit Card
ORD14066,2025-06-01,Fashion,Backpack,370,1,370,West Malaysia,Johor,FPX
ORD14067,2025-06-16,Fashion,T-Shirt,347,3,1041,West Malaysia,Johor,Credit Card
ORD14068,2025-12-07,Home,Coffee Maker,485,3,1455,West Malaysia,Perak,TNG eWallet
ORD14069,2025-09-23,Home,Office Chair,269,4,1076,West Malaysia,Kuala Lumpur,GrabPay
ORD14070,2025-09-03,Home,Desk Lamp,325,3,975,West Malaysia,Kedah,FPX
ORD14073,2025-04-15,Fashion,Sunglasses,333,3,999,West Malaysia,Selangor,FPX
ORD14076,2025-12-18,Electronics,Laptop,2235,4,8940,West Malaysia,Kuala Lumpur,FPX
ORD14078,2025-05-22,Home,Office Chair,300,2,600,West Malaysia,Pahang,Credit Card
ORD14079,2025-06-20,Home,Air Purifier,626,3,1878,West Malaysia,Penang,TNG eWallet
ORD14080,2025-07-13,Fashion,Sunglasses,245,3,735,West Malaysia,Penang,GrabPay
ORD14083,2025-03-08,Home,Coffee Maker,657,4,2628,West Malaysia,Johor,FPX
ORD14084,2025-12-22,Electronics,Wireless Earbuds,936,2,1872,West Malaysia,Selangor,FPX
ORD14086,2025-02-20,Fashion,Backpack,111,4,444,West Malaysia,Melaka,FPX
ORD14087,2025-03-18,Fashion,Sneakers,296,1,296,West Malaysia,Pahang,Credit Card
ORD14092,2025-04-22,Electronics,Smartphone,4282,4,17128,West Malaysia,Pahang,GrabPay
ORD14100,2025-10-22,Electronics,Smartphone,3062,3,9186,West Malaysia,Kedah,GrabPay
ORD14103,2025-08-01,Electronics,Smartphone,3232,1,3232,West Malaysia,Johor,Credit Card
ORD14104,2025-10-10,Home,Coffee Maker,795,2,1590,West Malaysia,Kedah,Credit Card
ORD14105,2025-08-15,Home,Air Purifier,185,1,185,West Malaysia,Kuala Lumpur,FPX
ORD14106,2025-03-06,Electronics,Smartphone,4300,3,12900,West Malaysia,Kedah,Credit Card
ORD14108,2025-09-08,Electronics,Wireless Earbuds,4112,1,4112,West Malaysia,Kuala Lumpur,FPX
ORD14109,2025-10-19,Home,Desk Lamp,784,1,784,West Malaysia,Penang,GrabPay
ORD14113,2025-10-20,Fashion,Backpack,315,4,1260,West Malaysia,Johor,FPX
ORD14116,2025-05-28,Fashion,Sunglasses,78,1,78,West Malaysia,Kuala Lumpur,Credit Card
ORD14117,2025-02-10,Home,Desk Lamp,268,3,804,West Malaysia,Kedah,GrabPay
ORD14118,2025-03-14,Home,Office Chair,159,2,318,West Malaysia,Johor,FPX
ORD14119,2025-12-14,Electronics,Laptop,2571,3,7713,West Malaysia,Kedah,TNG eWallet
ORD14121,2025-09-09,Fashion,Sneakers,383,4,1532,West Malaysia,Selangor,FPX
ORD14124,2025-06-05,Fashion,Sneakers,146,2,292,West Malaysia,Perak,Credit Card
ORD14127,2025-02-22,Home,Office Chair,428,1,428,West Malaysia,Kuala Lumpur,TNG eWallet
ORD14130,2025-08-21,Electronics,Laptop,4229,4,16916,West Malaysia,Kuala Lumpur,Credit Card
ORD14131,2025-02-25,Home,Office Chair,552,3,1656,West Malaysia,Perak,GrabPay
ORD14133,2025-04-28,Electronics,Wireless Earbuds,4372,2,8744,West Malaysia,Johor,FPX
ORD14134,2025-05-09,Home,Desk Lamp,365,2,730,West Malaysia,Johor,Credit Card
ORD14135,2025-03-08,Home,Desk Lamp,774,2,1548,West Malaysia,Kuala Lumpur,GrabPay
ORD14136,2025-01-18,Electronics,Laptop,790,3,2370,West Malaysia,Melaka,TNG eWallet
ORD14138,2025-04-12,Electronics,Smartwatch,2787,2,5574,West Malaysia,Perak,TNG eWallet
ORD14140,2025-07-03,Electronics,Wireless Earbuds,2233,1,2233,West Malaysia,Pahang,GrabPay
ORD14141,2025-09-11,Home,Office Chair,626,2,1252,West Malaysia,Johor,FPX
ORD14142,2025-08-28,Electronics,Laptop,2714,4,10856,West Malaysia,Penang,Credit Card
ORD14147,2025-01-23,Electronics,Smartphone,4027,4,16108,West Malaysia,Perak,TNG eWallet
ORD14150,2025-09-25,Home,Office Chair,762,1,762,West Malaysia,Perak,GrabPay
ORD14151,2025-10-14,Fashion,Backpack,350,1,350,West Malaysia,Johor,FPX
ORD14152,2025-01-30,Electronics,Wireless Earbuds,3086,2,6172,West Malaysia,Kuala Lumpur,FPX
ORD14154,2025-10-23,Electronics,Wireless Earbuds,3873,2,7746,West Malaysia,Johor,FPX
ORD14155,2025-08-18,Electronics,Wireless Earbuds,1629,4,6516,West Malaysia,Selangor,TNG eWallet
ORD14163,2025-02-10,Electronics,Laptop,3756,3,11268,West Malaysia,Kedah,Credit Card
ORD14166,2025-02-16,Fashion,Sneakers,372,4,1488,West Malaysia,Perak,Credit Card
ORD14167,2025-10-18,Home,Coffee Maker,291,1,291,West Malaysia,Johor,Credit Card
ORD14172,2025-03-03,Fashion,Backpack,84,3,252,West Malaysia,Penang,Credit Card
ORD14177,2025-01-19,Electronics,Smartphone,4196,4,16784,West Malaysia,Penang,GrabPay
ORD14178,2025-12-24,Electronics,Wireless Earbuds,2725,3,8175,West Malaysia,Melaka,Credit Card
ORD14180,2025-09-10,Fashion,Sneakers,187,2,374,West Malaysia,Penang,GrabPay
ORD14183,2025-06-20,Fashion,Sunglasses,104,3,312,West Malaysia,Perak,TNG eWallet
ORD14187,2025-08-21,Electronics,Wireless Earbuds,1973,3,5919,West Malaysia,Perak,GrabPay
ORD14188,2025-03-26,Home,Office Chair,307,3,921,West Malaysia,Selangor,Credit Card
ORD14189,2025-02-21,Fashion,Sneakers,174,3,522,West Malaysia,Perak,GrabPay
ORD14190,2025-06-01,Home,Air Purifier,707,1,707,West Malaysia,Penang,GrabPay
ORD14191,2025-03-29,Fashion,T-Shirt,242,1,242,West Malaysia,Kuala Lumpur,TNG eWallet
ORD14193,2025-03-28,Electronics,Smartphone,3135,2,6270,West Malaysia,Kedah,GrabPay
ORD14196,2025-03-17,Electronics,Smartphone,2370,3,7110,West Malaysia,Pahang,FPX
ORD14199,2025-01-14,Electronics,Smartwatch,656,4,2624,West Malaysia,Penang,FPX
ORD14200,2025-11-20,Home,Coffee Maker,283,3,849,West Malaysia,Johor,TNG eWallet
ORD14202,2025-09-23,Fashion,Backpack,116,2,232,West Malaysia,Pahang,TNG eWallet
ORD14209,2025-11-02,Home,Office Chair,405,2,810,West Malaysia,Melaka,Credit Card
ORD14210,2025-09-06,Home,Desk Lamp,326,4,1304,West Malaysia,Kuala Lumpur,Credit Card
ORD14211,2025-10-29,Electronics,Laptop,839,2,1678,West Malaysia,Penang,GrabPay
ORD14212,2025-12-13,Fashion,Backpack,265,2,530,West Malaysia,Kedah,FPX
ORD14213,2025-04-11,Home,Desk Lamp,634,3,1902,West Malaysia,Melaka,GrabPay
ORD14215,2025-04-26,Electronics,Smartwatch,870,1,870,West Malaysia,Perak,GrabPay
ORD14216,2025-10-30,Home,Office Chair,662,4,2648,West Malaysia,Selangor,TNG eWallet
ORD14220,2025-05-10,Fashion,T-Shirt,314,3,942,West Malaysia,Penang,TNG eWallet
ORD14222,2025-12-04,Electronics,Smartwatch,4121,4,16484,West Malaysia,Penang,FPX
ORD14223,2025-09-16,Electronics,Smartwatch,1866,2,3732,West Malaysia,Pahang,Credit Card
ORD14225,2025-09-27,Fashion,Sneakers,386,3,1158,West Malaysia,Kedah,GrabPay
ORD14226,2025-06-14,Electronics,Wireless Earbuds,2248,4,8992,West Malaysia,Selangor,FPX
ORD14229,2025-03-26,Home,Office Chair,762,1,762,West Malaysia,Melaka,TNG eWallet
ORD14230,2025-03-05,Home,Desk Lamp,453,4,1812,West Malaysia,Penang,GrabPay
ORD14232,2025-03-04,Electronics,Wireless Earbuds,3809,4,15236,West Malaysia,Selangor,GrabPay
ORD14234,2025-09-26,Fashion,Sneakers,123,1,123,West Malaysia,Kedah,Credit Card
ORD14237,2025-06-08,Electronics,Smartphone,1143,2,2286,West Malaysia,Penang,GrabPay
ORD14239,2025-03-15,Home,Coffee Maker,469,3,1407,West Malaysia,Pahang,FPX
ORD14240,2025-03-22,Electronics,Wireless Earbuds,686,4,2744,West Malaysia,Perak,FPX
ORD14242,2025-08-24,Home,Office Chair,115,3,345,West Malaysia,Penang,FPX
ORD14243,2025-02-22,Electronics,Laptop,1550,4,6200,West Malaysia,Pahang,Credit Card
ORD14244,2025-08-19,Home,Office Chair,196,1,196,West Malaysia,Selangor,TNG eWallet
ORD14245,2025-06-06,Home,Coffee Maker,441,3,1323,West Malaysia,Kuala Lumpur,Credit Card
ORD14250,2025-02-26,Electronics,Smartphone,852,3,2556,West Malaysia,Selangor,TNG eWallet
ORD14254,2025-10-05,Electronics,Wireless Earbuds,3877,4,15508,West Malaysia,Pahang,Credit Card
ORD14258,2025-05-02,Fashion,Sneakers,273,4,1092,West Malaysia,Kedah,Credit Card
ORD14262,2025-11-27,Home,Office Chair,132,1,132,West Malaysia,Perak,GrabPay
ORD14263,2025-07-13,Electronics,Laptop,1350,1,1350,West Malaysia,Penang,FPX
ORD14264,2025-10-09,Fashion,Sunglasses,188,4,752,West Malaysia,Melaka,Credit Card
ORD14265,2025-04-29,Home,Coffee Maker,481,2,962,West Malaysia,Kuala Lumpur,GrabPay
ORD14266,2025-07-20,Home,Air Purifier,567,3,1701,West Malaysia,Pahang,Credit Card
ORD14269,2025-07-10,Fashion,Sneakers,84,3,252,West Malaysia,Perak,TNG eWallet
ORD14272,2025-06-19,Home,Office Chair,426,1,426,West Malaysia,Selangor,FPX
ORD14274,2025-07-09,Home,Desk Lamp,148,3,444,West Malaysia,Perak,FPX
ORD14277,2025-04-13,Fashion,Backpack,88,2,176,West Malaysia,Pahang,Credit Card
ORD14278,2025-10-14,Home,Desk Lamp,211,1,211,West Malaysia,Selangor,Credit Card
ORD14281,2025-04-25,Electronics,Smartwatch,1156,3,3468,West Malaysia,Kedah,GrabPay
ORD14284,2025-11-13,Home,Desk Lamp,514,2,1028,West Malaysia,Perak,Credit Card
ORD14286,2025-12-11,Fashion,Sunglasses,304,2,608,West Malaysia,Pahang,FPX
ORD14290,2025-08-05,Electronics,Smartphone,493,3,1479,West Malaysia,Selangor,FPX
ORD14291,2025-12-06,Electronics,Smartwatch,2840,1,2840,West Malaysia,Selangor,GrabPay
ORD14295,2025-08-13,Electronics,Laptop,1391,1,1391,West Malaysia,Kuala Lumpur,Credit Card
ORD14297,2025-06-20,Fashion,T-Shirt,164,1,164,West Malaysia,Selangor,GrabPay
ORD14298,2025-05-28,Fashion,Sunglasses,74,3,222,West Malaysia,Selangor,Credit Card
ORD14299,2025-12-20,Electronics,Wireless Earbuds,1973,1,1973,West Malaysia,Melaka,Credit Card
ORD14300,2025-01-08,Fashion,T-Shirt,197,2,394,West Malaysia,Melaka,GrabPay
ORD14301,2025-01-11,Fashion,T-Shirt,276,1,276,West Malaysia,Kedah,Credit Card
ORD14302,2025-02-01,Fashion,Backpack,345,1,345,West Malaysia,Kuala Lumpur,GrabPay
ORD14304,2025-08-27,Electronics,Laptop,1972,2,3944,West Malaysia,Melaka,FPX
ORD14305,2025-12-24,Electronics,Smartwatch,2047,2,4094,West Malaysia,Perak,Credit Card
ORD14306,2025-07-23,Fashion,Sneakers,135,3,405,West Malaysia,Kuala Lumpur,GrabPay
ORD14309,2025-03-07,Fashion,Sneakers,398,4,1592,West Malaysia,Selangor,GrabPay
ORD14310,2025-12-01,Home,Office Chair,300,4,1200,West Malaysia,Kuala Lumpur,TNG eWallet
ORD14311,2025-06-12,Electronics,Smartphone,2432,1,2432,West Malaysia,Melaka,GrabPay
ORD14312,2025-11-30,Electronics,Laptop,2588,4,10352,West Malaysia,Melaka,TNG eWallet
ORD14313,2025-06-15,Home,Office Chair,546,3,1638,West Malaysia,Pahang,GrabPay
ORD14314,2025-08-14,Home,Desk Lamp,170,2,340,West Malaysia,Perak,FPX
ORD14315,2025-06-29,Home,Coffee Maker,620,1,620,West Malaysia,Kuala Lumpur,FPX
ORD14316,2025-08-09,Home,Coffee Maker,463,4,1852,West Malaysia,Perak,Credit Card
ORD14320,2025-05-04,Electronics,Wireless Earbuds,3446,1,3446,West Malaysia,Pahang,Credit Card
ORD14324,2025-05-17,Fashion,Sneakers,240,1,240,West Malaysia,Pahang,FPX
ORD14327,2025-01-19,Electronics,Smartphone,1729,1,1729,West Malaysia,Kuala Lumpur,GrabPay
ORD14330,2025-04-03,Home,Desk Lamp,574,4,2296,West Malaysia,Kuala Lumpur,Credit Card
ORD14331,2025-03-21,Home,Desk Lamp,628,3,1884,West Malaysia,Melaka,FPX
ORD14332,2025-08-13,Fashion,Sunglasses,122,2,244,West Malaysia,Pahang,Credit Card
ORD14333,2025-05-21,Electronics,Laptop,2529,3,7587,West Malaysia,Perak,GrabPay
ORD14334,2025-08-02,Fashion,Sunglasses,149,1,149,West Malaysia,Melaka,Credit Card
ORD14338,2025-08-16,Fashion,Backpack,311,4,1244,West Malaysia,Kuala Lumpur,GrabPay
ORD14339,2025-01-29,Fashion,Sunglasses,96,1,96,West Malaysia,Selangor,GrabPay
ORD14340,2025-08-20,Home,Coffee Maker,794,1,794,West Malaysia,Penang,FPX
ORD14341,2025-11-17,Home,Air Purifier,267,4,1068,West Malaysia,Perak,Credit Card
ORD14344,2025-02-05,Home,Desk Lamp,654,2,1308,West Malaysia,Pahang,GrabPay
ORD14345,2025-12-03,Electronics,Smartwatch,1576,2,3152,West Malaysia,Kedah,FPX
ORD14346,2025-11-08,Home,Office Chair,210,1,210,West Malaysia,Melaka,Credit Card
ORD14347,2025-05-24,Home,Desk Lamp,162,1,162,West Malaysia,Perak,GrabPay
ORD14352,2025-02-20,Fashion,Backpack,368,4,1472,West Malaysia,Melaka,TNG eWallet
ORD14354,2025-08-06,Home,Air Purifier,519,2,1038,West Malaysia,Pahang,TNG eWallet
ORD14355,2025-02-06,Home,Coffee Maker,436,2,872,West Malaysia,Kedah,Credit Card
ORD14356,2025-09-07,Electronics,Wireless Earbuds,2786,4,11144,West Malaysia,Kuala Lumpur,FPX
ORD14358,2025-10-30,Home,Desk Lamp,701,1,701,West Malaysia,Kedah,Credit Card
ORD14359,2025-04-05,Electronics,Laptop,4051,2,8102,West Malaysia,Penang,GrabPay
ORD14361,2025-09-11,Electronics,Wireless Earbuds,1581,1,1581,West Malaysia,Melaka,FPX
ORD14362,2025-10-13,Home,Coffee Maker,793,1,793,West Malaysia,Penang,GrabPay
ORD14363,2025-08-31,Fashion,T-Shirt,232,4,928,West Malaysia,Perak,GrabPay
ORD14365,2025-05-26,Electronics,Smartwatch,3239,3,9717,West Malaysia,Perak,TNG eWallet
ORD14367,2025-11-03,Fashion,Backpack,126,2,252,West Malaysia,Selangor,GrabPay
ORD14369,2025-05-07,Electronics,Laptop,3214,1,3214,West Malaysia,Kuala Lumpur,Credit Card
ORD14370,2025-01-28,Electronics,Smartwatch,2718,4,10872,West Malaysia,Melaka,TNG eWallet
ORD14371,2025-04-23,Fashion,T-Shirt,372,4,1488,West Malaysia,Selangor,Credit Card
ORD14372,2025-07-20,Electronics,Laptop,3606,4,14424,West Malaysia,Kuala Lumpur,FPX
ORD14374,2025-07-03,Fashion,Backpack,360,3,1080,West Malaysia,Johor,GrabPay
ORD14378,2025-10-14,Fashion,Sunglasses,109,4,436,West Malaysia,Pahang,Credit Card
ORD14379,2025-03-28,Fashion,Backpack,361,3,1083,West Malaysia,Melaka,TNG eWallet
ORD14381,2025-06-09,Electronics,Laptop,2293,2,4586,West Malaysia,Melaka,FPX
ORD14382,2025-11-29,Fashion,Sunglasses,205,1,205,West Malaysia,Melaka,Credit Card
ORD14383,2025-06-05,Fashion,Backpack,297,4,1188,West Malaysia,Kedah,FPX
ORD14384,2026-01-01,Home,Desk Lamp,786,2,1572,West Malaysia,Selangor,TNG eWallet
ORD14386,2025-04-24,Electronics,Smartwatch,2616,3,7848,West Malaysia,Kuala Lumpur,Credit Card
ORD14387,2025-10-13,Home,Office Chair,156,2,312,West Malaysia,Penang,FPX
ORD14389,2025-03-03,Electronics,Smartphone,3257,2,6514,West Malaysia,Kedah,Credit Card
ORD14390,2025-06-19,Fashion,Sunglasses,368,3,1104,West Malaysia,Kuala Lumpur,GrabPay
ORD14392,2025-06-30,Electronics,Smartwatch,2757,2,5514,West Malaysia,Kuala Lumpur,Credit Card
ORD14393,2025-01-02,Electronics,Smartphone,1570,4,6280,West Malaysia,Melaka,Credit Card
ORD14396,2025-02-03,Home,Air Purifier,333,3,999,West Malaysia,Pahang,GrabPay
ORD14401,2025-04-23,Electronics,Smartwatch,639,3,1917,West Malaysia,Selangor,Credit Card
ORD14403,2025-11-04,Home,Coffee Maker,100,4,400,West Malaysia,Kedah,Credit Card
ORD14404,2025-10-22,Electronics,Smartphone,2201,2,4402,West Malaysia,Perak,TNG eWallet
ORD14405,2025-04-26,Electronics,Laptop,3792,2,7584,West Malaysia,Melaka,Credit Card
ORD14408,2025-07-02,Home,Desk Lamp,683,2,1366,West Malaysia,Johor,GrabPay
ORD14410,2025-04-15,Electronics,Smartwatch,1849,2,3698,West Malaysia,Melaka,TNG eWallet
ORD14411,2025-01-19,Fashion,Backpack,138,2,276,West Malaysia,Perak,TNG eWallet
ORD14412,2025-11-27,Fashion,Sneakers,65,1,65,West Malaysia,Melaka,FPX
ORD14414,2025-06-23,Fashion,T-Shirt,365,3,1095,West Malaysia,Kuala Lumpur,Credit Card
ORD14415,2025-07-27,Fashion,Sunglasses,250,4,1000,West Malaysia,Johor,GrabPay
ORD14419,2025-10-09,Home,Air Purifier,518,2,1036,West Malaysia,Kedah,FPX
ORD14421,2025-09-10,Home,Air Purifier,633,2,1266,West Malaysia,Kuala Lumpur,GrabPay
ORD14423,2025-06-26,Electronics,Smartphone,1381,2,2762,West Malaysia,Melaka,GrabPay
ORD14424,2025-10-29,Fashion,T-Shirt,222,1,222,West Malaysia,Penang,FPX
ORD14426,2025-03-30,Fashion,Sunglasses,232,2,464,West Malaysia,Pahang,GrabPay
ORD14430,2025-09-13,Fashion,Backpack,243,4,972,West Malaysia,Kuala Lumpur,GrabPay
ORD14431,2025-11-02,Home,Desk Lamp,477,3,1431,West Malaysia,Kuala Lumpur,GrabPay
ORD14435,2025-07-04,Electronics,Smartwatch,3751,2,7502,West Malaysia,Kedah,Credit Card
ORD14438,2025-06-22,Electronics,Wireless Earbuds,3580,2,7160,West Malaysia,Perak,GrabPay
ORD14441,2025-12-25,Home,Air Purifier,225,4,900,West Malaysia,Perak,TNG eWallet
ORD14442,2025-09-11,Home,Desk Lamp,504,1,504,West Malaysia,Kuala Lumpur,Credit Card
ORD14445,2025-08-25,Home,Air Purifier,562,3,1686,West Malaysia,Perak,Credit Card
ORD14448,2025-07-23,Home,Coffee Maker,544,1,544,West Malaysia,Selangor,FPX
ORD14452,2025-05-11,Fashion,Sunglasses,83,4,332,West Malaysia,Perak,Credit Card
ORD14454,2025-05-18,Electronics,Smartwatch,2893,4,11572,West Malaysia,Penang,FPX
ORD14457,2025-10-08,Fashion,Sunglasses,207,4,828,West Malaysia,Kuala Lumpur,Credit Card
ORD14459,2025-04-14,Fashion,Backpack,205,2,410,West Malaysia,Melaka,FPX
ORD14460,2025-11-25,Home,Coffee Maker,363,3,1089,West Malaysia,Kedah,FPX
ORD14461,2025-10-09,Electronics,Smartwatch,1360,1,1360,West Malaysia,Penang,GrabPay
ORD14464,2025-05-17,Fashion,T-Shirt,133,4,532,West Malaysia,Melaka,TNG eWallet
ORD14465,2025-10-09,Home,Coffee Maker,791,2,1582,West Malaysia,Johor,FPX
ORD14467,2025-05-22,Electronics,Smartphone,2272,1,2272,West Malaysia,Melaka,TNG eWallet
ORD14468,2025-01-03,Electronics,Laptop,4420,1,4420,West Malaysia,Johor,FPX
ORD14475,2025-11-01,Home,Office Chair,569,3,1707,West Malaysia,Penang,Credit Card
ORD14477,2025-09-16,Home,Office Chair,591,4,2364,West Malaysia,Kedah,GrabPay
ORD14478,2025-01-21,Fashion,T-Shirt,241,1,241,West Malaysia,Melaka,TNG eWallet
ORD14480,2025-06-19,Fashion,T-Shirt,139,4,556,West Malaysia,Penang,GrabPay
ORD14483,2025-01-08,Fashion,Sneakers,202,1,202,West Malaysia,Johor,Credit Card
ORD14484,2025-04-15,Home,Coffee Maker,369,2,738,West Malaysia,Penang,TNG eWallet
ORD14485,2025-04-21,Fashion,T-Shirt,368,1,368,West Malaysia,Pahang,Credit Card
ORD14488,2025-01-19,Home,Desk Lamp,582,2,1164,West Malaysia,Perak,GrabPay
ORD14490,2025-03-19,Home,Coffee Maker,524,1,524,West Malaysia,Selangor,FPX
ORD14492,2025-09-09,Electronics,Laptop,656,4,2624,West Malaysia,Melaka,FPX
ORD14495,2025-08-26,Fashion,Sunglasses,70,4,280,West Malaysia,Johor,GrabPay
ORD14496,2025-10-20,Electronics,Laptop,2587,2,5174,West Malaysia,Selangor,FPX
ORD14497,2025-01-30,Fashion,Sneakers,276,1,276,West Malaysia,Johor,TNG eWallet
ORD14498,2025-03-19,Home,Air Purifier,752,2,1504,West Malaysia,Penang,GrabPay
ORD14500,2025-01-24,Home,Office Chair,412,1,412,West Malaysia,Penang,TNG eWallet
ORD14505,2025-08-31,Home,Air Purifier,255,3,765,West Malaysia,Penang,FPX
ORD14510,2025-11-02,Electronics,Smartphone,3315,2,6630,West Malaysia,Perak,FPX
ORD14512,2025-04-27,Home,Air Purifier,261,1,261,West Malaysia,Kuala Lumpur,TNG eWallet
ORD14515,2025-11-01,Fashion,Backpack,174,3,522,West Malaysia,Pahang,GrabPay
ORD14518,2025-10-14,Home,Coffee Maker,413,2,826,West Malaysia,Melaka,FPX
ORD14520,2025-06-12,Electronics,Smartwatch,933,4,3732,West Malaysia,Kuala Lumpur,FPX
ORD14522,2025-03-13,Electronics,Laptop,3216,2,6432,West Malaysia,Penang,Credit Card
ORD14525,2025-02-16,Home,Desk Lamp,542,3,1626,West Malaysia,Perak,TNG eWallet
ORD14528,2025-07-05,Fashion,Sneakers,190,4,760,West Malaysia,Kedah,GrabPay
ORD14533,2025-07-31,Fashion,Sneakers,91,3,273,West Malaysia,Kedah,GrabPay
ORD14534,2025-06-26,Fashion,Backpack,347,2,694,West Malaysia,Perak,GrabPay
ORD14535,2025-09-28,Fashion,T-Shirt,263,2,526,West Malaysia,Penang,Credit Card
ORD14536,2025-12-12,Home,Air Purifier,754,3,2262,West Malaysia,Pahang,TNG eWallet
ORD14541,2025-03-14,Electronics,Wireless Earbuds,3532,3,10596,West Malaysia,Perak,TNG eWallet
ORD14543,2025-02-17,Home,Desk Lamp,542,1,542,West Malaysia,Pahang,FPX
ORD14544,2025-10-28,Home,Desk Lamp,243,3,729,West Malaysia,Penang,TNG eWallet
ORD14546,2025-02-01,Home,Air Purifier,471,2,942,West Malaysia,Perak,TNG eWallet
ORD14547,2025-07-11,Electronics,Smartphone,3894,4,15576,West Malaysia,Melaka,TNG eWallet
ORD14548,2025-12-23,Electronics,Smartwatch,3399,4,13596,West Malaysia,Johor,GrabPay
ORD14549,2025-06-01,Home,Coffee Maker,484,2,968,West Malaysia,Selangor,GrabPay
ORD14552,2025-06-30,Electronics,Wireless Earbuds,1590,2,3180,West Malaysia,Johor,TNG eWallet
ORD14553,2025-06-09,Fashion,Sunglasses,272,2,544,West Malaysia,Kedah,FPX
ORD14556,2025-06-24,Home,Desk Lamp,200,3,600,West Malaysia,Selangor,TNG eWallet
ORD14557,2025-09-15,Fashion,T-Shirt,196,2,392,West Malaysia,Melaka,Credit Card
ORD14561,2025-01-20,Fashion,Sneakers,207,3,621,West Malaysia,Melaka,TNG eWallet
ORD14562,2025-04-06,Electronics,Laptop,1037,3,3111,West Malaysia,Melaka,GrabPay
ORD14565,2025-10-16,Electronics,Smartwatch,4111,2,8222,West Malaysia,Selangor,FPX
ORD14568,2025-12-16,Electronics,Smartphone,3036,2,6072,West Malaysia,Johor,Credit Card
ORD14569,2025-06-30,Fashion,Sunglasses,251,1,251,West Malaysia,Selangor,TNG eWallet
ORD14570,2025-12-04,Fashion,Sunglasses,247,4,988,West Malaysia,Kedah,GrabPay
ORD14572,2025-02-08,Electronics,Wireless Earbuds,2576,1,2576,West Malaysia,Selangor,FPX
ORD14575,2025-11-14,Fashion,Sneakers,299,3,897,West Malaysia,Kuala Lumpur,FPX
ORD14576,2025-08-10,Electronics,Smartwatch,4152,4,16608,West Malaysia,Melaka,Credit Card
ORD14579,2025-01-20,Electronics,Smartwatch,1649,1,1649,West Malaysia,Penang,TNG eWallet
ORD14581,2025-07-04,Electronics,Smartphone,4281,1,4281,West Malaysia,Perak,FPX
ORD14583,2025-06-30,Home,Office Chair,572,1,572,West Malaysia,Melaka,Credit Card
ORD14591,2025-04-28,Home,Desk Lamp,758,4,3032,West Malaysia,Kedah,GrabPay
ORD14592,2025-08-04,Home,Air Purifier,797,2,1594,West Malaysia,Kedah,GrabPay
ORD14596,2025-03-05,Home,Coffee Maker,349,1,349,West Malaysia,Johor,Credit Card
ORD14597,2025-07-10,Home,Coffee Maker,682,4,2728,West Malaysia,Kedah,FPX
ORD14600,2025-06-10,Home,Air Purifier,366,2,732,West Malaysia,Kedah,Credit Card
ORD14601,2025-04-11,Fashion,Sneakers,102,2,204,West Malaysia,Pahang,Credit Card
ORD14602,2025-07-01,Fashion,Backpack,275,4,1100,West Malaysia,Kedah,FPX
ORD14607,2025-03-20,Fashion,Sneakers,302,1,302,West Malaysia,Pahang,GrabPay
ORD14615,2025-11-01,Home,Air Purifier,775,4,3100,West Malaysia,Kuala Lumpur,GrabPay
ORD14616,2025-09-04,Electronics,Wireless Earbuds,2768,4,11072,West Malaysia,Selangor,TNG eWallet
ORD14622,2025-01-14,Electronics,Smartwatch,3202,2,6404,West Malaysia,Kedah,GrabPay
ORD14623,2025-06-20,Home,Desk Lamp,511,1,511,West Malaysia,Melaka,Credit Card
ORD14624,2025-02-11,Electronics,Smartphone,4387,2,8774,West Malaysia,Kedah,FPX
ORD14629,2025-10-07,Electronics,Smartphone,2583,4,10332,West Malaysia,Perak,Credit Card
ORD14632,2025-02-19,Fashion,Sunglasses,358,2,716,West Malaysia,Perak,GrabPay
ORD14636,2025-02-11,Home,Office Chair,689,1,689,West Malaysia,Selangor,TNG eWallet
ORD14637,2025-09-06,Home,Desk Lamp,562,4,2248,West Malaysia,Perak,TNG eWallet
ORD14641,2025-09-30,Home,Desk Lamp,428,4,1712,West Malaysia,Johor,Credit Card
ORD14642,2025-03-13,Fashion,T-Shirt,290,4,1160,West Malaysia,Penang,GrabPay
ORD14644,2025-08-16,Electronics,Laptop,836,3,2508,West Malaysia,Perak,FPX
ORD14645,2025-07-15,Home,Office Chair,268,4,1072,West Malaysia,Perak,Credit Card
ORD14649,2025-04-25,Home,Coffee Maker,121,1,121,West Malaysia,Penang,Credit Card
ORD14651,2025-05-21,Fashion,Backpack,92,4,368,West Malaysia,Kuala Lumpur,TNG eWallet
ORD14652,2025-09-05,Home,Office Chair,166,4,664,West Malaysia,Kuala Lumpur,GrabPay
ORD14653,2025-08-16,Fashion,T-Shirt,174,4,696,West Malaysia,Penang,TNG eWallet
ORD14654,2025-02-01,Fashion,Sneakers,202,2,404,West Malaysia,Kuala Lumpur,FPX
ORD14656,2025-01-20,Fashion,Backpack,202,4,808,West Malaysia,Selangor,FPX
ORD14658,2025-04-20,Home,Coffee Maker,614,1,614,West Malaysia,Melaka,GrabPay
ORD14661,2025-12-22,Fashion,T-Shirt,209,4,836,West Malaysia,Johor,TNG eWallet
ORD14662,2025-11-19,Fashion,Sneakers,179,1,179,West Malaysia,Pahang,FPX
ORD14663,2025-04-05,Electronics,Smartwatch,4175,1,4175,West Malaysia,Pahang,Credit Card
ORD14664,2025-10-22,Electronics,Laptop,844,4,3376,West Malaysia,Penang,TNG eWallet
ORD14668,2025-08-31,Home,Air Purifier,151,4,604,West Malaysia,Selangor,Credit Card
ORD14670,2025-12-04,Home,Office Chair,360,4,1440,West Malaysia,Melaka,GrabPay
ORD14673,2025-12-25,Fashion,Sneakers,64,4,256,West Malaysia,Melaka,FPX
ORD14677,2025-06-10,Electronics,Laptop,3060,3,9180,West Malaysia,Perak,TNG eWallet
ORD14678,2025-10-21,Home,Coffee Maker,592,1,592,West Malaysia,Penang,Credit Card
ORD14682,2025-07-19,Fashion,Sneakers,277,4,1108,West Malaysia,Kedah,Credit Card
ORD14683,2025-10-05,Home,Office Chair,722,2,1444,West Malaysia,Melaka,FPX
ORD14685,2025-03-13,Home,Office Chair,493,2,986,West Malaysia,Penang,FPX
ORD14686,2025-11-30,Electronics,Smartphone,513,1,513,West Malaysia,Selangor,GrabPay
ORD14690,2025-01-07,Fashion,Sneakers,134,4,536,West Malaysia,Perak,GrabPay
ORD14692,2025-11-06,Electronics,Laptop,3279,4,13116,West Malaysia,Selangor,GrabPay
ORD14693,2025-02-03,Fashion,Sneakers,80,1,80,West Malaysia,Selangor,GrabPay
ORD14696,2025-07-14,Fashion,T-Shirt,379,1,379,West Malaysia,Pahang,TNG eWallet
ORD14697,2025-03-15,Fashion,Sunglasses,332,2,664,West Malaysia,Kuala Lumpur,TNG eWallet
ORD14698,2025-03-16,Electronics,Smartphone,1520,2,3040,West Malaysia,Melaka,GrabPay
ORD14700,2025-08-11,Electronics,Smartwatch,2929,3,8787,West Malaysia,Penang,TNG eWallet
ORD14703,2025-08-17,Fashion,Backpack,171,4,684,West Malaysia,Kuala Lumpur,FPX
ORD14705,2025-06-13,Electronics,Laptop,612,3,1836,West Malaysia,Selangor,FPX
ORD14706,2025-08-19,Electronics,Smartwatch,3988,1,3988,West Malaysia,Selangor,FPX
ORD14708,2025-02-03,Electronics,Wireless Earbuds,1194,2,2388,West Malaysia,Selangor,GrabPay
ORD14709,2025-05-14,Home,Desk Lamp,178,4,712,West Malaysia,Penang,FPX
ORD14711,2025-12-23,Home,Air Purifier,713,1,713,West Malaysia,Kedah,FPX
ORD14714,2025-06-20,Fashion,Sunglasses,171,4,684,West Malaysia,Kedah,FPX
ORD14715,2025-12-12,Fashion,Backpack,354,2,708,West Malaysia,Johor,FPX
ORD14717,2025-12-18,Fashion,T-Shirt,286,1,286,West Malaysia,Melaka,FPX
ORD14718,2025-01-22,Electronics,Laptop,4335,3,13005,West Malaysia,Melaka,GrabPay
ORD14720,2025-12-21,Fashion,Backpack,154,3,462,West Malaysia,Penang,GrabPay
ORD14724,2025-10-03,Home,Coffee Maker,754,3,2262,West Malaysia,Kedah,TNG eWallet
ORD14730,2025-03-17,Fashion,Sunglasses,162,3,486,West Malaysia,Pahang,GrabPay
ORD14731,2025-11-26,Fashion,Backpack,179,4,716,West Malaysia,Kuala Lumpur,GrabPay
ORD14735,2025-06-24,Home,Coffee Maker,660,4,2640,West Malaysia,Johor,Credit Card
ORD14736,2025-02-24,Electronics,Smartphone,3981,4,15924,West Malaysia,Johor,GrabPay
ORD14737,2025-11-20,Electronics,Smartphone,3406,1,3406,West Malaysia,Penang,FPX
ORD14738,2025-06-09,Fashion,T-Shirt,352,3,1056,West Malaysia,Johor,FPX
ORD14740,2025-04-25,Electronics,Smartphone,4173,4,16692,West Malaysia,Penang,GrabPay
ORD14747,2025-01-25,Fashion,T-Shirt,287,3,861,West Malaysia,Johor,GrabPay
ORD14750,2025-09-08,Electronics,Wireless Earbuds,3599,4,14396,West Malaysia,Melaka,FPX
ORD14755,2025-10-16,Electronics,Wireless Earbuds,2664,4,10656,West Malaysia,Kedah,TNG eWallet
ORD14756,2025-10-26,Fashion,Sunglasses,145,1,145,West Malaysia,Kedah,FPX
ORD14757,2025-08-27,Home,Air Purifier,247,4,988,West Malaysia,Selangor,TNG eWallet
ORD14758,2025-02-07,Fashion,Sunglasses,197,2,394,West Malaysia,Kedah,GrabPay
ORD14759,2025-01-30,Home,Office Chair,358,4,1432,West Malaysia,Pahang,Credit Card
ORD14760,2025-03-31,Electronics,Laptop,4206,3,12618,West Malaysia,Pahang,FPX
ORD14761,2025-09-17,Electronics,Laptop,3506,2,7012,West Malaysia,Kedah,Credit Card
ORD14762,2025-05-23,Fashion,T-Shirt,79,3,237,West Malaysia,Melaka,TNG eWallet
ORD14763,2025-12-16,Fashion,Backpack,399,3,1197,West Malaysia,Selangor,GrabPay
ORD14765,2025-11-25,Home,Office Chair,532,4,2128,West Malaysia,Pahang,Credit Card
ORD14766,2025-06-05,Electronics,Smartwatch,1582,3,4746,West Malaysia,Kedah,Credit Card
ORD14767,2025-10-17,Home,Air Purifier,482,4,1928,West Malaysia,Kedah,GrabPay
ORD14768,2025-06-15,Fashion,T-Shirt,322,4,1288,West Malaysia,Penang,GrabPay
ORD14769,2025-04-20,Home,Air Purifier,769,3,2307,West Malaysia,Johor,TNG eWallet
ORD14771,2025-04-16,Fashion,T-Shirt,84,3,252,West Malaysia,Penang,Credit Card
ORD14772,2025-03-22,Electronics,Smartphone,1019,1,1019,West Malaysia,Pahang,Credit Card
ORD14773,2025-05-22,Fashion,Sneakers,117,2,234,West Malaysia,Johor,FPX
ORD14774,2025-05-16,Fashion,T-Shirt,177,3,531,West Malaysia,Kedah,Credit Card
ORD14775,2025-11-17,Fashion,Sunglasses,63,4,252,West Malaysia,Johor,TNG eWallet
ORD14784,2025-05-22,Fashion,Sunglasses,144,2,288,West Malaysia,Perak,GrabPay
ORD14786,2025-01-23,Electronics,Laptop,741,2,1482,West Malaysia,Perak,TNG eWallet
ORD14787,2025-03-15,Electronics,Smartwatch,427,2,854,West Malaysia,Johor,FPX
ORD14789,2025-11-22,Fashion,T-Shirt,122,4,488,West Malaysia,Kedah,TNG eWallet
ORD14790,2025-01-22,Electronics,Smartphone,2198,3,6594,West Malaysia,Kuala Lumpur,TNG eWallet
ORD14793,2025-09-12,Electronics,Smartphone,2863,2,5726,West Malaysia,Penang,TNG eWallet
ORD14799,2025-01-17,Electronics,Smartwatch,546,3,1638,West Malaysia,Kuala Lumpur,FPX
ORD14801,2025-03-24,Fashion,Sneakers,234,2,468,West Malaysia,Perak,Credit Card
ORD14802,2025-05-30,Electronics,Wireless Earbuds,3719,3,11157,West Malaysia,Johor,FPX
ORD14803,2025-09-15,Electronics,Smartphone,1486,2,2972,West Malaysia,Kedah,Credit Card
ORD14804,2025-02-04,Electronics,Smartwatch,3024,1,3024,West Malaysia,Penang,GrabPay
ORD14806,2025-01-31,Home,Coffee Maker,218,2,436,West Malaysia,Perak,FPX
ORD14807,2025-12-02,Electronics,Wireless Earbuds,2401,2,4802,West Malaysia,Penang,FPX
ORD14808,2025-11-19,Home,Coffee Maker,317,4,1268,West Malaysia,Kuala Lumpur,FPX
ORD14809,2025-08-11,Electronics,Laptop,3139,1,3139,West Malaysia,Johor,TNG eWallet
ORD14810,2025-09-20,Fashion,T-Shirt,381,3,1143,West Malaysia,Kuala Lumpur,TNG eWallet
ORD14813,2025-10-09,Home,Office Chair,664,3,1992,West Malaysia,Selangor,Credit Card
ORD14816,2025-04-30,Home,Office Chair,406,1,406,West Malaysia,Kedah,Credit Card
ORD14817,2025-10-17,Electronics,Smartphone,2510,3,7530,West Malaysia,Kuala Lumpur,TNG eWallet
ORD14818,2025-01-06,Electronics,Smartphone,3057,2,6114,West Malaysia,Kuala Lumpur,FPX
ORD14820,2025-01-08,Fashion,Backpack,92,4,368,West Malaysia,Kedah,TNG eWallet
ORD14824,2025-09-02,Home,Office Chair,109,3,327,West Malaysia,Melaka,TNG eWallet
ORD14826,2025-12-08,Electronics,Laptop,1780,2,3560,West Malaysia,Perak,Credit Card
ORD14829,2025-12-16,Electronics,Smartphone,4095,1,4095,West Malaysia,Johor,Credit Card
ORD14832,2025-01-07,Electronics,Smartwatch,2483,2,4966,West Malaysia,Selangor,FPX
ORD14833,2025-01-15,Fashion,Sunglasses,197,1,197,West Malaysia,Perak,TNG eWallet
ORD14836,2025-06-03,Home,Coffee Maker,397,3,1191,West Malaysia,Perak,GrabPay
ORD14838,2025-07-12,Home,Coffee Maker,636,3,1908,West Malaysia,Kuala Lumpur,GrabPay
ORD14840,2025-05-19,Fashion,T-Shirt,83,4,332,West Malaysia,Kedah,GrabPay
ORD14841,2025-12-24,Fashion,T-Shirt,61,1,61,West Malaysia,Penang,TNG eWallet
ORD14842,2025-10-12,Electronics,Smartwatch,1821,4,7284,West Malaysia,Penang,TNG eWallet
ORD14844,2025-06-20,Fashion,Sneakers,283,1,283,West Malaysia,Kuala Lumpur,TNG eWallet
ORD14848,2025-06-11,Electronics,Smartphone,2250,2,4500,West Malaysia,Perak,GrabPay
ORD14850,2025-05-29,Electronics,Wireless Earbuds,4212,2,8424,West Malaysia,Johor,GrabPay
ORD14853,2025-07-10,Home,Desk Lamp,453,3,1359,West Malaysia,Johor,Credit Card
ORD14854,2025-11-08,Home,Desk Lamp,387,4,1548,West Malaysia,Perak,Credit Card
ORD14857,2025-11-15,Fashion,Sneakers,70,4,280,West Malaysia,Pahang,GrabPay
ORD14859,2025-09-19,Electronics,Wireless Earbuds,1383,2,2766,West Malaysia,Selangor,FPX
ORD14860,2025-08-05,Fashion,Sneakers,114,2,228,West Malaysia,Johor,TNG eWallet
ORD14862,2025-04-15,Fashion,T-Shirt,226,1,226,West Malaysia,Johor,Credit Card
ORD14863,2025-11-15,Home,Desk Lamp,349,4,1396,West Malaysia,Kedah,GrabPay
ORD14865,2025-01-27,Fashion,Backpack,85,3,255,West Malaysia,Johor,GrabPay
ORD14866,2025-04-11,Electronics,Smartwatch,2350,1,2350,West Malaysia,Pahang,GrabPay
ORD14867,2025-07-16,Fashion,Sunglasses,289,3,867,West Malaysia,Kuala Lumpur,TNG eWallet
ORD14868,2025-06-12,Home,Desk Lamp,373,1,373,West Malaysia,Pahang,Credit Card
ORD14870,2025-07-07,Electronics,Laptop,556,3,1668,West Malaysia,Selangor,Credit Card
ORD14872,2025-04-25,Home,Desk Lamp,521,3,1563,West Malaysia,Johor,GrabPay
ORD14877,2025-07-19,Fashion,T-Shirt,286,4,1144,West Malaysia,Kuala Lumpur,Credit Card
ORD14878,2025-08-20,Home,Office Chair,789,4,3156,West Malaysia,Kuala Lumpur,FPX
ORD14880,2025-01-29,Fashion,Backpack,218,1,218,West Malaysia,Melaka,Credit Card
ORD14881,2025-12-19,Electronics,Smartwatch,1239,1,1239,West Malaysia,Pahang,Credit Card
ORD14882,2025-10-09,Electronics,Laptop,2437,1,2437,West Malaysia,Johor,GrabPay
ORD14887,2025-02-19,Electronics,Smartwatch,1783,2,3566,West Malaysia,Kedah,FPX
ORD14888,2025-11-06,Fashion,Sneakers,130,4,520,West Malaysia,Perak,TNG eWallet
ORD14893,2025-08-20,Home,Office Chair,653,4,2612,West Malaysia,Kuala Lumpur,TNG eWallet
ORD14894,2025-11-09,Home,Desk Lamp,792,3,2376,West Malaysia,Selangor,Credit Card
ORD14895,2025-04-02,Home,Desk Lamp,262,2,524,West Malaysia,Melaka,GrabPay
ORD14897,2025-09-12,Home,Air Purifier,387,1,387,West Malaysia,Perak,TNG eWallet
ORD14899,2025-01-03,Electronics,Smartphone,3954,2,7908,West Malaysia,Selangor,TNG eWallet
ORD14902,2025-08-15,Home,Desk Lamp,708,3,2124,West Malaysia,Penang,Credit Card
ORD14905,2025-06-30,Home,Coffee Maker,189,1,189,West Malaysia,Selangor,Credit Card
ORD14906,2025-07-13,Home,Office Chair,587,1,587,West Malaysia,Penang,Credit Card
ORD14909,2025-03-16,Fashion,Backpack,349,2,698,West Malaysia,Kuala Lumpur,FPX
ORD14912,2025-04-20,Electronics,Wireless Earbuds,2108,3,6324,West Malaysia,Perak,GrabPay
ORD14913,2025-04-03,Fashion,Sunglasses,87,3,261,West Malaysia,Kedah,FPX
ORD14914,2025-09-01,Home,Air Purifier,524,3,1572,West Malaysia,Melaka,GrabPay
ORD14915,2025-05-06,Home,Desk Lamp,726,2,1452,West Malaysia,Johor,GrabPay
ORD14919,2025-09-02,Electronics,Wireless Earbuds,969,2,1938,West Malaysia,Selangor,TNG eWallet
ORD14921,2025-03-30,Fashion,Sneakers,83,1,83,West Malaysia,Penang,FPX
ORD14925,2025-02-05,Fashion,Backpack,398,3,1194,West Malaysia,Selangor,TNG eWallet
ORD14926,2025-01-15,Fashion,T-Shirt,194,3,582,West Malaysia,Kuala Lumpur,TNG eWallet
ORD14931,2025-01-23,Electronics,Wireless Earbuds,2707,3,8121,West Malaysia,Kedah,FPX
ORD14933,2025-09-26,Electronics,Wireless Earbuds,4267,1,4267,West Malaysia,Perak,TNG eWallet
ORD14935,2025-10-05,Electronics,Smartphone,3936,3,11808,West Malaysia,Melaka,FPX
ORD14936,2025-03-11,Fashion,T-Shirt,199,3,597,West Malaysia,Perak,FPX
ORD14939,2025-01-31,Home,Air Purifier,728,3,2184,West Malaysia,Melaka,TNG eWallet
ORD14940,2025-10-06,Fashion,Backpack,253,4,1012,West Malaysia,Kedah,FPX
ORD14941,2025-08-30,Home,Office Chair,375,4,1500,West Malaysia,Perak,GrabPay
ORD14943,2025-08-16,Fashion,Backpack,76,1,76,West Malaysia,Selangor,Credit Card
ORD14944,2025-03-14,Fashion,Backpack,374,4,1496,West Malaysia,Melaka,GrabPay
ORD14945,2025-06-03,Fashion,Backpack,76,2,152,West Malaysia,Melaka,FPX
ORD14946,2025-11-19,Fashion,Sneakers,228,2,456,West Malaysia,Kedah,FPX
ORD14947,2025-07-05,Fashion,T-Shirt,130,1,130,West Malaysia,Pahang,Credit Card
ORD14949,2025-05-08,Electronics,Smartwatch,1761,2,3522,West Malaysia,Melaka,GrabPay
ORD14950,2025-06-06,Home,Office Chair,399,1,399,West Malaysia,Perak,GrabPay
ORD14951,2025-04-16,Electronics,Smartphone,4099,3,12297,West Malaysia,Pahang,Credit Card
ORD14952,2025-01-13,Home,Office Chair,307,2,614,West Malaysia,Selangor,Credit Card
ORD14954,2025-05-31,Fashion,T-Shirt,229,4,916,West Malaysia,Penang,GrabPay
ORD14957,2025-03-05,Home,Coffee Maker,203,4,812,West Malaysia,Pahang,Credit Card
ORD14958,2025-09-24,Electronics,Wireless Earbuds,2934,2,5868,West Malaysia,Kedah,TNG eWallet
ORD14959,2025-09-16,Fashion,T-Shirt,165,1,165,West Malaysia,Selangor,TNG eWallet
ORD14962,2025-01-12,Electronics,Laptop,3410,3,10230,West Malaysia,Pahang,FPX
ORD14964,2025-11-12,Electronics,Wireless Earbuds,376,2,752,West Malaysia,Kedah,TNG eWallet
ORD14965,2025-08-08,Electronics,Laptop,1820,3,5460,West Malaysia,Selangor,GrabPay
ORD14967,2025-09-13,Home,Air Purifier,772,3,2316,West Malaysia,Kuala Lumpur,GrabPay
ORD14968,2025-06-29,Electronics,Smartphone,4288,2,8576,West Malaysia,Kedah,TNG eWallet
ORD14970,2025-07-07,Electronics,Smartwatch,2305,2,4610,West Malaysia,Pahang,FPX
ORD14972,2025-03-28,Home,Coffee Maker,524,3,1572,West Malaysia,Kuala Lumpur,Credit Card
ORD14973,2025-10-16,Home,Air Purifier,204,2,408,West Malaysia,Pahang,FPX
ORD14975,2025-01-24,Electronics,Smartphone,2674,1,2674,West Malaysia,Pahang,TNG eWallet
ORD14976,2025-06-04,Home,Desk Lamp,766,2,1532,West Malaysia,Pahang,FPX
ORD14978,2025-04-21,Fashion,Sneakers,269,3,807,West Malaysia,Penang,TNG eWallet
ORD14982,2025-09-24,Fashion,Sneakers,214,4,856,West Malaysia,Penang,GrabPay
ORD14983,2025-10-07,Electronics,Smartphone,1652,4,6608,West Malaysia,Kuala Lumpur,FPX
ORD14984,2025-04-13,Fashion,Sneakers,199,3,597,West Malaysia,Melaka,GrabPay
ORD14985,2025-06-06,Home,Office Chair,463,2,926,West Malaysia,Kedah,GrabPay
ORD14986,2025-06-02,Electronics,Smartwatch,3726,1,3726,West Malaysia,Melaka,GrabPay
ORD14987,2025-03-12,Electronics,Smartphone,1620,2,3240,West Malaysia,Penang,TNG eWallet
ORD14988,2025-12-03,Fashion,Backpack,162,2,324,West Malaysia,Melaka,Credit Card
ORD14997,2025-02-08,Electronics,Smartphone,780,1,780,West Malaysia,Johor,GrabPay
ORD14998,2025-05-16,Home,Office Chair,523,2,1046,West Malaysia,Kuala Lumpur,Credit Card
ORD14999,2025-11-25,Home,Office Chair,231,2,462,West Malaysia,Kedah,GrabPay
ORD15000,2025-10-13,Home,Air Purifier,231,1,231,West Malaysia,Kuala Lumpur,Credit Card
ORD15003,2025-07-12,Home,Office Chair,500,2,1000,West Malaysia,Perak,Credit Card
ORD15005,2025-02-08,Fashion,Backpack,367,2,734,West Malaysia,Kedah,GrabPay
ORD15006,2025-11-18,Home,Desk Lamp,155,3,465,West Malaysia,Pahang,FPX
ORD15007,2025-01-25,Electronics,Wireless Earbuds,3799,1,3799,West Malaysia,Pahang,FPX
ORD15008,2025-04-25,Fashion,Sneakers,171,3,513,West Malaysia,Kedah,GrabPay
ORD15009,2025-08-18,Home,Air Purifier,724,1,724,West Malaysia,Selangor,FPX
ORD15011,2025-12-05,Home,Air Purifier,220,1,220,West Malaysia,Kuala Lumpur,FPX
ORD15013,2025-09-24,Electronics,Smartwatch,1959,3,5877,West Malaysia,Kedah,FPX
ORD15014,2025-03-25,Electronics,Smartwatch,1764,1,1764,West Malaysia,Selangor,TNG eWallet
ORD15017,2025-07-02,Fashion,T-Shirt,277,3,831,West Malaysia,Perak,Credit Card
ORD15018,2025-01-27,Electronics,Smartphone,4161,1,4161,West Malaysia,Kuala Lumpur,GrabPay
ORD15021,2025-03-31,Fashion,Sunglasses,283,1,283,West Malaysia,Penang,TNG eWallet
ORD15022,2025-01-11,Electronics,Laptop,2435,3,7305,West Malaysia,Kedah,TNG eWallet
ORD15025,2025-03-13,Electronics,Smartphone,4200,4,16800,West Malaysia,Melaka,TNG eWallet
ORD15026,2025-05-18,Electronics,Smartphone,1446,2,2892,West Malaysia,Kuala Lumpur,Credit Card
ORD15027,2025-02-07,Electronics,Wireless Earbuds,2432,3,7296,West Malaysia,Johor,TNG eWallet
ORD15028,2025-05-12,Home,Coffee Maker,337,3,1011,West Malaysia,Johor,GrabPay
ORD15035,2025-09-30,Electronics,Wireless Earbuds,3037,1,3037,West Malaysia,Pahang,Credit Card
ORD15036,2025-09-07,Fashion,Backpack,79,4,316,West Malaysia,Kedah,FPX
ORD15041,2025-07-17,Home,Desk Lamp,629,2,1258,West Malaysia,Pahang,Credit Card
ORD15042,2025-06-18,Home,Coffee Maker,570,4,2280,West Malaysia,Perak,TNG eWallet
ORD15043,2025-04-13,Electronics,Smartwatch,2951,4,11804,West Malaysia,Pahang,TNG eWallet
ORD15047,2025-01-12,Home,Office Chair,615,1,615,West Malaysia,Melaka,Credit Card
ORD15053,2025-06-21,Electronics,Laptop,2968,2,5936,West Malaysia,Johor,GrabPay
ORD15054,2025-02-15,Electronics,Smartphone,2617,4,10468,West Malaysia,Melaka,TNG eWallet
ORD15056,2025-07-18,Fashion,T-Shirt,382,1,382,West Malaysia,Penang,GrabPay
ORD15057,2025-04-13,Electronics,Smartphone,1315,3,3945,West Malaysia,Johor,GrabPay
ORD15059,2025-10-21,Electronics,Laptop,3829,2,7658,West Malaysia,Pahang,Credit Card
ORD15060,2025-12-13,Home,Office Chair,236,1,236,West Malaysia,Kedah,GrabPay
ORD15062,2025-02-04,Electronics,Laptop,3842,2,7684,West Malaysia,Pahang,Credit Card
ORD15065,2025-02-19,Fashion,Backpack,67,4,268,West Malaysia,Kedah,Credit Card
ORD15066,2025-10-06,Home,Desk Lamp,506,2,1012,West Malaysia,Pahang,GrabPay
ORD15068,2025-04-14,Electronics,Smartwatch,3094,3,9282,West Malaysia,Perak,GrabPay
ORD15070,2025-06-13,Home,Office Chair,589,3,1767,West Malaysia,Penang,Credit Card
ORD15073,2025-03-13,Fashion,Backpack,292,3,876,West Malaysia,Perak,GrabPay
ORD15074,2025-07-30,Electronics,Wireless Earbuds,3993,4,15972,West Malaysia,Pahang,GrabPay
ORD15075,2025-03-11,Electronics,Laptop,3569,1,3569,West Malaysia,Johor,GrabPay
ORD15078,2025-04-21,Home,Desk Lamp,244,3,732,West Malaysia,Pahang,Credit Card
ORD15080,2025-11-09,Electronics,Smartphone,2514,4,10056,West Malaysia,Pahang,GrabPay
ORD15084,2025-12-07,Home,Air Purifier,261,1,261,West Malaysia,Johor,TNG eWallet
ORD15085,2025-08-26,Home,Office Chair,161,3,483,West Malaysia,Selangor,GrabPay
ORD15086,2025-07-01,Fashion,Sneakers,174,1,174,West Malaysia,Selangor,GrabPay
ORD15088,2025-03-30,Electronics,Smartphone,3277,3,9831,West Malaysia,Kuala Lumpur,FPX
ORD15090,2025-06-13,Fashion,T-Shirt,394,4,1576,West Malaysia,Kedah,GrabPay
ORD15092,2025-01-20,Electronics,Wireless Earbuds,3709,2,7418,West Malaysia,Perak,FPX
ORD15096,2025-06-18,Electronics,Smartwatch,3552,2,7104,West Malaysia,Melaka,TNG eWallet
ORD15098,2025-09-28,Fashion,Sunglasses,364,2,728,West Malaysia,Perak,FPX
ORD15099,2025-05-28,Fashion,T-Shirt,240,2,480,West Malaysia,Melaka,TNG eWallet
ORD15100,2025-11-24,Electronics,Smartwatch,4055,3,12165,West Malaysia,Johor,GrabPay
ORD15101,2025-01-04,Fashion,Sunglasses,133,2,266,West Malaysia,Johor,FPX
ORD15102,2025-03-09,Fashion,Sunglasses,328,1,328,West Malaysia,Penang,Credit Card
ORD15103,2025-02-24,Home,Air Purifier,495,2,990,West Malaysia,Johor,TNG eWallet
ORD15106,2025-12-09,Home,Desk Lamp,684,1,684,West Malaysia,Perak,Credit Card
ORD15107,2025-08-11,Fashion,Sunglasses,85,1,85,West Malaysia,Kedah,Credit Card
ORD15108,2025-08-07,Home,Office Chair,220,2,440,West Malaysia,Selangor,Credit Card
ORD15109,2025-08-23,Home,Desk Lamp,458,4,1832,West Malaysia,Kedah,FPX
ORD15112,2025-07-11,Fashion,Sunglasses,290,3,870,West Malaysia,Johor,FPX
ORD15113,2025-01-28,Home,Office Chair,771,3,2313,West Malaysia,Selangor,Credit Card
ORD15114,2025-02-15,Home,Desk Lamp,216,3,648,West Malaysia,Penang,FPX
ORD15116,2025-11-11,Home,Office Chair,339,1,339,West Malaysia,Perak,GrabPay
ORD15122,2025-09-05,Home,Coffee Maker,744,1,744,West Malaysia,Kuala Lumpur,Credit Card
ORD15123,2025-01-12,Home,Office Chair,387,4,1548,West Malaysia,Penang,GrabPay
ORD15124,2025-11-05,Electronics,Smartphone,2056,4,8224,West Malaysia,Johor,Credit Card
ORD15126,2025-12-17,Fashion,Sneakers,105,2,210,West Malaysia,Kuala Lumpur,GrabPay
ORD15127,2025-02-19,Home,Air Purifier,116,2,232,West Malaysia,Kuala Lumpur,TNG eWallet
ORD15128,2025-04-12,Electronics,Laptop,2787,4,11148,West Malaysia,Kedah,GrabPay
ORD15129,2025-03-11,Home,Air Purifier,263,4,1052,West Malaysia,Melaka,Credit Card
ORD15130,2025-08-07,Electronics,Laptop,3950,1,3950,West Malaysia,Kedah,FPX
ORD15134,2025-12-31,Home,Office Chair,600,1,600,West Malaysia,Pahang,GrabPay
ORD15136,2025-05-22,Home,Coffee Maker,407,1,407,West Malaysia,Melaka,TNG eWallet
ORD15138,2025-03-05,Electronics,Smartphone,3248,1,3248,West Malaysia,Pahang,FPX
ORD15141,2025-06-30,Home,Air Purifier,564,3,1692,West Malaysia,Kedah,FPX
ORD15142,2025-06-27,Fashion,Sunglasses,346,3,1038,West Malaysia,Selangor,TNG eWallet
ORD15143,2025-11-04,Electronics,Laptop,4230,1,4230,West Malaysia,Perak,Credit Card
ORD15144,2025-11-25,Home,Office Chair,774,3,2322,West Malaysia,Kuala Lumpur,GrabPay
ORD15147,2025-11-03,Home,Desk Lamp,642,3,1926,West Malaysia,Penang,Credit Card
ORD15150,2025-02-26,Home,Desk Lamp,622,3,1866,West Malaysia,Perak,TNG eWallet
ORD15151,2025-07-29,Home,Air Purifier,437,2,874,West Malaysia,Penang,Credit Card
ORD15152,2025-09-19,Fashion,Sunglasses,337,2,674,West Malaysia,Pahang,GrabPay
ORD15153,2025-04-18,Home,Desk Lamp,545,4,2180,West Malaysia,Johor,TNG eWallet
ORD15155,2025-09-28,Home,Desk Lamp,205,1,205,West Malaysia,Penang,TNG eWallet
ORD15157,2025-08-05,Fashion,Backpack,296,4,1184,West Malaysia,Perak,TNG eWallet
ORD15158,2025-05-10,Fashion,Backpack,285,2,570,West Malaysia,Pahang,Credit Card
ORD15166,2025-10-01,Home,Desk Lamp,329,1,329,West Malaysia,Perak,GrabPay
ORD15167,2025-02-11,Electronics,Smartwatch,1803,4,7212,West Malaysia,Perak,GrabPay
ORD15172,2025-09-01,Fashion,Sunglasses,126,1,126,West Malaysia,Pahang,FPX
ORD15176,2025-05-02,Fashion,Sunglasses,95,1,95,West Malaysia,Johor,FPX
ORD15179,2025-08-26,Electronics,Laptop,1105,3,3315,West Malaysia,Melaka,GrabPay
ORD15182,2025-06-23,Fashion,Backpack,99,2,198,West Malaysia,Kedah,GrabPay
ORD15183,2025-11-05,Home,Coffee Maker,671,4,2684,West Malaysia,Pahang,TNG eWallet
ORD15184,2025-04-05,Home,Office Chair,183,4,732,West Malaysia,Melaka,Credit Card
ORD15185,2025-03-13,Electronics,Laptop,3641,3,10923,West Malaysia,Perak,FPX
ORD15188,2025-12-08,Electronics,Laptop,965,1,965,West Malaysia,Pahang,GrabPay
ORD15189,2025-03-27,Home,Coffee Maker,386,3,1158,West Malaysia,Selangor,TNG eWallet
ORD15190,2025-04-19,Fashion,Sneakers,245,4,980,West Malaysia,Perak,Credit Card
ORD15194,2025-11-05,Fashion,Backpack,283,3,849,West Malaysia,Kuala Lumpur,Credit Card
ORD15195,2025-05-29,Electronics,Wireless Earbuds,2941,2,5882,West Malaysia,Kedah,FPX
ORD15196,2025-08-22,Home,Air Purifier,742,4,2968,West Malaysia,Penang,FPX
ORD15198,2025-02-23,Fashion,T-Shirt,283,3,849,West Malaysia,Perak,TNG eWallet
ORD15199,2025-04-19,Fashion,Sneakers,99,3,297,West Malaysia,Penang,Credit Card
ORD15201,2025-04-10,Electronics,Smartwatch,3583,2,7166,West Malaysia,Kuala Lumpur,TNG eWallet
ORD15203,2025-01-26,Electronics,Smartwatch,1366,3,4098,West Malaysia,Kuala Lumpur,FPX
ORD15205,2025-05-25,Home,Desk Lamp,655,2,1310,West Malaysia,Pahang,Credit Card
ORD15206,2025-08-07,Fashion,T-Shirt,398,4,1592,West Malaysia,Pahang,Credit Card
ORD15207,2025-02-11,Fashion,Sneakers,160,3,480,West Malaysia,Melaka,Credit Card
ORD15210,2025-06-27,Fashion,Backpack,187,2,374,West Malaysia,Kedah,TNG eWallet
ORD15211,2025-02-04,Fashion,Sneakers,202,3,606,West Malaysia,Melaka,GrabPay
ORD15212,2025-11-16,Home,Office Chair,510,2,1020,West Malaysia,Kedah,FPX
ORD15213,2025-06-10,Fashion,Sneakers,334,2,668,West Malaysia,Melaka,TNG eWallet
ORD15214,2025-11-08,Fashion,T-Shirt,50,2,100,West Malaysia,Perak,FPX
ORD15215,2025-09-12,Fashion,Sunglasses,344,1,344,West Malaysia,Penang,Credit Card
ORD15216,2025-01-31,Electronics,Wireless Earbuds,1414,1,1414,West Malaysia,Pahang,GrabPay
ORD15217,2025-10-27,Home,Desk Lamp,721,1,721,West Malaysia,Melaka,GrabPay
ORD15218,2025-05-04,Fashion,Sunglasses,179,3,537,West Malaysia,Penang,Credit Card
ORD15220,2025-02-07,Electronics,Laptop,813,4,3252,West Malaysia,Kedah,TNG eWallet
ORD15224,2025-12-21,Fashion,Sunglasses,359,4,1436,West Malaysia,Perak,Credit Card
ORD15225,2025-06-06,Electronics,Smartphone,2900,3,8700,West Malaysia,Perak,Credit Card
ORD15227,2025-11-27,Fashion,Backpack,171,1,171,West Malaysia,Melaka,TNG eWallet
ORD15228,2025-04-06,Home,Air Purifier,652,2,1304,West Malaysia,Melaka,GrabPay
ORD15229,2025-03-01,Fashion,Backpack,81,4,324,West Malaysia,Perak,TNG eWallet
ORD15231,2025-04-28,Fashion,Backpack,337,2,674,West Malaysia,Pahang,GrabPay
ORD15232,2025-08-24,Home,Desk Lamp,292,3,876,West Malaysia,Johor,Credit Card
ORD15235,2025-01-31,Home,Coffee Maker,662,2,1324,West Malaysia,Kedah,Credit Card
ORD15236,2025-10-29,Fashion,T-Shirt,190,2,380,West Malaysia,Melaka,FPX
ORD15239,2025-09-06,Electronics,Laptop,1409,2,2818,West Malaysia,Kuala Lumpur,TNG eWallet
ORD15241,2025-06-07,Electronics,Laptop,1728,1,1728,West Malaysia,Penang,FPX
ORD15242,2025-09-12,Electronics,Smartphone,2632,4,10528,West Malaysia,Pahang,Credit Card
ORD15246,2025-10-22,Home,Office Chair,721,2,1442,West Malaysia,Kuala Lumpur,FPX
ORD15249,2025-11-27,Home,Air Purifier,378,3,1134,West Malaysia,Pahang,FPX
ORD15255,2025-03-28,Home,Coffee Maker,740,1,740,West Malaysia,Selangor,FPX
ORD15256,2025-02-22,Home,Desk Lamp,155,4,620,West Malaysia,Kuala Lumpur,TNG eWallet
ORD15257,2025-08-07,Electronics,Smartphone,591,2,1182,West Malaysia,Kedah,Credit Card
ORD15258,2025-06-17,Fashion,Backpack,179,2,358,West Malaysia,Kedah,TNG eWallet
ORD15261,2025-12-15,Home,Coffee Maker,345,2,690,West Malaysia,Kuala Lumpur,Credit Card
ORD15262,2025-06-29,Home,Coffee Maker,696,2,1392,West Malaysia,Penang,GrabPay
ORD15263,2025-02-10,Fashion,Backpack,105,4,420,West Malaysia,Selangor,Credit Card
ORD15265,2025-02-01,Fashion,Backpack,338,3,1014,West Malaysia,Pahang,Credit Card
ORD15267,2025-03-04,Fashion,Sunglasses,391,2,782,West Malaysia,Kuala Lumpur,GrabPay
ORD15268,2025-09-15,Electronics,Wireless Earbuds,644,1,644,West Malaysia,Selangor,GrabPay
ORD15270,2025-12-15,Electronics,Wireless Earbuds,3606,1,3606,West Malaysia,Melaka,TNG eWallet
ORD15271,2025-01-24,Home,Desk Lamp,796,2,1592,West Malaysia,Penang,TNG eWallet
ORD15275,2025-07-25,Electronics,Laptop,1290,2,2580,West Malaysia,Perak,FPX
ORD15276,2025-03-18,Electronics,Smartwatch,3834,4,15336,West Malaysia,Selangor,FPX
ORD15280,2025-03-19,Fashion,Sneakers,377,3,1131,West Malaysia,Pahang,GrabPay
ORD15281,2025-12-24,Home,Air Purifier,395,3,1185,West Malaysia,Kedah,FPX
ORD15282,2025-04-10,Home,Air Purifier,672,3,2016,West Malaysia,Pahang,Credit Card
ORD15283,2025-03-15,Home,Coffee Maker,453,4,1812,West Malaysia,Pahang,TNG eWallet
ORD15285,2025-07-04,Home,Office Chair,401,1,401,West Malaysia,Johor,GrabPay
ORD15286,2025-11-18,Fashion,Sneakers,278,2,556,West Malaysia,Penang,Credit Card
ORD15287,2025-04-25,Electronics,Wireless Earbuds,4346,3,13038,West Malaysia,Perak,FPX
ORD15290,2025-08-10,Fashion,Sunglasses,375,4,1500,West Malaysia,Penang,GrabPay
ORD15293,2025-09-30,Home,Office Chair,514,2,1028,West Malaysia,Pahang,FPX
ORD15297,2025-07-30,Home,Desk Lamp,251,2,502,West Malaysia,Kedah,FPX
ORD15301,2025-12-19,Electronics,Smartwatch,372,2,744,West Malaysia,Pahang,GrabPay
ORD15302,2025-11-24,Home,Air Purifier,515,4,2060,West Malaysia,Pahang,FPX
ORD15303,2025-06-19,Electronics,Smartwatch,1413,3,4239,West Malaysia,Kedah,TNG eWallet
ORD15306,2025-08-13,Fashion,Backpack,287,1,287,West Malaysia,Penang,TNG eWallet
ORD15308,2025-08-12,Fashion,T-Shirt,228,2,456,West Malaysia,Kedah,GrabPay
ORD15309,2025-11-18,Fashion,Sneakers,400,3,1200,West Malaysia,Perak,GrabPay
ORD15310,2025-06-20,Home,Office Chair,630,3,1890,West Malaysia,Kuala Lumpur,GrabPay
ORD15311,2025-05-07,Home,Air Purifier,511,3,1533,West Malaysia,Johor,GrabPay
ORD15316,2025-10-30,Home,Desk Lamp,253,4,1012,West Malaysia,Johor,GrabPay
ORD15319,2025-08-25,Home,Air Purifier,707,1,707,West Malaysia,Perak,FPX
ORD15320,2025-03-21,Home,Air Purifier,382,3,1146,West Malaysia,Penang,Credit Card
ORD15321,2025-04-14,Home,Office Chair,631,4,2524,West Malaysia,Kedah,TNG eWallet
ORD15323,2025-12-17,Home,Coffee Maker,578,4,2312,West Malaysia,Perak,TNG eWallet
ORD15326,2025-03-03,Electronics,Wireless Earbuds,2323,4,9292,West Malaysia,Penang,FPX
ORD15327,2025-08-13,Electronics,Laptop,2730,4,10920,West Malaysia,Johor,TNG eWallet
ORD15328,2025-06-27,Electronics,Smartwatch,3080,4,12320,West Malaysia,Penang,Credit Card
ORD15329,2025-06-22,Electronics,Wireless Earbuds,4329,1,4329,West Malaysia,Kuala Lumpur,GrabPay
ORD15330,2025-10-24,Fashion,Backpack,295,4,1180,West Malaysia,Penang,GrabPay
ORD15332,2025-03-22,Home,Air Purifier,240,4,960,West Malaysia,Pahang,GrabPay
ORD15333,2025-10-22,Fashion,T-Shirt,83,2,166,West Malaysia,Kedah,TNG eWallet
ORD15334,2025-10-18,Electronics,Smartwatch,3517,2,7034,West Malaysia,Kedah,Credit Card
ORD15335,2025-02-06,Home,Office Chair,794,1,794,West Malaysia,Kedah,TNG eWallet
ORD15337,2025-11-06,Fashion,Sneakers,63,3,189,West Malaysia,Melaka,Credit Card
ORD15343,2025-01-19,Fashion,T-Shirt,62,2,124,West Malaysia,Melaka,Credit Card
ORD15344,2025-01-01,Home,Coffee Maker,684,2,1368,West Malaysia,Selangor,TNG eWallet
ORD15346,2025-06-06,Fashion,T-Shirt,260,2,520,West Malaysia,Melaka,FPX
ORD15348,2025-03-04,Home,Desk Lamp,536,3,1608,West Malaysia,Perak,GrabPay
ORD15349,2025-09-15,Fashion,Sneakers,393,1,393,West Malaysia,Kuala Lumpur,TNG eWallet
ORD15350,2025-02-18,Electronics,Wireless Earbuds,2368,2,4736,West Malaysia,Perak,FPX
ORD15354,2025-07-05,Home,Desk Lamp,185,2,370,West Malaysia,Johor,GrabPay
ORD15355,2025-03-02,Fashion,T-Shirt,311,1,311,West Malaysia,Pahang,TNG eWallet
ORD15358,2025-09-24,Electronics,Smartphone,2163,4,8652,West Malaysia,Melaka,TNG eWallet
ORD15359,2025-07-20,Home,Air Purifier,359,3,1077,West Malaysia,Penang,TNG eWallet
ORD15362,2025-11-04,Home,Air Purifier,603,1,603,West Malaysia,Kuala Lumpur,GrabPay
ORD15365,2025-01-12,Home,Coffee Maker,495,3,1485,West Malaysia,Perak,GrabPay
ORD15366,2025-09-25,Home,Desk Lamp,388,3,1164,West Malaysia,Kuala Lumpur,GrabPay
ORD15368,2025-08-23,Home,Desk Lamp,638,4,2552,West Malaysia,Johor,GrabPay
ORD15370,2025-10-26,Fashion,T-Shirt,290,1,290,West Malaysia,Kuala Lumpur,FPX
ORD15373,2025-04-07,Home,Office Chair,200,4,800,West Malaysia,Selangor,Credit Card
ORD15375,2025-01-04,Fashion,Sunglasses,321,2,642,West Malaysia,Kuala Lumpur,Credit Card
ORD15376,2025-12-09,Fashion,Sneakers,200,3,600,West Malaysia,Johor,FPX
ORD15377,2025-10-22,Electronics,Laptop,1889,3,5667,West Malaysia,Johor,GrabPay
ORD15379,2025-04-16,Home,Air Purifier,773,4,3092,West Malaysia,Perak,Credit Card
ORD15383,2025-07-21,Electronics,Smartphone,4033,1,4033,West Malaysia,Johor,GrabPay
ORD15387,2025-01-06,Home,Office Chair,200,4,800,West Malaysia,Selangor,FPX
ORD15388,2025-10-26,Fashion,T-Shirt,394,4,1576,West Malaysia,Pahang,GrabPay
ORD15392,2025-02-08,Electronics,Smartwatch,3978,1,3978,West Malaysia,Perak,Credit Card
ORD15393,2025-04-21,Home,Desk Lamp,620,2,1240,West Malaysia,Kuala Lumpur,TNG eWallet
ORD15394,2025-04-20,Home,Office Chair,334,1,334,West Malaysia,Perak,Credit Card
ORD15395,2025-02-20,Fashion,T-Shirt,143,2,286,West Malaysia,Kuala Lumpur,FPX
ORD15397,2025-05-16,Home,Air Purifier,214,1,214,West Malaysia,Penang,TNG eWallet
ORD15402,2025-06-22,Electronics,Smartwatch,1085,4,4340,West Malaysia,Melaka,GrabPay
ORD15404,2025-08-22,Electronics,Laptop,971,4,3884,West Malaysia,Penang,Credit Card
ORD15406,2025-04-19,Home,Coffee Maker,533,4,2132,West Malaysia,Kuala Lumpur,Credit Card
ORD15410,2025-01-20,Electronics,Laptop,1887,3,5661,West Malaysia,Kedah,FPX
ORD15412,2025-02-14,Home,Office Chair,769,4,3076,West Malaysia,Johor,TNG eWallet
ORD15415,2025-02-27,Home,Air Purifier,768,3,2304,West Malaysia,Kuala Lumpur,TNG eWallet
ORD15419,2025-05-09,Fashion,Sunglasses,344,4,1376,West Malaysia,Selangor,GrabPay
ORD15420,2025-05-28,Electronics,Smartphone,891,3,2673,West Malaysia,Penang,FPX
ORD15423,2025-01-08,Electronics,Smartphone,2455,3,7365,West Malaysia,Perak,Credit Card
ORD15424,2025-11-02,Fashion,T-Shirt,53,4,212,West Malaysia,Kedah,Credit Card
ORD15427,2025-11-08,Fashion,Backpack,62,4,248,West Malaysia,Penang,FPX
ORD15428,2025-03-01,Home,Office Chair,220,1,220,West Malaysia,Melaka,FPX
ORD15432,2025-05-30,Electronics,Laptop,2082,2,4164,West Malaysia,Penang,FPX
ORD15433,2025-03-15,Electronics,Wireless Earbuds,1083,2,2166,West Malaysia,Kedah,Credit Card
ORD15435,2025-03-23,Home,Air Purifier,315,2,630,West Malaysia,Perak,Credit Card
ORD15436,2025-09-09,Fashion,Sunglasses,125,4,500,West Malaysia,Perak,TNG eWallet
ORD15437,2025-02-27,Home,Coffee Maker,600,3,1800,West Malaysia,Pahang,FPX
ORD15438,2025-05-02,Electronics,Wireless Earbuds,1415,3,4245,West Malaysia,Kedah,GrabPay
ORD15443,2025-08-20,Fashion,Sneakers,64,1,64,West Malaysia,Perak,Credit Card
ORD15444,2025-03-06,Fashion,Sunglasses,118,1,118,West Malaysia,Melaka,TNG eWallet
ORD15446,2025-09-20,Fashion,Sneakers,385,3,1155,West Malaysia,Kedah,FPX
ORD15448,2025-02-06,Electronics,Smartwatch,4378,3,13134,West Malaysia,Melaka,GrabPay
ORD15454,2025-06-25,Electronics,Wireless Earbuds,2890,3,8670,West Malaysia,Kuala Lumpur,Credit Card
ORD15456,2025-06-13,Fashion,T-Shirt,302,2,604,West Malaysia,Kuala Lumpur,GrabPay
ORD15458,2025-02-25,Fashion,Sunglasses,165,3,495,West Malaysia,Penang,FPX
ORD15460,2025-07-12,Fashion,Backpack,161,1,161,West Malaysia,Penang,GrabPay
ORD15462,2025-02-06,Fashion,Sunglasses,226,4,904,West Malaysia,Kedah,Credit Card
ORD15463,2025-03-28,Fashion,T-Shirt,170,1,170,West Malaysia,Kedah,GrabPay
ORD15464,2025-11-06,Fashion,Backpack,241,4,964,West Malaysia,Johor,TNG eWallet
ORD15466,2025-05-08,Fashion,Sneakers,264,2,528,West Malaysia,Penang,TNG eWallet
ORD15467,2025-03-27,Fashion,Sunglasses,398,4,1592,West Malaysia,Johor,GrabPay
ORD15468,2025-04-09,Home,Desk Lamp,786,2,1572,West Malaysia,Kuala Lumpur,FPX
ORD15469,2025-11-03,Home,Air Purifier,151,4,604,West Malaysia,Perak,FPX
ORD15470,2025-03-14,Home,Desk Lamp,296,1,296,West Malaysia,Penang,GrabPay
ORD15472,2025-02-14,Home,Air Purifier,348,4,1392,West Malaysia,Penang,FPX
ORD15473,2025-04-23,Home,Air Purifier,408,3,1224,West Malaysia,Selangor,Credit Card
ORD15474,2025-01-27,Fashion,Sunglasses,149,4,596,West Malaysia,Johor,GrabPay
ORD15475,2025-08-29,Home,Coffee Maker,599,2,1198,West Malaysia,Johor,GrabPay
ORD15476,2025-05-11,Electronics,Wireless Earbuds,3621,1,3621,West Malaysia,Selangor,TNG eWallet
ORD15477,2025-02-04,Electronics,Wireless Earbuds,1847,2,3694,West Malaysia,Johor,FPX
ORD15482,2025-05-02,Home,Office Chair,583,1,583,West Malaysia,Kuala Lumpur,Credit Card
ORD15486,2025-07-08,Fashion,Sneakers,235,1,235,West Malaysia,Pahang,FPX
ORD15487,2025-10-24,Home,Coffee Maker,306,4,1224,West Malaysia,Johor,FPX
ORD15488,2025-10-17,Fashion,Sunglasses,140,2,280,West Malaysia,Kedah,GrabPay
ORD15492,2025-12-20,Fashion,Sneakers,352,1,352,West Malaysia,Kedah,FPX
ORD15493,2025-10-18,Home,Office Chair,150,1,150,West Malaysia,Johor,TNG eWallet
ORD15495,2025-01-20,Electronics,Wireless Earbuds,1334,3,4002,West Malaysia,Kuala Lumpur,GrabPay
ORD15501,2025-07-24,Electronics,Laptop,3478,3,10434,West Malaysia,Kuala Lumpur,GrabPay
ORD15502,2025-08-09,Home,Air Purifier,275,3,825,West Malaysia,Perak,GrabPay
ORD15503,2025-03-13,Fashion,Sunglasses,93,3,279,West Malaysia,Pahang,Credit Card
ORD15504,2025-09-15,Electronics,Smartwatch,3984,4,15936,West Malaysia,Melaka,TNG eWallet
ORD15506,2025-07-22,Home,Coffee Maker,157,2,314,West Malaysia,Perak,Credit Card
ORD15507,2025-10-30,Home,Coffee Maker,484,4,1936,West Malaysia,Penang,FPX
ORD15508,2025-08-31,Electronics,Wireless Earbuds,1010,2,2020,West Malaysia,Penang,TNG eWallet
ORD15509,2025-02-01,Fashion,T-Shirt,319,2,638,West Malaysia,Kuala Lumpur,Credit Card
ORD15512,2025-02-27,Fashion,Sunglasses,97,1,97,West Malaysia,Melaka,GrabPay
ORD15514,2025-05-02,Electronics,Smartwatch,3360,2,6720,West Malaysia,Perak,Credit Card
ORD15515,2025-08-17,Fashion,Sunglasses,251,1,251,West Malaysia,Perak,GrabPay
ORD15517,2025-08-14,Home,Air Purifier,676,1,676,West Malaysia,Kedah,Credit Card
ORD15522,2025-06-06,Home,Desk Lamp,641,1,641,West Malaysia,Kuala Lumpur,TNG eWallet
ORD15524,2025-03-24,Home,Desk Lamp,454,2,908,West Malaysia,Melaka,FPX
ORD15525,2025-07-29,Fashion,T-Shirt,394,3,1182,West Malaysia,Melaka,TNG eWallet
ORD15527,2025-11-25,Electronics,Wireless Earbuds,4286,2,8572,West Malaysia,Johor,TNG eWallet
ORD15528,2025-02-07,Electronics,Wireless Earbuds,714,3,2142,West Malaysia,Kedah,GrabPay
ORD15529,2025-09-10,Electronics,Smartphone,2344,2,4688,West Malaysia,Johor,GrabPay
ORD15530,2025-06-07,Electronics,Smartwatch,1486,2,2972,West Malaysia,Kedah,TNG eWallet
ORD15531,2025-08-09,Electronics,Smartphone,882,4,3528,West Malaysia,Kuala Lumpur,TNG eWallet
ORD15532,2025-04-15,Electronics,Laptop,1743,2,3486,West Malaysia,Johor,Credit Card
ORD15533,2025-08-19,Fashion,T-Shirt,167,4,668,West Malaysia,Kuala Lumpur,TNG eWallet
ORD15535,2025-04-17,Electronics,Smartphone,2448,1,2448,West Malaysia,Johor,GrabPay
ORD15540,2025-06-05,Fashion,Sneakers,324,3,972,West Malaysia,Selangor,FPX
ORD15544,2025-09-08,Electronics,Smartphone,1724,4,6896,West Malaysia,Kedah,GrabPay
ORD15547,2025-11-19,Home,Coffee Maker,510,4,2040,West Malaysia,Penang,Credit Card
ORD15551,2025-08-20,Electronics,Wireless Earbuds,4216,2,8432,West Malaysia,Pahang,FPX
ORD15553,2025-02-12,Home,Coffee Maker,527,1,527,West Malaysia,Perak,FPX
ORD15559,2025-02-22,Home,Desk Lamp,720,3,2160,West Malaysia,Perak,GrabPay
ORD15561,2025-08-22,Fashion,Sneakers,388,1,388,West Malaysia,Penang,Credit Card
ORD15566,2025-11-14,Home,Desk Lamp,526,3,1578,West Malaysia,Penang,FPX
ORD15568,2025-10-03,Fashion,T-Shirt,234,2,468,West Malaysia,Penang,GrabPay
ORD15570,2025-02-18,Home,Coffee Maker,798,1,798,West Malaysia,Penang,TNG eWallet
ORD15573,2025-12-06,Fashion,Sunglasses,263,2,526,West Malaysia,Melaka,GrabPay
ORD15574,2025-04-26,Home,Desk Lamp,544,1,544,West Malaysia,Perak,FPX
ORD15575,2025-08-10,Fashion,Sunglasses,313,3,939,West Malaysia,Perak,FPX
ORD15577,2025-07-29,Fashion,T-Shirt,140,1,140,West Malaysia,Penang,Credit Card
ORD15581,2025-10-12,Home,Air Purifier,146,1,146,West Malaysia,Perak,FPX
ORD15583,2025-07-22,Fashion,Sunglasses,88,1,88,West Malaysia,Melaka,FPX
ORD15586,2025-08-25,Fashion,Backpack,365,3,1095,West Malaysia,Pahang,TNG eWallet
ORD15592,2025-09-13,Electronics,Smartwatch,2558,2,5116,West Malaysia,Johor,Credit Card
ORD15596,2025-05-17,Home,Air Purifier,681,4,2724,West Malaysia,Kedah,TNG eWallet
ORD15597,2025-03-23,Electronics,Smartwatch,2155,3,6465,West Malaysia,Melaka,Credit Card
ORD15598,2025-08-17,Home,Desk Lamp,217,4,868,West Malaysia,Johor,GrabPay
ORD15602,2025-08-21,Home,Desk Lamp,513,2,1026,West Malaysia,Penang,TNG eWallet
ORD15604,2025-05-01,Fashion,Sneakers,126,2,252,West Malaysia,Johor,Credit Card
ORD15606,2025-05-19,Home,Desk Lamp,484,3,1452,West Malaysia,Kedah,GrabPay
ORD15609,2025-08-24,Electronics,Laptop,3153,3,9459,West Malaysia,Selangor,FPX
ORD15611,2025-03-06,Home,Air Purifier,575,3,1725,West Malaysia,Pahang,FPX
ORD15613,2025-08-14,Electronics,Wireless Earbuds,2545,1,2545,West Malaysia,Johor,FPX
ORD15614,2025-02-05,Electronics,Smartwatch,3502,2,7004,West Malaysia,Perak,FPX
ORD15616,2025-07-17,Home,Office Chair,750,4,3000,West Malaysia,Perak,GrabPay
ORD15619,2025-08-01,Home,Coffee Maker,160,1,160,West Malaysia,Pahang,TNG eWallet
ORD15620,2025-12-16,Home,Air Purifier,681,1,681,West Malaysia,Perak,TNG eWallet
ORD15621,2025-02-06,Home,Desk Lamp,721,2,1442,West Malaysia,Perak,FPX
ORD15623,2025-04-22,Home,Coffee Maker,130,3,390,West Malaysia,Pahang,TNG eWallet
ORD15626,2025-05-09,Fashion,Sunglasses,80,3,240,West Malaysia,Selangor,Credit Card
ORD15630,2025-07-16,Home,Air Purifier,460,4,1840,West Malaysia,Johor,Credit Card
ORD15631,2025-10-19,Fashion,Sneakers,254,3,762,West Malaysia,Melaka,FPX
ORD15632,2025-02-13,Home,Coffee Maker,296,2,592,West Malaysia,Perak,Credit Card
ORD15634,2025-04-02,Electronics,Wireless Earbuds,1291,1,1291,West Malaysia,Kedah,TNG eWallet
ORD15635,2025-12-20,Electronics,Wireless Earbuds,3120,1,3120,West Malaysia,Selangor,GrabPay
ORD15636,2025-03-21,Home,Coffee Maker,791,3,2373,West Malaysia,Kuala Lumpur,TNG eWallet
ORD15638,2025-07-24,Electronics,Wireless Earbuds,3874,2,7748,West Malaysia,Pahang,TNG eWallet
ORD15641,2025-02-27,Electronics,Smartphone,3724,3,11172,West Malaysia,Pahang,Credit Card
ORD15642,2025-10-02,Electronics,Smartphone,1503,2,3006,West Malaysia,Perak,GrabPay
ORD15644,2025-06-08,Home,Desk Lamp,130,4,520,West Malaysia,Penang,FPX
ORD15647,2025-12-13,Electronics,Smartphone,4043,2,8086,West Malaysia,Kedah,GrabPay
ORD15648,2025-09-09,Electronics,Smartphone,1185,4,4740,West Malaysia,Selangor,GrabPay
ORD15651,2025-08-23,Electronics,Wireless Earbuds,526,3,1578,West Malaysia,Pahang,FPX
ORD15652,2025-02-10,Home,Desk Lamp,211,2,422,West Malaysia,Perak,GrabPay
ORD15653,2025-09-15,Home,Coffee Maker,520,4,2080,West Malaysia,Selangor,FPX
ORD15656,2025-03-23,Home,Coffee Maker,642,3,1926,West Malaysia,Johor,TNG eWallet
ORD15658,2025-08-13,Electronics,Smartwatch,1528,4,6112,West Malaysia,Perak,TNG eWallet
ORD15659,2025-08-23,Electronics,Smartwatch,1089,2,2178,West Malaysia,Selangor,TNG eWallet
ORD15662,2025-10-29,Fashion,Sneakers,112,2,224,West Malaysia,Perak,TNG eWallet
ORD15664,2025-02-01,Fashion,Sunglasses,139,2,278,West Malaysia,Pahang,GrabPay
ORD15666,2025-07-13,Electronics,Wireless Earbuds,3777,4,15108,West Malaysia,Selangor,Credit Card
ORD15669,2025-05-07,Electronics,Wireless Earbuds,3051,3,9153,West Malaysia,Kedah,Credit Card
ORD15673,2025-07-06,Fashion,Sneakers,73,1,73,West Malaysia,Penang,TNG eWallet
ORD15674,2025-04-29,Electronics,Wireless Earbuds,1373,1,1373,West Malaysia,Perak,GrabPay
ORD15675,2025-11-14,Home,Office Chair,100,4,400,West Malaysia,Kedah,TNG eWallet
ORD15679,2025-09-06,Home,Office Chair,695,4,2780,West Malaysia,Perak,Credit Card
ORD15680,2025-01-07,Home,Coffee Maker,620,4,2480,West Malaysia,Kedah,FPX
ORD15683,2025-08-15,Home,Coffee Maker,607,3,1821,West Malaysia,Kuala Lumpur,Credit Card
ORD15685,2025-12-03,Home,Office Chair,467,4,1868,West Malaysia,Kuala Lumpur,TNG eWallet
ORD15688,2025-01-22,Fashion,Sneakers,275,2,550,West Malaysia,Kuala Lumpur,FPX
ORD15689,2025-11-29,Home,Desk Lamp,512,2,1024,West Malaysia,Pahang,Credit Card
ORD15690,2025-01-23,Fashion,Sneakers,151,3,453,West Malaysia,Selangor,TNG eWallet
ORD15692,2025-11-03,Fashion,Sunglasses,363,2,726,West Malaysia,Penang,TNG eWallet
ORD15694,2025-10-08,Home,Air Purifier,372,3,1116,West Malaysia,Melaka,GrabPay
ORD15695,2025-11-09,Home,Coffee Maker,648,1,648,West Malaysia,Kuala Lumpur,TNG eWallet
ORD15700,2025-04-12,Home,Air Purifier,378,4,1512,West Malaysia,Penang,TNG eWallet
ORD15704,2025-11-25,Home,Air Purifier,408,2,816,West Malaysia,Melaka,Credit Card
ORD15705,2025-02-05,Electronics,Smartphone,367,1,367,West Malaysia,Perak,GrabPay
ORD15707,2025-06-13,Fashion,Sneakers,212,2,424,West Malaysia,Melaka,Credit Card
ORD15708,2025-08-11,Home,Air Purifier,585,2,1170,West Malaysia,Kedah,TNG eWallet
ORD15711,2025-09-19,Home,Office Chair,545,3,1635,West Malaysia,Kedah,Credit Card
ORD15712,2025-12-30,Fashion,T-Shirt,228,3,684,West Malaysia,Kedah,FPX
ORD15716,2025-01-07,Electronics,Smartphone,3425,2,6850,West Malaysia,Kuala Lumpur,Credit Card
ORD15719,2025-04-11,Home,Desk Lamp,539,1,539,West Malaysia,Kuala Lumpur,Credit Card
ORD15728,2025-08-09,Home,Air Purifier,122,1,122,West Malaysia,Pahang,TNG eWallet
ORD15731,2025-01-08,Electronics,Laptop,1987,4,7948,West Malaysia,Kuala Lumpur,FPX
ORD15732,2025-09-26,Fashion,Backpack,71,2,142,West Malaysia,Melaka,Credit Card
ORD15733,2025-02-22,Home,Desk Lamp,404,2,808,West Malaysia,Melaka,GrabPay
ORD15734,2025-04-30,Fashion,T-Shirt,199,4,796,West Malaysia,Melaka,FPX
ORD15735,2025-08-22,Home,Coffee Maker,511,4,2044,West Malaysia,Perak,FPX
ORD15736,2025-08-07,Home,Desk Lamp,558,3,1674,West Malaysia,Perak,Credit Card
ORD15737,2025-10-14,Fashion,T-Shirt,119,4,476,West Malaysia,Perak,TNG eWallet
ORD15738,2025-04-19,Electronics,Smartphone,2300,2,4600,West Malaysia,Pahang,GrabPay
ORD15739,2025-06-16,Home,Coffee Maker,756,2,1512,West Malaysia,Perak,TNG eWallet
ORD15741,2025-02-13,Fashion,Backpack,141,4,564,West Malaysia,Pahang,TNG eWallet
ORD15742,2025-08-01,Fashion,Sneakers,376,4,1504,West Malaysia,Perak,Credit Card
ORD15746,2025-03-20,Electronics,Laptop,498,4,1992,West Malaysia,Penang,TNG eWallet
ORD15747,2025-12-04,Fashion,Backpack,100,4,400,West Malaysia,Kuala Lumpur,FPX
ORD15748,2025-01-21,Home,Desk Lamp,710,4,2840,West Malaysia,Melaka,Credit Card
ORD15749,2025-11-25,Electronics,Laptop,4257,2,8514,West Malaysia,Johor,TNG eWallet
ORD15751,2025-06-22,Home,Coffee Maker,554,4,2216,West Malaysia,Selangor,FPX
ORD15752,2025-10-05,Electronics,Smartwatch,1726,1,1726,West Malaysia,Pahang,Credit Card
ORD15754,2025-08-14,Electronics,Smartphone,2887,3,8661,West Malaysia,Melaka,Credit Card
ORD15755,2025-11-11,Home,Air Purifier,281,1,281,West Malaysia,Kedah,Credit Card
ORD15759,2025-11-10,Home,Office Chair,182,2,364,West Malaysia,Johor,Credit Card
ORD15760,2025-01-28,Electronics,Laptop,3286,1,3286,West Malaysia,Pahang,TNG eWallet
ORD15762,2025-07-12,Fashion,Backpack,99,1,99,West Malaysia,Johor,TNG eWallet
ORD15763,2025-01-20,Home,Coffee Maker,137,1,137,West Malaysia,Melaka,GrabPay
ORD15764,2025-11-02,Electronics,Smartphone,2755,4,11020,West Malaysia,Kuala Lumpur,FPX
ORD15767,2025-05-31,Home,Office Chair,590,3,1770,West Malaysia,Melaka,GrabPay
ORD15770,2025-04-18,Electronics,Wireless Earbuds,2373,3,7119,West Malaysia,Perak,FPX
ORD15771,2025-10-11,Fashion,Sunglasses,195,3,585,West Malaysia,Penang,Credit Card
ORD15774,2025-08-30,Electronics,Smartphone,340,1,340,West Malaysia,Selangor,TNG eWallet
ORD15776,2025-04-03,Electronics,Wireless Earbuds,2468,2,4936,West Malaysia,Kedah,Credit Card
ORD15779,2025-12-17,Electronics,Laptop,2132,3,6396,West Malaysia,Selangor,GrabPay
ORD15784,2025-08-02,Home,Air Purifier,410,3,1230,West Malaysia,Perak,Credit Card
ORD15786,2025-01-10,Electronics,Smartphone,4219,2,8438,West Malaysia,Melaka,TNG eWallet
ORD15791,2025-07-04,Electronics,Laptop,2998,3,8994,West Malaysia,Johor,TNG eWallet
ORD15792,2025-05-28,Electronics,Smartphone,1744,2,3488,West Malaysia,Perak,FPX
ORD15795,2025-02-02,Fashion,Sneakers,268,3,804,West Malaysia,Perak,GrabPay
ORD15796,2025-12-08,Home,Office Chair,632,2,1264,West Malaysia,Pahang,GrabPay
ORD15799,2025-03-21,Fashion,Sunglasses,66,1,66,West Malaysia,Melaka,TNG eWallet
ORD15801,2025-01-25,Electronics,Wireless Earbuds,4401,3,13203,West Malaysia,Kuala Lumpur,FPX
ORD15807,2025-08-31,Electronics,Wireless Earbuds,1354,1,1354,West Malaysia,Johor,GrabPay
ORD15809,2025-03-15,Electronics,Wireless Earbuds,3333,2,6666,West Malaysia,Kuala Lumpur,GrabPay
ORD15810,2025-05-26,Home,Coffee Maker,229,1,229,West Malaysia,Kedah,GrabPay
ORD15812,2025-01-08,Fashion,Sneakers,297,2,594,West Malaysia,Melaka,FPX
ORD15813,2025-02-11,Fashion,T-Shirt,295,4,1180,West Malaysia,Selangor,GrabPay
ORD15814,2025-12-17,Electronics,Smartwatch,4213,1,4213,West Malaysia,Kuala Lumpur,TNG eWallet
ORD15816,2025-01-09,Electronics,Smartwatch,2542,1,2542,West Malaysia,Selangor,Credit Card
ORD15818,2025-02-23,Home,Desk Lamp,130,1,130,West Malaysia,Kuala Lumpur,Credit Card
ORD15820,2025-06-14,Electronics,Laptop,2127,3,6381,West Malaysia,Penang,Credit Card
ORD15821,2025-03-15,Home,Coffee Maker,233,4,932,West Malaysia,Kedah,GrabPay
ORD15824,2025-12-03,Home,Coffee Maker,627,4,2508,West Malaysia,Kuala Lumpur,GrabPay
ORD15826,2025-04-23,Electronics,Wireless Earbuds,312,2,624,West Malaysia,Pahang,GrabPay
ORD15828,2025-05-15,Electronics,Laptop,2801,1,2801,West Malaysia,Kedah,TNG eWallet
ORD15829,2025-02-27,Home,Desk Lamp,634,3,1902,West Malaysia,Selangor,GrabPay
ORD15833,2025-01-21,Home,Desk Lamp,733,4,2932,West Malaysia,Kuala Lumpur,TNG eWallet
ORD15834,2025-12-04,Fashion,Sunglasses,141,2,282,West Malaysia,Melaka,Credit Card
ORD15838,2025-03-29,Electronics,Smartwatch,4458,1,4458,West Malaysia,Penang,TNG eWallet
ORD15840,2025-12-03,Electronics,Laptop,4347,1,4347,West Malaysia,Johor,Credit Card
ORD15842,2025-11-19,Electronics,Smartwatch,1860,3,5580,West Malaysia,Kedah,Credit Card
ORD15845,2025-05-27,Fashion,Backpack,354,2,708,West Malaysia,Perak,Credit Card
ORD15846,2025-07-10,Fashion,Sunglasses,398,3,1194,West Malaysia,Kuala Lumpur,GrabPay
ORD15847,2025-09-25,Electronics,Smartwatch,812,3,2436,West Malaysia,Penang,GrabPay
ORD15848,2025-10-25,Fashion,Sunglasses,192,2,384,West Malaysia,Kuala Lumpur,Credit Card
ORD15850,2025-03-24,Fashion,Sunglasses,167,4,668,West Malaysia,Johor,Credit Card
ORD15852,2025-05-29,Home,Desk Lamp,327,4,1308,West Malaysia,Johor,FPX
ORD15853,2025-06-03,Electronics,Smartphone,1231,3,3693,West Malaysia,Melaka,TNG eWallet
ORD15854,2025-01-06,Electronics,Wireless Earbuds,1600,2,3200,West Malaysia,Melaka,GrabPay
ORD15855,2025-04-18,Electronics,Laptop,788,3,2364,West Malaysia,Pahang,FPX
ORD15856,2025-05-21,Fashion,Backpack,94,3,282,West Malaysia,Kedah,TNG eWallet
ORD15859,2025-12-09,Fashion,Sunglasses,206,4,824,West Malaysia,Melaka,TNG eWallet
ORD15860,2025-12-16,Electronics,Wireless Earbuds,2221,2,4442,West Malaysia,Pahang,Credit Card
ORD15861,2025-07-19,Fashion,Sunglasses,179,4,716,West Malaysia,Selangor,TNG eWallet
ORD15863,2025-04-05,Fashion,Sunglasses,183,3,549,West Malaysia,Selangor,TNG eWallet
ORD15865,2025-03-17,Fashion,Backpack,368,1,368,West Malaysia,Kuala Lumpur,Credit Card
ORD15866,2025-06-16,Home,Coffee Maker,734,1,734,West Malaysia,Penang,FPX
ORD15869,2025-06-16,Electronics,Smartwatch,1569,1,1569,West Malaysia,Perak,Credit Card
ORD15871,2025-11-19,Electronics,Smartphone,3251,1,3251,West Malaysia,Selangor,GrabPay
ORD15873,2025-12-04,Electronics,Smartphone,3190,4,12760,West Malaysia,Penang,FPX
ORD15874,2025-04-01,Electronics,Wireless Earbuds,2698,2,5396,West Malaysia,Perak,TNG eWallet
ORD15876,2025-04-09,Fashion,T-Shirt,97,1,97,West Malaysia,Kedah,TNG eWallet
ORD15877,2025-01-05,Electronics,Smartphone,3460,1,3460,West Malaysia,Johor,Credit Card
ORD15878,2025-02-20,Fashion,Sneakers,369,1,369,West Malaysia,Melaka,FPX
ORD15882,2025-06-02,Home,Air Purifier,598,2,1196,West Malaysia,Kedah,Credit Card
ORD15885,2025-10-04,Electronics,Wireless Earbuds,2377,1,2377,West Malaysia,Selangor,FPX
ORD15886,2025-06-24,Electronics,Smartwatch,4122,4,16488,West Malaysia,Johor,FPX
ORD15888,2025-04-11,Fashion,Sneakers,231,1,231,West Malaysia,Kuala Lumpur,Credit Card
ORD15889,2025-11-23,Home,Coffee Maker,716,1,716,West Malaysia,Kedah,GrabPay
ORD15891,2025-01-07,Home,Air Purifier,791,2,1582,West Malaysia,Kuala Lumpur,Credit Card
ORD15893,2025-02-25,Home,Office Chair,494,3,1482,West Malaysia,Johor,TNG eWallet
ORD15894,2025-09-15,Electronics,Wireless Earbuds,3458,1,3458,West Malaysia,Penang,Credit Card
ORD15896,2025-12-26,Fashion,Sunglasses,173,1,173,West Malaysia,Perak,Credit Card
ORD15898,2025-04-20,Electronics,Smartphone,4355,1,4355,West Malaysia,Kuala Lumpur,GrabPay
ORD15900,2025-03-12,Electronics,Laptop,3848,4,15392,West Malaysia,Selangor,Credit Card
ORD15906,2025-02-08,Fashion,Sneakers,370,3,1110,West Malaysia,Melaka,GrabPay
ORD15909,2025-03-05,Electronics,Laptop,431,3,1293,West Malaysia,Pahang,TNG eWallet
ORD15910,2025-01-12,Electronics,Laptop,4415,4,17660,West Malaysia,Selangor,FPX
ORD15911,2025-06-10,Home,Air Purifier,274,3,822,West Malaysia,Penang,FPX
ORD15912,2025-01-17,Home,Coffee Maker,653,1,653,West Malaysia,Penang,GrabPay
ORD15915,2025-08-17,Electronics,Laptop,4183,2,8366,West Malaysia,Selangor,GrabPay
ORD15916,2025-04-29,Electronics,Laptop,3523,1,3523,West Malaysia,Kedah,TNG eWallet
ORD15918,2025-05-29,Home,Air Purifier,635,2,1270,West Malaysia,Melaka,FPX
ORD15919,2025-11-08,Electronics,Smartphone,1215,1,1215,West Malaysia,Pahang,FPX
ORD15921,2025-06-15,Fashion,T-Shirt,210,1,210,West Malaysia,Kuala Lumpur,GrabPay
ORD15922,2025-05-12,Electronics,Smartwatch,2028,4,8112,West Malaysia,Penang,Credit Card
ORD15925,2025-03-23,Home,Office Chair,725,4,2900,West Malaysia,Kedah,Credit Card
ORD15926,2025-04-18,Electronics,Laptop,2319,3,6957,West Malaysia,Kuala Lumpur,TNG eWallet
ORD15927,2025-10-05,Fashion,Backpack,86,1,86,West Malaysia,Kedah,GrabPay
ORD15928,2025-02-20,Electronics,Smartwatch,3396,1,3396,West Malaysia,Penang,TNG eWallet
ORD15929,2025-03-06,Home,Office Chair,381,3,1143,West Malaysia,Melaka,Credit Card
ORD15931,2025-03-04,Home,Air Purifier,693,3,2079,West Malaysia,Johor,Credit Card
ORD15932,2025-06-16,Home,Office Chair,352,2,704,West Malaysia,Johor,FPX
ORD15934,2025-01-23,Fashion,T-Shirt,84,4,336,West Malaysia,Johor,GrabPay
ORD15936,2025-07-27,Fashion,Sneakers,392,3,1176,West Malaysia,Pahang,GrabPay
ORD15937,2025-10-09,Home,Air Purifier,301,4,1204,West Malaysia,Kedah,TNG eWallet
ORD15939,2025-10-30,Electronics,Wireless Earbuds,1690,3,5070,West Malaysia,Pahang,Credit Card
ORD15940,2025-06-28,Fashion,Sunglasses,341,4,1364,West Malaysia,Kuala Lumpur,GrabPay
ORD15941,2025-03-07,Home,Office Chair,375,1,375,West Malaysia,Kuala Lumpur,TNG eWallet
ORD15947,2025-04-15,Electronics,Smartphone,529,1,529,West Malaysia,Kuala Lumpur,FPX
ORD15949,2025-01-06,Fashion,Backpack,100,3,300,West Malaysia,Selangor,Credit Card
ORD15950,2025-09-21,Fashion,Sunglasses,242,1,242,West Malaysia,Johor,GrabPay
ORD15955,2025-06-05,Fashion,Backpack,61,4,244,West Malaysia,Johor,Credit Card
ORD15956,2025-07-31,Fashion,T-Shirt,292,3,876,West Malaysia,Johor,FPX
ORD15961,2025-07-30,Home,Coffee Maker,459,3,1377,West Malaysia,Johor,TNG eWallet
ORD15962,2025-01-26,Home,Office Chair,229,4,916,West Malaysia,Kuala Lumpur,GrabPay
ORD15964,2025-12-14,Home,Office Chair,670,3,2010,West Malaysia,Selangor,GrabPay
ORD15966,2025-07-26,Fashion,Sunglasses,365,4,1460,West Malaysia,Kuala Lumpur,GrabPay
ORD15967,2025-08-02,Electronics,Wireless Earbuds,1507,1,1507,West Malaysia,Johor,TNG eWallet
ORD15968,2025-01-10,Home,Desk Lamp,418,1,418,West Malaysia,Melaka,FPX
ORD15969,2025-10-19,Fashion,Backpack,196,3,588,West Malaysia,Pahang,FPX
ORD15973,2025-09-20,Fashion,Sneakers,285,2,570,West Malaysia,Penang,GrabPay
ORD15974,2025-05-29,Electronics,Wireless Earbuds,2340,3,7020,West Malaysia,Penang,GrabPay
ORD15975,2025-01-23,Home,Desk Lamp,755,3,2265,West Malaysia,Penang,Credit Card
ORD15976,2025-04-15,Electronics,Wireless Earbuds,4359,3,13077,West Malaysia,Kedah,GrabPay
ORD15977,2025-04-20,Home,Desk Lamp,397,1,397,West Malaysia,Perak,Credit Card
ORD15980,2025-08-31,Home,Desk Lamp,756,3,2268,West Malaysia,Kuala Lumpur,Credit Card
ORD15981,2025-04-11,Electronics,Laptop,3295,3,9885,West Malaysia,Johor,Credit Card
ORD15982,2025-06-04,Home,Coffee Maker,542,2,1084,West Malaysia,Kedah,GrabPay
ORD15983,2025-08-03,Fashion,Sneakers,295,2,590,West Malaysia,Kedah,TNG eWallet
ORD15984,2025-11-20,Home,Desk Lamp,794,4,3176,West Malaysia,Penang,FPX
ORD15986,2025-05-20,Fashion,Sunglasses,227,3,681,West Malaysia,Penang,Credit Card
ORD15988,2025-11-17,Electronics,Smartphone,2499,4,9996,West Malaysia,Johor,FPX
ORD15989,2025-02-03,Home,Air Purifier,545,1,545,West Malaysia,Pahang,GrabPay
ORD15994,2025-02-07,Electronics,Smartwatch,4476,1,4476,West Malaysia,Johor,Credit Card
ORD15996,2025-05-24,Electronics,Smartwatch,623,1,623,West Malaysia,Kuala Lumpur,Credit Card
ORD15997,2025-05-16,Home,Office Chair,174,1,174,West Malaysia,Perak,FPX
ORD15998,2025-08-02,Fashion,Backpack,93,1,93,West Malaysia,Perak,Credit Card
ORD16000,2025-01-17,Fashion,T-Shirt,184,2,368,West Malaysia,Melaka,TNG eWallet
ORD16001,2025-02-25,Electronics,Smartwatch,365,2,730,West Malaysia,Johor,TNG eWallet
ORD16002,2025-01-08,Fashion,Sneakers,129,2,258,West Malaysia,Selangor,TNG eWallet
ORD16005,2025-05-19,Electronics,Wireless Earbuds,1743,1,1743,West Malaysia,Johor,FPX
ORD16006,2025-02-08,Home,Air Purifier,748,2,1496,West Malaysia,Melaka,GrabPay
ORD16011,2025-06-29,Home,Office Chair,719,2,1438,West Malaysia,Johor,TNG eWallet
ORD16012,2025-12-24,Electronics,Smartwatch,2450,1,2450,West Malaysia,Kuala Lumpur,Credit Card
ORD16013,2025-01-26,Electronics,Wireless Earbuds,3553,2,7106,West Malaysia,Selangor,Credit Card
ORD16016,2025-09-27,Electronics,Smartwatch,3639,2,7278,West Malaysia,Melaka,Credit Card
ORD16017,2025-06-21,Electronics,Laptop,1832,4,7328,West Malaysia,Kuala Lumpur,FPX
ORD16018,2025-10-01,Electronics,Smartwatch,4259,2,8518,West Malaysia,Melaka,GrabPay
ORD16020,2025-04-22,Home,Office Chair,194,1,194,West Malaysia,Selangor,GrabPay
ORD16021,2025-08-08,Fashion,T-Shirt,303,3,909,West Malaysia,Penang,Credit Card
ORD16022,2025-06-15,Fashion,Sunglasses,306,2,612,West Malaysia,Kuala Lumpur,FPX
ORD16023,2025-03-17,Fashion,T-Shirt,242,4,968,West Malaysia,Johor,GrabPay
ORD16025,2025-05-18,Fashion,Sunglasses,198,2,396,West Malaysia,Penang,GrabPay
ORD16028,2025-05-10,Home,Coffee Maker,357,1,357,West Malaysia,Johor,GrabPay
ORD16032,2025-03-18,Electronics,Smartwatch,4379,4,17516,West Malaysia,Pahang,FPX
ORD16033,2025-10-16,Electronics,Laptop,3789,4,15156,West Malaysia,Pahang,Credit Card
ORD16037,2025-07-07,Electronics,Wireless Earbuds,3894,4,15576,West Malaysia,Penang,GrabPay
ORD16040,2025-04-18,Fashion,Backpack,201,4,804,West Malaysia,Johor,FPX
ORD16042,2025-01-12,Fashion,T-Shirt,165,3,495,West Malaysia,Johor,Credit Card
ORD16044,2025-03-30,Electronics,Smartphone,4063,3,12189,West Malaysia,Perak,GrabPay
ORD16045,2025-08-06,Fashion,Sunglasses,157,2,314,West Malaysia,Johor,FPX
ORD16047,2025-11-02,Fashion,Backpack,133,1,133,West Malaysia,Selangor,TNG eWallet
ORD16050,2025-09-19,Home,Office Chair,637,2,1274,West Malaysia,Johor,Credit Card
ORD16057,2025-06-19,Electronics,Smartwatch,4354,3,13062,West Malaysia,Perak,GrabPay
ORD16058,2025-12-05,Fashion,Sneakers,80,2,160,West Malaysia,Pahang,Credit Card
ORD16059,2025-08-04,Home,Office Chair,230,3,690,West Malaysia,Pahang,GrabPay
ORD16062,2025-05-29,Electronics,Laptop,3517,1,3517,West Malaysia,Melaka,Credit Card
ORD16069,2025-07-06,Electronics,Wireless Earbuds,872,3,2616,West Malaysia,Melaka,Credit Card
ORD16071,2025-11-15,Fashion,Backpack,256,4,1024,West Malaysia,Selangor,Credit Card
ORD16072,2025-04-23,Fashion,Backpack,376,1,376,West Malaysia,Selangor,TNG eWallet
ORD16074,2025-12-05,Fashion,Sneakers,286,4,1144,West Malaysia,Penang,FPX
ORD16075,2025-01-03,Electronics,Wireless Earbuds,491,1,491,West Malaysia,Selangor,FPX
ORD16076,2025-04-15,Electronics,Smartwatch,4186,1,4186,West Malaysia,Selangor,TNG eWallet
ORD16079,2025-03-18,Fashion,Sneakers,268,4,1072,West Malaysia,Penang,TNG eWallet
ORD16080,2025-06-01,Home,Air Purifier,486,2,972,West Malaysia,Perak,Credit Card
ORD16081,2025-01-01,Electronics,Wireless Earbuds,3571,1,3571,West Malaysia,Kedah,TNG eWallet
ORD16084,2025-09-29,Fashion,T-Shirt,307,4,1228,West Malaysia,Johor,TNG eWallet
ORD16086,2025-10-14,Electronics,Smartwatch,362,2,724,West Malaysia,Kuala Lumpur,GrabPay
ORD16087,2025-01-17,Electronics,Laptop,2318,2,4636,West Malaysia,Penang,Credit Card
ORD16088,2025-08-21,Electronics,Wireless Earbuds,1597,4,6388,West Malaysia,Melaka,TNG eWallet
ORD16089,2025-08-21,Home,Coffee Maker,528,3,1584,West Malaysia,Perak,GrabPay
ORD16090,2025-07-19,Home,Air Purifier,416,1,416,West Malaysia,Kedah,FPX
ORD16094,2025-03-25,Electronics,Smartphone,3111,3,9333,West Malaysia,Pahang,Credit Card
ORD16096,2025-07-02,Electronics,Laptop,1894,4,7576,West Malaysia,Kuala Lumpur,Credit Card
ORD16097,2025-05-03,Electronics,Smartwatch,3823,2,7646,West Malaysia,Penang,FPX
ORD16100,2025-03-10,Fashion,T-Shirt,374,4,1496,West Malaysia,Perak,TNG eWallet
ORD16101,2025-12-20,Fashion,Sunglasses,379,4,1516,West Malaysia,Kedah,TNG eWallet
ORD16102,2025-09-27,Electronics,Wireless Earbuds,621,1,621,West Malaysia,Kedah,GrabPay
ORD16104,2025-08-28,Fashion,Sunglasses,97,2,194,West Malaysia,Selangor,FPX
ORD16105,2025-11-18,Electronics,Laptop,3366,1,3366,West Malaysia,Pahang,GrabPay
ORD16106,2025-08-01,Electronics,Smartphone,3712,1,3712,West Malaysia,Selangor,FPX
ORD16108,2025-01-09,Home,Desk Lamp,708,2,1416,West Malaysia,Johor,GrabPay
ORD16109,2025-01-12,Home,Coffee Maker,665,2,1330,West Malaysia,Pahang,TNG eWallet
ORD16111,2025-03-17,Fashion,Sunglasses,329,1,329,West Malaysia,Selangor,TNG eWallet
ORD16112,2025-12-18,Fashion,Sneakers,341,2,682,West Malaysia,Kedah,TNG eWallet
ORD16113,2025-01-16,Fashion,Sneakers,125,2,250,West Malaysia,Penang,FPX
ORD16114,2025-08-20,Fashion,Sunglasses,372,2,744,West Malaysia,Penang,GrabPay
ORD16116,2025-08-13,Electronics,Smartwatch,849,2,1698,West Malaysia,Perak,TNG eWallet
ORD16119,2025-10-24,Home,Desk Lamp,277,2,554,West Malaysia,Kedah,Credit Card
ORD16121,2025-10-28,Electronics,Wireless Earbuds,3313,1,3313,West Malaysia,Selangor,GrabPay
ORD16122,2025-07-02,Fashion,Sneakers,92,2,184,West Malaysia,Penang,GrabPay
ORD16126,2025-12-01,Home,Desk Lamp,224,4,896,West Malaysia,Perak,Credit Card
ORD16127,2025-02-15,Electronics,Smartwatch,3715,3,11145,West Malaysia,Melaka,Credit Card
ORD16129,2025-03-24,Electronics,Wireless Earbuds,3326,2,6652,West Malaysia,Kedah,Credit Card
ORD16132,2025-10-06,Electronics,Smartwatch,4169,3,12507,West Malaysia,Selangor,TNG eWallet
ORD16133,2025-03-18,Home,Desk Lamp,525,1,525,West Malaysia,Melaka,GrabPay
ORD16134,2025-05-15,Home,Air Purifier,218,4,872,West Malaysia,Selangor,Credit Card
ORD16135,2025-03-01,Home,Office Chair,394,3,1182,West Malaysia,Perak,GrabPay
ORD16142,2025-12-03,Electronics,Wireless Earbuds,366,3,1098,West Malaysia,Selangor,Credit Card
ORD16144,2025-11-28,Home,Office Chair,390,1,390,West Malaysia,Kuala Lumpur,TNG eWallet
ORD16146,2025-08-05,Electronics,Laptop,4192,3,12576,West Malaysia,Penang,TNG eWallet
ORD16149,2025-12-12,Electronics,Laptop,2079,3,6237,West Malaysia,Perak,FPX
ORD16152,2025-10-13,Home,Coffee Maker,418,3,1254,West Malaysia,Kedah,TNG eWallet
ORD16153,2025-09-15,Fashion,Sneakers,62,1,62,West Malaysia,Pahang,Credit Card
ORD16154,2025-12-17,Home,Office Chair,313,4,1252,West Malaysia,Pahang,GrabPay
ORD16156,2025-10-06,Fashion,Backpack,109,2,218,West Malaysia,Kuala Lumpur,TNG eWallet
ORD16158,2025-10-18,Fashion,T-Shirt,268,1,268,West Malaysia,Pahang,FPX
ORD16161,2025-07-14,Home,Air Purifier,155,1,155,West Malaysia,Penang,FPX
ORD16167,2025-09-20,Electronics,Laptop,1637,3,4911,West Malaysia,Perak,TNG eWallet
ORD16168,2025-10-16,Electronics,Laptop,2056,2,4112,West Malaysia,Kedah,FPX
ORD16169,2025-12-12,Home,Air Purifier,189,4,756,West Malaysia,Perak,TNG eWallet
ORD16170,2025-08-22,Electronics,Wireless Earbuds,2883,1,2883,West Malaysia,Melaka,TNG eWallet
ORD16173,2025-03-20,Fashion,T-Shirt,88,2,176,West Malaysia,Selangor,FPX
ORD16175,2025-01-27,Electronics,Smartphone,1754,4,7016,West Malaysia,Kuala Lumpur,Credit Card
ORD16176,2025-12-25,Home,Air Purifier,387,1,387,West Malaysia,Pahang,FPX
ORD16177,2025-01-10,Fashion,Backpack,209,1,209,West Malaysia,Melaka,TNG eWallet
ORD16178,2025-05-02,Electronics,Laptop,3710,3,11130,West Malaysia,Kuala Lumpur,Credit Card
ORD16183,2025-10-06,Fashion,Sneakers,104,2,208,West Malaysia,Perak,TNG eWallet
ORD16184,2025-03-13,Electronics,Wireless Earbuds,1140,4,4560,West Malaysia,Pahang,FPX
ORD16185,2025-07-08,Electronics,Smartwatch,1636,1,1636,West Malaysia,Johor,GrabPay
ORD16189,2025-12-26,Home,Office Chair,218,4,872,West Malaysia,Penang,FPX
ORD16190,2025-04-16,Fashion,T-Shirt,189,2,378,West Malaysia,Penang,Credit Card
ORD16192,2025-08-26,Fashion,Sunglasses,164,2,328,West Malaysia,Melaka,FPX
ORD16193,2025-04-04,Fashion,T-Shirt,282,2,564,West Malaysia,Kedah,Credit Card
ORD16194,2025-05-10,Home,Office Chair,424,4,1696,West Malaysia,Melaka,TNG eWallet
ORD16198,2025-07-12,Home,Coffee Maker,665,3,1995,West Malaysia,Johor,Credit Card
ORD16199,2025-08-07,Electronics,Laptop,4024,4,16096,West Malaysia,Perak,GrabPay
ORD16200,2025-06-22,Electronics,Laptop,4490,3,13470,West Malaysia,Selangor,GrabPay
ORD16201,2025-02-06,Home,Desk Lamp,171,1,171,West Malaysia,Pahang,FPX
ORD16202,2025-05-13,Home,Office Chair,529,1,529,West Malaysia,Kedah,GrabPay
ORD16203,2025-10-17,Electronics,Smartwatch,477,1,477,West Malaysia,Kedah,Credit Card
ORD16205,2025-06-13,Fashion,Sunglasses,146,2,292,West Malaysia,Pahang,GrabPay
ORD16206,2025-03-20,Fashion,T-Shirt,75,2,150,West Malaysia,Perak,Credit Card
ORD16208,2025-07-18,Home,Office Chair,615,4,2460,West Malaysia,Johor,FPX
ORD16209,2025-07-05,Fashion,Sneakers,121,1,121,West Malaysia,Johor,Credit Card
ORD16210,2025-03-21,Home,Office Chair,564,1,564,West Malaysia,Selangor,Credit Card
ORD16214,2025-04-11,Home,Air Purifier,219,4,876,West Malaysia,Kedah,GrabPay
ORD16215,2025-03-29,Fashion,Backpack,153,1,153,West Malaysia,Kedah,TNG eWallet
ORD16216,2025-08-11,Electronics,Smartwatch,3278,4,13112,West Malaysia,Johor,GrabPay
ORD16217,2025-09-22,Electronics,Wireless Earbuds,3464,3,10392,West Malaysia,Penang,GrabPay
ORD16219,2025-02-26,Fashion,Backpack,344,4,1376,West Malaysia,Kuala Lumpur,GrabPay
ORD16220,2025-08-05,Electronics,Laptop,2138,1,2138,West Malaysia,Penang,TNG eWallet
ORD16222,2025-05-20,Electronics,Wireless Earbuds,3081,3,9243,West Malaysia,Kuala Lumpur,GrabPay
ORD16224,2025-09-02,Home,Air Purifier,331,1,331,West Malaysia,Penang,GrabPay
ORD16229,2025-02-13,Electronics,Smartwatch,2118,1,2118,West Malaysia,Penang,TNG eWallet
ORD16230,2025-01-11,Home,Desk Lamp,416,4,1664,West Malaysia,Pahang,FPX
ORD16231,2025-12-25,Fashion,Sneakers,228,2,456,West Malaysia,Kedah,FPX
ORD16232,2025-11-12,Electronics,Laptop,1193,2,2386,West Malaysia,Pahang,TNG eWallet
ORD16234,2025-06-29,Electronics,Smartwatch,1593,2,3186,West Malaysia,Kuala Lumpur,Credit Card
ORD16235,2025-11-18,Electronics,Laptop,4428,1,4428,West Malaysia,Pahang,TNG eWallet
ORD16238,2025-01-04,Home,Air Purifier,440,1,440,West Malaysia,Melaka,FPX
ORD16242,2025-03-21,Fashion,T-Shirt,170,3,510,West Malaysia,Pahang,TNG eWallet
ORD16243,2025-11-02,Electronics,Wireless Earbuds,3595,3,10785,West Malaysia,Kuala Lumpur,TNG eWallet
ORD16244,2025-05-12,Fashion,Sunglasses,372,2,744,West Malaysia,Kuala Lumpur,GrabPay
ORD16246,2025-12-31,Fashion,Sunglasses,335,4,1340,West Malaysia,Pahang,TNG eWallet
ORD16247,2025-10-25,Electronics,Wireless Earbuds,345,3,1035,West Malaysia,Selangor,GrabPay
ORD16249,2025-10-04,Home,Desk Lamp,220,2,440,West Malaysia,Johor,FPX
ORD16250,2025-01-21,Home,Office Chair,695,1,695,West Malaysia,Johor,FPX
ORD16251,2025-02-14,Fashion,Sneakers,297,2,594,West Malaysia,Perak,TNG eWallet
ORD16255,2025-07-14,Electronics,Wireless Earbuds,2116,3,6348,West Malaysia,Penang,TNG eWallet
ORD16258,2025-12-31,Electronics,Smartphone,2255,3,6765,West Malaysia,Kuala Lumpur,FPX
ORD16262,2025-09-09,Fashion,Backpack,275,3,825,West Malaysia,Selangor,FPX
ORD16263,2025-03-21,Electronics,Smartwatch,4239,4,16956,West Malaysia,Pahang,FPX
ORD16265,2025-11-01,Fashion,Sunglasses,285,1,285,West Malaysia,Perak,TNG eWallet
ORD16266,2025-10-03,Electronics,Smartwatch,979,3,2937,West Malaysia,Selangor,GrabPay
ORD16267,2025-06-24,Home,Desk Lamp,252,3,756,West Malaysia,Pahang,Credit Card
ORD16273,2025-08-29,Electronics,Wireless Earbuds,3325,3,9975,West Malaysia,Selangor,TNG eWallet
ORD16276,2025-02-08,Electronics,Wireless Earbuds,1160,1,1160,West Malaysia,Kuala Lumpur,TNG eWallet
ORD16278,2025-03-07,Electronics,Smartwatch,2460,2,4920,West Malaysia,Penang,TNG eWallet
ORD16279,2025-07-02,Electronics,Laptop,946,1,946,West Malaysia,Selangor,FPX
ORD16280,2025-12-10,Home,Air Purifier,497,4,1988,West Malaysia,Selangor,FPX
ORD16281,2025-11-24,Fashion,Sneakers,58,3,174,West Malaysia,Selangor,GrabPay
ORD16282,2025-11-27,Electronics,Laptop,2981,2,5962,West Malaysia,Pahang,FPX
ORD16283,2025-01-17,Fashion,Backpack,350,4,1400,West Malaysia,Kedah,TNG eWallet
ORD16284,2025-12-06,Electronics,Smartwatch,4362,3,13086,West Malaysia,Johor,FPX
ORD16285,2025-10-30,Home,Air Purifier,622,4,2488,West Malaysia,Kuala Lumpur,Credit Card
ORD16286,2025-12-09,Electronics,Smartwatch,4225,1,4225,West Malaysia,Penang,TNG eWallet
ORD16287,2025-09-13,Home,Coffee Maker,356,2,712,West Malaysia,Pahang,GrabPay
ORD16299,2025-06-16,Electronics,Smartwatch,4292,1,4292,West Malaysia,Penang,Credit Card
ORD16300,2026-01-01,Electronics,Wireless Earbuds,3628,1,3628,West Malaysia,Johor,Credit Card
ORD16301,2025-03-10,Electronics,Wireless Earbuds,928,4,3712,West Malaysia,Johor,FPX
ORD16302,2025-08-26,Electronics,Smartphone,1239,4,4956,West Malaysia,Melaka,FPX
ORD16304,2025-10-27,Electronics,Smartwatch,4454,4,17816,West Malaysia,Johor,Credit Card
ORD16305,2025-01-26,Home,Office Chair,689,4,2756,West Malaysia,Pahang,GrabPay
ORD16307,2025-01-22,Fashion,T-Shirt,363,2,726,West Malaysia,Pahang,FPX
ORD16308,2025-02-20,Home,Desk Lamp,658,4,2632,West Malaysia,Melaka,TNG eWallet
ORD16309,2025-07-29,Fashion,Backpack,156,1,156,West Malaysia,Kedah,TNG eWallet
ORD16311,2025-06-03,Home,Air Purifier,134,1,134,West Malaysia,Pahang,Credit Card
ORD16313,2025-10-12,Fashion,T-Shirt,320,2,640,West Malaysia,Kedah,FPX
ORD16316,2025-05-25,Fashion,Backpack,335,2,670,West Malaysia,Pahang,TNG eWallet
ORD16317,2025-09-16,Home,Desk Lamp,433,4,1732,West Malaysia,Melaka,Credit Card
ORD16319,2025-02-01,Fashion,Sunglasses,334,3,1002,West Malaysia,Kedah,Credit Card
ORD16322,2025-11-05,Home,Desk Lamp,208,3,624,West Malaysia,Kuala Lumpur,Credit Card
ORD16324,2025-07-03,Electronics,Wireless Earbuds,4281,2,8562,West Malaysia,Kuala Lumpur,GrabPay
ORD16327,2025-11-03,Electronics,Smartwatch,832,1,832,West Malaysia,Johor,FPX
ORD16330,2025-02-28,Fashion,Sunglasses,250,4,1000,West Malaysia,Johor,Credit Card
ORD16331,2025-11-16,Fashion,Sneakers,87,2,174,West Malaysia,Melaka,TNG eWallet
ORD16332,2025-11-12,Electronics,Laptop,2480,4,9920,West Malaysia,Pahang,TNG eWallet
ORD16333,2025-06-10,Fashion,Sneakers,292,4,1168,West Malaysia,Penang,TNG eWallet
ORD16334,2025-09-13,Electronics,Smartphone,4432,2,8864,West Malaysia,Pahang,Credit Card
ORD16339,2025-11-27,Home,Coffee Maker,558,1,558,West Malaysia,Melaka,TNG eWallet
ORD16340,2025-09-11,Fashion,T-Shirt,277,3,831,West Malaysia,Kedah,TNG eWallet
ORD16344,2025-08-31,Home,Coffee Maker,455,2,910,West Malaysia,Pahang,TNG eWallet
ORD16345,2025-10-14,Electronics,Smartphone,3706,2,7412,West Malaysia,Kedah,Credit Card
ORD16346,2025-06-26,Home,Office Chair,121,1,121,West Malaysia,Penang,TNG eWallet
ORD16347,2025-04-18,Electronics,Smartphone,2678,3,8034,West Malaysia,Melaka,TNG eWallet
ORD16352,2025-02-27,Fashion,Backpack,161,1,161,West Malaysia,Kedah,Credit Card
ORD16353,2025-10-17,Electronics,Smartwatch,4326,1,4326,West Malaysia,Kedah,TNG eWallet
ORD16355,2025-05-01,Home,Desk Lamp,173,3,519,West Malaysia,Pahang,FPX
ORD16356,2025-01-17,Electronics,Laptop,4167,2,8334,West Malaysia,Selangor,Credit Card
ORD16359,2025-08-12,Electronics,Wireless Earbuds,2402,1,2402,West Malaysia,Melaka,FPX
ORD16364,2025-02-15,Electronics,Smartphone,2744,3,8232,West Malaysia,Kedah,GrabPay
ORD16365,2025-06-13,Fashion,Sunglasses,109,4,436,West Malaysia,Kedah,FPX
ORD16366,2025-11-11,Fashion,T-Shirt,243,1,243,West Malaysia,Penang,GrabPay
ORD16368,2025-01-06,Electronics,Smartwatch,518,2,1036,West Malaysia,Perak,GrabPay
ORD16369,2025-12-26,Home,Coffee Maker,139,3,417,West Malaysia,Penang,Credit Card
ORD16370,2025-05-24,Electronics,Wireless Earbuds,1064,2,2128,West Malaysia,Melaka,TNG eWallet
ORD16371,2025-10-21,Fashion,Sunglasses,211,4,844,West Malaysia,Penang,FPX
ORD16376,2025-10-14,Home,Coffee Maker,273,1,273,West Malaysia,Johor,FPX
ORD16379,2025-07-25,Home,Coffee Maker,679,3,2037,West Malaysia,Perak,GrabPay
ORD16381,2025-12-14,Electronics,Smartwatch,4150,3,12450,West Malaysia,Melaka,GrabPay
ORD16382,2025-12-10,Home,Desk Lamp,778,1,778,West Malaysia,Perak,TNG eWallet
ORD16386,2025-09-10,Electronics,Smartwatch,2050,1,2050,West Malaysia,Penang,Credit Card
ORD16389,2025-09-21,Home,Air Purifier,641,4,2564,West Malaysia,Perak,GrabPay
ORD16391,2025-01-25,Fashion,Sneakers,293,4,1172,West Malaysia,Selangor,Credit Card
ORD16396,2025-09-25,Electronics,Wireless Earbuds,3109,1,3109,West Malaysia,Kedah,FPX
ORD16397,2025-12-13,Fashion,Sneakers,93,1,93,West Malaysia,Perak,FPX
ORD16399,2025-05-21,Electronics,Laptop,1238,1,1238,West Malaysia,Selangor,TNG eWallet
ORD16402,2025-03-20,Electronics,Smartphone,837,1,837,West Malaysia,Johor,TNG eWallet
ORD16403,2025-04-21,Fashion,Sneakers,301,4,1204,West Malaysia,Perak,Credit Card
ORD16404,2025-03-11,Fashion,T-Shirt,284,3,852,West Malaysia,Perak,GrabPay
ORD16405,2025-11-04,Fashion,Sneakers,215,3,645,West Malaysia,Selangor,FPX
ORD16406,2025-02-26,Electronics,Smartphone,3662,4,14648,West Malaysia,Kedah,TNG eWallet
ORD16409,2025-10-30,Electronics,Smartphone,581,2,1162,West Malaysia,Kedah,Credit Card
ORD16411,2025-09-11,Fashion,Sunglasses,289,4,1156,West Malaysia,Pahang,Credit Card
ORD16412,2025-08-03,Fashion,Sunglasses,342,1,342,West Malaysia,Penang,TNG eWallet
ORD16415,2025-11-06,Home,Air Purifier,739,2,1478,West Malaysia,Melaka,Credit Card
ORD16416,2025-01-27,Fashion,T-Shirt,75,3,225,West Malaysia,Kuala Lumpur,Credit Card
ORD16418,2025-07-05,Fashion,Sneakers,90,4,360,West Malaysia,Perak,FPX
ORD16419,2025-06-05,Electronics,Smartwatch,2429,2,4858,West Malaysia,Melaka,FPX
ORD16422,2025-01-13,Fashion,Sneakers,267,2,534,West Malaysia,Selangor,FPX
ORD16424,2025-11-11,Electronics,Smartphone,2476,2,4952,West Malaysia,Selangor,FPX
ORD16429,2025-10-24,Electronics,Smartphone,1319,1,1319,West Malaysia,Perak,TNG eWallet
ORD16433,2025-05-25,Home,Office Chair,545,2,1090,West Malaysia,Kuala Lumpur,TNG eWallet
ORD16434,2025-03-04,Electronics,Wireless Earbuds,803,1,803,West Malaysia,Kedah,Credit Card
ORD16435,2025-10-13,Electronics,Smartphone,1979,2,3958,West Malaysia,Selangor,TNG eWallet
ORD16437,2025-05-28,Home,Air Purifier,388,2,776,West Malaysia,Kedah,GrabPay
ORD16440,2025-07-18,Home,Coffee Maker,554,1,554,West Malaysia,Perak,Credit Card
ORD16441,2025-08-30,Electronics,Laptop,4056,4,16224,West Malaysia,Kuala Lumpur,FPX
ORD16442,2025-10-16,Electronics,Wireless Earbuds,1795,1,1795,West Malaysia,Melaka,GrabPay
ORD16444,2025-12-25,Home,Office Chair,218,4,872,West Malaysia,Kedah,FPX
ORD16446,2025-10-09,Fashion,Sneakers,383,2,766,West Malaysia,Perak,Credit Card
ORD16447,2025-05-16,Home,Office Chair,335,2,670,West Malaysia,Pahang,Credit Card
ORD16448,2025-10-16,Electronics,Wireless Earbuds,364,4,1456,West Malaysia,Perak,Credit Card
ORD16451,2025-06-24,Fashion,Sneakers,354,1,354,West Malaysia,Melaka,TNG eWallet
ORD16456,2025-12-06,Electronics,Smartwatch,3285,2,6570,West Malaysia,Penang,Credit Card
ORD16457,2025-06-15,Electronics,Smartphone,370,3,1110,West Malaysia,Perak,Credit Card
ORD16458,2025-07-26,Fashion,Sunglasses,294,1,294,West Malaysia,Kuala Lumpur,FPX
ORD16459,2025-02-11,Home,Air Purifier,651,1,651,West Malaysia,Melaka,TNG eWallet
ORD16465,2025-03-11,Fashion,Backpack,306,3,918,West Malaysia,Melaka,FPX
ORD16466,2025-06-29,Fashion,Backpack,293,1,293,West Malaysia,Pahang,FPX
ORD16467,2025-03-01,Electronics,Laptop,2390,2,4780,West Malaysia,Kedah,Credit Card
ORD16470,2025-08-06,Fashion,Backpack,219,1,219,West Malaysia,Selangor,FPX
ORD16471,2025-01-23,Electronics,Wireless Earbuds,3500,4,14000,West Malaysia,Kedah,FPX
ORD16472,2025-02-22,Fashion,T-Shirt,209,2,418,West Malaysia,Selangor,TNG eWallet
ORD16473,2025-06-24,Home,Desk Lamp,774,1,774,West Malaysia,Kuala Lumpur,FPX
ORD16474,2025-07-01,Home,Coffee Maker,705,1,705,West Malaysia,Kedah,Credit Card
ORD16475,2025-04-10,Home,Office Chair,721,1,721,West Malaysia,Perak,Credit Card
ORD16478,2025-12-02,Fashion,Sneakers,210,3,630,West Malaysia,Johor,GrabPay
ORD16479,2025-06-19,Electronics,Wireless Earbuds,4157,3,12471,West Malaysia,Selangor,Credit Card
ORD16480,2025-02-24,Electronics,Wireless Earbuds,936,4,3744,West Malaysia,Pahang,Credit Card
ORD16481,2025-05-14,Home,Desk Lamp,497,1,497,West Malaysia,Melaka,GrabPay
ORD16484,2025-11-26,Electronics,Wireless Earbuds,2394,4,9576,West Malaysia,Johor,TNG eWallet
ORD16485,2025-09-06,Electronics,Laptop,2535,4,10140,West Malaysia,Kedah,FPX
ORD16486,2025-05-23,Electronics,Laptop,2598,2,5196,West Malaysia,Selangor,Credit Card
ORD16487,2025-02-02,Home,Air Purifier,376,2,752,West Malaysia,Pahang,Credit Card
ORD16489,2025-01-03,Electronics,Laptop,685,2,1370,West Malaysia,Perak,FPX
ORD16490,2025-12-26,Home,Air Purifier,524,2,1048,West Malaysia,Penang,FPX
ORD16492,2025-03-29,Home,Coffee Maker,578,4,2312,West Malaysia,Pahang,GrabPay
ORD16497,2025-05-20,Electronics,Laptop,2234,2,4468,West Malaysia,Selangor,FPX
ORD16501,2025-04-28,Fashion,Backpack,172,1,172,West Malaysia,Penang,TNG eWallet
ORD16504,2025-02-19,Fashion,Sneakers,183,4,732,West Malaysia,Pahang,TNG eWallet
ORD16509,2025-05-12,Home,Office Chair,236,4,944,West Malaysia,Kedah,Credit Card
ORD16510,2025-12-30,Home,Desk Lamp,226,3,678,West Malaysia,Kuala Lumpur,FPX
ORD16511,2025-01-16,Fashion,T-Shirt,341,4,1364,West Malaysia,Kedah,FPX
ORD16512,2025-04-27,Electronics,Wireless Earbuds,1494,1,1494,West Malaysia,Johor,GrabPay
ORD16514,2025-03-14,Fashion,T-Shirt,339,4,1356,West Malaysia,Johor,TNG eWallet
ORD16520,2025-11-25,Home,Desk Lamp,297,4,1188,West Malaysia,Johor,FPX
ORD16521,2025-12-14,Home,Coffee Maker,201,3,603,West Malaysia,Kedah,TNG eWallet
ORD16523,2025-03-21,Fashion,T-Shirt,73,3,219,West Malaysia,Kedah,GrabPay
ORD16525,2025-12-21,Electronics,Laptop,2435,2,4870,West Malaysia,Penang,FPX
ORD16526,2025-06-11,Home,Air Purifier,367,2,734,West Malaysia,Johor,TNG eWallet
ORD16533,2025-04-23,Home,Air Purifier,352,4,1408,West Malaysia,Perak,GrabPay
ORD16534,2025-02-16,Fashion,Backpack,310,2,620,West Malaysia,Kedah,GrabPay
ORD16535,2025-09-19,Fashion,T-Shirt,252,2,504,West Malaysia,Selangor,GrabPay
ORD16537,2025-04-16,Electronics,Wireless Earbuds,2887,4,11548,West Malaysia,Pahang,GrabPay
ORD16538,2025-03-03,Electronics,Laptop,3466,4,13864,West Malaysia,Selangor,TNG eWallet
ORD16540,2025-04-11,Electronics,Wireless Earbuds,4199,3,12597,West Malaysia,Penang,GrabPay
ORD16543,2025-07-27,Electronics,Laptop,764,4,3056,West Malaysia,Perak,TNG eWallet
ORD16545,2025-03-27,Electronics,Smartphone,1922,4,7688,West Malaysia,Kuala Lumpur,GrabPay
ORD16546,2025-08-17,Home,Office Chair,531,2,1062,West Malaysia,Penang,GrabPay
ORD16548,2025-01-18,Fashion,T-Shirt,150,2,300,West Malaysia,Perak,Credit Card
ORD16549,2025-06-08,Home,Office Chair,113,2,226,West Malaysia,Pahang,FPX
ORD16550,2025-03-22,Fashion,T-Shirt,285,4,1140,West Malaysia,Johor,GrabPay
ORD16551,2025-01-27,Electronics,Wireless Earbuds,3143,3,9429,West Malaysia,Perak,GrabPay
ORD16554,2025-06-04,Home,Desk Lamp,614,3,1842,West Malaysia,Penang,Credit Card
ORD16555,2025-05-26,Electronics,Wireless Earbuds,4309,3,12927,West Malaysia,Melaka,TNG eWallet
ORD16556,2025-05-29,Electronics,Wireless Earbuds,3306,4,13224,West Malaysia,Perak,FPX
ORD16559,2025-08-01,Home,Air Purifier,581,4,2324,West Malaysia,Penang,FPX
ORD16561,2025-04-24,Fashion,T-Shirt,225,3,675,West Malaysia,Penang,FPX
ORD16562,2025-10-02,Electronics,Smartphone,2863,3,8589,West Malaysia,Kuala Lumpur,Credit Card
ORD16563,2025-02-22,Home,Air Purifier,194,1,194,West Malaysia,Johor,GrabPay
ORD16566,2025-09-03,Fashion,Sunglasses,152,3,456,West Malaysia,Perak,Credit Card
ORD16568,2025-10-11,Electronics,Laptop,1299,2,2598,West Malaysia,Penang,TNG eWallet
ORD16569,2025-05-29,Fashion,T-Shirt,180,4,720,West Malaysia,Kedah,GrabPay
ORD16571,2025-07-13,Electronics,Wireless Earbuds,3720,2,7440,West Malaysia,Selangor,TNG eWallet
ORD16572,2025-06-18,Fashion,Sneakers,64,2,128,West Malaysia,Johor,FPX
ORD16573,2025-04-26,Electronics,Laptop,1506,3,4518,West Malaysia,Melaka,Credit Card
ORD16575,2025-10-11,Electronics,Smartwatch,2802,2,5604,West Malaysia,Kedah,GrabPay
ORD16577,2025-07-22,Home,Office Chair,345,4,1380,West Malaysia,Pahang,TNG eWallet
ORD16578,2025-01-15,Electronics,Wireless Earbuds,4093,1,4093,West Malaysia,Kuala Lumpur,Credit Card
ORD16579,2025-09-26,Home,Coffee Maker,250,4,1000,West Malaysia,Pahang,GrabPay
ORD16580,2025-07-05,Electronics,Laptop,1129,4,4516,West Malaysia,Perak,GrabPay
ORD16584,2025-11-26,Home,Coffee Maker,406,2,812,West Malaysia,Pahang,Credit Card
ORD16586,2025-12-03,Electronics,Laptop,2956,2,5912,West Malaysia,Melaka,FPX
ORD16588,2025-04-14,Electronics,Laptop,1770,4,7080,West Malaysia,Melaka,GrabPay
ORD16589,2025-04-01,Home,Office Chair,687,1,687,West Malaysia,Melaka,GrabPay
ORD16592,2025-08-02,Home,Air Purifier,371,2,742,West Malaysia,Johor,TNG eWallet
ORD16593,2025-03-24,Home,Desk Lamp,420,2,840,West Malaysia,Johor,TNG eWallet
ORD16594,2025-04-20,Fashion,Sneakers,67,1,67,West Malaysia,Selangor,FPX
ORD16597,2025-12-17,Electronics,Laptop,1843,3,5529,West Malaysia,Kuala Lumpur,FPX
ORD16601,2025-08-18,Electronics,Smartwatch,2351,4,9404,West Malaysia,Melaka,GrabPay
ORD16602,2025-07-08,Electronics,Laptop,3453,3,10359,West Malaysia,Kedah,GrabPay
ORD16603,2025-09-20,Home,Air Purifier,112,1,112,West Malaysia,Kedah,GrabPay
ORD16606,2025-11-14,Electronics,Smartphone,4314,1,4314,West Malaysia,Kuala Lumpur,GrabPay
ORD16607,2025-07-07,Home,Office Chair,296,1,296,West Malaysia,Perak,TNG eWallet
ORD16608,2025-09-24,Fashion,Sunglasses,354,1,354,West Malaysia,Perak,Credit Card
ORD16610,2025-12-19,Electronics,Smartwatch,331,1,331,West Malaysia,Perak,Credit Card
ORD16611,2025-02-17,Electronics,Smartwatch,1729,3,5187,West Malaysia,Penang,FPX
ORD16612,2025-12-31,Home,Desk Lamp,515,3,1545,West Malaysia,Pahang,FPX
ORD16616,2025-01-20,Home,Coffee Maker,463,3,1389,West Malaysia,Kuala Lumpur,GrabPay
ORD16617,2025-03-08,Fashion,Sunglasses,125,4,500,West Malaysia,Perak,FPX
ORD16618,2025-05-26,Fashion,Backpack,388,1,388,West Malaysia,Melaka,Credit Card
ORD16621,2025-09-20,Electronics,Laptop,3524,4,14096,West Malaysia,Melaka,FPX
ORD16623,2025-02-24,Electronics,Laptop,2401,4,9604,West Malaysia,Pahang,TNG eWallet
ORD16624,2025-04-15,Fashion,Backpack,229,1,229,West Malaysia,Melaka,GrabPay
ORD16625,2025-10-30,Electronics,Smartwatch,3200,4,12800,West Malaysia,Pahang,GrabPay
ORD16627,2025-03-06,Home,Air Purifier,413,4,1652,West Malaysia,Pahang,GrabPay
ORD16629,2025-03-26,Fashion,T-Shirt,92,2,184,West Malaysia,Perak,FPX
ORD16630,2025-09-19,Home,Desk Lamp,305,4,1220,West Malaysia,Kuala Lumpur,Credit Card
ORD16632,2025-04-05,Electronics,Smartwatch,3387,3,10161,West Malaysia,Johor,GrabPay
ORD16634,2025-08-27,Electronics,Laptop,3862,3,11586,West Malaysia,Kedah,FPX
ORD16636,2025-11-30,Electronics,Laptop,3244,4,12976,West Malaysia,Pahang,TNG eWallet
ORD16638,2025-01-30,Electronics,Smartphone,3780,4,15120,West Malaysia,Penang,Credit Card
ORD16639,2025-02-10,Home,Desk Lamp,443,2,886,West Malaysia,Kuala Lumpur,Credit Card
ORD16640,2025-01-16,Electronics,Wireless Earbuds,2289,3,6867,West Malaysia,Kuala Lumpur,Credit Card
ORD16643,2025-02-19,Fashion,Backpack,323,3,969,West Malaysia,Kedah,GrabPay
ORD16645,2025-03-09,Electronics,Laptop,336,4,1344,West Malaysia,Kedah,GrabPay
ORD16646,2025-10-23,Electronics,Smartphone,2567,1,2567,West Malaysia,Kuala Lumpur,GrabPay
ORD16648,2025-01-06,Fashion,Sunglasses,172,2,344,West Malaysia,Melaka,GrabPay
ORD16652,2025-12-30,Fashion,T-Shirt,279,2,558,West Malaysia,Kedah,TNG eWallet
ORD16653,2025-03-12,Home,Air Purifier,513,1,513,West Malaysia,Melaka,TNG eWallet
ORD16654,2025-08-11,Home,Coffee Maker,523,2,1046,West Malaysia,Melaka,Credit Card
ORD16655,2025-05-23,Electronics,Smartphone,3417,4,13668,West Malaysia,Selangor,Credit Card
ORD16660,2025-09-21,Home,Air Purifier,225,2,450,West Malaysia,Melaka,TNG eWallet
ORD16661,2025-11-13,Fashion,Sneakers,88,4,352,West Malaysia,Kuala Lumpur,Credit Card
ORD16662,2025-12-19,Electronics,Smartphone,1995,1,1995,West Malaysia,Johor,Credit Card
ORD16663,2025-01-27,Electronics,Smartphone,2385,3,7155,West Malaysia,Penang,GrabPay
ORD16665,2025-02-11,Fashion,Sunglasses,270,3,810,West Malaysia,Perak,GrabPay
ORD16666,2025-12-30,Electronics,Wireless Earbuds,1037,4,4148,West Malaysia,Kedah,FPX
ORD16668,2025-01-28,Fashion,Sneakers,71,2,142,West Malaysia,Kuala Lumpur,FPX
ORD16669,2025-10-03,Home,Desk Lamp,796,4,3184,West Malaysia,Kuala Lumpur,TNG eWallet
ORD16673,2025-06-01,Fashion,T-Shirt,151,4,604,West Malaysia,Johor,TNG eWallet
ORD16674,2025-04-18,Electronics,Wireless Earbuds,3746,4,14984,West Malaysia,Penang,GrabPay
ORD16677,2025-10-11,Fashion,Sneakers,82,3,246,West Malaysia,Melaka,Credit Card
ORD16679,2025-12-26,Home,Office Chair,418,3,1254,West Malaysia,Melaka,TNG eWallet
ORD16680,2025-02-20,Electronics,Wireless Earbuds,4000,3,12000,West Malaysia,Kedah,FPX
ORD16682,2025-10-14,Electronics,Smartphone,1373,1,1373,West Malaysia,Perak,FPX
ORD16683,2025-10-29,Electronics,Smartwatch,3930,2,7860,West Malaysia,Melaka,Credit Card
ORD16684,2025-01-05,Electronics,Smartwatch,954,3,2862,West Malaysia,Kuala Lumpur,GrabPay
ORD16685,2025-10-19,Home,Coffee Maker,521,2,1042,West Malaysia,Melaka,FPX
ORD16687,2025-03-31,Home,Desk Lamp,170,3,510,West Malaysia,Kuala Lumpur,FPX
ORD16688,2025-05-04,Home,Coffee Maker,648,2,1296,West Malaysia,Selangor,GrabPay
ORD16689,2025-08-18,Home,Coffee Maker,654,2,1308,West Malaysia,Kuala Lumpur,TNG eWallet
ORD16690,2025-02-07,Electronics,Smartphone,2218,4,8872,West Malaysia,Johor,FPX
ORD16692,2025-08-26,Home,Office Chair,773,2,1546,West Malaysia,Melaka,FPX
ORD16693,2025-03-03,Fashion,Sunglasses,160,2,320,West Malaysia,Penang,TNG eWallet
ORD16697,2025-11-28,Home,Office Chair,786,4,3144,West Malaysia,Pahang,Credit Card
ORD16698,2025-12-30,Electronics,Smartwatch,2733,4,10932,West Malaysia,Perak,FPX
ORD16699,2025-02-01,Home,Desk Lamp,792,4,3168,West Malaysia,Melaka,TNG eWallet
ORD16703,2025-05-30,Home,Office Chair,297,4,1188,West Malaysia,Kedah,FPX
ORD16706,2025-01-14,Home,Desk Lamp,412,3,1236,West Malaysia,Kedah,FPX
ORD16710,2025-12-02,Fashion,Backpack,280,4,1120,West Malaysia,Selangor,Credit Card
ORD16712,2025-03-13,Electronics,Laptop,1348,2,2696,West Malaysia,Selangor,TNG eWallet
ORD16713,2025-01-10,Electronics,Smartphone,3427,3,10281,West Malaysia,Johor,GrabPay
ORD16714,2025-08-08,Electronics,Smartphone,1996,1,1996,West Malaysia,Melaka,GrabPay
ORD16715,2025-07-16,Fashion,Backpack,289,4,1156,West Malaysia,Penang,FPX
ORD16717,2025-04-04,Fashion,T-Shirt,155,1,155,West Malaysia,Melaka,Credit Card
ORD16721,2025-11-17,Electronics,Smartphone,4075,4,16300,West Malaysia,Selangor,GrabPay
ORD16723,2025-10-19,Fashion,T-Shirt,218,4,872,West Malaysia,Melaka,GrabPay
ORD16724,2025-12-02,Electronics,Wireless Earbuds,3869,3,11607,West Malaysia,Johor,GrabPay
ORD16729,2025-02-07,Electronics,Laptop,1106,3,3318,West Malaysia,Pahang,Credit Card
ORD16731,2025-07-22,Fashion,Backpack,391,2,782,West Malaysia,Pahang,TNG eWallet
ORD16737,2025-04-03,Fashion,Sunglasses,215,3,645,West Malaysia,Melaka,GrabPay
ORD16741,2025-04-06,Electronics,Laptop,1496,2,2992,West Malaysia,Johor,TNG eWallet
ORD16743,2025-02-24,Fashion,Sunglasses,389,3,1167,West Malaysia,Perak,FPX
ORD16744,2025-04-05,Home,Desk Lamp,596,2,1192,West Malaysia,Penang,FPX
ORD16745,2025-01-22,Electronics,Smartwatch,3287,1,3287,West Malaysia,Pahang,Credit Card
ORD16746,2025-05-15,Fashion,Sneakers,389,4,1556,West Malaysia,Melaka,Credit Card
ORD16747,2025-08-16,Home,Office Chair,687,1,687,West Malaysia,Penang,TNG eWallet
ORD16749,2025-04-02,Electronics,Smartwatch,1581,4,6324,West Malaysia,Selangor,TNG eWallet
ORD16750,2025-09-07,Home,Coffee Maker,169,3,507,West Malaysia,Johor,TNG eWallet
ORD16751,2025-06-17,Electronics,Wireless Earbuds,2757,1,2757,West Malaysia,Pahang,TNG eWallet
ORD16756,2025-03-12,Electronics,Laptop,4313,2,8626,West Malaysia,Selangor,GrabPay
ORD16759,2025-04-13,Electronics,Wireless Earbuds,860,3,2580,West Malaysia,Perak,GrabPay
ORD16760,2025-10-03,Home,Desk Lamp,394,2,788,West Malaysia,Kuala Lumpur,Credit Card
ORD16761,2025-12-14,Electronics,Wireless Earbuds,2438,3,7314,West Malaysia,Perak,TNG eWallet
ORD16763,2025-04-28,Fashion,T-Shirt,118,2,236,West Malaysia,Kuala Lumpur,GrabPay
ORD16765,2025-12-17,Electronics,Smartphone,3448,2,6896,West Malaysia,Perak,TNG eWallet
ORD16768,2025-03-24,Home,Coffee Maker,588,4,2352,West Malaysia,Pahang,GrabPay
ORD16770,2025-11-27,Electronics,Laptop,1899,2,3798,West Malaysia,Melaka,Credit Card
ORD16773,2025-02-25,Fashion,Sneakers,238,3,714,West Malaysia,Selangor,FPX
ORD16774,2025-11-12,Home,Coffee Maker,711,1,711,West Malaysia,Pahang,Credit Card
ORD16776,2025-12-06,Electronics,Smartwatch,2250,1,2250,West Malaysia,Kedah,TNG eWallet
ORD16779,2025-10-06,Electronics,Smartwatch,4294,2,8588,West Malaysia,Johor,Credit Card
ORD16780,2025-05-19,Electronics,Laptop,2110,1,2110,West Malaysia,Pahang,Credit Card
ORD16782,2025-01-15,Electronics,Laptop,1599,4,6396,West Malaysia,Kuala Lumpur,GrabPay
ORD16783,2025-07-03,Fashion,Sneakers,67,1,67,West Malaysia,Melaka,Credit Card
ORD16784,2025-06-01,Home,Office Chair,376,3,1128,West Malaysia,Pahang,FPX
ORD16785,2025-04-08,Electronics,Laptop,4331,3,12993,West Malaysia,Kuala Lumpur,FPX
ORD16786,2025-07-24,Fashion,Sunglasses,219,4,876,West Malaysia,Melaka,GrabPay
ORD16788,2025-02-13,Electronics,Smartphone,1796,2,3592,West Malaysia,Kuala Lumpur,GrabPay
ORD16791,2025-05-25,Fashion,Backpack,135,2,270,West Malaysia,Johor,FPX
ORD16792,2025-11-29,Home,Air Purifier,129,1,129,West Malaysia,Kedah,Credit Card
ORD16795,2025-07-10,Electronics,Smartphone,1598,2,3196,West Malaysia,Perak,FPX
ORD16798,2025-04-02,Electronics,Smartphone,2178,4,8712,West Malaysia,Pahang,TNG eWallet
ORD16800,2025-07-13,Electronics,Wireless Earbuds,2169,3,6507,West Malaysia,Perak,GrabPay
ORD16801,2025-05-27,Home,Coffee Maker,573,2,1146,West Malaysia,Kuala Lumpur,Credit Card
ORD16805,2025-09-29,Home,Air Purifier,583,1,583,West Malaysia,Johor,Credit Card
ORD16807,2025-03-21,Electronics,Smartphone,3603,3,10809,West Malaysia,Kuala Lumpur,TNG eWallet
ORD16808,2025-07-11,Electronics,Laptop,3634,1,3634,West Malaysia,Kedah,FPX
ORD16810,2025-07-20,Home,Coffee Maker,790,4,3160,West Malaysia,Kuala Lumpur,FPX
ORD16812,2025-08-10,Fashion,Sunglasses,365,4,1460,West Malaysia,Kuala Lumpur,Credit Card
ORD16818,2025-07-18,Home,Desk Lamp,474,3,1422,West Malaysia,Selangor,FPX
ORD16819,2025-07-10,Electronics,Smartphone,2220,3,6660,West Malaysia,Penang,TNG eWallet
ORD16823,2025-04-06,Fashion,Sunglasses,252,4,1008,West Malaysia,Kedah,TNG eWallet
ORD16825,2025-08-17,Electronics,Laptop,563,3,1689,West Malaysia,Pahang,GrabPay
ORD16827,2025-05-07,Electronics,Wireless Earbuds,3790,4,15160,West Malaysia,Kedah,GrabPay
ORD16831,2025-06-17,Home,Office Chair,238,2,476,West Malaysia,Kuala Lumpur,Credit Card
ORD16833,2025-10-03,Home,Desk Lamp,380,4,1520,West Malaysia,Penang,FPX
ORD16835,2025-06-26,Electronics,Wireless Earbuds,3984,4,15936,West Malaysia,Kuala Lumpur,GrabPay
ORD16836,2025-06-12,Electronics,Smartwatch,2922,4,11688,West Malaysia,Selangor,FPX
ORD16837,2025-04-13,Electronics,Laptop,2273,3,6819,West Malaysia,Melaka,Credit Card
ORD16838,2025-06-17,Fashion,Sunglasses,310,1,310,West Malaysia,Melaka,TNG eWallet
ORD16839,2025-10-19,Home,Coffee Maker,470,3,1410,West Malaysia,Johor,Credit Card
ORD16841,2025-05-16,Electronics,Laptop,2072,1,2072,West Malaysia,Johor,FPX
ORD16843,2025-11-10,Home,Air Purifier,382,3,1146,West Malaysia,Pahang,TNG eWallet
ORD16844,2025-06-08,Fashion,T-Shirt,367,1,367,West Malaysia,Melaka,FPX
ORD16845,2025-11-08,Home,Office Chair,286,1,286,West Malaysia,Johor,TNG eWallet
ORD16848,2025-10-09,Home,Coffee Maker,635,4,2540,West Malaysia,Penang,FPX
ORD16849,2025-03-19,Electronics,Laptop,2636,4,10544,West Malaysia,Kuala Lumpur,GrabPay
ORD16851,2025-08-16,Home,Desk Lamp,664,2,1328,West Malaysia,Melaka,Credit Card
ORD16852,2025-04-13,Electronics,Wireless Earbuds,4159,2,8318,West Malaysia,Johor,Credit Card
ORD16856,2025-04-12,Electronics,Wireless Earbuds,1740,3,5220,West Malaysia,Selangor,TNG eWallet
ORD16860,2025-04-29,Electronics,Wireless Earbuds,1205,1,1205,West Malaysia,Kedah,FPX
ORD16864,2025-05-05,Home,Coffee Maker,550,3,1650,West Malaysia,Kuala Lumpur,GrabPay
ORD16865,2025-04-15,Electronics,Smartphone,504,1,504,West Malaysia,Penang,TNG eWallet
ORD16869,2025-01-11,Home,Desk Lamp,645,3,1935,West Malaysia,Johor,FPX
ORD16870,2025-02-12,Home,Desk Lamp,496,4,1984,West Malaysia,Perak,GrabPay
ORD16872,2025-11-03,Fashion,Sneakers,72,2,144,West Malaysia,Pahang,FPX
ORD16873,2025-10-11,Electronics,Wireless Earbuds,4106,1,4106,West Malaysia,Kedah,TNG eWallet
ORD16874,2025-01-23,Home,Office Chair,291,3,873,West Malaysia,Pahang,FPX
ORD16875,2025-07-27,Electronics,Laptop,4403,4,17612,West Malaysia,Perak,Credit Card
ORD16877,2025-12-25,Home,Air Purifier,395,3,1185,West Malaysia,Perak,Credit Card
ORD16882,2025-12-05,Home,Office Chair,294,3,882,West Malaysia,Selangor,Credit Card
ORD16884,2025-09-17,Electronics,Wireless Earbuds,3258,1,3258,West Malaysia,Selangor,GrabPay
ORD16885,2025-09-06,Home,Air Purifier,771,3,2313,West Malaysia,Kedah,Credit Card
ORD16886,2025-12-07,Fashion,Backpack,352,4,1408,West Malaysia,Kedah,FPX
ORD16887,2025-07-22,Home,Office Chair,450,4,1800,West Malaysia,Penang,TNG eWallet
ORD16888,2025-03-21,Home,Coffee Maker,341,4,1364,West Malaysia,Johor,GrabPay
ORD16890,2025-05-11,Home,Air Purifier,787,3,2361,West Malaysia,Selangor,Credit Card
ORD16891,2025-02-22,Fashion,Backpack,109,2,218,West Malaysia,Pahang,FPX
ORD16892,2025-10-26,Home,Desk Lamp,608,1,608,West Malaysia,Melaka,GrabPay
ORD16893,2025-04-07,Home,Air Purifier,103,2,206,West Malaysia,Pahang,GrabPay
ORD16894,2025-11-20,Home,Coffee Maker,135,3,405,West Malaysia,Selangor,Credit Card
ORD16895,2025-12-27,Home,Coffee Maker,454,1,454,West Malaysia,Kedah,Credit Card
ORD16898,2025-11-03,Home,Coffee Maker,550,4,2200,West Malaysia,Selangor,GrabPay
ORD16904,2025-07-03,Home,Desk Lamp,758,2,1516,West Malaysia,Kuala Lumpur,FPX
ORD16905,2025-08-12,Electronics,Wireless Earbuds,547,1,547,West Malaysia,Johor,Credit Card
ORD16908,2025-09-11,Home,Air Purifier,633,2,1266,West Malaysia,Melaka,GrabPay
ORD16911,2025-06-09,Fashion,Sunglasses,73,1,73,West Malaysia,Melaka,TNG eWallet
ORD16913,2025-12-24,Electronics,Smartphone,4236,3,12708,West Malaysia,Penang,FPX
ORD16914,2025-10-24,Home,Coffee Maker,757,2,1514,West Malaysia,Johor,Credit Card
ORD16915,2025-10-29,Home,Office Chair,436,2,872,West Malaysia,Melaka,TNG eWallet
ORD16920,2025-02-28,Electronics,Smartphone,3606,3,10818,West Malaysia,Melaka,TNG eWallet
ORD16921,2025-12-29,Fashion,Backpack,150,3,450,West Malaysia,Selangor,Credit Card
ORD16923,2025-04-26,Fashion,Sunglasses,219,1,219,West Malaysia,Perak,FPX
ORD16925,2025-08-09,Fashion,Sunglasses,310,2,620,West Malaysia,Penang,TNG eWallet
ORD16926,2025-08-24,Fashion,T-Shirt,263,1,263,West Malaysia,Perak,FPX
ORD16927,2025-08-06,Electronics,Laptop,3433,4,13732,West Malaysia,Kuala Lumpur,TNG eWallet
ORD16928,2025-04-18,Fashion,Sunglasses,139,1,139,West Malaysia,Kedah,FPX
ORD16932,2025-04-12,Fashion,Sneakers,382,1,382,West Malaysia,Kedah,Credit Card
ORD16933,2025-04-12,Electronics,Laptop,2911,4,11644,West Malaysia,Melaka,FPX
ORD16934,2025-01-07,Electronics,Wireless Earbuds,410,2,820,West Malaysia,Kedah,GrabPay
ORD16935,2025-02-02,Electronics,Smartphone,1725,3,5175,West Malaysia,Johor,FPX
ORD16941,2025-10-10,Home,Office Chair,662,4,2648,West Malaysia,Selangor,GrabPay
ORD16942,2025-05-27,Fashion,Backpack,59,1,59,West Malaysia,Kuala Lumpur,FPX
ORD16945,2025-09-19,Fashion,Backpack,105,2,210,West Malaysia,Kedah,FPX
ORD16947,2025-06-08,Fashion,Sneakers,156,4,624,West Malaysia,Johor,Credit Card
ORD16948,2025-06-24,Fashion,Sunglasses,80,2,160,West Malaysia,Kedah,Credit Card
ORD16949,2025-04-19,Electronics,Laptop,4015,2,8030,West Malaysia,Perak,TNG eWallet
ORD16951,2025-09-04,Fashion,Sneakers,297,2,594,West Malaysia,Kedah,TNG eWallet
ORD16953,2025-07-18,Electronics,Smartphone,888,1,888,West Malaysia,Pahang,FPX
ORD16954,2025-09-09,Fashion,Sneakers,399,3,1197,West Malaysia,Perak,FPX
ORD16956,2025-07-31,Electronics,Smartphone,1984,3,5952,West Malaysia,Selangor,Credit Card
ORD16957,2025-01-12,Electronics,Wireless Earbuds,347,1,347,West Malaysia,Kuala Lumpur,TNG eWallet
ORD16961,2025-08-04,Electronics,Smartphone,780,1,780,West Malaysia,Penang,TNG eWallet
ORD16964,2025-12-04,Electronics,Smartwatch,4394,3,13182,West Malaysia,Penang,GrabPay
ORD16965,2025-06-30,Home,Desk Lamp,656,2,1312,West Malaysia,Selangor,Credit Card
ORD16970,2025-06-14,Electronics,Smartwatch,3879,3,11637,West Malaysia,Penang,Credit Card
ORD16971,2025-03-13,Electronics,Laptop,2378,1,2378,West Malaysia,Melaka,Credit Card
ORD16972,2025-09-06,Electronics,Wireless Earbuds,2248,3,6744,West Malaysia,Johor,Credit Card
ORD16973,2025-04-25,Home,Office Chair,477,4,1908,West Malaysia,Johor,TNG eWallet
ORD16974,2025-06-30,Home,Desk Lamp,672,4,2688,West Malaysia,Melaka,Credit Card
ORD16976,2025-03-17,Home,Coffee Maker,326,1,326,West Malaysia,Penang,Credit Card
ORD16977,2025-03-18,Electronics,Laptop,2095,2,4190,West Malaysia,Melaka,Credit Card
ORD16980,2025-03-18,Fashion,T-Shirt,383,3,1149,West Malaysia,Selangor,FPX
ORD16984,2025-01-23,Home,Desk Lamp,444,2,888,West Malaysia,Pahang,GrabPay
ORD16985,2025-08-04,Fashion,Sneakers,396,3,1188,West Malaysia,Pahang,Credit Card
ORD16986,2025-12-02,Electronics,Laptop,461,4,1844,West Malaysia,Melaka,GrabPay
ORD16987,2025-05-16,Fashion,Sneakers,318,1,318,West Malaysia,Melaka,GrabPay
ORD16991,2025-11-05,Home,Coffee Maker,468,3,1404,West Malaysia,Perak,FPX
ORD16995,2025-11-21,Home,Office Chair,588,3,1764,West Malaysia,Penang,TNG eWallet
ORD16998,2025-08-07,Home,Desk Lamp,627,4,2508,West Malaysia,Perak,TNG eWallet
ORD16999,2025-11-04,Home,Coffee Maker,595,3,1785,West Malaysia,Kuala Lumpur,GrabPay
ORD17001,2025-09-03,Home,Air Purifier,376,2,752,West Malaysia,Penang,FPX
ORD17002,2025-01-10,Home,Air Purifier,687,4,2748,West Malaysia,Johor,GrabPay
ORD17003,2025-12-30,Fashion,T-Shirt,394,2,788,West Malaysia,Perak,GrabPay
ORD17007,2025-11-24,Fashion,T-Shirt,153,4,612,West Malaysia,Perak,TNG eWallet
ORD17008,2025-10-25,Electronics,Laptop,3864,2,7728,West Malaysia,Kedah,FPX
ORD17009,2025-02-01,Fashion,T-Shirt,375,1,375,West Malaysia,Selangor,GrabPay
ORD17012,2025-10-11,Electronics,Wireless Earbuds,2479,4,9916,West Malaysia,Selangor,TNG eWallet
ORD17014,2025-11-30,Fashion,Sneakers,118,1,118,West Malaysia,Kuala Lumpur,GrabPay
ORD17015,2025-06-21,Fashion,Sneakers,267,4,1068,West Malaysia,Kuala Lumpur,TNG eWallet
ORD17017,2025-02-22,Home,Desk Lamp,251,2,502,West Malaysia,Pahang,FPX
ORD17020,2025-03-10,Electronics,Smartwatch,1814,4,7256,West Malaysia,Perak,FPX
ORD17021,2025-03-17,Electronics,Smartphone,3888,4,15552,West Malaysia,Melaka,TNG eWallet
ORD17022,2025-10-16,Electronics,Wireless Earbuds,4008,2,8016,West Malaysia,Kuala Lumpur,Credit Card
ORD17026,2025-11-18,Electronics,Smartphone,1006,2,2012,West Malaysia,Melaka,GrabPay
ORD17028,2025-04-14,Home,Office Chair,247,1,247,West Malaysia,Selangor,TNG eWallet
ORD17029,2025-09-03,Electronics,Wireless Earbuds,3802,1,3802,West Malaysia,Pahang,GrabPay
ORD17030,2025-10-19,Home,Office Chair,591,4,2364,West Malaysia,Melaka,GrabPay
ORD17032,2025-10-25,Home,Desk Lamp,581,1,581,West Malaysia,Melaka,TNG eWallet
ORD17034,2025-06-12,Fashion,Backpack,171,2,342,West Malaysia,Johor,Credit Card
ORD17038,2025-07-26,Fashion,Backpack,111,2,222,West Malaysia,Johor,Credit Card
ORD17039,2025-02-14,Electronics,Smartphone,3636,1,3636,West Malaysia,Pahang,FPX
ORD17040,2025-12-04,Home,Air Purifier,340,1,340,West Malaysia,Melaka,FPX
ORD17041,2025-02-14,Home,Coffee Maker,198,2,396,West Malaysia,Selangor,GrabPay
ORD17042,2025-12-02,Home,Coffee Maker,408,3,1224,West Malaysia,Kuala Lumpur,FPX
ORD17046,2025-04-29,Electronics,Laptop,3374,4,13496,West Malaysia,Melaka,GrabPay
ORD17049,2025-07-14,Home,Coffee Maker,526,3,1578,West Malaysia,Pahang,Credit Card
ORD17050,2025-05-31,Home,Coffee Maker,558,2,1116,West Malaysia,Kedah,GrabPay
ORD17051,2025-12-24,Home,Coffee Maker,623,4,2492,West Malaysia,Johor,FPX
ORD17053,2025-07-23,Fashion,Backpack,136,4,544,West Malaysia,Perak,GrabPay
ORD17054,2025-08-03,Electronics,Wireless Earbuds,3545,2,7090,West Malaysia,Kedah,TNG eWallet
ORD17056,2025-07-31,Home,Air Purifier,327,2,654,West Malaysia,Johor,GrabPay
ORD17058,2025-08-05,Fashion,Sneakers,292,4,1168,West Malaysia,Kedah,TNG eWallet
ORD17059,2025-11-08,Fashion,Sneakers,235,4,940,West Malaysia,Pahang,FPX
ORD17060,2025-11-27,Electronics,Smartwatch,4062,4,16248,West Malaysia,Kuala Lumpur,TNG eWallet
ORD17061,2025-01-01,Fashion,Sneakers,96,3,288,West Malaysia,Kuala Lumpur,GrabPay
ORD17064,2025-12-21,Electronics,Smartphone,1154,4,4616,West Malaysia,Kedah,Credit Card
ORD17069,2025-01-07,Home,Coffee Maker,523,3,1569,West Malaysia,Pahang,Credit Card
ORD17070,2025-09-19,Home,Coffee Maker,105,3,315,West Malaysia,Kuala Lumpur,GrabPay
ORD17072,2025-12-02,Home,Office Chair,391,3,1173,West Malaysia,Perak,TNG eWallet
ORD17073,2025-07-22,Home,Office Chair,203,4,812,West Malaysia,Johor,FPX
ORD17076,2025-01-29,Electronics,Smartwatch,1334,3,4002,West Malaysia,Kedah,TNG eWallet
ORD17078,2025-05-01,Home,Desk Lamp,470,3,1410,West Malaysia,Melaka,TNG eWallet
ORD17080,2025-04-08,Fashion,T-Shirt,281,4,1124,West Malaysia,Selangor,FPX
ORD17081,2025-07-05,Electronics,Smartphone,3546,1,3546,West Malaysia,Pahang,TNG eWallet
ORD17082,2025-11-02,Electronics,Smartwatch,3915,3,11745,West Malaysia,Kuala Lumpur,Credit Card
ORD17083,2025-07-20,Home,Office Chair,192,2,384,West Malaysia,Melaka,TNG eWallet
ORD17085,2025-04-26,Fashion,Sneakers,284,2,568,West Malaysia,Kedah,Credit Card
ORD17087,2025-05-05,Fashion,T-Shirt,300,4,1200,West Malaysia,Penang,TNG eWallet
ORD17089,2025-09-18,Fashion,T-Shirt,131,2,262,West Malaysia,Pahang,TNG eWallet
ORD17091,2025-03-29,Home,Office Chair,440,3,1320,West Malaysia,Melaka,TNG eWallet
ORD17093,2025-09-11,Fashion,Sunglasses,325,1,325,West Malaysia,Kuala Lumpur,Credit Card
ORD17096,2025-10-08,Fashion,Sunglasses,365,2,730,West Malaysia,Perak,Credit Card
ORD17097,2025-11-03,Electronics,Laptop,396,2,792,West Malaysia,Penang,FPX
ORD17098,2025-09-08,Fashion,Sneakers,374,4,1496,West Malaysia,Pahang,TNG eWallet
ORD17099,2025-04-26,Home,Desk Lamp,132,1,132,West Malaysia,Selangor,FPX
ORD17100,2025-08-09,Electronics,Wireless Earbuds,1120,1,1120,West Malaysia,Selangor,GrabPay
ORD17103,2025-05-04,Home,Desk Lamp,340,1,340,West Malaysia,Selangor,FPX
ORD17105,2025-10-10,Electronics,Smartphone,2569,2,5138,West Malaysia,Penang,Credit Card
ORD17106,2025-01-26,Home,Coffee Maker,335,1,335,West Malaysia,Pahang,FPX
ORD17109,2025-07-30,Fashion,Sunglasses,101,3,303,West Malaysia,Selangor,Credit Card
ORD17110,2025-07-12,Home,Air Purifier,101,3,303,West Malaysia,Kuala Lumpur,TNG eWallet
ORD17113,2025-11-18,Home,Office Chair,243,1,243,West Malaysia,Johor,TNG eWallet
ORD17114,2025-07-17,Electronics,Smartwatch,1095,2,2190,West Malaysia,Kedah,FPX
ORD17115,2025-11-27,Fashion,T-Shirt,110,2,220,West Malaysia,Penang,GrabPay
ORD17116,2025-03-01,Electronics,Laptop,2210,1,2210,West Malaysia,Penang,Credit Card
ORD17117,2025-09-17,Fashion,Sneakers,143,1,143,West Malaysia,Kedah,GrabPay
ORD17118,2025-03-30,Electronics,Smartwatch,733,4,2932,West Malaysia,Pahang,TNG eWallet
ORD17119,2025-05-11,Fashion,T-Shirt,174,1,174,West Malaysia,Penang,Credit Card
ORD17120,2025-05-30,Home,Coffee Maker,752,2,1504,West Malaysia,Kuala Lumpur,FPX
ORD17125,2025-05-11,Fashion,Sunglasses,66,1,66,West Malaysia,Penang,FPX
ORD17132,2025-04-16,Electronics,Smartwatch,3321,2,6642,West Malaysia,Selangor,GrabPay
ORD17133,2025-08-02,Home,Office Chair,687,2,1374,West Malaysia,Penang,TNG eWallet
ORD17142,2025-12-25,Electronics,Smartphone,2868,1,2868,West Malaysia,Johor,GrabPay
ORD17145,2025-02-07,Electronics,Smartphone,3042,3,9126,West Malaysia,Perak,GrabPay
ORD17146,2025-07-06,Electronics,Smartphone,2380,1,2380,West Malaysia,Selangor,GrabPay
ORD17147,2025-10-13,Fashion,Sunglasses,359,1,359,West Malaysia,Johor,GrabPay
ORD17150,2025-07-06,Home,Desk Lamp,477,2,954,West Malaysia,Kuala Lumpur,GrabPay
ORD17154,2025-08-11,Home,Office Chair,336,1,336,West Malaysia,Kuala Lumpur,FPX
ORD17155,2025-09-10,Home,Air Purifier,379,4,1516,West Malaysia,Perak,Credit Card
ORD17159,2025-06-22,Electronics,Laptop,3013,3,9039,West Malaysia,Kuala Lumpur,Credit Card
ORD17160,2025-04-10,Fashion,Sunglasses,234,3,702,West Malaysia,Kuala Lumpur,FPX
ORD17161,2025-04-05,Fashion,Backpack,220,1,220,West Malaysia,Johor,TNG eWallet
ORD17162,2025-09-15,Home,Office Chair,584,4,2336,West Malaysia,Kedah,FPX
ORD17163,2025-08-30,Fashion,Sneakers,65,2,130,West Malaysia,Kedah,GrabPay
ORD17164,2025-04-19,Fashion,T-Shirt,213,4,852,West Malaysia,Selangor,TNG eWallet
ORD17165,2025-10-26,Home,Office Chair,757,4,3028,West Malaysia,Melaka,TNG eWallet
ORD17166,2025-02-27,Electronics,Wireless Earbuds,1624,3,4872,West Malaysia,Pahang,GrabPay
ORD17167,2025-12-14,Electronics,Smartwatch,430,3,1290,West Malaysia,Pahang,TNG eWallet
ORD17169,2025-02-10,Home,Coffee Maker,165,4,660,West Malaysia,Pahang,Credit Card
ORD17171,2025-08-01,Fashion,T-Shirt,299,3,897,West Malaysia,Pahang,GrabPay
ORD17174,2025-04-23,Fashion,Backpack,222,4,888,West Malaysia,Johor,FPX
ORD17175,2025-02-24,Fashion,Backpack,293,2,586,West Malaysia,Johor,TNG eWallet
ORD17176,2025-09-01,Fashion,Sneakers,349,2,698,West Malaysia,Melaka,Credit Card
ORD17177,2025-08-21,Home,Desk Lamp,372,3,1116,West Malaysia,Perak,Credit Card
ORD17178,2025-02-06,Electronics,Smartphone,4173,1,4173,West Malaysia,Selangor,Credit Card
ORD17179,2025-02-04,Home,Office Chair,177,3,531,West Malaysia,Kedah,FPX
ORD17180,2025-01-30,Home,Air Purifier,491,4,1964,West Malaysia,Melaka,FPX
ORD17181,2025-10-07,Electronics,Smartphone,1964,1,1964,West Malaysia,Penang,FPX
ORD17184,2025-03-23,Home,Coffee Maker,208,4,832,West Malaysia,Johor,Credit Card
ORD17185,2025-11-09,Home,Desk Lamp,276,1,276,West Malaysia,Kedah,Credit Card
ORD17193,2025-06-09,Electronics,Wireless Earbuds,1448,1,1448,West Malaysia,Perak,Credit Card
ORD17194,2025-05-15,Home,Air Purifier,383,3,1149,West Malaysia,Johor,Credit Card
ORD17197,2025-11-06,Home,Office Chair,184,2,368,West Malaysia,Johor,TNG eWallet
ORD17198,2025-05-11,Electronics,Laptop,3636,4,14544,West Malaysia,Penang,GrabPay
ORD17201,2025-10-17,Fashion,Backpack,231,2,462,West Malaysia,Melaka,TNG eWallet
ORD17209,2025-06-22,Electronics,Wireless Earbuds,1196,2,2392,West Malaysia,Kedah,FPX
ORD17210,2025-11-05,Home,Coffee Maker,109,4,436,West Malaysia,Johor,TNG eWallet
ORD17211,2025-07-17,Home,Coffee Maker,430,4,1720,West Malaysia,Melaka,Credit Card
ORD17212,2025-10-28,Home,Office Chair,750,3,2250,West Malaysia,Selangor,TNG eWallet
ORD17214,2025-01-16,Home,Office Chair,687,4,2748,West Malaysia,Pahang,TNG eWallet
ORD17223,2025-02-12,Electronics,Wireless Earbuds,1470,4,5880,West Malaysia,Perak,FPX
ORD17224,2025-02-27,Electronics,Laptop,4399,1,4399,West Malaysia,Perak,Credit Card
ORD17226,2025-03-19,Fashion,Sunglasses,359,4,1436,West Malaysia,Johor,TNG eWallet
ORD17227,2025-07-11,Fashion,Sunglasses,306,3,918,West Malaysia,Kedah,TNG eWallet
ORD17229,2025-01-19,Fashion,Sunglasses,261,1,261,West Malaysia,Kuala Lumpur,Credit Card
ORD17230,2025-06-13,Electronics,Smartwatch,640,1,640,West Malaysia,Penang,TNG eWallet
ORD17231,2025-02-08,Home,Office Chair,124,4,496,West Malaysia,Johor,GrabPay
ORD17236,2025-01-01,Fashion,T-Shirt,62,4,248,West Malaysia,Perak,FPX
ORD17237,2025-12-11,Fashion,Sunglasses,85,2,170,West Malaysia,Perak,TNG eWallet
ORD17239,2025-05-15,Home,Air Purifier,579,3,1737,West Malaysia,Pahang,Credit Card
ORD17241,2025-08-25,Electronics,Smartphone,4238,3,12714,West Malaysia,Penang,GrabPay
ORD17242,2025-12-25,Fashion,Backpack,215,4,860,West Malaysia,Selangor,GrabPay
ORD17244,2025-09-07,Home,Coffee Maker,431,3,1293,West Malaysia,Johor,TNG eWallet
ORD17247,2025-02-18,Fashion,Backpack,368,3,1104,West Malaysia,Selangor,Credit Card
ORD17248,2025-02-10,Home,Air Purifier,765,2,1530,West Malaysia,Perak,TNG eWallet
ORD17249,2025-05-01,Electronics,Smartphone,3056,2,6112,West Malaysia,Kuala Lumpur,FPX
ORD17251,2025-11-25,Electronics,Laptop,1533,3,4599,West Malaysia,Melaka,TNG eWallet
ORD17252,2025-09-24,Fashion,T-Shirt,211,1,211,West Malaysia,Kedah,FPX
ORD17254,2025-01-22,Fashion,Sunglasses,99,1,99,West Malaysia,Penang,Credit Card
ORD17255,2025-11-24,Home,Desk Lamp,751,1,751,West Malaysia,Kedah,TNG eWallet
ORD17256,2025-10-14,Electronics,Wireless Earbuds,4318,1,4318,West Malaysia,Pahang,GrabPay
ORD17257,2025-01-25,Fashion,T-Shirt,278,4,1112,West Malaysia,Melaka,FPX
ORD17258,2025-06-06,Electronics,Wireless Earbuds,533,4,2132,West Malaysia,Penang,TNG eWallet
ORD17259,2025-10-24,Electronics,Laptop,2279,3,6837,West Malaysia,Kedah,FPX
ORD17260,2025-11-26,Home,Desk Lamp,262,3,786,West Malaysia,Kuala Lumpur,TNG eWallet
ORD17261,2025-03-03,Fashion,Sneakers,358,4,1432,West Malaysia,Pahang,FPX
ORD17262,2025-01-24,Electronics,Smartphone,828,3,2484,West Malaysia,Pahang,GrabPay
ORD17263,2025-04-07,Home,Office Chair,783,2,1566,West Malaysia,Perak,FPX
ORD17264,2025-06-11,Electronics,Laptop,3313,3,9939,West Malaysia,Perak,FPX
ORD17266,2025-03-19,Home,Office Chair,610,3,1830,West Malaysia,Pahang,TNG eWallet
ORD17273,2025-03-20,Home,Desk Lamp,256,2,512,West Malaysia,Selangor,FPX
ORD17274,2025-03-26,Electronics,Smartwatch,579,1,579,West Malaysia,Kedah,Credit Card
ORD17276,2025-10-14,Home,Air Purifier,100,2,200,West Malaysia,Selangor,TNG eWallet
ORD17279,2025-02-28,Fashion,Sneakers,243,1,243,West Malaysia,Johor,TNG eWallet
ORD17282,2025-06-09,Fashion,T-Shirt,229,3,687,West Malaysia,Kedah,Credit Card
ORD17283,2025-10-31,Fashion,Backpack,397,4,1588,West Malaysia,Perak,FPX
ORD17284,2025-06-20,Home,Air Purifier,276,3,828,West Malaysia,Kedah,Credit Card
ORD17285,2025-06-16,Electronics,Laptop,3777,1,3777,West Malaysia,Johor,TNG eWallet
ORD17288,2025-06-25,Electronics,Wireless Earbuds,4328,1,4328,West Malaysia,Kuala Lumpur,FPX
ORD17293,2025-09-04,Electronics,Smartwatch,1580,3,4740,West Malaysia,Kedah,TNG eWallet
ORD17294,2025-01-04,Electronics,Smartwatch,3130,3,9390,West Malaysia,Perak,GrabPay
ORD17295,2025-02-09,Fashion,Backpack,223,1,223,West Malaysia,Penang,GrabPay
ORD17296,2025-06-05,Electronics,Smartwatch,2077,1,2077,West Malaysia,Perak,Credit Card
ORD17297,2025-05-19,Electronics,Smartwatch,3223,4,12892,West Malaysia,Kuala Lumpur,Credit Card
ORD17298,2025-11-26,Home,Air Purifier,691,1,691,West Malaysia,Pahang,Credit Card
ORD17299,2025-03-21,Fashion,T-Shirt,383,4,1532,West Malaysia,Pahang,FPX
ORD17301,2025-12-10,Electronics,Wireless Earbuds,4426,3,13278,West Malaysia,Johor,GrabPay
ORD17302,2025-12-15,Home,Air Purifier,322,3,966,West Malaysia,Melaka,TNG eWallet
ORD17303,2025-12-24,Home,Desk Lamp,449,1,449,West Malaysia,Pahang,FPX
ORD17305,2025-07-20,Fashion,Backpack,101,3,303,West Malaysia,Pahang,TNG eWallet
ORD17306,2025-01-13,Fashion,Sunglasses,83,4,332,West Malaysia,Pahang,FPX
ORD17310,2025-08-23,Electronics,Laptop,2062,4,8248,West Malaysia,Pahang,FPX
ORD17311,2025-04-05,Electronics,Wireless Earbuds,1311,3,3933,West Malaysia,Perak,Credit Card
ORD17312,2025-12-17,Home,Office Chair,235,3,705,West Malaysia,Kedah,FPX
ORD17313,2026-01-01,Home,Air Purifier,535,3,1605,West Malaysia,Perak,GrabPay
ORD17316,2025-09-14,Electronics,Wireless Earbuds,2216,1,2216,West Malaysia,Melaka,Credit Card
ORD17317,2025-10-30,Home,Desk Lamp,497,3,1491,West Malaysia,Johor,GrabPay
ORD17318,2025-06-25,Electronics,Smartwatch,3334,1,3334,West Malaysia,Kedah,GrabPay
ORD17320,2025-02-21,Home,Desk Lamp,484,4,1936,West Malaysia,Johor,Credit Card
ORD17321,2025-07-28,Electronics,Smartwatch,3295,2,6590,West Malaysia,Kedah,FPX
ORD17322,2025-03-10,Fashion,Backpack,355,3,1065,West Malaysia,Pahang,Credit Card
ORD17325,2025-08-19,Home,Office Chair,647,1,647,West Malaysia,Melaka,TNG eWallet
ORD17326,2025-08-20,Home,Office Chair,554,3,1662,West Malaysia,Melaka,Credit Card
ORD17329,2025-04-10,Fashion,Backpack,329,3,987,West Malaysia,Selangor,GrabPay
ORD17331,2025-11-06,Electronics,Smartwatch,764,4,3056,West Malaysia,Kuala Lumpur,GrabPay
ORD17332,2025-10-29,Electronics,Smartwatch,3632,1,3632,West Malaysia,Kuala Lumpur,Credit Card
ORD17335,2025-09-28,Electronics,Smartphone,3236,3,9708,West Malaysia,Penang,GrabPay
ORD17338,2025-06-08,Fashion,Backpack,388,4,1552,West Malaysia,Selangor,TNG eWallet
ORD17339,2025-03-17,Home,Desk Lamp,540,1,540,West Malaysia,Penang,Credit Card
ORD17344,2025-04-03,Fashion,Sunglasses,80,4,320,West Malaysia,Selangor,FPX
ORD17348,2025-09-10,Fashion,Sunglasses,323,2,646,West Malaysia,Kuala Lumpur,Credit Card
ORD17349,2025-01-19,Home,Coffee Maker,404,2,808,West Malaysia,Perak,GrabPay
ORD17353,2025-01-19,Home,Air Purifier,394,3,1182,West Malaysia,Kedah,GrabPay
ORD17358,2025-10-04,Fashion,Sneakers,292,1,292,West Malaysia,Melaka,GrabPay
ORD17360,2025-09-26,Fashion,Backpack,124,4,496,West Malaysia,Pahang,FPX
ORD17361,2025-01-13,Electronics,Wireless Earbuds,4240,2,8480,West Malaysia,Melaka,Credit Card
ORD17362,2025-09-03,Fashion,T-Shirt,56,1,56,West Malaysia,Johor,TNG eWallet
ORD17367,2025-11-19,Home,Desk Lamp,718,4,2872,West Malaysia,Perak,FPX
ORD17369,2025-05-08,Fashion,Sneakers,168,1,168,West Malaysia,Penang,FPX
ORD17370,2025-12-01,Home,Coffee Maker,692,1,692,West Malaysia,Johor,GrabPay
ORD17371,2025-08-12,Fashion,Backpack,257,3,771,West Malaysia,Penang,GrabPay
ORD17372,2025-08-11,Electronics,Smartwatch,2920,4,11680,West Malaysia,Penang,GrabPay
ORD17373,2025-01-08,Home,Coffee Maker,741,2,1482,West Malaysia,Melaka,TNG eWallet
ORD17375,2025-12-25,Electronics,Laptop,810,2,1620,West Malaysia,Perak,GrabPay
ORD17379,2025-05-18,Fashion,T-Shirt,371,3,1113,West Malaysia,Melaka,GrabPay
ORD17381,2025-08-08,Home,Desk Lamp,129,1,129,West Malaysia,Perak,GrabPay
ORD17382,2025-11-30,Electronics,Laptop,1721,4,6884,West Malaysia,Selangor,FPX
ORD17383,2025-03-05,Electronics,Wireless Earbuds,920,4,3680,West Malaysia,Johor,Credit Card
ORD17386,2025-09-22,Home,Desk Lamp,648,3,1944,West Malaysia,Melaka,Credit Card
ORD17388,2025-06-24,Home,Coffee Maker,689,4,2756,West Malaysia,Melaka,Credit Card
ORD17390,2025-05-27,Electronics,Smartwatch,900,4,3600,West Malaysia,Selangor,FPX
ORD17392,2025-11-02,Fashion,Backpack,288,1,288,West Malaysia,Selangor,GrabPay
ORD17393,2025-08-02,Fashion,Backpack,249,1,249,West Malaysia,Kuala Lumpur,GrabPay
ORD17394,2025-12-02,Electronics,Wireless Earbuds,4125,4,16500,West Malaysia,Kedah,FPX
ORD17396,2025-06-25,Electronics,Smartwatch,1323,3,3969,West Malaysia,Pahang,Credit Card
ORD17397,2025-10-03,Fashion,Backpack,71,3,213,West Malaysia,Kedah,GrabPay
ORD17404,2025-04-29,Fashion,T-Shirt,313,2,626,West Malaysia,Perak,FPX
ORD17405,2025-11-26,Fashion,T-Shirt,68,4,272,West Malaysia,Kuala Lumpur,TNG eWallet
ORD17409,2025-06-10,Electronics,Smartwatch,3595,1,3595,West Malaysia,Penang,GrabPay
ORD17412,2025-09-30,Electronics,Wireless Earbuds,2858,4,11432,West Malaysia,Pahang,Credit Card
ORD17415,2025-06-21,Fashion,Sneakers,269,1,269,West Malaysia,Perak,FPX
ORD17416,2025-08-30,Fashion,T-Shirt,240,1,240,West Malaysia,Kedah,TNG eWallet
ORD17417,2025-06-01,Electronics,Smartphone,3738,3,11214,West Malaysia,Penang,TNG eWallet
ORD17418,2025-03-22,Fashion,Sneakers,107,3,321,West Malaysia,Johor,FPX
ORD17421,2025-08-03,Fashion,T-Shirt,381,2,762,West Malaysia,Kuala Lumpur,Credit Card
ORD17423,2025-05-05,Fashion,Sunglasses,102,4,408,West Malaysia,Penang,Credit Card
ORD17424,2025-04-09,Home,Air Purifier,456,4,1824,West Malaysia,Kedah,GrabPay
ORD17427,2025-11-25,Electronics,Wireless Earbuds,1731,2,3462,West Malaysia,Kedah,Credit Card
ORD17429,2025-08-15,Electronics,Wireless Earbuds,614,1,614,West Malaysia,Kedah,GrabPay
ORD17430,2025-12-06,Home,Office Chair,720,4,2880,West Malaysia,Selangor,Credit Card
ORD17432,2025-09-07,Fashion,Sunglasses,218,4,872,West Malaysia,Kedah,Credit Card
ORD17433,2025-10-26,Home,Air Purifier,673,3,2019,West Malaysia,Johor,TNG eWallet
ORD17434,2025-03-12,Electronics,Smartwatch,1998,2,3996,West Malaysia,Pahang,GrabPay
ORD17435,2025-10-15,Home,Coffee Maker,773,4,3092,West Malaysia,Melaka,FPX
ORD17437,2025-07-06,Fashion,Sunglasses,259,1,259,West Malaysia,Pahang,TNG eWallet
ORD17438,2025-03-28,Fashion,Sneakers,375,1,375,West Malaysia,Melaka,TNG eWallet
ORD17439,2025-01-28,Fashion,Sneakers,209,1,209,West Malaysia,Kedah,GrabPay
ORD17441,2025-07-10,Home,Office Chair,686,2,1372,West Malaysia,Melaka,FPX
ORD17442,2025-04-20,Electronics,Laptop,2591,3,7773,West Malaysia,Selangor,GrabPay
ORD17443,2025-09-05,Fashion,Sunglasses,297,3,891,West Malaysia,Pahang,FPX
ORD17444,2025-10-16,Fashion,T-Shirt,221,3,663,West Malaysia,Penang,FPX
ORD17447,2025-09-19,Fashion,Backpack,241,1,241,West Malaysia,Melaka,GrabPay
ORD17451,2025-03-15,Fashion,T-Shirt,245,4,980,West Malaysia,Perak,FPX
ORD17453,2025-05-27,Electronics,Laptop,3056,4,12224,West Malaysia,Selangor,FPX
ORD17454,2025-01-14,Fashion,Sneakers,257,3,771,West Malaysia,Johor,TNG eWallet
ORD17456,2025-02-17,Electronics,Smartwatch,2765,2,5530,West Malaysia,Melaka,Credit Card
ORD17458,2025-01-24,Home,Desk Lamp,615,3,1845,West Malaysia,Pahang,TNG eWallet
ORD17459,2025-04-08,Home,Air Purifier,687,1,687,West Malaysia,Selangor,TNG eWallet
ORD17460,2025-11-17,Fashion,Backpack,368,1,368,West Malaysia,Kuala Lumpur,TNG eWallet
ORD17462,2025-03-09,Home,Air Purifier,368,3,1104,West Malaysia,Penang,GrabPay
ORD17464,2025-08-08,Electronics,Wireless Earbuds,428,1,428,West Malaysia,Penang,Credit Card
ORD17465,2025-07-09,Electronics,Smartwatch,2377,3,7131,West Malaysia,Melaka,GrabPay
ORD17466,2025-02-14,Fashion,T-Shirt,62,3,186,West Malaysia,Pahang,GrabPay
ORD17471,2025-10-23,Home,Air Purifier,652,4,2608,West Malaysia,Kedah,TNG eWallet
ORD17472,2025-10-24,Electronics,Wireless Earbuds,1264,1,1264,West Malaysia,Penang,Credit Card
ORD17474,2025-09-25,Fashion,Sunglasses,68,1,68,West Malaysia,Penang,GrabPay
ORD17475,2025-12-08,Home,Air Purifier,480,2,960,West Malaysia,Melaka,Credit Card
ORD17477,2025-06-26,Electronics,Wireless Earbuds,1038,3,3114,West Malaysia,Kedah,GrabPay
ORD17478,2025-01-24,Fashion,Sunglasses,111,2,222,West Malaysia,Penang,FPX
ORD17479,2025-02-10,Electronics,Laptop,3876,1,3876,West Malaysia,Melaka,Credit Card
ORD17481,2025-03-20,Home,Air Purifier,471,3,1413,West Malaysia,Perak,Credit Card
ORD17482,2025-08-13,Home,Office Chair,572,3,1716,West Malaysia,Penang,FPX
ORD17484,2025-09-18,Fashion,Sunglasses,167,4,668,West Malaysia,Kedah,GrabPay
ORD17485,2025-12-30,Fashion,Backpack,149,3,447,West Malaysia,Kedah,FPX
ORD17486,2025-03-31,Electronics,Laptop,2240,2,4480,West Malaysia,Kuala Lumpur,GrabPay
ORD17491,2025-10-21,Home,Air Purifier,539,3,1617,West Malaysia,Johor,Credit Card
ORD17492,2025-09-05,Home,Office Chair,315,2,630,West Malaysia,Johor,Credit Card
ORD17493,2025-01-14,Home,Desk Lamp,694,1,694,West Malaysia,Melaka,TNG eWallet
ORD17494,2025-10-01,Fashion,T-Shirt,137,3,411,West Malaysia,Penang,Credit Card
ORD17495,2025-01-12,Fashion,Backpack,258,3,774,West Malaysia,Melaka,Credit Card
ORD17498,2025-05-29,Home,Desk Lamp,220,3,660,West Malaysia,Penang,GrabPay
ORD17500,2025-10-19,Fashion,Sunglasses,156,1,156,West Malaysia,Pahang,FPX
ORD17501,2025-12-19,Fashion,Backpack,223,4,892,West Malaysia,Pahang,FPX
ORD17502,2025-09-29,Home,Office Chair,228,1,228,West Malaysia,Johor,GrabPay
ORD17503,2025-08-12,Fashion,Sunglasses,169,1,169,West Malaysia,Melaka,Credit Card
ORD17509,2025-01-07,Fashion,Backpack,398,4,1592,West Malaysia,Selangor,FPX
ORD17511,2025-01-03,Electronics,Smartwatch,518,4,2072,West Malaysia,Kuala Lumpur,GrabPay
ORD17512,2025-10-06,Fashion,Sunglasses,243,2,486,West Malaysia,Johor,TNG eWallet
ORD17513,2025-10-07,Electronics,Smartphone,1988,1,1988,West Malaysia,Melaka,Credit Card
ORD17514,2025-05-21,Electronics,Wireless Earbuds,1567,3,4701,West Malaysia,Pahang,FPX
ORD17515,2025-08-19,Home,Desk Lamp,259,4,1036,West Malaysia,Kuala Lumpur,FPX
ORD17517,2025-08-10,Electronics,Wireless Earbuds,4292,1,4292,West Malaysia,Johor,Credit Card
ORD17518,2025-09-09,Fashion,Sunglasses,184,4,736,West Malaysia,Kedah,Credit Card
ORD17521,2025-10-08,Home,Office Chair,375,3,1125,West Malaysia,Perak,TNG eWallet
ORD17522,2025-12-15,Electronics,Smartphone,403,2,806,West Malaysia,Pahang,FPX
ORD17523,2025-03-24,Electronics,Smartphone,4455,3,13365,West Malaysia,Perak,FPX
ORD17527,2025-03-02,Fashion,Sneakers,77,3,231,West Malaysia,Melaka,FPX
ORD17532,2025-03-03,Fashion,Sneakers,129,2,258,West Malaysia,Johor,Credit Card
ORD17534,2025-06-02,Fashion,T-Shirt,370,2,740,West Malaysia,Johor,GrabPay
ORD17535,2025-05-20,Electronics,Smartphone,808,1,808,West Malaysia,Pahang,Credit Card
ORD17538,2025-10-08,Electronics,Laptop,3165,1,3165,West Malaysia,Selangor,TNG eWallet
ORD17539,2025-04-21,Fashion,Backpack,85,2,170,West Malaysia,Kuala Lumpur,GrabPay
ORD17540,2025-06-25,Fashion,T-Shirt,233,3,699,West Malaysia,Perak,FPX
ORD17541,2025-06-30,Electronics,Smartwatch,2989,4,11956,West Malaysia,Kuala Lumpur,FPX
ORD17542,2025-12-06,Home,Air Purifier,487,4,1948,West Malaysia,Kuala Lumpur,FPX
ORD17543,2025-10-24,Electronics,Laptop,2856,3,8568,West Malaysia,Kuala Lumpur,GrabPay
ORD17544,2025-03-07,Electronics,Smartphone,877,4,3508,West Malaysia,Kedah,TNG eWallet
ORD17545,2025-03-17,Electronics,Wireless Earbuds,3747,4,14988,West Malaysia,Kuala Lumpur,TNG eWallet
ORD17553,2025-07-10,Home,Coffee Maker,272,3,816,West Malaysia,Penang,TNG eWallet
ORD17559,2025-04-27,Home,Coffee Maker,702,3,2106,West Malaysia,Johor,FPX
ORD17564,2025-01-02,Fashion,Sneakers,51,2,102,West Malaysia,Kedah,FPX
ORD17566,2025-08-07,Electronics,Smartwatch,1608,1,1608,West Malaysia,Selangor,GrabPay
ORD17567,2025-03-02,Fashion,Sunglasses,169,3,507,West Malaysia,Johor,GrabPay
ORD17568,2025-12-09,Electronics,Smartphone,912,4,3648,West Malaysia,Perak,Credit Card
ORD17569,2025-09-07,Fashion,Backpack,97,1,97,West Malaysia,Penang,GrabPay
ORD17570,2025-07-23,Home,Coffee Maker,669,1,669,West Malaysia,Johor,GrabPay
ORD17572,2025-11-17,Electronics,Wireless Earbuds,1416,3,4248,West Malaysia,Penang,GrabPay
ORD17575,2025-04-02,Home,Desk Lamp,294,3,882,West Malaysia,Melaka,Credit Card
ORD17577,2025-04-11,Home,Air Purifier,682,4,2728,West Malaysia,Pahang,GrabPay
ORD17578,2025-01-03,Fashion,Backpack,319,4,1276,West Malaysia,Pahang,FPX
ORD17579,2025-12-01,Fashion,T-Shirt,60,4,240,West Malaysia,Kedah,FPX
ORD17580,2025-08-17,Home,Coffee Maker,736,3,2208,West Malaysia,Johor,FPX
ORD17582,2025-11-03,Home,Desk Lamp,654,4,2616,West Malaysia,Johor,GrabPay
ORD17583,2025-12-19,Home,Desk Lamp,775,2,1550,West Malaysia,Pahang,GrabPay
ORD17588,2025-03-05,Fashion,Sneakers,250,2,500,West Malaysia,Selangor,Credit Card
ORD17589,2025-06-15,Home,Office Chair,536,3,1608,West Malaysia,Kuala Lumpur,TNG eWallet
ORD17591,2025-07-09,Electronics,Smartphone,2213,3,6639,West Malaysia,Penang,TNG eWallet
ORD17592,2025-01-31,Electronics,Smartwatch,3303,4,13212,West Malaysia,Johor,Credit Card
ORD17594,2025-02-18,Fashion,Sneakers,51,3,153,West Malaysia,Kuala Lumpur,FPX
ORD17595,2025-04-29,Fashion,Sunglasses,89,4,356,West Malaysia,Perak,FPX
ORD17596,2025-08-24,Fashion,Sunglasses,377,2,754,West Malaysia,Pahang,TNG eWallet
ORD17599,2025-07-11,Home,Coffee Maker,505,4,2020,West Malaysia,Penang,Credit Card
ORD17605,2025-05-15,Fashion,Backpack,290,2,580,West Malaysia,Kuala Lumpur,FPX
ORD17609,2025-02-22,Home,Coffee Maker,332,3,996,West Malaysia,Melaka,TNG eWallet
ORD17613,2025-01-29,Home,Air Purifier,270,4,1080,West Malaysia,Penang,TNG eWallet
ORD17623,2025-07-13,Fashion,T-Shirt,353,3,1059,West Malaysia,Perak,Credit Card
ORD17626,2025-03-26,Fashion,Backpack,390,3,1170,West Malaysia,Penang,GrabPay
ORD17629,2025-01-02,Electronics,Smartwatch,4355,3,13065,West Malaysia,Kedah,TNG eWallet
ORD17630,2025-05-16,Electronics,Smartphone,2755,4,11020,West Malaysia,Johor,FPX
ORD17634,2025-01-16,Electronics,Smartphone,2452,1,2452,West Malaysia,Kedah,GrabPay
ORD17636,2025-04-04,Fashion,Sunglasses,160,1,160,West Malaysia,Johor,FPX
ORD17637,2025-07-21,Electronics,Wireless Earbuds,1368,2,2736,West Malaysia,Perak,FPX
ORD17638,2025-01-29,Home,Desk Lamp,238,1,238,West Malaysia,Pahang,Credit Card
ORD17639,2025-04-14,Electronics,Smartphone,1689,2,3378,West Malaysia,Pahang,FPX
ORD17643,2025-04-05,Electronics,Smartphone,3195,4,12780,West Malaysia,Kedah,GrabPay
ORD17645,2025-01-20,Fashion,Sneakers,81,3,243,West Malaysia,Selangor,GrabPay
ORD17647,2025-02-07,Electronics,Smartphone,1671,3,5013,West Malaysia,Kuala Lumpur,TNG eWallet
ORD17650,2025-08-08,Home,Coffee Maker,216,1,216,West Malaysia,Kedah,Credit Card
ORD17651,2025-10-25,Home,Coffee Maker,132,4,528,West Malaysia,Pahang,TNG eWallet
ORD17653,2025-01-26,Home,Office Chair,244,4,976,West Malaysia,Melaka,Credit Card
ORD17654,2025-09-07,Home,Office Chair,489,2,978,West Malaysia,Johor,TNG eWallet
ORD17655,2025-12-09,Home,Coffee Maker,788,4,3152,West Malaysia,Selangor,GrabPay
ORD17662,2025-12-17,Fashion,Sunglasses,179,2,358,West Malaysia,Penang,FPX
ORD17663,2025-02-20,Fashion,Sunglasses,311,4,1244,West Malaysia,Kedah,GrabPay
ORD17664,2025-07-11,Home,Office Chair,477,1,477,West Malaysia,Penang,FPX
ORD17665,2025-08-18,Fashion,T-Shirt,145,3,435,West Malaysia,Selangor,FPX
ORD17667,2025-05-25,Home,Desk Lamp,413,3,1239,West Malaysia,Pahang,FPX
ORD17668,2025-08-15,Home,Coffee Maker,358,1,358,West Malaysia,Perak,TNG eWallet
ORD17670,2025-04-14,Home,Air Purifier,393,1,393,West Malaysia,Melaka,Credit Card
ORD17671,2025-11-08,Home,Air Purifier,180,3,540,West Malaysia,Kedah,FPX
ORD17673,2025-02-02,Electronics,Smartphone,1020,1,1020,West Malaysia,Penang,TNG eWallet
ORD17674,2025-10-28,Fashion,Sneakers,374,3,1122,West Malaysia,Selangor,TNG eWallet
ORD17675,2025-10-21,Fashion,Sunglasses,118,2,236,West Malaysia,Pahang,Credit Card
ORD17678,2025-01-06,Electronics,Wireless Earbuds,4271,3,12813,West Malaysia,Kedah,TNG eWallet
ORD17680,2025-09-06,Fashion,T-Shirt,285,3,855,West Malaysia,Johor,FPX
ORD17684,2025-12-27,Electronics,Smartwatch,3484,4,13936,West Malaysia,Penang,TNG eWallet
ORD17686,2025-04-15,Electronics,Smartwatch,424,1,424,West Malaysia,Penang,FPX
ORD17688,2025-11-17,Electronics,Smartwatch,1329,1,1329,West Malaysia,Selangor,GrabPay
ORD17691,2025-12-17,Fashion,Backpack,362,3,1086,West Malaysia,Kuala Lumpur,TNG eWallet
ORD17692,2025-01-30,Electronics,Wireless Earbuds,390,4,1560,West Malaysia,Selangor,FPX
ORD17693,2025-06-05,Fashion,T-Shirt,211,2,422,West Malaysia,Pahang,FPX
ORD17694,2025-03-14,Electronics,Wireless Earbuds,2644,3,7932,West Malaysia,Pahang,TNG eWallet
ORD17695,2025-11-05,Home,Coffee Maker,131,3,393,West Malaysia,Melaka,Credit Card
ORD17696,2025-01-23,Electronics,Smartphone,4251,4,17004,West Malaysia,Johor,FPX
ORD17698,2025-01-19,Home,Coffee Maker,497,2,994,West Malaysia,Perak,Credit Card
ORD17701,2025-10-06,Fashion,Sunglasses,370,2,740,West Malaysia,Kuala Lumpur,Credit Card
ORD17703,2025-09-06,Electronics,Wireless Earbuds,2248,4,8992,West Malaysia,Perak,FPX
ORD17704,2025-04-17,Electronics,Smartwatch,1390,4,5560,West Malaysia,Johor,FPX
ORD17706,2025-11-17,Fashion,Sneakers,308,3,924,West Malaysia,Johor,FPX
ORD17708,2025-11-15,Home,Air Purifier,698,3,2094,West Malaysia,Melaka,FPX
ORD17709,2025-03-24,Electronics,Smartwatch,4179,2,8358,West Malaysia,Pahang,TNG eWallet
ORD17710,2025-01-03,Fashion,Backpack,117,4,468,West Malaysia,Penang,FPX
ORD17711,2025-07-19,Fashion,Sunglasses,338,3,1014,West Malaysia,Pahang,TNG eWallet
ORD17712,2025-03-24,Fashion,Sneakers,181,2,362,West Malaysia,Kedah,Credit Card
ORD17714,2025-09-11,Electronics,Laptop,2708,1,2708,West Malaysia,Kedah,Credit Card
ORD17717,2025-01-03,Home,Desk Lamp,160,4,640,West Malaysia,Melaka,GrabPay
ORD17719,2025-07-05,Home,Office Chair,152,4,608,West Malaysia,Kuala Lumpur,Credit Card
ORD17723,2025-11-20,Fashion,Sunglasses,388,1,388,West Malaysia,Kuala Lumpur,Credit Card
ORD17725,2025-01-06,Home,Desk Lamp,235,1,235,West Malaysia,Melaka,TNG eWallet
ORD17726,2025-05-07,Electronics,Laptop,318,4,1272,West Malaysia,Kedah,TNG eWallet
ORD17728,2025-08-01,Fashion,T-Shirt,160,1,160,West Malaysia,Perak,GrabPay
ORD17729,2025-12-14,Fashion,Sunglasses,268,2,536,West Malaysia,Kedah,FPX
ORD17730,2025-09-17,Fashion,Sunglasses,118,1,118,West Malaysia,Perak,GrabPay
ORD17734,2025-02-22,Electronics,Smartwatch,495,4,1980,West Malaysia,Penang,FPX
ORD17738,2025-11-21,Electronics,Smartwatch,696,4,2784,West Malaysia,Perak,TNG eWallet
ORD17741,2025-11-28,Home,Coffee Maker,151,4,604,West Malaysia,Kedah,FPX
ORD17743,2025-06-21,Electronics,Laptop,1464,4,5856,West Malaysia,Selangor,FPX
ORD17746,2025-07-04,Electronics,Laptop,1205,3,3615,West Malaysia,Selangor,FPX
ORD17749,2025-11-04,Electronics,Smartwatch,4291,2,8582,West Malaysia,Penang,TNG eWallet
ORD17750,2025-09-19,Electronics,Smartwatch,1552,1,1552,West Malaysia,Selangor,GrabPay
ORD17753,2025-01-31,Fashion,Sneakers,344,2,688,West Malaysia,Penang,Credit Card
ORD17755,2025-08-19,Electronics,Wireless Earbuds,4320,3,12960,West Malaysia,Perak,TNG eWallet
ORD17756,2025-06-11,Fashion,Sunglasses,103,3,309,West Malaysia,Johor,GrabPay
ORD17757,2025-03-22,Home,Air Purifier,579,1,579,West Malaysia,Selangor,FPX
ORD17760,2025-05-15,Electronics,Laptop,723,4,2892,West Malaysia,Kedah,GrabPay
ORD17761,2025-04-24,Home,Office Chair,706,4,2824,West Malaysia,Selangor,TNG eWallet
ORD17762,2025-07-15,Home,Office Chair,285,3,855,West Malaysia,Kuala Lumpur,GrabPay
ORD17763,2025-07-01,Home,Air Purifier,692,2,1384,West Malaysia,Kuala Lumpur,GrabPay
ORD17767,2025-04-05,Fashion,Sneakers,239,1,239,West Malaysia,Johor,TNG eWallet
ORD17772,2025-07-26,Fashion,Sunglasses,367,4,1468,West Malaysia,Selangor,GrabPay
ORD17774,2025-01-02,Electronics,Smartwatch,3684,2,7368,West Malaysia,Pahang,FPX
ORD17775,2025-10-14,Home,Office Chair,390,3,1170,West Malaysia,Penang,GrabPay
ORD17779,2025-02-15,Electronics,Wireless Earbuds,367,2,734,West Malaysia,Penang,TNG eWallet
ORD17780,2025-06-03,Fashion,Backpack,241,2,482,West Malaysia,Melaka,Credit Card
ORD17781,2025-03-23,Home,Office Chair,727,1,727,West Malaysia,Johor,FPX
ORD17782,2025-08-12,Fashion,Sneakers,213,3,639,West Malaysia,Kedah,GrabPay
ORD17783,2025-06-10,Fashion,Backpack,248,4,992,West Malaysia,Melaka,Credit Card
ORD17784,2025-09-14,Electronics,Wireless Earbuds,631,4,2524,West Malaysia,Penang,GrabPay
ORD17788,2025-08-03,Fashion,Sneakers,72,3,216,West Malaysia,Johor,Credit Card
ORD17792,2025-12-21,Fashion,T-Shirt,190,1,190,West Malaysia,Penang,GrabPay
ORD17793,2025-01-14,Home,Desk Lamp,454,4,1816,West Malaysia,Melaka,Credit Card
ORD17794,2025-04-15,Home,Office Chair,360,2,720,West Malaysia,Kedah,Credit Card
ORD17795,2025-05-09,Fashion,Backpack,249,2,498,West Malaysia,Johor,GrabPay
ORD17800,2025-12-01,Fashion,Sunglasses,343,1,343,West Malaysia,Johor,FPX
ORD17801,2025-12-04,Home,Coffee Maker,467,1,467,West Malaysia,Johor,TNG eWallet
ORD17803,2025-11-16,Home,Air Purifier,596,1,596,West Malaysia,Kuala Lumpur,FPX
ORD17804,2025-02-16,Home,Coffee Maker,200,3,600,West Malaysia,Selangor,TNG eWallet
ORD17805,2025-11-01,Home,Desk Lamp,404,3,1212,West Malaysia,Melaka,FPX
ORD17813,2025-11-19,Home,Air Purifier,777,2,1554,West Malaysia,Penang,FPX
ORD17814,2025-09-02,Electronics,Wireless Earbuds,694,2,1388,West Malaysia,Selangor,FPX
ORD17817,2025-11-28,Electronics,Laptop,937,1,937,West Malaysia,Johor,Credit Card
ORD17818,2025-03-15,Electronics,Wireless Earbuds,3236,3,9708,West Malaysia,Johor,GrabPay
ORD17823,2025-04-30,Fashion,Sunglasses,144,1,144,West Malaysia,Melaka,Credit Card
ORD17824,2025-04-21,Fashion,T-Shirt,290,4,1160,West Malaysia,Kuala Lumpur,GrabPay
ORD17825,2025-04-20,Home,Coffee Maker,159,3,477,West Malaysia,Kuala Lumpur,Credit Card
ORD17829,2025-12-15,Fashion,T-Shirt,261,2,522,West Malaysia,Pahang,Credit Card
ORD17831,2025-04-16,Fashion,Sneakers,391,1,391,West Malaysia,Penang,GrabPay
ORD17833,2025-06-20,Home,Office Chair,505,3,1515,West Malaysia,Penang,GrabPay
ORD17834,2025-07-23,Home,Desk Lamp,341,4,1364,West Malaysia,Perak,GrabPay
ORD17836,2025-09-08,Electronics,Laptop,1616,1,1616,West Malaysia,Perak,TNG eWallet
ORD17837,2025-08-25,Home,Coffee Maker,529,2,1058,West Malaysia,Penang,FPX
ORD17841,2025-05-04,Home,Coffee Maker,382,3,1146,West Malaysia,Kuala Lumpur,TNG eWallet
ORD17844,2025-07-18,Home,Coffee Maker,271,1,271,West Malaysia,Selangor,Credit Card
ORD17847,2025-02-01,Fashion,Sunglasses,327,2,654,West Malaysia,Penang,FPX
ORD17850,2025-11-06,Fashion,Sneakers,244,3,732,West Malaysia,Pahang,FPX
ORD17851,2025-06-24,Electronics,Smartwatch,2443,4,9772,West Malaysia,Selangor,GrabPay
ORD17853,2025-11-28,Fashion,Sunglasses,361,3,1083,West Malaysia,Selangor,FPX
ORD17854,2025-02-24,Electronics,Wireless Earbuds,1161,1,1161,West Malaysia,Selangor,FPX
ORD17856,2025-04-12,Home,Coffee Maker,326,2,652,West Malaysia,Johor,GrabPay
ORD17859,2025-01-21,Fashion,Sneakers,348,3,1044,West Malaysia,Johor,Credit Card
ORD17861,2025-11-11,Home,Air Purifier,426,3,1278,West Malaysia,Penang,TNG eWallet
ORD17862,2025-06-24,Electronics,Laptop,1396,2,2792,West Malaysia,Melaka,FPX
ORD17863,2025-08-24,Electronics,Wireless Earbuds,2571,4,10284,West Malaysia,Kuala Lumpur,Credit Card
ORD17865,2025-02-16,Home,Coffee Maker,494,3,1482,West Malaysia,Perak,Credit Card
ORD17866,2025-08-07,Fashion,Sneakers,283,4,1132,West Malaysia,Kedah,TNG eWallet
ORD17867,2025-09-22,Home,Coffee Maker,553,3,1659,West Malaysia,Selangor,TNG eWallet
ORD17868,2025-06-25,Fashion,Sneakers,261,3,783,West Malaysia,Penang,FPX
ORD17871,2025-10-01,Home,Desk Lamp,750,2,1500,West Malaysia,Kedah,FPX
ORD17872,2025-04-09,Electronics,Laptop,3240,4,12960,West Malaysia,Penang,Credit Card
ORD17873,2025-11-01,Fashion,Backpack,69,4,276,West Malaysia,Perak,GrabPay
ORD17875,2025-10-29,Home,Desk Lamp,317,4,1268,West Malaysia,Kedah,TNG eWallet
ORD17876,2025-02-26,Electronics,Smartphone,390,4,1560,West Malaysia,Kuala Lumpur,FPX
ORD17878,2025-04-10,Home,Coffee Maker,451,2,902,West Malaysia,Perak,Credit Card
ORD17880,2025-04-24,Electronics,Laptop,2149,2,4298,West Malaysia,Melaka,TNG eWallet
ORD17885,2025-09-13,Fashion,Sneakers,389,1,389,West Malaysia,Pahang,GrabPay
ORD17888,2025-04-18,Home,Desk Lamp,693,4,2772,West Malaysia,Johor,GrabPay
ORD17890,2025-10-19,Home,Desk Lamp,676,1,676,West Malaysia,Perak,Credit Card
ORD17892,2025-12-22,Fashion,Sunglasses,55,3,165,West Malaysia,Perak,TNG eWallet
ORD17893,2025-12-19,Home,Coffee Maker,383,1,383,West Malaysia,Perak,GrabPay
ORD17895,2025-03-14,Electronics,Smartwatch,835,2,1670,West Malaysia,Pahang,GrabPay
ORD17896,2025-03-29,Fashion,Sneakers,194,3,582,West Malaysia,Perak,FPX
ORD17902,2025-11-30,Electronics,Laptop,654,2,1308,West Malaysia,Johor,Credit Card
ORD17903,2025-06-21,Fashion,Sneakers,143,4,572,West Malaysia,Kuala Lumpur,FPX
ORD17907,2025-10-22,Electronics,Smartphone,2991,2,5982,West Malaysia,Selangor,GrabPay
ORD17908,2025-10-04,Electronics,Wireless Earbuds,534,1,534,West Malaysia,Selangor,TNG eWallet
ORD17911,2025-04-08,Electronics,Smartwatch,1395,2,2790,West Malaysia,Perak,Credit Card
ORD17912,2025-09-10,Electronics,Laptop,2740,1,2740,West Malaysia,Selangor,TNG eWallet
ORD17914,2025-06-16,Fashion,T-Shirt,320,4,1280,West Malaysia,Pahang,Credit Card
ORD17916,2025-10-01,Fashion,Sneakers,262,3,786,West Malaysia,Kuala Lumpur,TNG eWallet
ORD17917,2025-07-06,Electronics,Wireless Earbuds,2414,2,4828,West Malaysia,Johor,GrabPay
ORD17918,2025-02-20,Fashion,Sneakers,68,4,272,West Malaysia,Johor,TNG eWallet
ORD17921,2025-08-15,Home,Office Chair,450,2,900,West Malaysia,Kedah,Credit Card
ORD17923,2025-01-29,Home,Coffee Maker,332,3,996,West Malaysia,Penang,GrabPay
ORD17926,2026-01-01,Home,Office Chair,104,1,104,West Malaysia,Melaka,TNG eWallet
ORD17928,2026-01-01,Fashion,Sneakers,188,1,188,West Malaysia,Johor,GrabPay
ORD17933,2025-05-06,Electronics,Smartphone,2749,2,5498,West Malaysia,Melaka,FPX
ORD17934,2025-03-22,Home,Coffee Maker,496,3,1488,West Malaysia,Kedah,GrabPay
ORD17938,2025-01-30,Home,Office Chair,252,4,1008,West Malaysia,Pahang,GrabPay
ORD17941,2025-10-30,Home,Air Purifier,655,2,1310,West Malaysia,Penang,Credit Card
ORD17943,2025-11-05,Electronics,Smartphone,2639,1,2639,West Malaysia,Selangor,FPX
ORD17945,2025-05-20,Home,Air Purifier,308,3,924,West Malaysia,Kuala Lumpur,TNG eWallet
ORD17946,2025-05-08,Fashion,Sneakers,133,1,133,West Malaysia,Penang,Credit Card
ORD17947,2025-06-21,Fashion,T-Shirt,77,4,308,West Malaysia,Perak,TNG eWallet
ORD17948,2025-02-07,Home,Coffee Maker,542,1,542,West Malaysia,Johor,Credit Card
ORD17949,2025-08-16,Electronics,Laptop,3099,3,9297,West Malaysia,Pahang,FPX
ORD17954,2025-06-29,Home,Air Purifier,503,4,2012,West Malaysia,Kedah,TNG eWallet
ORD17955,2025-10-07,Home,Coffee Maker,755,4,3020,West Malaysia,Pahang,Credit Card
ORD17957,2025-12-12,Fashion,Sneakers,91,1,91,West Malaysia,Penang,FPX
ORD17958,2025-12-08,Electronics,Smartwatch,2167,3,6501,West Malaysia,Kedah,TNG eWallet
ORD17961,2025-04-04,Electronics,Wireless Earbuds,457,3,1371,West Malaysia,Johor,GrabPay
ORD17965,2025-11-04,Electronics,Wireless Earbuds,1118,2,2236,West Malaysia,Selangor,FPX
ORD17966,2025-12-26,Fashion,Sunglasses,278,2,556,West Malaysia,Johor,GrabPay
ORD17967,2025-01-14,Home,Office Chair,192,1,192,West Malaysia,Johor,Credit Card
ORD17968,2025-11-20,Home,Office Chair,119,4,476,West Malaysia,Kedah,Credit Card
ORD17969,2025-09-02,Fashion,T-Shirt,139,3,417,West Malaysia,Melaka,Credit Card
ORD17971,2025-08-10,Home,Air Purifier,308,3,924,West Malaysia,Johor,GrabPay
ORD17973,2025-01-23,Fashion,Sunglasses,224,4,896,West Malaysia,Melaka,FPX
ORD17979,2025-06-30,Home,Coffee Maker,354,3,1062,West Malaysia,Kedah,Credit Card
ORD17981,2025-05-25,Electronics,Smartwatch,4218,1,4218,West Malaysia,Perak,GrabPay
ORD17982,2025-09-15,Fashion,T-Shirt,318,4,1272,West Malaysia,Penang,FPX
ORD17984,2025-07-12,Electronics,Smartphone,4431,4,17724,West Malaysia,Johor,GrabPay
ORD17985,2025-07-04,Home,Desk Lamp,239,2,478,West Malaysia,Kedah,Credit Card
ORD17987,2025-06-11,Electronics,Wireless Earbuds,1637,2,3274,West Malaysia,Pahang,FPX
ORD17988,2025-07-26,Home,Desk Lamp,599,2,1198,West Malaysia,Selangor,Credit Card
ORD17989,2025-05-21,Electronics,Smartphone,4332,4,17328,West Malaysia,Selangor,FPX
ORD17990,2025-08-15,Home,Office Chair,294,1,294,West Malaysia,Selangor,Credit Card
ORD17991,2025-05-21,Electronics,Wireless Earbuds,4215,1,4215,West Malaysia,Penang,Credit Card
ORD17992,2025-12-21,Electronics,Laptop,3213,2,6426,West Malaysia,Melaka,TNG eWallet
ORD17993,2025-08-28,Fashion,Backpack,316,1,316,West Malaysia,Melaka,TNG eWallet
ORD17994,2025-03-26,Electronics,Laptop,2319,3,6957,West Malaysia,Pahang,TNG eWallet
ORD17995,2025-02-04,Home,Office Chair,518,3,1554,West Malaysia,Kuala Lumpur,GrabPay
ORD17997,2025-06-26,Fashion,Sunglasses,269,4,1076,West Malaysia,Melaka,Credit Card
ORD18000,2025-03-03,Electronics,Smartphone,938,4,3752,West Malaysia,Penang,FPX
ORD18001,2025-02-01,Home,Desk Lamp,560,1,560,West Malaysia,Kuala Lumpur,TNG eWallet
ORD18005,2025-10-07,Fashion,Sunglasses,340,3,1020,West Malaysia,Kuala Lumpur,Credit Card
ORD18008,2025-09-22,Fashion,T-Shirt,315,4,1260,West Malaysia,Selangor,GrabPay
ORD18009,2025-08-03,Fashion,Backpack,324,2,648,West Malaysia,Johor,FPX
ORD18011,2025-03-12,Home,Air Purifier,367,1,367,West Malaysia,Kedah,Credit Card
ORD18012,2025-02-28,Fashion,Backpack,100,4,400,West Malaysia,Kuala Lumpur,FPX
ORD18014,2025-01-20,Home,Desk Lamp,370,3,1110,West Malaysia,Johor,FPX
ORD18015,2025-01-08,Home,Coffee Maker,669,3,2007,West Malaysia,Penang,GrabPay
ORD18017,2025-08-01,Home,Desk Lamp,774,3,2322,West Malaysia,Selangor,Credit Card
ORD18018,2025-08-31,Electronics,Laptop,4462,4,17848,West Malaysia,Melaka,TNG eWallet
ORD18020,2025-08-16,Home,Desk Lamp,552,1,552,West Malaysia,Perak,Credit Card
ORD18021,2025-07-02,Home,Desk Lamp,285,2,570,West Malaysia,Penang,TNG eWallet
ORD18022,2025-04-08,Home,Desk Lamp,282,3,846,West Malaysia,Penang,Credit Card
ORD18023,2025-01-20,Fashion,Sneakers,111,3,333,West Malaysia,Selangor,FPX
ORD18024,2025-10-22,Fashion,T-Shirt,270,4,1080,West Malaysia,Selangor,GrabPay
ORD18025,2025-05-07,Electronics,Smartwatch,3372,1,3372,West Malaysia,Pahang,GrabPay
ORD18026,2025-07-17,Home,Coffee Maker,633,3,1899,West Malaysia,Penang,Credit Card
ORD18027,2025-12-05,Home,Coffee Maker,631,4,2524,West Malaysia,Selangor,GrabPay
ORD18029,2025-03-25,Electronics,Laptop,3387,2,6774,West Malaysia,Johor,Credit Card
ORD18031,2025-03-10,Electronics,Smartphone,4489,1,4489,West Malaysia,Kedah,Credit Card
ORD18036,2025-01-27,Electronics,Wireless Earbuds,3618,2,7236,West Malaysia,Pahang,Credit Card
ORD18037,2025-09-26,Home,Office Chair,506,3,1518,West Malaysia,Kedah,FPX
ORD18039,2025-09-28,Home,Office Chair,576,4,2304,West Malaysia,Perak,GrabPay
ORD18040,2025-04-08,Electronics,Laptop,2336,1,2336,West Malaysia,Pahang,GrabPay
ORD18041,2025-11-10,Fashion,Sneakers,124,2,248,West Malaysia,Pahang,Credit Card
ORD18042,2025-07-12,Fashion,Sneakers,184,4,736,West Malaysia,Kedah,GrabPay
ORD18044,2025-12-15,Electronics,Smartwatch,1157,1,1157,West Malaysia,Pahang,TNG eWallet
ORD18047,2025-09-04,Electronics,Wireless Earbuds,4438,3,13314,West Malaysia,Perak,GrabPay
ORD18049,2025-02-27,Electronics,Smartphone,3415,4,13660,West Malaysia,Kedah,Credit Card
ORD18050,2025-01-07,Electronics,Smartwatch,1321,4,5284,West Malaysia,Melaka,FPX
ORD18051,2025-07-09,Fashion,Sunglasses,298,2,596,West Malaysia,Pahang,TNG eWallet
ORD18052,2025-11-15,Fashion,Sneakers,382,2,764,West Malaysia,Kedah,Credit Card
ORD18053,2025-01-20,Fashion,T-Shirt,399,1,399,West Malaysia,Johor,FPX
ORD18056,2025-09-06,Electronics,Smartphone,2606,4,10424,West Malaysia,Johor,Credit Card
ORD18057,2025-09-13,Home,Coffee Maker,478,1,478,West Malaysia,Kuala Lumpur,Credit Card
ORD18060,2025-03-16,Home,Office Chair,375,3,1125,West Malaysia,Pahang,TNG eWallet
ORD18062,2025-03-22,Fashion,Sneakers,318,3,954,West Malaysia,Johor,GrabPay
ORD18063,2025-11-17,Home,Desk Lamp,122,2,244,West Malaysia,Melaka,GrabPay
ORD18064,2025-03-13,Fashion,Sneakers,100,3,300,West Malaysia,Perak,GrabPay
ORD18066,2025-12-18,Fashion,Sneakers,326,1,326,West Malaysia,Pahang,TNG eWallet
ORD18067,2025-05-11,Electronics,Smartwatch,3164,4,12656,West Malaysia,Perak,TNG eWallet
ORD18069,2025-10-27,Fashion,Sneakers,293,2,586,West Malaysia,Perak,GrabPay
ORD18070,2025-05-07,Home,Air Purifier,226,4,904,West Malaysia,Penang,Credit Card
ORD18071,2025-07-26,Electronics,Laptop,1216,3,3648,West Malaysia,Kedah,FPX
ORD18073,2025-06-08,Electronics,Laptop,2331,2,4662,West Malaysia,Kuala Lumpur,FPX
ORD18074,2025-07-14,Home,Office Chair,441,3,1323,West Malaysia,Penang,FPX
ORD18076,2025-04-16,Electronics,Smartwatch,3957,4,15828,West Malaysia,Perak,FPX
ORD18077,2025-05-20,Electronics,Smartwatch,1386,1,1386,West Malaysia,Kedah,FPX
ORD18079,2025-01-28,Fashion,T-Shirt,321,1,321,West Malaysia,Pahang,TNG eWallet
ORD18080,2025-12-25,Home,Desk Lamp,568,4,2272,West Malaysia,Pahang,Credit Card
ORD18083,2025-08-27,Fashion,T-Shirt,107,2,214,West Malaysia,Kuala Lumpur,GrabPay
ORD18084,2025-11-30,Fashion,Sneakers,141,3,423,West Malaysia,Penang,Credit Card
ORD18086,2025-06-22,Fashion,Sunglasses,229,2,458,West Malaysia,Perak,TNG eWallet
ORD18089,2025-07-10,Home,Desk Lamp,751,2,1502,West Malaysia,Kedah,TNG eWallet
ORD18093,2025-03-29,Home,Coffee Maker,134,1,134,West Malaysia,Selangor,Credit Card
ORD18094,2025-07-18,Fashion,Sunglasses,91,4,364,West Malaysia,Pahang,Credit Card
ORD18096,2025-12-12,Home,Office Chair,671,2,1342,West Malaysia,Perak,Credit Card
ORD18097,2025-12-28,Fashion,T-Shirt,162,3,486,West Malaysia,Perak,GrabPay
ORD18101,2025-08-26,Home,Office Chair,127,2,254,West Malaysia,Perak,FPX
ORD18104,2025-09-27,Fashion,Sneakers,254,4,1016,West Malaysia,Melaka,GrabPay
ORD18105,2025-03-25,Home,Office Chair,589,2,1178,West Malaysia,Johor,TNG eWallet
ORD18106,2025-02-06,Fashion,Sneakers,364,3,1092,West Malaysia,Melaka,TNG eWallet
ORD18108,2025-03-29,Fashion,Backpack,182,3,546,West Malaysia,Melaka,TNG eWallet
ORD18109,2025-11-09,Fashion,Backpack,327,2,654,West Malaysia,Johor,TNG eWallet
ORD18110,2025-01-17,Electronics,Smartphone,3338,4,13352,West Malaysia,Johor,TNG eWallet
ORD18112,2025-09-28,Fashion,Sneakers,134,4,536,West Malaysia,Johor,FPX
ORD18114,2025-02-23,Fashion,Backpack,196,1,196,West Malaysia,Johor,Credit Card
ORD18115,2025-02-26,Home,Coffee Maker,332,4,1328,West Malaysia,Kuala Lumpur,Credit Card
ORD18116,2025-01-22,Home,Office Chair,246,1,246,West Malaysia,Melaka,Credit Card
ORD18117,2025-02-24,Electronics,Smartphone,2802,4,11208,West Malaysia,Selangor,FPX
ORD18118,2025-01-29,Fashion,Sneakers,163,3,489,West Malaysia,Kuala Lumpur,FPX
ORD18119,2025-09-03,Fashion,Sneakers,218,4,872,West Malaysia,Selangor,TNG eWallet
ORD18121,2025-07-16,Home,Office Chair,512,1,512,West Malaysia,Melaka,Credit Card
ORD18125,2025-04-29,Home,Desk Lamp,406,4,1624,West Malaysia,Pahang,TNG eWallet
ORD18126,2025-10-27,Fashion,Backpack,170,3,510,West Malaysia,Selangor,TNG eWallet
ORD18128,2025-08-21,Home,Office Chair,267,1,267,West Malaysia,Penang,TNG eWallet
ORD18129,2025-09-16,Fashion,Backpack,146,1,146,West Malaysia,Kedah,GrabPay
ORD18130,2025-09-09,Fashion,Sneakers,158,1,158,West Malaysia,Penang,Credit Card
ORD18132,2025-01-29,Home,Desk Lamp,548,2,1096,West Malaysia,Selangor,Credit Card
ORD18134,2025-12-18,Electronics,Wireless Earbuds,3214,1,3214,West Malaysia,Selangor,GrabPay
ORD18137,2025-01-30,Fashion,Sneakers,364,4,1456,West Malaysia,Kuala Lumpur,FPX
ORD18140,2025-07-31,Electronics,Smartphone,2731,1,2731,West Malaysia,Perak,GrabPay
ORD18142,2025-02-08,Home,Office Chair,390,2,780,West Malaysia,Selangor,TNG eWallet
ORD18147,2025-09-05,Electronics,Laptop,1817,1,1817,West Malaysia,Kedah,Credit Card
ORD18148,2025-08-24,Electronics,Smartwatch,667,3,2001,West Malaysia,Johor,TNG eWallet
ORD18149,2025-04-22,Electronics,Laptop,1493,1,1493,West Malaysia,Penang,Credit Card
ORD18151,2025-05-23,Fashion,Backpack,259,2,518,West Malaysia,Pahang,FPX
ORD18152,2025-07-02,Fashion,Backpack,116,1,116,West Malaysia,Selangor,FPX
ORD18154,2025-01-26,Electronics,Laptop,3549,4,14196,West Malaysia,Kuala Lumpur,FPX
ORD18157,2025-09-15,Fashion,Sunglasses,373,4,1492,West Malaysia,Selangor,TNG eWallet
ORD18158,2025-02-07,Electronics,Wireless Earbuds,1380,4,5520,West Malaysia,Pahang,FPX
ORD18159,2025-02-09,Electronics,Smartphone,1982,3,5946,West Malaysia,Kuala Lumpur,FPX
ORD18162,2025-05-26,Home,Office Chair,291,4,1164,West Malaysia,Perak,GrabPay
ORD18164,2025-02-07,Electronics,Smartphone,4131,3,12393,West Malaysia,Johor,Credit Card
ORD18165,2025-04-25,Electronics,Laptop,966,4,3864,West Malaysia,Johor,GrabPay
ORD18168,2025-11-11,Home,Office Chair,110,3,330,West Malaysia,Melaka,GrabPay
ORD18170,2025-10-05,Home,Coffee Maker,676,2,1352,West Malaysia,Selangor,GrabPay
ORD18173,2025-11-20,Electronics,Wireless Earbuds,2687,2,5374,West Malaysia,Selangor,FPX
ORD18174,2025-10-31,Fashion,Backpack,258,1,258,West Malaysia,Pahang,GrabPay
ORD18175,2025-12-23,Home,Coffee Maker,366,1,366,West Malaysia,Kuala Lumpur,Credit Card
ORD18179,2025-11-02,Electronics,Smartwatch,3928,1,3928,West Malaysia,Johor,GrabPay
ORD18181,2025-08-13,Home,Office Chair,269,3,807,West Malaysia,Johor,Credit Card
ORD18183,2025-08-27,Fashion,Sneakers,156,1,156,West Malaysia,Penang,FPX
ORD18186,2025-10-31,Home,Office Chair,172,2,344,West Malaysia,Kedah,GrabPay
ORD18188,2025-03-31,Electronics,Laptop,401,4,1604,West Malaysia,Penang,GrabPay
ORD18189,2025-10-21,Fashion,Backpack,183,1,183,West Malaysia,Kedah,Credit Card
ORD18190,2025-05-13,Fashion,Backpack,349,4,1396,West Malaysia,Selangor,FPX
ORD18192,2025-09-27,Fashion,Backpack,244,1,244,West Malaysia,Kedah,FPX
ORD18193,2025-04-03,Home,Desk Lamp,183,3,549,West Malaysia,Perak,Credit Card
ORD18196,2025-10-07,Fashion,Backpack,297,3,891,West Malaysia,Penang,TNG eWallet
ORD18199,2025-05-08,Electronics,Wireless Earbuds,4259,1,4259,West Malaysia,Johor,Credit Card
ORD18201,2025-02-08,Home,Coffee Maker,600,2,1200,West Malaysia,Johor,Credit Card
ORD18204,2025-11-07,Electronics,Wireless Earbuds,3489,3,10467,West Malaysia,Johor,Credit Card
ORD18205,2025-10-06,Fashion,T-Shirt,238,4,952,West Malaysia,Kedah,FPX
ORD18206,2025-05-28,Home,Coffee Maker,362,2,724,West Malaysia,Selangor,Credit Card
ORD18207,2025-04-01,Home,Desk Lamp,561,2,1122,West Malaysia,Penang,GrabPay
ORD18208,2025-04-25,Fashion,Sunglasses,223,3,669,West Malaysia,Pahang,FPX
ORD18211,2025-10-23,Electronics,Smartphone,3754,2,7508,West Malaysia,Kedah,Credit Card
ORD18213,2025-09-13,Fashion,Sunglasses,128,1,128,West Malaysia,Kuala Lumpur,GrabPay
ORD18216,2025-05-22,Home,Desk Lamp,520,2,1040,West Malaysia,Kedah,TNG eWallet
ORD18218,2025-10-31,Electronics,Laptop,1067,3,3201,West Malaysia,Kedah,FPX
ORD18219,2025-05-24,Fashion,Sunglasses,222,2,444,West Malaysia,Selangor,FPX
ORD18220,2025-03-21,Electronics,Laptop,4245,4,16980,West Malaysia,Pahang,TNG eWallet
ORD18221,2025-11-18,Electronics,Laptop,3671,4,14684,West Malaysia,Kuala Lumpur,FPX
ORD18222,2025-01-02,Fashion,Sneakers,62,4,248,West Malaysia,Selangor,Credit Card
ORD18224,2025-09-01,Home,Desk Lamp,610,4,2440,West Malaysia,Perak,GrabPay
ORD18225,2025-07-28,Fashion,Backpack,221,4,884,West Malaysia,Perak,Credit Card
ORD18228,2025-02-10,Electronics,Smartphone,4115,3,12345,West Malaysia,Kedah,Credit Card
ORD18229,2025-02-16,Electronics,Smartphone,3270,2,6540,West Malaysia,Kuala Lumpur,Credit Card
ORD18232,2025-10-25,Electronics,Wireless Earbuds,2067,2,4134,West Malaysia,Selangor,Credit Card
ORD18234,2025-07-31,Fashion,Backpack,128,1,128,West Malaysia,Perak,TNG eWallet
ORD18235,2025-04-26,Fashion,Backpack,196,2,392,West Malaysia,Johor,GrabPay
ORD18241,2025-09-30,Electronics,Smartwatch,2610,3,7830,West Malaysia,Penang,FPX
ORD18245,2025-05-23,Home,Office Chair,631,1,631,West Malaysia,Kedah,FPX
ORD18247,2025-08-20,Home,Coffee Maker,567,4,2268,West Malaysia,Selangor,GrabPay
ORD18248,2025-12-04,Electronics,Laptop,3699,2,7398,West Malaysia,Pahang,Credit Card
ORD18249,2025-06-28,Electronics,Wireless Earbuds,3743,1,3743,West Malaysia,Penang,FPX
ORD18252,2025-09-21,Home,Office Chair,273,4,1092,West Malaysia,Penang,GrabPay
ORD18253,2025-09-15,Home,Desk Lamp,290,3,870,West Malaysia,Kedah,Credit Card
ORD18255,2025-02-15,Fashion,Backpack,166,2,332,West Malaysia,Selangor,TNG eWallet
ORD18263,2025-04-04,Electronics,Wireless Earbuds,708,2,1416,West Malaysia,Melaka,Credit Card
ORD18264,2025-11-22,Fashion,Backpack,400,2,800,West Malaysia,Penang,TNG eWallet
ORD18265,2025-12-11,Electronics,Smartphone,1919,1,1919,West Malaysia,Melaka,GrabPay
ORD18266,2025-08-03,Home,Coffee Maker,678,4,2712,West Malaysia,Selangor,TNG eWallet
ORD18268,2025-04-29,Home,Desk Lamp,533,2,1066,West Malaysia,Perak,TNG eWallet
ORD18270,2025-12-09,Fashion,T-Shirt,113,4,452,West Malaysia,Selangor,Credit Card
ORD18271,2025-06-08,Home,Desk Lamp,491,3,1473,West Malaysia,Pahang,TNG eWallet
ORD18272,2025-10-20,Fashion,T-Shirt,280,4,1120,West Malaysia,Perak,GrabPay
ORD18273,2025-09-05,Fashion,T-Shirt,217,1,217,West Malaysia,Kuala Lumpur,TNG eWallet
ORD18276,2025-11-20,Fashion,Sneakers,365,3,1095,West Malaysia,Pahang,TNG eWallet
ORD18278,2025-04-13,Electronics,Smartwatch,2081,3,6243,West Malaysia,Kedah,TNG eWallet
ORD18279,2025-12-04,Home,Air Purifier,492,3,1476,West Malaysia,Kuala Lumpur,FPX
ORD18280,2025-02-10,Electronics,Smartphone,4453,3,13359,West Malaysia,Kuala Lumpur,GrabPay
ORD18281,2025-04-02,Home,Air Purifier,394,4,1576,West Malaysia,Selangor,FPX
ORD18283,2025-06-25,Fashion,Sneakers,150,1,150,West Malaysia,Johor,FPX
ORD18284,2025-12-05,Home,Office Chair,276,4,1104,West Malaysia,Perak,Credit Card
ORD18287,2025-01-11,Fashion,T-Shirt,117,3,351,West Malaysia,Kuala Lumpur,FPX
ORD18288,2025-02-15,Fashion,T-Shirt,103,2,206,West Malaysia,Melaka,GrabPay
ORD18291,2025-04-05,Electronics,Smartphone,3843,3,11529,West Malaysia,Melaka,GrabPay
ORD18292,2025-10-17,Electronics,Smartwatch,896,3,2688,West Malaysia,Penang,GrabPay
ORD18293,2025-05-08,Home,Desk Lamp,373,4,1492,West Malaysia,Penang,Credit Card
ORD18294,2025-04-14,Home,Air Purifier,353,4,1412,West Malaysia,Pahang,Credit Card
ORD18295,2025-04-24,Electronics,Smartphone,1218,1,1218,West Malaysia,Kuala Lumpur,FPX
ORD18297,2025-05-06,Electronics,Smartwatch,1943,2,3886,West Malaysia,Kedah,TNG eWallet
ORD18298,2025-06-21,Electronics,Laptop,4191,1,4191,West Malaysia,Kedah,GrabPay
ORD18299,2025-03-10,Fashion,Sneakers,264,1,264,West Malaysia,Selangor,TNG eWallet
ORD18300,2025-02-10,Electronics,Laptop,4257,3,12771,West Malaysia,Selangor,FPX
ORD18301,2025-01-15,Fashion,Sunglasses,342,3,1026,West Malaysia,Perak,Credit Card
ORD18304,2025-05-05,Fashion,Backpack,138,4,552,West Malaysia,Melaka,Credit Card
ORD18305,2025-02-04,Electronics,Wireless Earbuds,2969,4,11876,West Malaysia,Kuala Lumpur,Credit Card
ORD18306,2025-11-30,Fashion,T-Shirt,381,1,381,West Malaysia,Johor,TNG eWallet
ORD18309,2025-06-20,Electronics,Smartwatch,2286,1,2286,West Malaysia,Penang,GrabPay
ORD18315,2025-06-20,Home,Office Chair,238,3,714,West Malaysia,Pahang,TNG eWallet
ORD18318,2025-07-25,Home,Air Purifier,459,3,1377,West Malaysia,Johor,Credit Card
ORD18319,2025-11-04,Home,Office Chair,421,2,842,West Malaysia,Perak,FPX
ORD18320,2025-09-22,Fashion,T-Shirt,64,1,64,West Malaysia,Pahang,TNG eWallet
ORD18325,2025-02-04,Electronics,Laptop,1524,3,4572,West Malaysia,Kuala Lumpur,FPX
ORD18326,2025-04-19,Fashion,Backpack,266,2,532,West Malaysia,Penang,FPX
ORD18330,2025-07-06,Fashion,Sunglasses,375,2,750,West Malaysia,Melaka,Credit Card
ORD18332,2025-04-06,Electronics,Wireless Earbuds,1646,2,3292,West Malaysia,Johor,TNG eWallet
ORD18333,2025-04-26,Fashion,Sunglasses,82,4,328,West Malaysia,Johor,TNG eWallet
ORD18334,2025-03-16,Home,Desk Lamp,631,4,2524,West Malaysia,Melaka,TNG eWallet
ORD18337,2025-06-25,Fashion,T-Shirt,61,3,183,West Malaysia,Penang,GrabPay
ORD18338,2025-02-27,Electronics,Wireless Earbuds,3507,4,14028,West Malaysia,Kedah,GrabPay
ORD18340,2025-03-19,Home,Office Chair,386,1,386,West Malaysia,Perak,FPX
ORD18342,2025-08-12,Fashion,T-Shirt,322,1,322,West Malaysia,Selangor,Credit Card
ORD18343,2025-01-14,Electronics,Smartphone,3004,3,9012,West Malaysia,Kuala Lumpur,GrabPay
ORD18345,2025-03-04,Home,Air Purifier,123,3,369,West Malaysia,Selangor,Credit Card
ORD18348,2025-04-06,Electronics,Laptop,1173,3,3519,West Malaysia,Selangor,FPX
ORD18349,2025-11-20,Home,Desk Lamp,106,3,318,West Malaysia,Pahang,GrabPay
ORD18350,2025-03-18,Fashion,Backpack,271,1,271,West Malaysia,Selangor,Credit Card
ORD18353,2025-05-04,Electronics,Smartphone,2768,2,5536,West Malaysia,Pahang,GrabPay
ORD18354,2025-07-29,Home,Air Purifier,753,1,753,West Malaysia,Selangor,Credit Card
ORD18355,2025-08-25,Fashion,Sunglasses,285,1,285,West Malaysia,Kedah,GrabPay
ORD18356,2025-11-20,Home,Air Purifier,313,2,626,West Malaysia,Penang,Credit Card
ORD18357,2025-02-16,Fashion,Backpack,156,1,156,West Malaysia,Pahang,GrabPay
ORD18358,2025-09-24,Home,Coffee Maker,550,2,1100,West Malaysia,Kuala Lumpur,Credit Card
ORD18359,2025-06-04,Fashion,Sunglasses,243,1,243,West Malaysia,Melaka,Credit Card
ORD18360,2025-07-12,Fashion,Backpack,84,2,168,West Malaysia,Johor,FPX
ORD18361,2025-11-16,Electronics,Smartphone,375,2,750,West Malaysia,Selangor,GrabPay
ORD18362,2025-07-20,Home,Desk Lamp,205,3,615,West Malaysia,Pahang,FPX
ORD18363,2025-09-24,Electronics,Wireless Earbuds,2471,2,4942,West Malaysia,Perak,GrabPay
ORD18369,2025-11-16,Home,Office Chair,442,1,442,West Malaysia,Perak,Credit Card
ORD18371,2025-02-10,Home,Coffee Maker,788,3,2364,West Malaysia,Kuala Lumpur,TNG eWallet
ORD18373,2025-07-17,Electronics,Wireless Earbuds,963,4,3852,West Malaysia,Kuala Lumpur,TNG eWallet
ORD18374,2025-04-09,Electronics,Smartphone,433,3,1299,West Malaysia,Pahang,GrabPay
ORD18375,2025-02-05,Home,Coffee Maker,737,2,1474,West Malaysia,Penang,TNG eWallet
ORD18377,2025-10-10,Electronics,Wireless Earbuds,574,4,2296,West Malaysia,Penang,TNG eWallet
ORD18378,2025-01-23,Home,Air Purifier,705,4,2820,West Malaysia,Johor,FPX
ORD18381,2025-03-29,Home,Office Chair,240,3,720,West Malaysia,Melaka,TNG eWallet
ORD18383,2025-04-15,Fashion,Sneakers,147,1,147,West Malaysia,Selangor,TNG eWallet
ORD18384,2025-09-22,Home,Office Chair,538,1,538,West Malaysia,Perak,Credit Card
ORD18385,2025-11-15,Fashion,Backpack,115,2,230,West Malaysia,Selangor,FPX
ORD18387,2025-04-13,Home,Air Purifier,482,3,1446,West Malaysia,Johor,GrabPay
ORD18389,2025-04-03,Home,Coffee Maker,319,1,319,West Malaysia,Pahang,FPX
ORD18391,2025-04-10,Home,Office Chair,309,4,1236,West Malaysia,Melaka,GrabPay
ORD18392,2025-04-09,Fashion,Sneakers,121,3,363,West Malaysia,Johor,TNG eWallet
ORD18393,2025-12-01,Fashion,Sunglasses,248,3,744,West Malaysia,Kedah,TNG eWallet
ORD18402,2025-05-25,Fashion,Sunglasses,305,2,610,West Malaysia,Kedah,Credit Card
ORD18403,2025-06-01,Home,Desk Lamp,539,4,2156,West Malaysia,Pahang,FPX
ORD18406,2025-11-06,Electronics,Laptop,3451,3,10353,West Malaysia,Penang,GrabPay
ORD18408,2025-02-26,Home,Coffee Maker,396,4,1584,West Malaysia,Johor,TNG eWallet
ORD18411,2025-07-17,Home,Desk Lamp,614,1,614,West Malaysia,Pahang,GrabPay
ORD18412,2025-12-08,Fashion,Backpack,376,3,1128,West Malaysia,Johor,TNG eWallet
ORD18413,2025-05-16,Electronics,Smartphone,3883,2,7766,West Malaysia,Pahang,Credit Card
ORD18417,2025-03-12,Home,Coffee Maker,753,2,1506,West Malaysia,Kuala Lumpur,FPX
ORD18418,2025-07-30,Fashion,Sunglasses,395,4,1580,West Malaysia,Johor,FPX
ORD18420,2025-11-17,Home,Air Purifier,233,2,466,West Malaysia,Pahang,GrabPay
ORD18426,2025-07-31,Fashion,T-Shirt,217,2,434,West Malaysia,Pahang,GrabPay
ORD18428,2025-07-08,Home,Coffee Maker,212,4,848,West Malaysia,Selangor,TNG eWallet
ORD18429,2025-10-04,Home,Air Purifier,319,4,1276,West Malaysia,Kedah,FPX
ORD18430,2025-04-10,Electronics,Laptop,387,1,387,West Malaysia,Pahang,Credit Card
ORD18434,2025-09-16,Electronics,Smartphone,1265,1,1265,West Malaysia,Pahang,TNG eWallet
ORD18435,2025-01-09,Electronics,Smartwatch,3273,4,13092,West Malaysia,Melaka,TNG eWallet
ORD18436,2025-05-10,Fashion,Sneakers,177,1,177,West Malaysia,Pahang,Credit Card
ORD18438,2025-05-31,Electronics,Smartphone,2889,4,11556,West Malaysia,Kedah,GrabPay
ORD18439,2025-07-04,Electronics,Wireless Earbuds,1122,4,4488,West Malaysia,Kedah,Credit Card
ORD18440,2025-06-11,Fashion,Backpack,389,2,778,West Malaysia,Melaka,GrabPay
ORD18441,2025-02-25,Electronics,Wireless Earbuds,336,4,1344,West Malaysia,Kedah,FPX
ORD18446,2025-01-24,Fashion,Sunglasses,381,2,762,West Malaysia,Selangor,GrabPay
ORD18447,2025-08-12,Electronics,Smartwatch,1167,3,3501,West Malaysia,Kedah,FPX
ORD18448,2025-11-28,Electronics,Smartwatch,811,1,811,West Malaysia,Melaka,FPX
ORD18450,2025-01-17,Electronics,Smartwatch,4401,3,13203,West Malaysia,Johor,Credit Card
ORD18451,2025-11-30,Home,Office Chair,650,3,1950,West Malaysia,Penang,Credit Card
ORD18454,2025-04-16,Fashion,Backpack,103,2,206,West Malaysia,Kuala Lumpur,TNG eWallet
ORD18457,2025-08-10,Home,Air Purifier,178,4,712,West Malaysia,Pahang,TNG eWallet
ORD18459,2025-01-01,Fashion,T-Shirt,292,4,1168,West Malaysia,Kuala Lumpur,Credit Card
ORD18463,2025-09-11,Home,Office Chair,236,3,708,West Malaysia,Melaka,GrabPay
ORD18470,2025-03-28,Fashion,Sneakers,260,3,780,West Malaysia,Johor,GrabPay
ORD18472,2025-07-17,Home,Coffee Maker,640,1,640,West Malaysia,Penang,Credit Card
ORD18473,2025-07-04,Home,Air Purifier,345,4,1380,West Malaysia,Penang,Credit Card
ORD18474,2025-09-09,Fashion,Backpack,229,3,687,West Malaysia,Kedah,FPX
ORD18475,2025-05-27,Fashion,T-Shirt,244,4,976,West Malaysia,Perak,FPX
ORD18476,2025-06-22,Home,Coffee Maker,447,1,447,West Malaysia,Johor,TNG eWallet
ORD18477,2025-09-15,Fashion,Sneakers,261,4,1044,West Malaysia,Kedah,Credit Card
ORD18480,2025-02-20,Fashion,Sunglasses,189,2,378,West Malaysia,Penang,GrabPay
ORD18481,2025-06-12,Electronics,Laptop,1789,1,1789,West Malaysia,Johor,TNG eWallet
ORD18482,2025-06-22,Electronics,Smartwatch,4351,2,8702,West Malaysia,Kuala Lumpur,GrabPay
ORD18483,2025-07-02,Electronics,Smartwatch,2589,1,2589,West Malaysia,Kedah,FPX
ORD18484,2025-10-12,Fashion,Sneakers,60,3,180,West Malaysia,Melaka,TNG eWallet
ORD18487,2025-08-14,Fashion,Backpack,183,2,366,West Malaysia,Johor,FPX
ORD18488,2025-03-22,Fashion,T-Shirt,231,4,924,West Malaysia,Melaka,TNG eWallet
ORD18491,2025-04-12,Electronics,Laptop,738,4,2952,West Malaysia,Johor,Credit Card
ORD18492,2025-06-09,Fashion,Sunglasses,56,3,168,West Malaysia,Kedah,FPX
ORD18494,2025-03-24,Home,Coffee Maker,798,1,798,West Malaysia,Kuala Lumpur,GrabPay
ORD18496,2025-03-30,Fashion,Sunglasses,314,1,314,West Malaysia,Selangor,TNG eWallet
ORD18497,2025-10-17,Electronics,Smartphone,3660,3,10980,West Malaysia,Kedah,FPX
ORD18499,2025-01-14,Fashion,Sunglasses,323,4,1292,West Malaysia,Kuala Lumpur,TNG eWallet
ORD18502,2025-09-25,Fashion,Sunglasses,335,4,1340,West Malaysia,Kedah,FPX
ORD18503,2025-04-12,Electronics,Wireless Earbuds,2942,2,5884,West Malaysia,Penang,TNG eWallet
ORD18506,2025-06-24,Fashion,T-Shirt,191,3,573,West Malaysia,Melaka,GrabPay
ORD18509,2025-02-26,Electronics,Laptop,1528,2,3056,West Malaysia,Johor,FPX
ORD18510,2025-02-18,Fashion,Backpack,358,2,716,West Malaysia,Perak,Credit Card
ORD18512,2025-08-12,Home,Desk Lamp,528,1,528,West Malaysia,Perak,TNG eWallet
ORD18514,2025-07-17,Home,Coffee Maker,635,4,2540,West Malaysia,Kuala Lumpur,Credit Card
ORD18518,2025-08-27,Fashion,Backpack,281,1,281,West Malaysia,Kuala Lumpur,FPX
ORD18519,2025-02-03,Home,Air Purifier,438,1,438,West Malaysia,Melaka,Credit Card
ORD18522,2025-03-12,Home,Air Purifier,201,3,603,West Malaysia,Selangor,GrabPay
ORD18524,2025-06-07,Electronics,Wireless Earbuds,1391,2,2782,West Malaysia,Johor,FPX
ORD18526,2025-09-22,Home,Coffee Maker,519,4,2076,West Malaysia,Kuala Lumpur,FPX
ORD18533,2025-04-15,Fashion,Sneakers,389,2,778,West Malaysia,Melaka,GrabPay
ORD18534,2025-09-05,Home,Coffee Maker,779,2,1558,West Malaysia,Melaka,TNG eWallet
ORD18538,2025-12-08,Home,Coffee Maker,267,1,267,West Malaysia,Johor,TNG eWallet
ORD18540,2025-07-10,Home,Air Purifier,303,2,606,West Malaysia,Melaka,FPX
ORD18541,2025-03-16,Home,Office Chair,521,1,521,West Malaysia,Pahang,FPX
ORD18542,2025-02-08,Fashion,Sneakers,382,3,1146,West Malaysia,Selangor,Credit Card
ORD18543,2025-02-06,Fashion,Backpack,100,2,200,West Malaysia,Selangor,FPX
ORD18548,2025-09-08,Home,Air Purifier,714,3,2142,West Malaysia,Selangor,Credit Card
ORD18549,2025-05-29,Fashion,T-Shirt,77,1,77,West Malaysia,Selangor,GrabPay
ORD18550,2025-08-09,Fashion,Sunglasses,60,2,120,West Malaysia,Kuala Lumpur,GrabPay
ORD18553,2025-09-04,Home,Office Chair,494,1,494,West Malaysia,Selangor,TNG eWallet
ORD18558,2025-07-04,Electronics,Smartwatch,1123,2,2246,West Malaysia,Melaka,Credit Card
ORD18559,2025-11-07,Electronics,Laptop,984,1,984,West Malaysia,Selangor,FPX
ORD18560,2025-09-25,Electronics,Smartwatch,4093,2,8186,West Malaysia,Melaka,GrabPay
ORD18567,2025-11-23,Home,Coffee Maker,749,2,1498,West Malaysia,Penang,Credit Card
ORD18568,2025-11-16,Home,Air Purifier,114,4,456,West Malaysia,Selangor,Credit Card
ORD18569,2025-12-17,Electronics,Smartwatch,329,3,987,West Malaysia,Melaka,GrabPay
ORD18571,2025-04-25,Home,Coffee Maker,500,2,1000,West Malaysia,Penang,Credit Card
ORD18572,2025-05-17,Fashion,Sneakers,351,1,351,West Malaysia,Melaka,TNG eWallet
ORD18576,2025-04-28,Home,Air Purifier,643,3,1929,West Malaysia,Kuala Lumpur,Credit Card
ORD18577,2025-08-26,Fashion,Sunglasses,82,2,164,West Malaysia,Selangor,FPX
ORD18578,2025-04-27,Fashion,Sunglasses,392,4,1568,West Malaysia,Pahang,FPX
ORD18579,2025-02-21,Home,Coffee Maker,556,3,1668,West Malaysia,Penang,TNG eWallet
ORD18582,2025-02-17,Home,Office Chair,222,1,222,West Malaysia,Kuala Lumpur,GrabPay
ORD18583,2025-07-18,Fashion,Backpack,229,2,458,West Malaysia,Pahang,TNG eWallet
ORD18584,2025-02-12,Fashion,T-Shirt,296,1,296,West Malaysia,Pahang,GrabPay
ORD18588,2025-09-14,Electronics,Smartwatch,4079,1,4079,West Malaysia,Penang,Credit Card
ORD18589,2025-08-07,Fashion,Backpack,83,1,83,West Malaysia,Johor,GrabPay
ORD18590,2025-04-16,Home,Air Purifier,638,1,638,West Malaysia,Johor,FPX
ORD18591,2025-04-29,Home,Office Chair,748,2,1496,West Malaysia,Melaka,Credit Card
ORD18593,2025-12-08,Electronics,Wireless Earbuds,1488,4,5952,West Malaysia,Kuala Lumpur,Credit Card
ORD18600,2025-12-18,Fashion,Backpack,237,3,711,West Malaysia,Johor,GrabPay
ORD18601,2025-10-08,Fashion,Sneakers,352,4,1408,West Malaysia,Perak,Credit Card
ORD18602,2025-05-09,Home,Coffee Maker,525,1,525,West Malaysia,Kedah,TNG eWallet
ORD18603,2025-04-27,Home,Air Purifier,520,2,1040,West Malaysia,Selangor,FPX
ORD18604,2025-05-20,Fashion,T-Shirt,263,2,526,West Malaysia,Johor,TNG eWallet
ORD18607,2025-03-28,Home,Coffee Maker,562,2,1124,West Malaysia,Kuala Lumpur,GrabPay
ORD18609,2025-02-10,Electronics,Laptop,2892,1,2892,West Malaysia,Kedah,TNG eWallet
ORD18610,2025-01-30,Home,Desk Lamp,579,4,2316,West Malaysia,Kuala Lumpur,FPX
ORD18611,2025-02-06,Home,Air Purifier,593,2,1186,West Malaysia,Melaka,FPX
ORD18612,2025-12-01,Home,Air Purifier,750,1,750,West Malaysia,Johor,TNG eWallet
ORD18615,2025-04-06,Electronics,Smartphone,4184,1,4184,West Malaysia,Melaka,FPX
ORD18616,2025-11-18,Fashion,Sunglasses,159,4,636,West Malaysia,Penang,Credit Card
ORD18621,2025-02-17,Electronics,Smartphone,2042,4,8168,West Malaysia,Johor,GrabPay
ORD18622,2025-02-03,Fashion,Sunglasses,376,2,752,West Malaysia,Kuala Lumpur,FPX
ORD18625,2025-08-15,Electronics,Smartwatch,3471,4,13884,West Malaysia,Penang,FPX
ORD18626,2025-03-04,Home,Office Chair,732,2,1464,West Malaysia,Selangor,FPX
ORD18627,2025-02-08,Home,Desk Lamp,602,3,1806,West Malaysia,Pahang,FPX
ORD18629,2025-08-13,Fashion,Sneakers,72,3,216,West Malaysia,Kuala Lumpur,Credit Card
ORD18634,2025-02-13,Home,Desk Lamp,620,2,1240,West Malaysia,Perak,Credit Card
ORD18635,2025-05-14,Home,Office Chair,171,1,171,West Malaysia,Kuala Lumpur,FPX
ORD18636,2025-09-20,Home,Desk Lamp,351,1,351,West Malaysia,Melaka,Credit Card
ORD18637,2025-02-25,Home,Air Purifier,589,1,589,West Malaysia,Penang,GrabPay
ORD18641,2025-10-27,Electronics,Wireless Earbuds,1003,2,2006,West Malaysia,Kedah,Credit Card
ORD18645,2025-01-21,Fashion,Sneakers,362,1,362,West Malaysia,Pahang,Credit Card
ORD18646,2025-03-12,Electronics,Wireless Earbuds,1046,1,1046,West Malaysia,Pahang,FPX
ORD18647,2025-12-11,Home,Coffee Maker,655,1,655,West Malaysia,Kuala Lumpur,Credit Card
ORD18648,2025-06-01,Home,Air Purifier,325,2,650,West Malaysia,Pahang,TNG eWallet
ORD18649,2025-11-18,Electronics,Smartwatch,2875,1,2875,West Malaysia,Kuala Lumpur,FPX
ORD18650,2025-11-23,Electronics,Wireless Earbuds,3087,1,3087,West Malaysia,Melaka,Credit Card
ORD18653,2025-04-18,Home,Office Chair,480,1,480,West Malaysia,Melaka,Credit Card
ORD18658,2025-01-07,Home,Office Chair,590,4,2360,West Malaysia,Penang,TNG eWallet
ORD18660,2025-11-12,Fashion,Sunglasses,246,3,738,West Malaysia,Selangor,FPX
ORD18663,2025-10-04,Home,Desk Lamp,687,4,2748,West Malaysia,Penang,GrabPay
ORD18667,2025-01-05,Home,Coffee Maker,220,1,220,West Malaysia,Perak,GrabPay
ORD18668,2025-05-10,Home,Coffee Maker,625,2,1250,West Malaysia,Perak,TNG eWallet
ORD18670,2025-08-24,Home,Coffee Maker,603,1,603,West Malaysia,Melaka,FPX
ORD18671,2025-05-28,Home,Air Purifier,431,2,862,West Malaysia,Melaka,GrabPay
ORD18673,2025-06-13,Home,Air Purifier,553,1,553,West Malaysia,Melaka,GrabPay
ORD18674,2025-09-19,Electronics,Smartphone,415,1,415,West Malaysia,Selangor,Credit Card
ORD18675,2025-06-10,Electronics,Smartwatch,1257,3,3771,West Malaysia,Johor,TNG eWallet
ORD18676,2025-11-06,Electronics,Smartwatch,2203,3,6609,West Malaysia,Melaka,TNG eWallet
ORD18678,2025-10-11,Electronics,Wireless Earbuds,2858,4,11432,West Malaysia,Selangor,FPX
ORD18681,2025-04-30,Fashion,T-Shirt,368,3,1104,West Malaysia,Kuala Lumpur,FPX
ORD18686,2025-03-06,Electronics,Wireless Earbuds,2474,4,9896,West Malaysia,Perak,FPX
ORD18687,2025-08-17,Home,Desk Lamp,704,4,2816,West Malaysia,Kuala Lumpur,FPX
ORD18689,2025-08-02,Home,Coffee Maker,674,4,2696,West Malaysia,Melaka,Credit Card
ORD18690,2025-02-12,Fashion,Sneakers,275,2,550,West Malaysia,Penang,GrabPay
ORD18692,2025-06-11,Electronics,Smartphone,2832,4,11328,West Malaysia,Melaka,Credit Card
ORD18693,2025-04-11,Electronics,Smartwatch,3304,4,13216,West Malaysia,Selangor,FPX
ORD18694,2025-04-01,Electronics,Laptop,3302,3,9906,West Malaysia,Johor,Credit Card
ORD18695,2025-02-28,Home,Coffee Maker,418,3,1254,West Malaysia,Penang,Credit Card
ORD18697,2025-02-10,Fashion,Sunglasses,381,1,381,West Malaysia,Pahang,Credit Card
ORD18699,2025-08-30,Fashion,Sunglasses,351,4,1404,West Malaysia,Kedah,Credit Card
ORD18700,2025-12-02,Electronics,Laptop,2168,3,6504,West Malaysia,Kedah,GrabPay
ORD18701,2025-11-18,Fashion,Sunglasses,224,1,224,West Malaysia,Johor,GrabPay
ORD18703,2025-08-27,Electronics,Wireless Earbuds,3538,4,14152,West Malaysia,Pahang,FPX
ORD18705,2025-09-15,Fashion,Sunglasses,190,3,570,West Malaysia,Kedah,GrabPay
ORD18710,2025-08-27,Electronics,Smartphone,987,1,987,West Malaysia,Kedah,Credit Card
ORD18712,2025-01-30,Fashion,Sneakers,387,4,1548,West Malaysia,Kuala Lumpur,Credit Card
ORD18713,2025-03-27,Electronics,Wireless Earbuds,1295,2,2590,West Malaysia,Kedah,FPX
ORD18714,2025-03-16,Electronics,Smartwatch,3468,1,3468,West Malaysia,Johor,GrabPay
ORD18715,2025-11-10,Fashion,T-Shirt,374,2,748,West Malaysia,Penang,FPX
ORD18716,2025-04-07,Home,Coffee Maker,598,3,1794,West Malaysia,Selangor,Credit Card
ORD18720,2025-09-26,Home,Desk Lamp,599,1,599,West Malaysia,Selangor,Credit Card
ORD18721,2025-01-18,Home,Desk Lamp,450,3,1350,West Malaysia,Penang,Credit Card
ORD18722,2025-07-24,Electronics,Wireless Earbuds,3170,1,3170,West Malaysia,Perak,GrabPay
ORD18726,2025-05-26,Home,Desk Lamp,629,3,1887,West Malaysia,Pahang,FPX
ORD18728,2025-04-09,Electronics,Smartphone,3110,3,9330,West Malaysia,Perak,FPX
ORD18729,2025-08-25,Electronics,Smartwatch,2581,3,7743,West Malaysia,Melaka,TNG eWallet
ORD18731,2025-09-17,Home,Air Purifier,430,4,1720,West Malaysia,Perak,FPX
ORD18736,2025-12-10,Electronics,Smartwatch,707,4,2828,West Malaysia,Melaka,TNG eWallet
ORD18737,2025-04-01,Fashion,Sunglasses,324,1,324,West Malaysia,Pahang,FPX
ORD18739,2025-05-23,Home,Office Chair,474,2,948,West Malaysia,Melaka,GrabPay
ORD18740,2025-01-31,Home,Coffee Maker,138,2,276,West Malaysia,Penang,GrabPay
ORD18741,2025-11-26,Electronics,Laptop,3014,4,12056,West Malaysia,Pahang,GrabPay
ORD18742,2025-11-03,Fashion,Sneakers,91,2,182,West Malaysia,Kuala Lumpur,Credit Card
ORD18744,2025-08-14,Electronics,Wireless Earbuds,2254,3,6762,West Malaysia,Johor,Credit Card
ORD18745,2025-06-19,Electronics,Laptop,2892,4,11568,West Malaysia,Perak,Credit Card
ORD18747,2025-02-18,Fashion,T-Shirt,94,1,94,West Malaysia,Johor,GrabPay
ORD18749,2025-10-04,Home,Air Purifier,791,2,1582,West Malaysia,Kuala Lumpur,GrabPay
ORD18758,2025-05-31,Electronics,Smartwatch,954,1,954,West Malaysia,Melaka,TNG eWallet
ORD18760,2025-11-01,Home,Coffee Maker,286,4,1144,West Malaysia,Kuala Lumpur,GrabPay
ORD18762,2025-12-09,Fashion,Backpack,209,3,627,West Malaysia,Perak,TNG eWallet
ORD18764,2025-04-25,Home,Coffee Maker,692,3,2076,West Malaysia,Penang,GrabPay
ORD18765,2025-02-10,Fashion,Sunglasses,280,4,1120,West Malaysia,Pahang,TNG eWallet
ORD18766,2025-09-03,Electronics,Wireless Earbuds,453,1,453,West Malaysia,Perak,GrabPay
ORD18769,2025-10-03,Fashion,Sneakers,71,2,142,West Malaysia,Melaka,FPX
ORD18770,2025-10-26,Electronics,Smartphone,1931,1,1931,West Malaysia,Penang,FPX
ORD18772,2025-02-27,Fashion,T-Shirt,366,4,1464,West Malaysia,Pahang,TNG eWallet
ORD18774,2025-08-29,Home,Desk Lamp,778,2,1556,West Malaysia,Penang,FPX
ORD18775,2025-01-17,Fashion,Sunglasses,215,3,645,West Malaysia,Selangor,FPX
ORD18776,2025-05-21,Fashion,Backpack,266,2,532,West Malaysia,Kedah,Credit Card
ORD18777,2025-04-29,Electronics,Wireless Earbuds,2355,4,9420,West Malaysia,Perak,GrabPay
ORD18778,2025-08-15,Electronics,Wireless Earbuds,2320,1,2320,West Malaysia,Perak,Credit Card
ORD18780,2025-06-06,Electronics,Smartwatch,3476,1,3476,West Malaysia,Pahang,TNG eWallet
ORD18781,2025-09-22,Electronics,Smartwatch,3801,3,11403,West Malaysia,Kedah,TNG eWallet
ORD18784,2025-06-02,Home,Coffee Maker,172,4,688,West Malaysia,Kedah,GrabPay
ORD18785,2025-03-28,Home,Office Chair,123,2,246,West Malaysia,Pahang,GrabPay
ORD18787,2025-04-12,Fashion,T-Shirt,120,4,480,West Malaysia,Pahang,TNG eWallet
ORD18788,2025-09-13,Electronics,Smartphone,4097,2,8194,West Malaysia,Kedah,Credit Card
ORD18789,2025-12-29,Fashion,Sneakers,126,1,126,West Malaysia,Kedah,TNG eWallet
ORD18790,2025-10-12,Electronics,Laptop,4137,4,16548,West Malaysia,Johor,GrabPay
ORD18792,2025-12-14,Fashion,Sunglasses,115,2,230,West Malaysia,Johor,TNG eWallet
ORD18793,2025-10-17,Electronics,Smartwatch,1726,2,3452,West Malaysia,Kedah,TNG eWallet
ORD18795,2025-10-18,Electronics,Smartwatch,1851,3,5553,West Malaysia,Kedah,FPX
ORD18798,2025-05-18,Fashion,T-Shirt,307,2,614,West Malaysia,Pahang,TNG eWallet
ORD18802,2025-07-21,Electronics,Wireless Earbuds,2936,1,2936,West Malaysia,Perak,TNG eWallet
ORD18806,2025-03-05,Fashion,T-Shirt,208,2,416,West Malaysia,Penang,TNG eWallet
ORD18807,2025-07-07,Home,Coffee Maker,692,2,1384,West Malaysia,Penang,TNG eWallet
ORD18811,2025-03-26,Fashion,T-Shirt,382,1,382,West Malaysia,Melaka,Credit Card
ORD18812,2025-09-30,Fashion,Backpack,373,4,1492,West Malaysia,Perak,FPX
ORD18815,2025-08-28,Home,Air Purifier,494,1,494,West Malaysia,Melaka,GrabPay
ORD18817,2025-08-08,Electronics,Smartwatch,4367,1,4367,West Malaysia,Kuala Lumpur,TNG eWallet
ORD18819,2025-03-15,Fashion,Sneakers,186,4,744,West Malaysia,Johor,TNG eWallet
ORD18824,2025-02-23,Home,Office Chair,371,3,1113,West Malaysia,Perak,Credit Card
ORD18826,2025-03-22,Electronics,Smartwatch,2631,3,7893,West Malaysia,Perak,TNG eWallet
ORD18827,2025-11-01,Fashion,T-Shirt,154,1,154,West Malaysia,Melaka,FPX
ORD18829,2025-05-13,Fashion,T-Shirt,302,3,906,West Malaysia,Melaka,GrabPay
ORD18830,2025-12-31,Electronics,Smartphone,2822,1,2822,West Malaysia,Selangor,TNG eWallet
ORD18833,2025-07-24,Home,Air Purifier,360,4,1440,West Malaysia,Kuala Lumpur,Credit Card
ORD18836,2025-08-04,Electronics,Laptop,1554,2,3108,West Malaysia,Penang,Credit Card
ORD18839,2025-05-05,Home,Desk Lamp,258,4,1032,West Malaysia,Kedah,GrabPay
ORD18840,2025-07-04,Fashion,Sunglasses,322,1,322,West Malaysia,Penang,TNG eWallet
ORD18842,2025-12-04,Fashion,T-Shirt,74,4,296,West Malaysia,Perak,GrabPay
ORD18843,2025-12-25,Electronics,Laptop,2907,3,8721,West Malaysia,Melaka,GrabPay
ORD18845,2025-04-03,Home,Desk Lamp,226,1,226,West Malaysia,Selangor,TNG eWallet
ORD18847,2025-02-03,Home,Air Purifier,701,2,1402,West Malaysia,Penang,TNG eWallet
ORD18851,2025-09-07,Electronics,Laptop,1876,2,3752,West Malaysia,Selangor,TNG eWallet
ORD18854,2025-04-19,Fashion,Sneakers,394,2,788,West Malaysia,Kedah,GrabPay
ORD18855,2025-05-16,Home,Air Purifier,365,4,1460,West Malaysia,Melaka,TNG eWallet
ORD18858,2025-03-26,Fashion,Sunglasses,66,3,198,West Malaysia,Johor,FPX
ORD18859,2025-04-08,Home,Air Purifier,115,2,230,West Malaysia,Perak,GrabPay
ORD18861,2025-04-05,Fashion,T-Shirt,222,4,888,West Malaysia,Selangor,FPX
ORD18863,2025-10-18,Electronics,Smartwatch,3073,3,9219,West Malaysia,Kedah,FPX
ORD18864,2025-09-03,Fashion,Backpack,349,2,698,West Malaysia,Perak,TNG eWallet
ORD18867,2025-12-02,Home,Office Chair,452,4,1808,West Malaysia,Kuala Lumpur,Credit Card
ORD18871,2025-07-06,Electronics,Smartwatch,4016,4,16064,West Malaysia,Selangor,GrabPay
ORD18873,2025-10-22,Home,Desk Lamp,214,2,428,West Malaysia,Penang,GrabPay
ORD18876,2025-03-21,Home,Office Chair,738,2,1476,West Malaysia,Selangor,FPX
ORD18879,2025-03-31,Home,Desk Lamp,379,2,758,West Malaysia,Perak,FPX
ORD18881,2025-05-09,Electronics,Wireless Earbuds,3205,2,6410,West Malaysia,Melaka,Credit Card
ORD18883,2025-01-24,Home,Air Purifier,222,1,222,West Malaysia,Kuala Lumpur,FPX
ORD18884,2025-09-18,Fashion,Backpack,231,1,231,West Malaysia,Selangor,TNG eWallet
ORD18885,2025-10-21,Home,Coffee Maker,675,4,2700,West Malaysia,Perak,FPX
ORD18887,2025-03-09,Home,Air Purifier,339,3,1017,West Malaysia,Kuala Lumpur,TNG eWallet
ORD18888,2025-06-16,Home,Office Chair,625,2,1250,West Malaysia,Penang,Credit Card
ORD18890,2025-12-06,Home,Coffee Maker,135,4,540,West Malaysia,Selangor,FPX
ORD18893,2025-04-23,Home,Coffee Maker,207,2,414,West Malaysia,Kuala Lumpur,GrabPay
ORD18894,2025-07-28,Electronics,Smartwatch,1518,2,3036,West Malaysia,Pahang,TNG eWallet
ORD18896,2025-02-26,Home,Air Purifier,451,4,1804,West Malaysia,Penang,Credit Card
ORD18897,2025-03-05,Electronics,Laptop,649,3,1947,West Malaysia,Perak,FPX
ORD18900,2025-09-12,Home,Air Purifier,164,4,656,West Malaysia,Kuala Lumpur,FPX
ORD18901,2025-03-24,Fashion,Backpack,284,4,1136,West Malaysia,Penang,GrabPay
ORD18902,2025-08-04,Home,Office Chair,210,4,840,West Malaysia,Melaka,Credit Card
ORD18903,2025-09-09,Electronics,Smartphone,3644,1,3644,West Malaysia,Melaka,Credit Card
ORD18904,2025-11-10,Electronics,Wireless Earbuds,746,3,2238,West Malaysia,Selangor,Credit Card
ORD18905,2025-09-26,Electronics,Smartphone,1787,1,1787,West Malaysia,Kuala Lumpur,GrabPay
ORD18907,2025-03-20,Electronics,Laptop,2999,2,5998,West Malaysia,Kuala Lumpur,FPX
ORD18910,2025-01-29,Electronics,Smartphone,964,3,2892,West Malaysia,Perak,TNG eWallet
ORD18911,2025-08-28,Home,Office Chair,752,4,3008,West Malaysia,Selangor,Credit Card
ORD18912,2025-03-16,Home,Air Purifier,523,4,2092,West Malaysia,Melaka,FPX
ORD18913,2025-09-18,Electronics,Wireless Earbuds,982,1,982,West Malaysia,Pahang,FPX
ORD18915,2025-12-31,Electronics,Smartphone,1367,1,1367,West Malaysia,Perak,Credit Card
ORD18916,2025-09-05,Electronics,Laptop,3763,1,3763,West Malaysia,Pahang,TNG eWallet
ORD18919,2025-10-26,Electronics,Smartphone,1278,4,5112,West Malaysia,Pahang,Credit Card
ORD18924,2025-01-24,Electronics,Laptop,2596,1,2596,West Malaysia,Selangor,Credit Card
ORD18925,2025-04-08,Electronics,Smartphone,3829,4,15316,West Malaysia,Penang,Credit Card
ORD18930,2025-12-09,Home,Desk Lamp,598,1,598,West Malaysia,Melaka,TNG eWallet
ORD18931,2025-08-28,Home,Office Chair,770,1,770,West Malaysia,Pahang,TNG eWallet
ORD18932,2025-07-28,Electronics,Smartphone,2554,3,7662,West Malaysia,Penang,FPX
ORD18933,2025-05-23,Home,Desk Lamp,780,4,3120,West Malaysia,Kuala Lumpur,Credit Card
ORD18934,2025-06-26,Electronics,Laptop,752,1,752,West Malaysia,Penang,Credit Card
ORD18935,2025-08-09,Electronics,Smartphone,3031,3,9093,West Malaysia,Melaka,Credit Card
ORD18936,2025-01-12,Home,Air Purifier,582,1,582,West Malaysia,Johor,TNG eWallet
ORD18937,2025-12-31,Electronics,Wireless Earbuds,4429,1,4429,West Malaysia,Johor,FPX
ORD18938,2025-04-19,Electronics,Smartphone,2092,4,8368,West Malaysia,Melaka,FPX
ORD18939,2025-08-20,Fashion,Sneakers,63,1,63,West Malaysia,Selangor,GrabPay
ORD18947,2025-01-02,Electronics,Laptop,1917,1,1917,West Malaysia,Melaka,TNG eWallet
ORD18948,2025-06-17,Fashion,Backpack,312,4,1248,West Malaysia,Pahang,TNG eWallet
ORD18949,2025-06-06,Fashion,T-Shirt,86,1,86,West Malaysia,Johor,GrabPay
ORD18950,2025-04-16,Fashion,T-Shirt,301,1,301,West Malaysia,Perak,FPX
ORD18951,2025-03-11,Fashion,Sneakers,298,1,298,West Malaysia,Kedah,TNG eWallet
ORD18952,2025-04-03,Fashion,T-Shirt,172,2,344,West Malaysia,Kuala Lumpur,FPX
ORD18953,2025-10-19,Home,Office Chair,257,2,514,West Malaysia,Kedah,GrabPay
ORD18955,2025-10-10,Electronics,Smartphone,594,2,1188,West Malaysia,Pahang,TNG eWallet
ORD18956,2025-05-15,Electronics,Smartwatch,3044,4,12176,West Malaysia,Perak,GrabPay
ORD18958,2025-05-10,Home,Air Purifier,282,3,846,West Malaysia,Kuala Lumpur,FPX
ORD18959,2025-03-14,Home,Desk Lamp,418,3,1254,West Malaysia,Selangor,TNG eWallet
ORD18961,2025-07-21,Home,Coffee Maker,153,2,306,West Malaysia,Selangor,TNG eWallet
ORD18963,2025-09-21,Electronics,Smartphone,2366,1,2366,West Malaysia,Melaka,FPX
ORD18965,2025-05-13,Home,Office Chair,348,2,696,West Malaysia,Selangor,Credit Card
ORD18966,2025-02-06,Home,Coffee Maker,227,1,227,West Malaysia,Kedah,TNG eWallet
ORD18967,2025-08-12,Fashion,Backpack,74,3,222,West Malaysia,Johor,TNG eWallet
ORD18971,2025-02-27,Home,Coffee Maker,517,3,1551,West Malaysia,Kedah,FPX
ORD18973,2025-10-10,Home,Air Purifier,213,1,213,West Malaysia,Johor,TNG eWallet
ORD18974,2025-11-05,Fashion,Sunglasses,297,1,297,West Malaysia,Penang,FPX
ORD18975,2025-03-01,Electronics,Laptop,2148,2,4296,West Malaysia,Perak,Credit Card
ORD18984,2025-06-09,Home,Office Chair,218,2,436,West Malaysia,Selangor,FPX
ORD18985,2025-12-09,Home,Desk Lamp,694,4,2776,West Malaysia,Perak,Credit Card
ORD18987,2025-03-03,Home,Office Chair,553,3,1659,West Malaysia,Selangor,Credit Card
ORD18988,2025-01-04,Electronics,Wireless Earbuds,1225,4,4900,West Malaysia,Kedah,Credit Card
ORD18989,2025-06-26,Fashion,T-Shirt,105,4,420,West Malaysia,Kedah,FPX
ORD18991,2025-10-28,Fashion,Backpack,254,4,1016,West Malaysia,Selangor,TNG eWallet
ORD18996,2025-10-10,Home,Coffee Maker,670,4,2680,West Malaysia,Perak,FPX
ORD19001,2025-09-30,Fashion,Sunglasses,303,2,606,West Malaysia,Melaka,GrabPay
ORD19006,2025-08-04,Home,Air Purifier,637,2,1274,West Malaysia,Penang,FPX
ORD19008,2025-04-09,Electronics,Laptop,658,4,2632,West Malaysia,Kuala Lumpur,FPX
ORD19009,2025-11-09,Electronics,Laptop,3894,4,15576,West Malaysia,Kedah,Credit Card
ORD19011,2025-09-30,Fashion,Backpack,80,4,320,West Malaysia,Johor,TNG eWallet
ORD19012,2025-08-04,Electronics,Smartwatch,3289,3,9867,West Malaysia,Melaka,FPX
ORD19014,2025-12-16,Fashion,T-Shirt,197,2,394,West Malaysia,Kedah,GrabPay
ORD19015,2025-09-05,Electronics,Laptop,3239,3,9717,West Malaysia,Pahang,Credit Card
ORD19016,2025-10-21,Electronics,Laptop,3606,3,10818,West Malaysia,Selangor,TNG eWallet
ORD19018,2025-03-09,Fashion,Backpack,226,2,452,West Malaysia,Penang,Credit Card
ORD19021,2025-09-27,Electronics,Wireless Earbuds,1495,4,5980,West Malaysia,Penang,FPX
ORD19022,2025-04-09,Fashion,Backpack,275,4,1100,West Malaysia,Johor,Credit Card
ORD19023,2025-05-11,Electronics,Smartwatch,1852,1,1852,West Malaysia,Selangor,TNG eWallet
ORD19025,2025-12-07,Fashion,Backpack,80,2,160,West Malaysia,Penang,Credit Card
ORD19026,2025-08-02,Electronics,Smartphone,998,4,3992,West Malaysia,Perak,Credit Card
ORD19027,2025-02-25,Fashion,Backpack,87,4,348,West Malaysia,Kedah,TNG eWallet
ORD19028,2025-07-25,Electronics,Smartwatch,4390,4,17560,West Malaysia,Perak,Credit Card
ORD19030,2025-03-17,Home,Office Chair,541,4,2164,West Malaysia,Melaka,TNG eWallet
ORD19032,2025-10-29,Electronics,Wireless Earbuds,490,1,490,West Malaysia,Melaka,Credit Card
ORD19033,2025-12-14,Home,Desk Lamp,627,3,1881,West Malaysia,Penang,Credit Card
ORD19035,2025-10-13,Home,Office Chair,370,3,1110,West Malaysia,Selangor,FPX
ORD19043,2025-06-12,Fashion,Sneakers,203,2,406,West Malaysia,Penang,GrabPay
ORD19044,2025-02-20,Fashion,Sunglasses,120,1,120,West Malaysia,Penang,TNG eWallet
ORD19046,2025-07-08,Fashion,Backpack,293,4,1172,West Malaysia,Perak,Credit Card
ORD19049,2025-09-16,Home,Air Purifier,255,2,510,West Malaysia,Kedah,Credit Card
ORD19051,2025-12-26,Electronics,Wireless Earbuds,3646,1,3646,West Malaysia,Melaka,TNG eWallet
ORD19052,2025-08-29,Electronics,Wireless Earbuds,2232,4,8928,West Malaysia,Johor,TNG eWallet
ORD19053,2025-09-07,Fashion,Sneakers,72,2,144,West Malaysia,Perak,Credit Card
ORD19055,2025-09-05,Electronics,Laptop,4274,1,4274,West Malaysia,Penang,FPX
ORD19056,2025-12-21,Home,Coffee Maker,781,4,3124,West Malaysia,Pahang,GrabPay
ORD19057,2025-01-12,Fashion,Sneakers,270,3,810,West Malaysia,Selangor,Credit Card
ORD19059,2025-01-25,Home,Office Chair,386,2,772,West Malaysia,Johor,FPX
ORD19062,2025-04-13,Home,Office Chair,599,4,2396,West Malaysia,Perak,GrabPay
ORD19068,2025-10-22,Electronics,Laptop,2591,2,5182,West Malaysia,Penang,FPX
ORD19069,2025-06-29,Electronics,Wireless Earbuds,2667,4,10668,West Malaysia,Pahang,FPX
ORD19070,2025-07-28,Home,Air Purifier,140,1,140,West Malaysia,Pahang,Credit Card
ORD19071,2025-09-01,Fashion,Sneakers,256,1,256,West Malaysia,Perak,FPX
ORD19072,2025-04-28,Fashion,Sneakers,337,2,674,West Malaysia,Selangor,FPX
ORD19073,2025-03-31,Electronics,Smartwatch,844,2,1688,West Malaysia,Johor,Credit Card
ORD19075,2025-10-17,Electronics,Laptop,2967,2,5934,West Malaysia,Kedah,FPX
ORD19078,2025-03-04,Home,Office Chair,235,1,235,West Malaysia,Selangor,FPX
ORD19081,2025-01-28,Home,Coffee Maker,637,3,1911,West Malaysia,Perak,Credit Card
ORD19083,2025-05-19,Electronics,Smartwatch,987,3,2961,West Malaysia,Kedah,FPX
ORD19084,2025-07-02,Electronics,Wireless Earbuds,4239,2,8478,West Malaysia,Selangor,Credit Card
ORD19085,2025-09-18,Home,Office Chair,536,4,2144,West Malaysia,Johor,Credit Card
ORD19086,2025-03-17,Electronics,Laptop,3627,4,14508,West Malaysia,Johor,GrabPay
ORD19087,2025-11-11,Home,Office Chair,436,4,1744,West Malaysia,Perak,FPX
ORD19088,2025-11-30,Fashion,Sneakers,380,1,380,West Malaysia,Melaka,GrabPay
ORD19092,2025-02-14,Fashion,Backpack,124,3,372,West Malaysia,Perak,FPX
ORD19093,2025-09-01,Electronics,Wireless Earbuds,2771,4,11084,West Malaysia,Pahang,GrabPay
ORD19094,2025-10-29,Electronics,Smartwatch,2678,1,2678,West Malaysia,Perak,FPX
ORD19097,2025-04-24,Electronics,Smartwatch,384,1,384,West Malaysia,Penang,GrabPay
ORD19099,2025-06-19,Home,Desk Lamp,317,2,634,West Malaysia,Kuala Lumpur,GrabPay
ORD19101,2025-05-09,Home,Office Chair,611,2,1222,West Malaysia,Penang,Credit Card
ORD19107,2025-01-26,Electronics,Wireless Earbuds,1206,2,2412,West Malaysia,Johor,GrabPay
ORD19109,2025-10-14,Home,Desk Lamp,209,4,836,West Malaysia,Johor,Credit Card
ORD19110,2025-12-06,Electronics,Laptop,2447,4,9788,West Malaysia,Selangor,Credit Card
ORD19111,2025-10-10,Home,Desk Lamp,797,2,1594,West Malaysia,Kuala Lumpur,GrabPay
ORD19113,2025-11-14,Fashion,Sneakers,115,4,460,West Malaysia,Kuala Lumpur,GrabPay
ORD19114,2025-10-16,Home,Desk Lamp,782,1,782,West Malaysia,Pahang,FPX
ORD19117,2025-11-26,Fashion,T-Shirt,90,1,90,West Malaysia,Perak,Credit Card
ORD19118,2025-09-03,Electronics,Wireless Earbuds,3368,2,6736,West Malaysia,Penang,Credit Card
ORD19119,2025-11-09,Home,Desk Lamp,476,2,952,West Malaysia,Pahang,Credit Card
ORD19121,2025-02-27,Home,Air Purifier,732,3,2196,West Malaysia,Selangor,TNG eWallet
ORD19122,2025-09-14,Fashion,T-Shirt,373,1,373,West Malaysia,Kedah,Credit Card
ORD19123,2025-07-22,Home,Desk Lamp,327,2,654,West Malaysia,Selangor,Credit Card
ORD19124,2025-12-28,Electronics,Wireless Earbuds,2500,1,2500,West Malaysia,Perak,TNG eWallet
ORD19125,2025-01-30,Home,Office Chair,402,4,1608,West Malaysia,Selangor,Credit Card
ORD19126,2025-03-01,Electronics,Wireless Earbuds,2101,4,8404,West Malaysia,Johor,Credit Card
ORD19129,2026-01-01,Fashion,Backpack,293,1,293,West Malaysia,Melaka,GrabPay
ORD19130,2025-03-14,Electronics,Laptop,3296,4,13184,West Malaysia,Kuala Lumpur,GrabPay
ORD19133,2025-07-07,Home,Coffee Maker,355,2,710,West Malaysia,Johor,TNG eWallet
ORD19135,2025-09-26,Fashion,Sunglasses,172,4,688,West Malaysia,Perak,FPX
ORD19137,2025-01-15,Home,Air Purifier,415,4,1660,West Malaysia,Selangor,FPX
ORD19138,2025-04-14,Electronics,Smartwatch,2333,1,2333,West Malaysia,Selangor,FPX
ORD19139,2025-08-18,Electronics,Smartphone,1482,2,2964,West Malaysia,Perak,Credit Card
ORD19140,2025-02-08,Fashion,Sunglasses,343,4,1372,West Malaysia,Kuala Lumpur,FPX
ORD19143,2025-05-17,Fashion,Sunglasses,285,1,285,West Malaysia,Perak,FPX
ORD19145,2025-04-17,Home,Office Chair,272,4,1088,West Malaysia,Melaka,TNG eWallet
ORD19146,2025-01-20,Electronics,Wireless Earbuds,4379,2,8758,West Malaysia,Melaka,TNG eWallet
ORD19147,2025-10-14,Electronics,Laptop,4182,3,12546,West Malaysia,Selangor,Credit Card
ORD19149,2025-01-03,Electronics,Laptop,2913,3,8739,West Malaysia,Kedah,FPX
ORD19151,2025-04-15,Home,Office Chair,692,4,2768,West Malaysia,Penang,TNG eWallet
ORD19152,2025-04-25,Home,Coffee Maker,253,1,253,West Malaysia,Selangor,TNG eWallet
ORD19154,2025-06-02,Fashion,T-Shirt,150,3,450,West Malaysia,Kuala Lumpur,Credit Card
ORD19155,2025-07-22,Electronics,Laptop,2421,1,2421,West Malaysia,Penang,Credit Card
ORD19157,2025-12-06,Electronics,Smartphone,503,1,503,West Malaysia,Johor,GrabPay
ORD19158,2025-03-21,Electronics,Wireless Earbuds,2548,4,10192,West Malaysia,Penang,GrabPay
ORD19159,2025-09-18,Electronics,Smartphone,1836,1,1836,West Malaysia,Perak,GrabPay
ORD19160,2025-12-30,Fashion,Sunglasses,386,3,1158,West Malaysia,Johor,Credit Card
ORD19163,2025-12-03,Fashion,Backpack,248,3,744,West Malaysia,Johor,FPX
ORD19172,2025-06-13,Electronics,Wireless Earbuds,2517,4,10068,West Malaysia,Kedah,FPX
ORD19173,2025-08-12,Home,Coffee Maker,770,4,3080,West Malaysia,Kuala Lumpur,Credit Card
ORD19175,2025-04-07,Fashion,Sunglasses,308,2,616,West Malaysia,Kuala Lumpur,Credit Card
ORD19176,2025-08-11,Home,Desk Lamp,487,1,487,West Malaysia,Perak,Credit Card
ORD19177,2025-11-16,Home,Coffee Maker,122,4,488,West Malaysia,Selangor,GrabPay
ORD19184,2025-12-27,Electronics,Wireless Earbuds,1076,4,4304,West Malaysia,Johor,FPX
ORD19190,2025-06-16,Fashion,Sunglasses,246,1,246,West Malaysia,Perak,FPX
ORD19191,2025-02-14,Electronics,Smartwatch,3763,1,3763,West Malaysia,Kuala Lumpur,TNG eWallet
ORD19192,2025-02-21,Home,Air Purifier,570,3,1710,West Malaysia,Selangor,FPX
ORD19193,2025-10-25,Home,Air Purifier,352,2,704,West Malaysia,Pahang,Credit Card
ORD19194,2025-12-06,Home,Office Chair,574,3,1722,West Malaysia,Selangor,Credit Card
ORD19195,2025-05-09,Electronics,Laptop,3314,2,6628,West Malaysia,Selangor,FPX
ORD19196,2025-10-22,Home,Desk Lamp,571,4,2284,West Malaysia,Penang,Credit Card
ORD19197,2025-05-26,Home,Desk Lamp,331,4,1324,West Malaysia,Perak,TNG eWallet
ORD19198,2025-01-13,Home,Coffee Maker,160,4,640,West Malaysia,Selangor,TNG eWallet
ORD19199,2025-02-24,Fashion,Sunglasses,114,2,228,West Malaysia,Kuala Lumpur,GrabPay
ORD19200,2025-03-14,Fashion,Sneakers,149,2,298,West Malaysia,Penang,GrabPay
ORD19204,2025-12-07,Electronics,Smartphone,3036,4,12144,West Malaysia,Selangor,GrabPay
ORD19212,2025-10-12,Fashion,T-Shirt,239,1,239,West Malaysia,Selangor,TNG eWallet
ORD19213,2025-03-07,Home,Coffee Maker,642,4,2568,West Malaysia,Melaka,FPX
ORD19214,2025-11-28,Home,Coffee Maker,605,4,2420,West Malaysia,Selangor,GrabPay
ORD19218,2025-01-27,Electronics,Wireless Earbuds,1509,2,3018,West Malaysia,Pahang,Credit Card
ORD19223,2025-12-11,Electronics,Smartphone,1493,4,5972,West Malaysia,Penang,FPX
ORD19225,2025-07-15,Electronics,Laptop,537,4,2148,West Malaysia,Melaka,TNG eWallet
ORD19227,2025-06-11,Home,Coffee Maker,561,3,1683,West Malaysia,Penang,GrabPay
ORD19228,2025-12-11,Home,Coffee Maker,153,3,459,West Malaysia,Melaka,Credit Card
ORD19233,2025-05-16,Home,Desk Lamp,674,1,674,West Malaysia,Melaka,TNG eWallet
ORD19234,2025-07-09,Electronics,Smartphone,4050,1,4050,West Malaysia,Johor,FPX
ORD19237,2025-03-28,Fashion,T-Shirt,185,1,185,West Malaysia,Kedah,Credit Card
ORD19242,2025-02-24,Fashion,Backpack,190,4,760,West Malaysia,Johor,Credit Card
ORD19244,2025-12-07,Home,Desk Lamp,114,1,114,West Malaysia,Perak,Credit Card
ORD19245,2025-06-14,Home,Coffee Maker,411,3,1233,West Malaysia,Kedah,GrabPay
ORD19247,2025-02-26,Electronics,Smartphone,2950,3,8850,West Malaysia,Selangor,TNG eWallet
ORD19250,2025-03-07,Fashion,Sunglasses,253,2,506,West Malaysia,Johor,FPX
ORD19252,2025-03-18,Home,Coffee Maker,672,1,672,West Malaysia,Melaka,GrabPay
ORD19253,2025-06-14,Fashion,Backpack,177,2,354,West Malaysia,Johor,TNG eWallet
ORD19255,2025-12-19,Fashion,Backpack,397,1,397,West Malaysia,Penang,FPX
ORD19258,2025-05-11,Fashion,T-Shirt,77,3,231,West Malaysia,Selangor,TNG eWallet
ORD19261,2025-03-23,Home,Air Purifier,209,2,418,West Malaysia,Selangor,GrabPay
ORD19262,2025-01-27,Electronics,Laptop,1659,1,1659,West Malaysia,Kuala Lumpur,TNG eWallet
ORD19263,2025-02-15,Fashion,T-Shirt,290,4,1160,West Malaysia,Johor,TNG eWallet
ORD19267,2025-11-07,Fashion,Sneakers,354,4,1416,West Malaysia,Johor,FPX
ORD19269,2025-05-13,Electronics,Wireless Earbuds,4468,2,8936,West Malaysia,Penang,TNG eWallet
ORD19271,2025-12-07,Home,Office Chair,620,2,1240,West Malaysia,Perak,Credit Card
ORD19272,2025-06-14,Home,Desk Lamp,125,3,375,West Malaysia,Johor,TNG eWallet
ORD19273,2025-10-01,Fashion,Backpack,261,3,783,West Malaysia,Kuala Lumpur,Credit Card
ORD19274,2025-04-22,Electronics,Laptop,3413,3,10239,West Malaysia,Johor,FPX
ORD19277,2025-11-26,Fashion,Sneakers,93,3,279,West Malaysia,Kuala Lumpur,GrabPay
ORD19280,2025-09-30,Fashion,T-Shirt,278,1,278,West Malaysia,Kedah,FPX
ORD19281,2025-06-06,Home,Desk Lamp,182,3,546,West Malaysia,Melaka,FPX
ORD19285,2025-01-29,Home,Air Purifier,769,4,3076,West Malaysia,Kuala Lumpur,FPX
ORD19286,2025-07-01,Electronics,Smartwatch,355,3,1065,West Malaysia,Pahang,TNG eWallet
ORD19287,2025-04-09,Home,Desk Lamp,626,4,2504,West Malaysia,Penang,FPX
ORD19294,2025-12-06,Fashion,Backpack,157,4,628,West Malaysia,Melaka,FPX
ORD19295,2025-09-09,Electronics,Smartwatch,4045,3,12135,West Malaysia,Melaka,FPX
ORD19297,2025-03-19,Fashion,Sneakers,209,2,418,West Malaysia,Pahang,TNG eWallet
ORD19298,2025-11-08,Electronics,Wireless Earbuds,3672,4,14688,West Malaysia,Melaka,Credit Card
ORD19304,2025-04-24,Home,Desk Lamp,360,3,1080,West Malaysia,Kedah,FPX
ORD19306,2025-11-28,Electronics,Laptop,3698,3,11094,West Malaysia,Selangor,TNG eWallet
ORD19308,2025-07-15,Electronics,Wireless Earbuds,2745,4,10980,West Malaysia,Selangor,GrabPay
ORD19310,2025-04-17,Electronics,Smartwatch,1401,3,4203,West Malaysia,Melaka,GrabPay
ORD19311,2025-04-23,Home,Air Purifier,512,1,512,West Malaysia,Selangor,GrabPay
ORD19313,2025-05-01,Home,Office Chair,465,3,1395,West Malaysia,Johor,FPX
ORD19315,2025-06-25,Home,Coffee Maker,674,2,1348,West Malaysia,Penang,Credit Card
ORD19316,2025-04-16,Fashion,Backpack,327,2,654,West Malaysia,Kedah,Credit Card
ORD19317,2025-05-12,Fashion,T-Shirt,320,1,320,West Malaysia,Johor,FPX
ORD19318,2025-06-07,Fashion,Sneakers,357,3,1071,West Malaysia,Perak,FPX
ORD19319,2025-03-15,Fashion,T-Shirt,128,2,256,West Malaysia,Melaka,FPX
ORD19320,2025-09-15,Fashion,Sneakers,291,4,1164,West Malaysia,Johor,Credit Card
ORD19322,2025-07-03,Home,Coffee Maker,569,4,2276,West Malaysia,Kedah,Credit Card
ORD19323,2025-07-06,Fashion,Sunglasses,51,3,153,West Malaysia,Kedah,Credit Card
ORD19325,2025-08-22,Home,Office Chair,332,2,664,West Malaysia,Johor,FPX
ORD19326,2025-01-30,Fashion,Sunglasses,282,4,1128,West Malaysia,Kedah,GrabPay
ORD19332,2025-11-27,Fashion,Sneakers,327,3,981,West Malaysia,Melaka,TNG eWallet
ORD19334,2025-11-16,Electronics,Smartphone,3309,3,9927,West Malaysia,Kedah,GrabPay
ORD19335,2025-07-14,Fashion,Sunglasses,266,4,1064,West Malaysia,Selangor,FPX
ORD19338,2025-12-12,Fashion,Sunglasses,334,2,668,West Malaysia,Johor,GrabPay
ORD19340,2025-02-13,Home,Coffee Maker,538,1,538,West Malaysia,Penang,GrabPay
ORD19342,2025-06-25,Home,Office Chair,601,2,1202,West Malaysia,Pahang,GrabPay
ORD19343,2025-05-19,Electronics,Smartphone,2001,3,6003,West Malaysia,Penang,TNG eWallet
ORD19344,2025-10-27,Home,Air Purifier,448,2,896,West Malaysia,Kuala Lumpur,Credit Card
ORD19346,2025-08-11,Electronics,Wireless Earbuds,3486,3,10458,West Malaysia,Pahang,Credit Card
ORD19349,2025-02-28,Fashion,Sunglasses,255,4,1020,West Malaysia,Kuala Lumpur,Credit Card
ORD19353,2025-11-18,Electronics,Smartphone,4017,1,4017,West Malaysia,Melaka,Credit Card
ORD19356,2025-08-10,Fashion,Sunglasses,224,4,896,West Malaysia,Kuala Lumpur,FPX
ORD19358,2025-01-17,Electronics,Laptop,3730,4,14920,West Malaysia,Selangor,Credit Card
ORD19359,2025-03-22,Home,Desk Lamp,129,3,387,West Malaysia,Perak,FPX
ORD19367,2025-02-10,Fashion,Backpack,368,4,1472,West Malaysia,Melaka,GrabPay
ORD19368,2025-03-02,Electronics,Wireless Earbuds,2790,1,2790,West Malaysia,Perak,TNG eWallet
ORD19369,2025-03-11,Electronics,Laptop,1752,3,5256,West Malaysia,Kedah,TNG eWallet
ORD19371,2025-07-21,Electronics,Smartphone,3780,4,15120,West Malaysia,Kuala Lumpur,FPX
ORD19372,2025-09-27,Fashion,Sunglasses,343,1,343,West Malaysia,Johor,FPX
ORD19373,2025-01-07,Electronics,Smartwatch,2212,1,2212,West Malaysia,Penang,TNG eWallet
ORD19374,2025-05-09,Fashion,Sneakers,83,1,83,West Malaysia,Pahang,GrabPay
ORD19375,2025-06-20,Fashion,T-Shirt,191,1,191,West Malaysia,Kedah,FPX
ORD19378,2025-02-20,Electronics,Wireless Earbuds,1049,3,3147,West Malaysia,Johor,Credit Card
ORD19379,2025-02-13,Electronics,Smartwatch,1149,3,3447,West Malaysia,Kedah,TNG eWallet
ORD19381,2025-10-08,Home,Coffee Maker,693,2,1386,West Malaysia,Penang,TNG eWallet
ORD19382,2025-02-24,Fashion,T-Shirt,121,1,121,West Malaysia,Perak,FPX
ORD19383,2025-11-06,Fashion,T-Shirt,253,2,506,West Malaysia,Kuala Lumpur,FPX
ORD19384,2025-09-16,Home,Air Purifier,151,2,302,West Malaysia,Pahang,GrabPay
ORD19385,2025-10-27,Electronics,Laptop,2996,2,5992,West Malaysia,Pahang,GrabPay
ORD19388,2025-06-20,Electronics,Wireless Earbuds,3128,2,6256,West Malaysia,Perak,GrabPay
ORD19393,2025-08-07,Electronics,Smartwatch,1389,1,1389,West Malaysia,Perak,FPX
ORD19395,2025-09-12,Fashion,Backpack,80,2,160,West Malaysia,Melaka,GrabPay
ORD19397,2025-02-12,Electronics,Laptop,1432,2,2864,West Malaysia,Selangor,FPX
ORD19399,2025-03-16,Electronics,Smartwatch,2189,4,8756,West Malaysia,Johor,FPX
ORD19401,2025-02-12,Electronics,Smartphone,3388,2,6776,West Malaysia,Selangor,Credit Card
ORD19403,2025-11-14,Fashion,Sneakers,178,2,356,West Malaysia,Kedah,TNG eWallet
ORD19405,2025-12-20,Home,Air Purifier,495,4,1980,West Malaysia,Selangor,Credit Card
ORD19408,2025-12-06,Fashion,Backpack,216,2,432,West Malaysia,Kedah,GrabPay
ORD19409,2025-02-21,Home,Coffee Maker,315,3,945,West Malaysia,Perak,TNG eWallet
ORD19410,2025-12-27,Home,Office Chair,149,4,596,West Malaysia,Perak,TNG eWallet
ORD19411,2025-08-28,Home,Air Purifier,412,4,1648,West Malaysia,Penang,Credit Card
ORD19412,2025-04-01,Electronics,Smartphone,397,3,1191,West Malaysia,Kedah,Credit Card
ORD19416,2025-06-26,Fashion,Backpack,83,2,166,West Malaysia,Selangor,FPX
ORD19417,2025-01-12,Home,Coffee Maker,222,3,666,West Malaysia,Johor,TNG eWallet
ORD19418,2025-02-19,Fashion,Sneakers,220,1,220,West Malaysia,Penang,GrabPay
ORD19420,2025-09-07,Fashion,T-Shirt,222,1,222,West Malaysia,Melaka,Credit Card
ORD19422,2025-07-26,Fashion,Backpack,395,3,1185,West Malaysia,Johor,TNG eWallet
ORD19423,2025-06-07,Electronics,Smartphone,1145,4,4580,West Malaysia,Kuala Lumpur,GrabPay
ORD19424,2025-03-28,Electronics,Laptop,3275,2,6550,West Malaysia,Johor,TNG eWallet
ORD19425,2025-10-14,Electronics,Smartphone,4479,1,4479,West Malaysia,Selangor,Credit Card
ORD19427,2025-04-17,Home,Air Purifier,625,4,2500,West Malaysia,Pahang,Credit Card
ORD19429,2025-06-10,Electronics,Smartphone,2033,4,8132,West Malaysia,Pahang,TNG eWallet
ORD19431,2025-05-02,Home,Air Purifier,542,4,2168,West Malaysia,Kuala Lumpur,GrabPay
ORD19432,2025-07-18,Fashion,Sneakers,214,1,214,West Malaysia,Selangor,GrabPay
ORD19433,2025-11-19,Fashion,Sneakers,87,4,348,West Malaysia,Perak,FPX
ORD19434,2025-12-27,Electronics,Smartphone,945,4,3780,West Malaysia,Kuala Lumpur,Credit Card
ORD19436,2025-08-25,Electronics,Wireless Earbuds,1322,2,2644,West Malaysia,Johor,Credit Card
ORD19438,2025-02-04,Electronics,Laptop,745,2,1490,West Malaysia,Perak,Credit Card
ORD19439,2025-12-20,Electronics,Laptop,1754,1,1754,West Malaysia,Penang,TNG eWallet
ORD19442,2025-08-11,Home,Coffee Maker,649,4,2596,West Malaysia,Kuala Lumpur,GrabPay
ORD19444,2025-01-13,Fashion,T-Shirt,321,3,963,West Malaysia,Selangor,Credit Card
ORD19445,2025-08-02,Fashion,Sunglasses,236,2,472,West Malaysia,Selangor,GrabPay
ORD19446,2025-09-12,Home,Desk Lamp,577,3,1731,West Malaysia,Pahang,FPX
ORD19447,2025-11-27,Electronics,Laptop,1266,3,3798,West Malaysia,Kedah,Credit Card
ORD19448,2025-10-20,Home,Coffee Maker,609,2,1218,West Malaysia,Melaka,GrabPay
ORD19454,2025-01-20,Fashion,Sneakers,136,3,408,West Malaysia,Penang,FPX
ORD19458,2025-06-15,Electronics,Smartwatch,823,4,3292,West Malaysia,Perak,GrabPay
ORD19459,2025-08-09,Home,Coffee Maker,195,4,780,West Malaysia,Selangor,TNG eWallet
ORD19460,2025-09-23,Fashion,Backpack,170,3,510,West Malaysia,Kuala Lumpur,FPX
ORD19461,2025-04-10,Fashion,Sunglasses,132,3,396,West Malaysia,Perak,GrabPay
ORD19465,2025-04-21,Electronics,Smartphone,656,2,1312,West Malaysia,Selangor,GrabPay
ORD19466,2025-02-10,Fashion,T-Shirt,236,3,708,West Malaysia,Melaka,Credit Card
ORD19467,2025-12-04,Fashion,T-Shirt,399,1,399,West Malaysia,Melaka,Credit Card
ORD19468,2025-08-23,Home,Coffee Maker,352,2,704,West Malaysia,Kuala Lumpur,GrabPay
ORD19469,2025-05-27,Electronics,Laptop,3322,4,13288,West Malaysia,Pahang,GrabPay
ORD19473,2025-02-09,Home,Air Purifier,295,2,590,West Malaysia,Selangor,GrabPay
ORD19474,2025-11-02,Home,Desk Lamp,623,4,2492,West Malaysia,Melaka,FPX
ORD19479,2025-04-04,Home,Coffee Maker,113,2,226,West Malaysia,Selangor,TNG eWallet
ORD19480,2025-10-02,Home,Coffee Maker,740,4,2960,West Malaysia,Melaka,FPX
ORD19488,2025-01-21,Fashion,Sunglasses,238,4,952,West Malaysia,Johor,FPX
ORD19492,2025-12-13,Fashion,Sunglasses,270,1,270,West Malaysia,Pahang,TNG eWallet
ORD19494,2025-06-15,Home,Desk Lamp,489,2,978,West Malaysia,Selangor,Credit Card
ORD19495,2025-04-21,Home,Coffee Maker,790,4,3160,West Malaysia,Kedah,TNG eWallet
ORD19496,2025-06-17,Fashion,T-Shirt,148,2,296,West Malaysia,Pahang,Credit Card
ORD19498,2025-03-04,Fashion,Sunglasses,90,1,90,West Malaysia,Kuala Lumpur,Credit Card
ORD19500,2025-08-03,Electronics,Smartphone,3354,3,10062,West Malaysia,Selangor,TNG eWallet
ORD19502,2025-06-30,Home,Air Purifier,648,3,1944,West Malaysia,Pahang,FPX
ORD19508,2025-06-19,Electronics,Wireless Earbuds,2386,2,4772,West Malaysia,Selangor,TNG eWallet
ORD19510,2025-01-20,Fashion,Sneakers,161,1,161,West Malaysia,Kuala Lumpur,Credit Card
ORD19512,2025-08-20,Fashion,Sunglasses,355,1,355,West Malaysia,Johor,Credit Card
ORD19513,2025-09-25,Electronics,Laptop,2623,3,7869,West Malaysia,Perak,Credit Card
ORD19514,2025-03-30,Electronics,Smartphone,2271,1,2271,West Malaysia,Selangor,GrabPay
ORD19517,2025-03-12,Home,Coffee Maker,676,2,1352,West Malaysia,Kedah,FPX
ORD19518,2025-01-21,Fashion,Sneakers,74,2,148,West Malaysia,Selangor,GrabPay
ORD19520,2025-12-05,Electronics,Laptop,934,3,2802,West Malaysia,Pahang,FPX
ORD19521,2025-12-20,Electronics,Smartphone,1445,1,1445,West Malaysia,Kedah,GrabPay
ORD19522,2025-05-12,Home,Coffee Maker,446,4,1784,West Malaysia,Kuala Lumpur,GrabPay
ORD19526,2025-05-23,Home,Air Purifier,465,3,1395,West Malaysia,Selangor,GrabPay
ORD19528,2025-10-06,Home,Office Chair,751,4,3004,West Malaysia,Johor,Credit Card
ORD19529,2025-01-07,Electronics,Smartphone,3285,4,13140,West Malaysia,Kedah,FPX
ORD19531,2025-06-13,Electronics,Laptop,2482,1,2482,West Malaysia,Penang,FPX
ORD19532,2025-09-22,Home,Coffee Maker,152,4,608,West Malaysia,Johor,GrabPay
ORD19534,2025-08-21,Electronics,Wireless Earbuds,2346,1,2346,West Malaysia,Pahang,FPX
ORD19541,2025-11-05,Fashion,Sunglasses,371,1,371,West Malaysia,Penang,FPX
ORD19542,2025-07-15,Fashion,Backpack,374,4,1496,West Malaysia,Perak,GrabPay
ORD19544,2025-03-26,Fashion,T-Shirt,237,1,237,West Malaysia,Kedah,FPX
ORD19546,2025-07-02,Fashion,Backpack,308,4,1232,West Malaysia,Penang,FPX
ORD19547,2025-11-04,Fashion,Backpack,182,4,728,West Malaysia,Kuala Lumpur,Credit Card
ORD19548,2025-11-10,Electronics,Smartwatch,3400,2,6800,West Malaysia,Penang,TNG eWallet
ORD19550,2025-04-15,Fashion,Backpack,242,4,968,West Malaysia,Pahang,GrabPay
ORD19552,2025-11-20,Home,Desk Lamp,448,4,1792,West Malaysia,Penang,FPX
ORD19554,2025-03-10,Fashion,T-Shirt,299,4,1196,West Malaysia,Selangor,FPX
ORD19557,2025-12-13,Fashion,Sunglasses,181,1,181,West Malaysia,Johor,FPX
ORD19563,2025-04-20,Home,Desk Lamp,248,4,992,West Malaysia,Melaka,GrabPay
ORD19564,2025-02-04,Home,Office Chair,386,2,772,West Malaysia,Selangor,GrabPay
ORD19565,2025-04-25,Electronics,Wireless Earbuds,3445,2,6890,West Malaysia,Selangor,GrabPay
ORD19570,2025-07-18,Electronics,Laptop,797,1,797,West Malaysia,Pahang,Credit Card
ORD19571,2025-01-08,Electronics,Wireless Earbuds,355,1,355,West Malaysia,Selangor,FPX
ORD19572,2025-08-26,Fashion,T-Shirt,301,2,602,West Malaysia,Penang,Credit Card
ORD19573,2025-05-30,Electronics,Laptop,1233,4,4932,West Malaysia,Kedah,GrabPay
ORD19574,2025-06-27,Home,Air Purifier,379,4,1516,West Malaysia,Kuala Lumpur,GrabPay
ORD19575,2025-01-07,Fashion,T-Shirt,61,2,122,West Malaysia,Selangor,FPX
ORD19577,2025-02-15,Electronics,Smartphone,4159,2,8318,West Malaysia,Selangor,TNG eWallet
ORD19578,2025-04-05,Fashion,Sneakers,212,3,636,West Malaysia,Penang,GrabPay
ORD19579,2025-07-24,Fashion,T-Shirt,400,4,1600,West Malaysia,Pahang,GrabPay
ORD19582,2025-06-15,Home,Desk Lamp,389,2,778,West Malaysia,Kedah,TNG eWallet
ORD19584,2025-04-30,Electronics,Laptop,3374,2,6748,West Malaysia,Penang,Credit Card
ORD19585,2025-07-04,Home,Air Purifier,469,1,469,West Malaysia,Perak,TNG eWallet
ORD19587,2025-06-18,Home,Air Purifier,603,2,1206,West Malaysia,Penang,FPX
ORD19588,2025-08-06,Fashion,Sunglasses,165,3,495,West Malaysia,Pahang,GrabPay
ORD19589,2025-12-13,Fashion,T-Shirt,120,2,240,West Malaysia,Penang,Credit Card
ORD19590,2025-06-06,Fashion,Backpack,124,1,124,West Malaysia,Pahang,TNG eWallet
ORD19591,2025-03-16,Electronics,Smartwatch,1818,1,1818,West Malaysia,Kuala Lumpur,GrabPay
ORD19592,2025-06-07,Home,Air Purifier,664,2,1328,West Malaysia,Kuala Lumpur,GrabPay
ORD19596,2025-02-11,Fashion,Sunglasses,290,4,1160,West Malaysia,Selangor,FPX
ORD19597,2025-03-16,Fashion,Sunglasses,79,1,79,West Malaysia,Melaka,FPX
ORD19598,2025-08-07,Home,Coffee Maker,515,2,1030,West Malaysia,Johor,FPX
ORD19599,2025-10-31,Home,Office Chair,242,3,726,West Malaysia,Pahang,FPX
ORD19600,2025-09-19,Home,Air Purifier,114,3,342,West Malaysia,Perak,FPX
ORD19601,2025-09-13,Fashion,Sunglasses,148,4,592,West Malaysia,Pahang,TNG eWallet
ORD19603,2025-09-13,Fashion,T-Shirt,180,4,720,West Malaysia,Penang,Credit Card
ORD19604,2025-03-24,Fashion,Sunglasses,327,1,327,West Malaysia,Pahang,Credit Card
ORD19610,2025-05-06,Home,Air Purifier,174,2,348,West Malaysia,Pahang,FPX
ORD19611,2025-12-23,Electronics,Smartphone,3121,1,3121,West Malaysia,Perak,GrabPay
ORD19612,2025-03-10,Electronics,Laptop,2755,4,11020,West Malaysia,Selangor,Credit Card
ORD19614,2025-02-12,Electronics,Smartwatch,2916,2,5832,West Malaysia,Perak,Credit Card
ORD19617,2025-09-12,Fashion,Backpack,143,2,286,West Malaysia,Pahang,GrabPay
ORD19619,2025-01-06,Fashion,Backpack,295,4,1180,West Malaysia,Melaka,GrabPay
ORD19620,2025-09-09,Electronics,Smartphone,1220,1,1220,West Malaysia,Selangor,GrabPay
ORD19621,2025-09-03,Home,Desk Lamp,555,2,1110,West Malaysia,Penang,FPX
ORD19623,2025-11-03,Electronics,Laptop,789,3,2367,West Malaysia,Pahang,FPX
ORD19625,2025-03-08,Home,Office Chair,323,2,646,West Malaysia,Kedah,Credit Card
ORD19627,2025-11-28,Fashion,Backpack,248,4,992,West Malaysia,Selangor,Credit Card
ORD19628,2025-07-14,Electronics,Wireless Earbuds,2060,2,4120,West Malaysia,Kedah,FPX
ORD19631,2025-01-16,Home,Office Chair,417,2,834,West Malaysia,Pahang,GrabPay
ORD19632,2025-11-09,Home,Air Purifier,359,4,1436,West Malaysia,Selangor,GrabPay
ORD19635,2025-12-22,Fashion,Backpack,322,2,644,West Malaysia,Johor,GrabPay
ORD19636,2025-10-29,Home,Air Purifier,431,1,431,West Malaysia,Melaka,Credit Card
ORD19638,2025-06-16,Home,Desk Lamp,537,4,2148,West Malaysia,Johor,GrabPay
ORD19639,2025-07-22,Fashion,Backpack,269,2,538,West Malaysia,Melaka,FPX
ORD19641,2025-06-19,Electronics,Smartwatch,1884,4,7536,West Malaysia,Melaka,TNG eWallet
ORD19642,2025-12-19,Electronics,Smartphone,898,2,1796,West Malaysia,Penang,GrabPay
ORD19645,2025-02-28,Home,Desk Lamp,497,2,994,West Malaysia,Pahang,FPX
ORD19651,2025-11-11,Home,Coffee Maker,620,2,1240,West Malaysia,Perak,TNG eWallet
ORD19652,2025-08-25,Electronics,Wireless Earbuds,4321,2,8642,West Malaysia,Pahang,FPX
ORD19654,2025-03-01,Fashion,Sunglasses,288,1,288,West Malaysia,Kuala Lumpur,FPX
ORD19656,2025-07-09,Electronics,Wireless Earbuds,2791,3,8373,West Malaysia,Perak,Credit Card
ORD19657,2025-08-13,Home,Air Purifier,208,3,624,West Malaysia,Johor,TNG eWallet
ORD19658,2025-03-11,Electronics,Wireless Earbuds,575,4,2300,West Malaysia,Melaka,Credit Card
ORD19661,2025-06-21,Home,Coffee Maker,697,3,2091,West Malaysia,Penang,FPX
ORD19664,2025-03-07,Home,Office Chair,391,1,391,West Malaysia,Johor,GrabPay
ORD19670,2025-04-19,Fashion,Backpack,253,1,253,West Malaysia,Kedah,FPX
ORD19671,2025-01-28,Electronics,Laptop,1209,2,2418,West Malaysia,Johor,TNG eWallet
ORD19672,2025-05-12,Electronics,Wireless Earbuds,2418,2,4836,West Malaysia,Perak,FPX
ORD19676,2025-06-05,Fashion,Sneakers,175,2,350,West Malaysia,Melaka,FPX
ORD19679,2025-07-11,Home,Air Purifier,781,3,2343,West Malaysia,Selangor,FPX
ORD19680,2025-06-03,Electronics,Laptop,340,4,1360,West Malaysia,Kuala Lumpur,Credit Card
ORD19681,2025-03-23,Electronics,Smartphone,711,4,2844,West Malaysia,Johor,TNG eWallet
ORD19682,2025-11-15,Home,Desk Lamp,599,4,2396,West Malaysia,Kuala Lumpur,FPX
ORD19683,2025-03-03,Electronics,Laptop,4055,1,4055,West Malaysia,Penang,TNG eWallet
ORD19686,2025-12-08,Fashion,Sneakers,114,4,456,West Malaysia,Perak,GrabPay
ORD19687,2025-12-05,Fashion,Backpack,63,4,252,West Malaysia,Kedah,GrabPay
ORD19690,2025-12-10,Home,Desk Lamp,702,2,1404,West Malaysia,Johor,Credit Card
ORD19691,2025-10-25,Home,Coffee Maker,272,1,272,West Malaysia,Johor,FPX
ORD19692,2025-11-15,Home,Desk Lamp,705,4,2820,West Malaysia,Perak,TNG eWallet
ORD19694,2025-08-10,Electronics,Smartwatch,1132,1,1132,West Malaysia,Penang,GrabPay
ORD19695,2025-05-26,Electronics,Wireless Earbuds,2600,2,5200,West Malaysia,Pahang,GrabPay
ORD19697,2025-03-20,Electronics,Smartphone,502,3,1506,West Malaysia,Kuala Lumpur,GrabPay
ORD19698,2025-01-02,Electronics,Smartphone,3841,3,11523,West Malaysia,Kuala Lumpur,GrabPay
ORD19699,2025-04-17,Fashion,T-Shirt,131,4,524,West Malaysia,Perak,FPX
ORD19700,2025-11-15,Fashion,Sneakers,305,3,915,West Malaysia,Perak,FPX
ORD19701,2025-04-09,Electronics,Smartphone,3176,2,6352,West Malaysia,Kuala Lumpur,Credit Card
ORD19702,2025-05-14,Electronics,Wireless Earbuds,3090,2,6180,West Malaysia,Melaka,GrabPay
ORD19706,2025-06-27,Fashion,Backpack,278,4,1112,West Malaysia,Melaka,TNG eWallet
ORD19708,2025-09-21,Fashion,Backpack,204,3,612,West Malaysia,Pahang,Credit Card
ORD19710,2025-05-29,Fashion,Sneakers,73,1,73,West Malaysia,Pahang,FPX
ORD19713,2025-05-01,Electronics,Wireless Earbuds,1063,1,1063,West Malaysia,Kuala Lumpur,GrabPay
ORD19715,2025-09-26,Electronics,Wireless Earbuds,480,4,1920,West Malaysia,Kedah,TNG eWallet
ORD19716,2025-04-22,Home,Office Chair,191,3,573,West Malaysia,Johor,TNG eWallet
ORD19720,2025-11-04,Home,Coffee Maker,151,4,604,West Malaysia,Johor,Credit Card
ORD19722,2025-01-04,Fashion,Sunglasses,134,2,268,West Malaysia,Selangor,FPX
ORD19723,2025-04-23,Home,Air Purifier,442,2,884,West Malaysia,Johor,TNG eWallet
ORD19724,2025-07-18,Fashion,Sunglasses,176,4,704,West Malaysia,Penang,GrabPay
ORD19729,2025-06-07,Electronics,Smartwatch,4059,2,8118,West Malaysia,Perak,Credit Card
ORD19735,2025-01-23,Electronics,Smartphone,4449,4,17796,West Malaysia,Kedah,FPX
ORD19736,2025-06-03,Fashion,Sunglasses,165,4,660,West Malaysia,Perak,TNG eWallet
ORD19741,2025-03-12,Fashion,Sneakers,214,2,428,West Malaysia,Perak,GrabPay
ORD19742,2025-09-24,Home,Air Purifier,557,2,1114,West Malaysia,Penang,Credit Card
ORD19745,2025-12-16,Home,Coffee Maker,259,4,1036,West Malaysia,Perak,TNG eWallet
ORD19746,2025-05-30,Electronics,Smartphone,996,2,1992,West Malaysia,Perak,Credit Card
ORD19747,2025-11-12,Home,Air Purifier,391,4,1564,West Malaysia,Johor,FPX
ORD19751,2025-11-13,Fashion,Backpack,266,4,1064,West Malaysia,Selangor,TNG eWallet
ORD19753,2025-07-10,Home,Desk Lamp,100,1,100,West Malaysia,Pahang,TNG eWallet
ORD19754,2025-02-03,Fashion,Backpack,286,2,572,West Malaysia,Kedah,TNG eWallet
ORD19755,2025-11-02,Electronics,Laptop,3019,4,12076,West Malaysia,Melaka,Credit Card
ORD19758,2025-10-23,Fashion,Sunglasses,263,1,263,West Malaysia,Kuala Lumpur,GrabPay
ORD19759,2025-10-04,Home,Coffee Maker,783,4,3132,West Malaysia,Penang,Credit Card
ORD19760,2025-10-15,Home,Office Chair,778,4,3112,West Malaysia,Penang,TNG eWallet
ORD19761,2025-11-16,Home,Office Chair,434,2,868,West Malaysia,Kedah,GrabPay
ORD19762,2025-11-06,Fashion,Sneakers,125,4,500,West Malaysia,Kuala Lumpur,Credit Card
ORD19763,2025-11-02,Fashion,Sunglasses,135,4,540,West Malaysia,Johor,TNG eWallet
ORD19764,2025-03-21,Fashion,T-Shirt,174,2,348,West Malaysia,Penang,TNG eWallet
ORD19765,2025-05-30,Electronics,Smartphone,2597,3,7791,West Malaysia,Kuala Lumpur,GrabPay
ORD19766,2025-07-26,Fashion,Sneakers,392,1,392,West Malaysia,Selangor,FPX
ORD19767,2025-07-17,Home,Desk Lamp,155,2,310,West Malaysia,Johor,Credit Card
ORD19772,2025-04-05,Home,Desk Lamp,698,3,2094,West Malaysia,Penang,TNG eWallet
ORD19773,2025-12-05,Fashion,Sunglasses,112,3,336,West Malaysia,Johor,Credit Card
ORD19774,2025-10-03,Electronics,Laptop,2302,4,9208,West Malaysia,Pahang,Credit Card
ORD19775,2025-10-30,Electronics,Smartphone,1696,3,5088,West Malaysia,Kuala Lumpur,TNG eWallet
ORD19777,2025-10-05,Fashion,T-Shirt,183,3,549,West Malaysia,Melaka,FPX
ORD19778,2025-06-30,Fashion,Backpack,203,1,203,West Malaysia,Pahang,FPX
ORD19779,2025-07-01,Home,Desk Lamp,283,1,283,West Malaysia,Kuala Lumpur,Credit Card
ORD19782,2025-02-05,Home,Coffee Maker,541,2,1082,West Malaysia,Penang,TNG eWallet
ORD19783,2025-09-03,Fashion,Sunglasses,212,2,424,West Malaysia,Johor,GrabPay
ORD19784,2025-12-15,Home,Coffee Maker,635,2,1270,West Malaysia,Kuala Lumpur,FPX
ORD19787,2025-04-08,Electronics,Wireless Earbuds,815,4,3260,West Malaysia,Kedah,TNG eWallet
ORD19790,2025-05-12,Electronics,Laptop,565,4,2260,West Malaysia,Penang,GrabPay
ORD19794,2025-12-15,Electronics,Smartwatch,3592,1,3592,West Malaysia,Pahang,Credit Card
ORD19795,2025-09-05,Home,Office Chair,468,1,468,West Malaysia,Kedah,FPX
ORD19796,2025-07-23,Home,Office Chair,425,3,1275,West Malaysia,Melaka,FPX
ORD19797,2025-11-23,Electronics,Smartphone,510,2,1020,West Malaysia,Selangor,Credit Card
ORD19799,2025-12-14,Fashion,Sneakers,65,1,65,West Malaysia,Melaka,GrabPay
ORD19802,2025-01-10,Fashion,Sneakers,226,4,904,West Malaysia,Selangor,Credit Card
ORD19803,2025-03-16,Home,Air Purifier,355,3,1065,West Malaysia,Johor,Credit Card
ORD19804,2025-05-06,Electronics,Smartphone,688,3,2064,West Malaysia,Kedah,FPX
ORD19805,2025-11-04,Home,Coffee Maker,786,2,1572,West Malaysia,Selangor,FPX
ORD19807,2025-12-23,Electronics,Laptop,899,2,1798,West Malaysia,Kedah,TNG eWallet
ORD19808,2025-02-25,Fashion,Backpack,234,4,936,West Malaysia,Penang,GrabPay
ORD19809,2025-02-16,Fashion,T-Shirt,200,4,800,West Malaysia,Johor,TNG eWallet
ORD19813,2025-08-22,Home,Office Chair,712,4,2848,West Malaysia,Melaka,GrabPay
ORD19815,2025-10-24,Electronics,Wireless Earbuds,2207,4,8828,West Malaysia,Penang,TNG eWallet
ORD19820,2025-07-26,Home,Desk Lamp,358,2,716,West Malaysia,Kedah,Credit Card
ORD19821,2025-05-29,Home,Air Purifier,550,2,1100,West Malaysia,Selangor,Credit Card
ORD19824,2025-09-08,Home,Coffee Maker,407,1,407,West Malaysia,Kuala Lumpur,Credit Card
ORD19825,2025-09-10,Electronics,Laptop,532,1,532,West Malaysia,Penang,FPX
ORD19828,2025-09-09,Home,Coffee Maker,492,4,1968,West Malaysia,Kedah,TNG eWallet
ORD19829,2025-04-23,Electronics,Smartphone,1654,1,1654,West Malaysia,Perak,GrabPay
ORD19830,2025-09-18,Home,Desk Lamp,129,1,129,West Malaysia,Johor,GrabPay
ORD19833,2025-05-04,Home,Coffee Maker,701,4,2804,West Malaysia,Kuala Lumpur,TNG eWallet
ORD19837,2025-04-27,Electronics,Wireless Earbuds,2425,4,9700,West Malaysia,Kedah,TNG eWallet
ORD19839,2025-02-16,Electronics,Smartwatch,3877,1,3877,West Malaysia,Pahang,TNG eWallet
ORD19840,2025-05-29,Electronics,Laptop,2268,2,4536,West Malaysia,Penang,GrabPay
ORD19841,2025-09-09,Fashion,Backpack,199,1,199,West Malaysia,Kuala Lumpur,TNG eWallet
ORD19842,2025-04-09,Fashion,Sunglasses,205,4,820,West Malaysia,Kuala Lumpur,GrabPay
ORD19845,2025-03-05,Fashion,Sneakers,400,4,1600,West Malaysia,Kuala Lumpur,GrabPay
ORD19846,2025-03-21,Fashion,Backpack,152,3,456,West Malaysia,Johor,GrabPay
ORD19848,2025-03-26,Home,Coffee Maker,613,4,2452,West Malaysia,Kuala Lumpur,Credit Card
ORD19849,2025-08-16,Electronics,Smartwatch,3273,4,13092,West Malaysia,Melaka,GrabPay
ORD19850,2025-10-18,Fashion,T-Shirt,344,4,1376,West Malaysia,Melaka,FPX
ORD19851,2025-11-30,Home,Desk Lamp,587,1,587,West Malaysia,Melaka,Credit Card
ORD19852,2025-05-13,Electronics,Wireless Earbuds,3872,2,7744,West Malaysia,Johor,FPX
ORD19853,2025-01-01,Electronics,Smartwatch,2479,3,7437,West Malaysia,Pahang,TNG eWallet
ORD19854,2025-03-20,Electronics,Smartphone,2949,1,2949,West Malaysia,Kedah,GrabPay
ORD19856,2025-07-18,Fashion,Sunglasses,160,4,640,West Malaysia,Melaka,FPX
ORD19857,2025-04-03,Home,Air Purifier,767,2,1534,West Malaysia,Perak,FPX
ORD19858,2025-04-09,Fashion,T-Shirt,134,4,536,West Malaysia,Penang,GrabPay
ORD19860,2025-05-12,Fashion,Sunglasses,225,3,675,West Malaysia,Johor,FPX
ORD19861,2025-07-15,Fashion,Sunglasses,258,4,1032,West Malaysia,Melaka,Credit Card
ORD19865,2025-12-10,Home,Air Purifier,797,3,2391,West Malaysia,Johor,GrabPay
ORD19870,2025-09-11,Fashion,Sneakers,220,1,220,West Malaysia,Perak,GrabPay
ORD19871,2025-01-07,Electronics,Laptop,3017,3,9051,West Malaysia,Johor,Credit Card
ORD19873,2025-11-21,Fashion,Backpack,378,2,756,West Malaysia,Pahang,FPX
ORD19875,2025-07-31,Electronics,Smartphone,4223,1,4223,West Malaysia,Kuala Lumpur,GrabPay
ORD19876,2025-01-06,Electronics,Smartwatch,1073,1,1073,West Malaysia,Melaka,GrabPay
ORD19877,2025-01-14,Home,Desk Lamp,606,3,1818,West Malaysia,Melaka,Credit Card
ORD19879,2025-03-18,Electronics,Wireless Earbuds,809,3,2427,West Malaysia,Selangor,GrabPay
ORD19880,2025-05-29,Electronics,Laptop,3409,2,6818,West Malaysia,Pahang,FPX
ORD19884,2025-08-27,Fashion,Sunglasses,84,1,84,West Malaysia,Selangor,FPX
ORD19886,2025-08-26,Electronics,Laptop,3065,1,3065,West Malaysia,Perak,TNG eWallet
ORD19887,2025-10-06,Home,Coffee Maker,716,2,1432,West Malaysia,Kuala Lumpur,Credit Card
ORD19891,2025-12-23,Home,Desk Lamp,765,4,3060,West Malaysia,Penang,Credit Card
ORD19892,2025-08-03,Home,Air Purifier,109,2,218,West Malaysia,Johor,GrabPay
ORD19893,2025-08-14,Home,Desk Lamp,388,2,776,West Malaysia,Kuala Lumpur,TNG eWallet
ORD19895,2025-09-10,Electronics,Laptop,2006,4,8024,West Malaysia,Penang,Credit Card
ORD19900,2025-11-08,Fashion,Backpack,253,4,1012,West Malaysia,Johor,Credit Card
ORD19902,2025-12-08,Fashion,Sunglasses,88,3,264,West Malaysia,Johor,TNG eWallet
ORD19903,2025-06-05,Electronics,Laptop,370,2,740,West Malaysia,Johor,TNG eWallet
ORD19906,2025-02-23,Electronics,Smartwatch,3154,3,9462,West Malaysia,Melaka,GrabPay
ORD19907,2025-12-27,Home,Desk Lamp,365,4,1460,West Malaysia,Kedah,TNG eWallet
ORD19908,2025-06-20,Electronics,Smartphone,1950,1,1950,West Malaysia,Melaka,FPX
ORD19911,2025-08-25,Home,Air Purifier,228,2,456,West Malaysia,Kuala Lumpur,GrabPay
ORD19916,2025-09-17,Home,Coffee Maker,574,2,1148,West Malaysia,Penang,GrabPay
ORD19917,2025-03-17,Electronics,Smartwatch,2560,1,2560,West Malaysia,Kuala Lumpur,TNG eWallet
ORD19919,2025-08-18,Home,Office Chair,393,3,1179,West Malaysia,Johor,GrabPay
ORD19920,2025-02-16,Electronics,Laptop,2885,1,2885,West Malaysia,Johor,GrabPay
ORD19921,2025-12-01,Home,Coffee Maker,430,4,1720,West Malaysia,Pahang,Credit Card
ORD19922,2025-06-23,Fashion,Backpack,121,2,242,West Malaysia,Selangor,Credit Card
ORD19924,2025-12-11,Fashion,T-Shirt,340,4,1360,West Malaysia,Pahang,GrabPay
ORD19927,2025-06-06,Home,Air Purifier,515,1,515,West Malaysia,Pahang,TNG eWallet
ORD19929,2025-10-14,Electronics,Smartwatch,1473,2,2946,West Malaysia,Selangor,FPX
ORD19930,2025-05-11,Home,Office Chair,384,1,384,West Malaysia,Johor,FPX
ORD19931,2025-12-23,Fashion,Sneakers,122,3,366,West Malaysia,Penang,Credit Card
ORD19932,2025-07-16,Fashion,Sunglasses,291,1,291,West Malaysia,Kuala Lumpur,FPX
ORD19933,2025-06-02,Home,Air Purifier,711,2,1422,West Malaysia,Kedah,TNG eWallet
ORD19935,2025-05-24,Electronics,Wireless Earbuds,641,4,2564,West Malaysia,Selangor,TNG eWallet
ORD19936,2025-11-09,Fashion,Backpack,367,1,367,West Malaysia,Melaka,GrabPay
ORD19939,2025-12-31,Fashion,T-Shirt,258,3,774,West Malaysia,Johor,Credit Card
ORD19940,2025-02-10,Fashion,Sneakers,173,4,692,West Malaysia,Kuala Lumpur,GrabPay
ORD19941,2025-04-16,Home,Office Chair,417,4,1668,West Malaysia,Kedah,TNG eWallet
ORD19948,2025-08-14,Electronics,Wireless Earbuds,1738,1,1738,West Malaysia,Kuala Lumpur,TNG eWallet
ORD19952,2025-02-12,Electronics,Laptop,2135,3,6405,West Malaysia,Perak,Credit Card
ORD19954,2025-02-03,Fashion,Sneakers,77,4,308,West Malaysia,Selangor,Credit Card
ORD19955,2025-03-11,Fashion,T-Shirt,58,2,116,West Malaysia,Selangor,FPX
ORD19960,2025-03-23,Fashion,T-Shirt,354,4,1416,West Malaysia,Johor,GrabPay
ORD19962,2025-04-15,Fashion,Backpack,229,2,458,West Malaysia,Johor,TNG eWallet
ORD19965,2025-08-16,Fashion,Backpack,244,1,244,West Malaysia,Selangor,FPX
ORD19968,2025-02-19,Fashion,T-Shirt,243,1,243,West Malaysia,Kuala Lumpur,Credit Card
ORD19970,2025-04-13,Electronics,Wireless Earbuds,4044,3,12132,West Malaysia,Perak,Credit Card
ORD19974,2025-01-14,Fashion,Backpack,133,3,399,West Malaysia,Pahang,FPX
ORD19977,2025-11-17,Home,Air Purifier,790,4,3160,West Malaysia,Kedah,GrabPay
ORD19978,2025-08-05,Fashion,T-Shirt,394,4,1576,West Malaysia,Penang,TNG eWallet
ORD19979,2025-08-11,Home,Coffee Maker,464,3,1392,West Malaysia,Perak,FPX
ORD19983,2025-04-08,Fashion,Sneakers,393,1,393,West Malaysia,Selangor,GrabPay
ORD19985,2025-07-09,Fashion,Backpack,80,2,160,West Malaysia,Pahang,Credit Card
ORD19990,2025-06-08,Fashion,Sneakers,238,2,476,West Malaysia,Perak,FPX
ORD19991,2025-11-05,Fashion,Backpack,231,4,924,West Malaysia,Melaka,Credit Card
ORD19992,2025-06-05,Home,Desk Lamp,551,2,1102,West Malaysia,Kuala Lumpur,GrabPay
ORD19995,2025-06-12,Fashion,Sunglasses,78,4,312,West Malaysia,Johor,GrabPay
ORD19996,2025-03-10,Home,Office Chair,720,4,2880,West Malaysia,Penang,Credit Card
