order_id,order_date,category,product_name,unit_price_rm,quantity,total_sales_rm,region,state,payment_method
ORD10000,2025-12-28,Electronics,Laptop,4404,2,8808,East Malaysia,Sarawak,GrabPay
ORD10001,2025-04-13,Home,Desk Lamp,698,2,1396,East Malaysia,Sabah,Credit Card
ORD10003,2025-03-25,Fashion,Sunglasses,85,1,85,East Malaysia,Sarawak,TNG eWallet
ORD10007,2025-02-15,Electronics,Smartwatch,4109,4,16436,East Malaysia,Sarawak,GrabPay
ORD10011,2025-05-19,Fashion,T-Shirt,173,1,173,East Malaysia,Sarawak,FPX
ORD10014,2025-05-20,Home,Coffee Maker,793,4,3172,East Malaysia,Sabah,FPX
ORD10015,2025-03-19,Fashion,Sneakers,95,3,285,East Malaysia,Sarawak,Credit Card
ORD10016,2025-02-09,Fashion,Sunglasses,84,2,168,East Malaysia,Sarawak,TNG eWallet
ORD10017,2025-07-22,Fashion,Backpack,90,4,360,East Malaysia,Sabah,FPX
ORD10018,2025-08-12,Fashion,Sunglasses,62,2,124,East Malaysia,Sabah,Credit Card
ORD10019,2025-11-23,Electronics,Wireless Earbuds,4314,4,17256,East Malaysia,Sarawak,FPX
ORD10022,2025-10-15,Fashion,Sneakers,292,1,292,East Malaysia,Sarawak,GrabPay
ORD10024,2025-02-13,Home,Desk Lamp,186,3,558,East Malaysia,Sabah,Credit Card
ORD10026,2025-07-31,Home,Coffee Maker,604,3,1812,East Malaysia,Sarawak,Credit Card
ORD10029,2025-02-19,Electronics,Wireless Earbuds,390,1,390,East Malaysia,Sabah,TNG eWallet
ORD10032,2025-09-26,Electronics,Smartwatch,2839,4,11356,East Malaysia,Sabah,Credit Card
ORD10033,2025-07-22,Home,Coffee Maker,668,3,2004,East Malaysia,Sarawak,Credit Card
ORD10044,2025-07-05,Electronics,Wireless Earbuds,1868,3,5604,East Malaysia,Sarawak,FPX
ORD10045,2025-11-11,Electronics,Smartphone,3592,2,7184,East Malaysia,Sarawak,GrabPay
ORD10049,2025-03-21,Electronics,Smartwatch,1268,4,5072,East Malaysia,Sabah,Credit Card
ORD10050,2025-10-27,Home,Coffee Maker,395,3,1185,East Malaysia,Sabah,GrabPay
ORD10052,2025-12-09,Fashion,Backpack,125,2,250,East Malaysia,Sabah,TNG eWallet
ORD10053,2025-06-22,Home,Desk Lamp,665,3,1995,East Malaysia,Sarawak,Credit Card
ORD10056,2025-07-02,Electronics,Laptop,4234,4,16936,East Malaysia,Sabah,TNG eWallet
ORD10057,2025-01-30,Home,Air Purifier,380,1,380,East Malaysia,Sarawak,Credit Card
ORD10059,2025-12-13,Electronics,Smartwatch,2927,3,8781,East Malaysia,Sarawak,FPX
ORD10060,2025-03-29,Fashion,Sneakers,261,1,261,East Malaysia,Sarawak,FPX
ORD10062,2025-12-27,Fashion,Sneakers,228,4,912,East Malaysia,Sabah,TNG eWallet
ORD10064,2025-04-28,Fashion,T-Shirt,256,4,1024,East Malaysia,Sabah,Credit Card
ORD10065,2025-03-30,Electronics,Laptop,2014,1,2014,East Malaysia,Sabah,Credit Card
ORD10066,2025-10-16,Electronics,Smartwatch,3586,4,14344,East Malaysia,Sabah,GrabPay
ORD10067,2025-10-22,Home,Air Purifier,377,2,754,East Malaysia,Sarawak,Credit Card
ORD10068,2025-09-16,Home,Air Purifier,685,1,685,East Malaysia,Sarawak,TNG eWallet
ORD10069,2025-01-26,Fashion,Sneakers,69,2,138,East Malaysia,Sabah,Credit Card
ORD10071,2025-06-29,Home,Air Purifier,407,2,814,East Malaysia,Sabah,FPX
ORD10072,2025-02-16,Home,Desk Lamp,115,3,345,East Malaysia,Sarawak,Credit Card
ORD10074,2025-05-15,Fashion,Sunglasses,323,1,323,East Malaysia,Sabah,Credit Card
ORD10075,2025-12-12,Electronics,Laptop,3022,1,3022,East Malaysia,Sabah,FPX
ORD10076,2025-12-25,Home,Office Chair,574,1,574,East Malaysia,Sabah,Credit Card
ORD10077,2025-02-01,Fashion,Backpack,289,1,289,East Malaysia,Sabah,GrabPay
ORD10078,2025-02-10,Fashion,Backpack,285,2,570,East Malaysia,Sabah,FPX
ORD10081,2025-01-02,Fashion,Sunglasses,376,2,752,East Malaysia,Sarawak,TNG eWallet
ORD10083,2025-10-27,Home,Air Purifier,215,4,860,East Malaysia,Sabah,Credit Card
ORD10085,2025-04-20,Electronics,Laptop,2011,1,2011,East Malaysia,Sarawak,FPX
ORD10086,2025-02-10,Electronics,Laptop,3823,2,7646,East Malaysia,Sarawak,Credit Card
ORD10088,2025-07-15,Fashion,Sunglasses,330,1,330,East Malaysia,Sabah,TNG eWallet
ORD10089,2025-09-25,Fashion,Sunglasses,314,3,942,East Malaysia,Sabah,Credit Card
ORD10093,2025-04-04,Home,Air Purifier,125,1,125,East Malaysia,Sarawak,Credit Card
ORD10095,2025-11-30,Fashion,Backpack,378,2,756,East Malaysia,Sarawak,TNG eWallet
ORD10096,2025-02-01,Home,Air Purifier,292,1,292,East Malaysia,Sabah,Credit Card
ORD10097,2025-08-18,Fashion,Backpack,263,1,263,East Malaysia,Sarawak,GrabPay
ORD10098,2025-10-09,Electronics,Wireless Earbuds,1616,3,4848,East Malaysia,Sabah,GrabPay
ORD10100,2025-02-06,Fashion,Backpack,94,4,376,East Malaysia,Sarawak,TNG eWallet
ORD10101,2025-09-17,Fashion,Sneakers,98,1,98,East Malaysia,Sarawak,TNG eWallet
ORD10103,2025-06-16,Electronics,Smartwatch,1227,1,1227,East Malaysia,Sabah,GrabPay
ORD10104,2025-07-09,Electronics,Laptop,2150,2,4300,East Malaysia,Sarawak,Credit Card
ORD10105,2025-02-19,Fashion,Sneakers,232,3,696,East Malaysia,Sarawak,FPX
ORD10112,2025-04-23,Electronics,Laptop,2006,4,8024,East Malaysia,Sabah,TNG eWallet
ORD10117,2025-06-26,Electronics,Smartphone,2093,3,6279,East Malaysia,Sabah,Credit Card
ORD10118,2025-01-17,Home,Coffee Maker,149,4,596,East Malaysia,Sarawak,Credit Card
ORD10120,2025-04-04,Home,Desk Lamp,736,2,1472,East Malaysia,Sarawak,FPX
ORD10121,2025-04-12,Electronics,Smartphone,1910,1,1910,East Malaysia,Sabah,FPX
ORD10123,2025-09-04,Home,Desk Lamp,481,2,962,East Malaysia,Sabah,TNG eWallet
ORD10124,2025-03-13,Home,Office Chair,229,3,687,East Malaysia,Sabah,FPX
ORD10125,2025-07-25,Fashion,Sneakers,294,1,294,East Malaysia,Sabah,GrabPay
ORD10128,2025-03-03,Home,Office Chair,340,1,340,East Malaysia,Sabah,Credit Card
ORD10129,2025-12-28,Home,Office Chair,334,1,334,East Malaysia,Sarawak,Credit Card
ORD10131,2025-10-31,Electronics,Smartwatch,1486,2,2972,East Malaysia,Sarawak,TNG eWallet
ORD10135,2025-05-29,Fashion,Sneakers,361,4,1444,East Malaysia,Sarawak,Credit Card
ORD10139,2025-10-22,Home,Office Chair,546,3,1638,East Malaysia,Sarawak,GrabPay
ORD10140,2025-12-22,Fashion,T-Shirt,252,3,756,East Malaysia,Sarawak,GrabPay
ORD10143,2025-02-04,Home,Desk Lamp,165,3,495,East Malaysia,Sabah,TNG eWallet
ORD10144,2025-03-24,Electronics,Wireless Earbuds,2520,2,5040,East Malaysia,Sarawak,Credit Card
ORD10145,2025-06-14,Fashion,Backpack,294,4,1176,East Malaysia,Sabah,FPX
ORD10146,2025-07-07,Fashion,T-Shirt,339,3,1017,East Malaysia,Sabah,Credit Card
ORD10147,2025-02-04,Home,Office Chair,453,2,906,East Malaysia,Sabah,Credit Card
ORD10148,2026-01-01,Home,Office Chair,623,4,2492,East Malaysia,Sarawak,GrabPay
ORD10152,2025-06-23,Electronics,Laptop,1088,4,4352,East Malaysia,Sabah,GrabPay
ORD10153,2025-04-08,Electronics,Smartwatch,989,4,3956,East Malaysia,Sabah,GrabPay
ORD10160,2025-05-20,Electronics,Wireless Earbuds,3524,1,3524,East Malaysia,Sabah,FPX
ORD10161,2025-02-05,Home,Desk Lamp,140,3,420,East Malaysia,Sarawak,TNG eWallet
ORD10162,2025-01-28,Home,Coffee Maker,544,3,1632,East Malaysia,Sarawak,FPX
ORD10163,2025-10-02,Electronics,Smartwatch,334,1,334,East Malaysia,Sabah,GrabPay
ORD10165,2025-09-01,Home,Air Purifier,441,2,882,East Malaysia,Sabah,TNG eWallet
ORD10166,2025-06-04,Fashion,T-Shirt,165,2,330,East Malaysia,Sabah,FPX
ORD10171,2025-09-17,Fashion,Sneakers,104,4,416,East Malaysia,Sarawak,Credit Card
ORD10174,2025-12-18,Home,Desk Lamp,265,3,795,East Malaysia,Sabah,Credit Card
ORD10175,2025-06-25,Home,Office Chair,685,3,2055,East Malaysia,Sabah,Credit Card
ORD10176,2025-12-21,Home,Air Purifier,590,1,590,East Malaysia,Sabah,GrabPay
ORD10179,2025-03-19,Home,Desk Lamp,798,4,3192,East Malaysia,Sarawak,TNG eWallet
ORD10181,2025-03-05,Electronics,Laptop,4107,3,12321,East Malaysia,Sarawak,GrabPay
ORD10182,2025-05-28,Electronics,Smartwatch,2511,4,10044,East Malaysia,Sabah,TNG eWallet
ORD10187,2025-09-30,Electronics,Smartwatch,2124,4,8496,East Malaysia,Sabah,Credit Card
ORD10188,2025-06-26,Home,Air Purifier,275,1,275,East Malaysia,Sarawak,Credit Card
ORD10192,2025-03-23,Home,Coffee Maker,688,2,1376,East Malaysia,Sarawak,TNG eWallet
ORD10193,2025-01-12,Electronics,Smartwatch,4222,1,4222,East Malaysia,Sabah,Credit Card
ORD10196,2025-04-18,Home,Air Purifier,457,3,1371,East Malaysia,Sarawak,TNG eWallet
ORD10198,2025-01-02,Home,Desk Lamp,769,2,1538,East Malaysia,Sarawak,GrabPay
ORD10204,2025-01-16,Electronics,Smartwatch,1631,3,4893,East Malaysia,Sarawak,FPX
ORD10205,2025-11-15,Fashion,Sneakers,373,3,1119,East Malaysia,Sabah,FPX
ORD10206,2025-11-03,Electronics,Smartwatch,2381,4,9524,East Malaysia,Sabah,GrabPay
ORD10210,2025-11-02,Fashion,Sunglasses,269,4,1076,East Malaysia,Sarawak,TNG eWallet
ORD10211,2025-03-28,Fashion,Backpack,388,2,776,East Malaysia,Sarawak,TNG eWallet
ORD10213,2025-08-17,Electronics,Laptop,1493,4,5972,East Malaysia,Sarawak,TNG eWallet
ORD10214,2025-05-02,Electronics,Smartwatch,2605,1,2605,East Malaysia,Sarawak,Credit Card
ORD10216,2025-09-03,Electronics,Laptop,1737,1,1737,East Malaysia,Sarawak,Credit Card
ORD10219,2025-04-14,Home,Office Chair,350,1,350,East Malaysia,Sabah,Credit Card
ORD10222,2025-08-14,Home,Air Purifier,103,2,206,East Malaysia,Sarawak,GrabPay
ORD10223,2025-07-23,Electronics,Smartphone,3659,3,10977,East Malaysia,Sarawak,TNG eWallet
ORD10224,2025-03-04,Fashion,Sunglasses,272,4,1088,East Malaysia,Sarawak,FPX
ORD10227,2025-02-24,Electronics,Wireless Earbuds,2830,4,11320,East Malaysia,Sarawak,TNG eWallet
ORD10228,2025-10-16,Home,Air Purifier,743,4,2972,East Malaysia,Sabah,TNG eWallet
ORD10229,2025-11-07,Electronics,Wireless Earbuds,2667,3,8001,East Malaysia,Sabah,Credit Card
ORD10230,2025-01-07,Fashion,Sneakers,164,3,492,East Malaysia,Sarawak,GrabPay
ORD10233,2025-10-14,Fashion,Sneakers,253,4,1012,East Malaysia,Sabah,Credit Card
ORD10238,2025-05-06,Home,Coffee Maker,442,2,884,East Malaysia,Sabah,TNG eWallet
ORD10239,2025-04-16,Electronics,Smartphone,2907,1,2907,East Malaysia,Sarawak,Credit Card
ORD10240,2025-04-13,Electronics,Smartphone,1088,4,4352,East Malaysia,Sabah,Credit Card
ORD10242,2025-04-27,Fashion,Backpack,114,1,114,East Malaysia,Sarawak,TNG eWallet
ORD10243,2025-06-10,Fashion,Sneakers,241,4,964,East Malaysia,Sabah,FPX
ORD10247,2025-07-15,Fashion,Sneakers,160,1,160,East Malaysia,Sarawak,FPX
ORD10248,2025-08-31,Fashion,Backpack,155,1,155,East Malaysia,Sabah,GrabPay
ORD10250,2025-05-04,Fashion,Sneakers,170,1,170,East Malaysia,Sarawak,FPX
ORD10251,2025-01-11,Electronics,Smartwatch,3841,4,15364,East Malaysia,Sabah,GrabPay
ORD10254,2025-02-20,Electronics,Wireless Earbuds,1836,1,1836,East Malaysia,Sarawak,FPX
ORD10256,2025-12-16,Home,Air Purifier,727,4,2908,East Malaysia,Sabah,TNG eWallet
ORD10258,2025-05-02,Home,Coffee Maker,324,1,324,East Malaysia,Sarawak,TNG eWallet
ORD10259,2025-08-22,Electronics,Laptop,1570,3,4710,East Malaysia,Sabah,TNG eWallet
ORD10260,2025-09-09,Home,Desk Lamp,149,3,447,East Malaysia,Sarawak,GrabPay
ORD10261,2025-09-13,Electronics,Wireless Earbuds,3879,2,7758,East Malaysia,Sarawak,TNG eWallet
ORD10262,2025-02-01,Fashion,Backpack,285,3,855,East Malaysia,Sabah,FPX
ORD10264,2025-11-23,Fashion,Sunglasses,331,3,993,East Malaysia,Sabah,TNG eWallet
ORD10265,2025-04-02,Home,Coffee Maker,592,2,1184,East Malaysia,Sarawak,FPX
ORD10266,2025-04-13,Electronics,Smartphone,2582,1,2582,East Malaysia,Sarawak,Credit Card
ORD10267,2025-03-01,Electronics,Smartwatch,3208,2,6416,East Malaysia,Sabah,FPX
ORD10269,2025-05-13,Fashion,Backpack,156,2,312,East Malaysia,Sabah,Credit Card
ORD10270,2025-11-26,Fashion,T-Shirt,275,4,1100,East Malaysia,Sabah,GrabPay
ORD10272,2025-11-05,Fashion,Backpack,344,2,688,East Malaysia,Sabah,GrabPay
ORD10274,2025-02-15,Home,Coffee Maker,386,1,386,East Malaysia,Sarawak,Credit Card
ORD10276,2025-12-16,Electronics,Laptop,3089,2,6178,East Malaysia,Sarawak,Credit Card
ORD10281,2025-04-18,Electronics,Smartphone,3188,3,9564,East Malaysia,Sarawak,FPX
ORD10283,2025-09-16,Home,Coffee Maker,570,3,1710,East Malaysia,Sarawak,FPX
ORD10284,2025-01-17,Electronics,Wireless Earbuds,1151,3,3453,East Malaysia,Sarawak,Credit Card
ORD10287,2025-04-29,Home,Air Purifier,160,1,160,East Malaysia,Sarawak,TNG eWallet
ORD10288,2025-06-09,Fashion,Sneakers,79,3,237,East Malaysia,Sarawak,FPX
ORD10290,2025-08-10,Fashion,Sunglasses,210,4,840,East Malaysia,Sarawak,GrabPay
ORD10291,2025-08-29,Home,Coffee Maker,372,4,1488,East Malaysia,Sarawak,TNG eWallet
ORD10292,2025-05-04,Fashion,Backpack,81,2,162,East Malaysia,Sarawak,Credit Card
ORD10294,2026-01-01,Fashion,Backpack,379,1,379,East Malaysia,Sarawak,TNG eWallet
ORD10296,2025-01-06,Electronics,Smartphone,1572,1,1572,East Malaysia,Sabah,Credit Card
ORD10297,2025-02-28,Fashion,Backpack,59,4,236,East Malaysia,Sabah,TNG eWallet
ORD10298,2025-08-03,Fashion,T-Shirt,58,1,58,East Malaysia,Sarawak,FPX
ORD10305,2025-02-04,Electronics,Smartphone,1959,1,1959,East Malaysia,Sarawak,GrabPay
ORD10306,2025-09-30,Home,Office Chair,248,1,248,East Malaysia,Sarawak,FPX
ORD10313,2025-10-25,Electronics,Laptop,569,1,569,East Malaysia,Sabah,FPX
ORD10314,2025-06-14,Electronics,Smartphone,2694,3,8082,East Malaysia,Sabah,Credit Card
ORD10316,2025-05-02,Electronics,Smartwatch,3578,1,3578,East Malaysia,Sarawak,Credit Card
ORD10317,2025-08-04,Fashion,Sunglasses,312,1,312,East Malaysia,Sarawak,Credit Card
ORD10318,2025-02-27,Fashion,T-Shirt,158,3,474,East Malaysia,Sabah,FPX
ORD10319,2025-08-20,Fashion,Backpack,257,1,257,East Malaysia,Sarawak,GrabPay
ORD10320,2025-07-26,Home,Air Purifier,301,1,301,East Malaysia,Sarawak,GrabPay
ORD10321,2025-07-30,Fashion,Backpack,301,1,301,East Malaysia,Sarawak,TNG eWallet
ORD10323,2025-01-04,Fashion,Sneakers,183,2,366,East Malaysia,Sarawak,GrabPay
ORD10324,2025-07-28,Home,Office Chair,304,4,1216,East Malaysia,Sarawak,FPX
ORD10325,2025-02-14,Home,Coffee Maker,200,1,200,East Malaysia,Sarawak,TNG eWallet
ORD10327,2025-03-23,Electronics,Wireless Earbuds,3205,4,12820,East Malaysia,Sarawak,GrabPay
ORD10328,2025-07-10,Electronics,Laptop,1200,1,1200,East Malaysia,Sarawak,Credit Card
ORD10329,2025-10-14,Home,Desk Lamp,457,3,1371,East Malaysia,Sabah,TNG eWallet
ORD10331,2025-09-25,Home,Coffee Maker,371,1,371,East Malaysia,Sarawak,GrabPay
ORD10340,2025-08-18,Fashion,Backpack,190,1,190,East Malaysia,Sarawak,FPX
ORD10342,2025-11-17,Home,Air Purifier,163,4,652,East Malaysia,Sabah,GrabPay
ORD10348,2025-06-02,Home,Office Chair,129,2,258,East Malaysia,Sarawak,GrabPay
ORD10349,2025-01-06,Fashion,Sunglasses,164,4,656,East Malaysia,Sarawak,TNG eWallet
ORD10350,2025-02-13,Fashion,Sunglasses,291,3,873,East Malaysia,Sabah,FPX
ORD10351,2025-01-01,Fashion,Sunglasses,73,4,292,East Malaysia,Sabah,FPX
ORD10352,2025-07-21,Electronics,Smartphone,714,1,714,East Malaysia,Sabah,FPX
ORD10355,2025-06-17,Electronics,Smartphone,552,2,1104,East Malaysia,Sabah,GrabPay
ORD10362,2025-11-21,Home,Air Purifier,581,3,1743,East Malaysia,Sabah,FPX
ORD10363,2025-04-21,Home,Office Chair,457,4,1828,East Malaysia,Sabah,TNG eWallet
ORD10364,2025-05-24,Fashion,T-Shirt,213,4,852,East Malaysia,Sarawak,Credit Card
ORD10366,2025-05-08,Electronics,Wireless Earbuds,1958,4,7832,East Malaysia,Sabah,TNG eWallet
ORD10367,2025-03-25,Electronics,Laptop,2132,3,6396,East Malaysia,Sarawak,GrabPay
ORD10368,2025-02-04,Home,Office Chair,656,2,1312,East Malaysia,Sarawak,TNG eWallet
ORD10371,2025-06-09,Electronics,Smartphone,4343,4,17372,East Malaysia,Sabah,GrabPay
ORD10372,2025-03-10,Fashion,Sneakers,334,3,1002,East Malaysia,Sarawak,FPX
ORD10374,2025-02-06,Fashion,Sunglasses,235,3,705,East Malaysia,Sabah,FPX
ORD10378,2025-01-05,Fashion,T-Shirt,381,1,381,East Malaysia,Sarawak,FPX
ORD10381,2025-05-22,Fashion,T-Shirt,147,4,588,East Malaysia,Sabah,GrabPay
ORD10382,2025-12-28,Home,Office Chair,640,1,640,East Malaysia,Sabah,GrabPay
ORD10386,2025-09-03,Home,Desk Lamp,681,4,2724,East Malaysia,Sabah,Credit Card
ORD10387,2025-08-22,Electronics,Wireless Earbuds,2810,1,2810,East Malaysia,Sarawak,FPX
ORD10388,2025-11-25,Electronics,Smartwatch,1996,1,1996,East Malaysia,Sabah,FPX
ORD10389,2025-02-08,Electronics,Wireless Earbuds,426,3,1278,East Malaysia,Sarawak,Credit Card
ORD10391,2025-03-13,Home,Office Chair,517,2,1034,East Malaysia,Sarawak,Credit Card
ORD10393,2025-10-14,Electronics,Wireless Earbuds,879,1,879,East Malaysia,Sabah,Credit Card
ORD10395,2025-03-13,Home,Air Purifier,505,3,1515,East Malaysia,Sabah,FPX
ORD10397,2025-03-24,Electronics,Smartphone,901,3,2703,East Malaysia,Sarawak,FPX
ORD10399,2025-10-09,Electronics,Wireless Earbuds,2077,4,8308,East Malaysia,Sabah,GrabPay
ORD10400,2025-09-29,Fashion,Backpack,220,3,660,East Malaysia,Sarawak,Credit Card
ORD10401,2025-09-17,Fashion,Sneakers,220,3,660,East Malaysia,Sarawak,Credit Card
ORD10402,2025-08-06,Home,Desk Lamp,707,4,2828,East Malaysia,Sarawak,Credit Card
ORD10405,2025-02-07,Home,Office Chair,302,4,1208,East Malaysia,Sabah,Credit Card
ORD10406,2025-02-23,Home,Coffee Maker,212,3,636,East Malaysia,Sarawak,FPX
ORD10408,2025-07-02,Home,Coffee Maker,367,3,1101,East Malaysia,Sabah,Credit Card
ORD10409,2025-12-16,Fashion,T-Shirt,100,4,400,East Malaysia,Sarawak,TNG eWallet
ORD10410,2025-07-05,Electronics,Laptop,2213,2,4426,East Malaysia,Sabah,Credit Card
ORD10412,2025-09-04,Fashion,Sneakers,321,4,1284,East Malaysia,Sarawak,Credit Card
ORD10413,2025-07-07,Electronics,Wireless Earbuds,4311,4,17244,East Malaysia,Sarawak,TNG eWallet
ORD10415,2025-09-17,Electronics,Smartphone,3200,3,9600,East Malaysia,Sabah,GrabPay
ORD10416,2025-01-23,Home,Desk Lamp,251,1,251,East Malaysia,Sabah,FPX
ORD10417,2025-10-11,Fashion,Sneakers,53,1,53,East Malaysia,Sabah,FPX
ORD10420,2025-08-29,Fashion,Backpack,204,1,204,East Malaysia,Sarawak,Credit Card
ORD10421,2025-10-13,Home,Office Chair,419,4,1676,East Malaysia,Sabah,GrabPay
ORD10423,2025-11-10,Electronics,Smartwatch,582,1,582,East Malaysia,Sarawak,GrabPay
ORD10424,2025-03-07,Fashion,Backpack,390,1,390,East Malaysia,Sarawak,FPX
ORD10426,2025-11-18,Fashion,T-Shirt,70,1,70,East Malaysia,Sabah,Credit Card
ORD10427,2025-06-11,Fashion,Backpack,344,3,1032,East Malaysia,Sabah,Credit Card
ORD10429,2025-11-12,Fashion,T-Shirt,185,2,370,East Malaysia,Sabah,Credit Card
ORD10430,2025-12-18,Home,Coffee Maker,553,3,1659,East Malaysia,Sarawak,FPX
ORD10437,2025-11-15,Fashion,T-Shirt,157,3,471,East Malaysia,Sabah,TNG eWallet
ORD10442,2025-04-08,Home,Coffee Maker,181,4,724,East Malaysia,Sarawak,Credit Card
ORD10443,2025-09-15,Electronics,Smartphone,4284,1,4284,East Malaysia,Sabah,FPX
ORD10444,2025-04-11,Electronics,Smartwatch,2908,1,2908,East Malaysia,Sabah,Credit Card
ORD10445,2025-03-09,Electronics,Smartphone,1333,4,5332,East Malaysia,Sabah,Credit Card
ORD10447,2025-08-23,Electronics,Wireless Earbuds,4494,4,17976,East Malaysia,Sarawak,FPX
ORD10448,2025-08-14,Fashion,T-Shirt,205,2,410,East Malaysia,Sarawak,FPX
ORD10450,2025-05-14,Home,Coffee Maker,544,2,1088,East Malaysia,Sarawak,TNG eWallet
ORD10452,2025-02-12,Fashion,Backpack,123,1,123,East Malaysia,Sarawak,TNG eWallet
ORD10453,2025-10-15,Electronics,Smartwatch,2503,1,2503,East Malaysia,Sabah,Credit Card
ORD10454,2025-07-04,Home,Desk Lamp,769,4,3076,East Malaysia,Sabah,FPX
ORD10455,2025-10-28,Home,Coffee Maker,126,2,252,East Malaysia,Sarawak,TNG eWallet
ORD10456,2025-01-18,Fashion,T-Shirt,81,2,162,East Malaysia,Sabah,FPX
ORD10457,2025-06-08,Home,Air Purifier,456,1,456,East Malaysia,Sarawak,Credit Card
ORD10458,2025-12-12,Fashion,Sunglasses,396,3,1188,East Malaysia,Sabah,TNG eWallet
ORD10459,2025-07-25,Electronics,Laptop,850,1,850,East Malaysia,Sarawak,TNG eWallet
ORD10461,2025-08-23,Fashion,Sunglasses,376,1,376,East Malaysia,Sarawak,FPX
ORD10463,2025-01-04,Home,Air Purifier,293,3,879,East Malaysia,Sarawak,FPX
ORD10464,2025-02-16,Home,Air Purifier,483,3,1449,East Malaysia,Sarawak,FPX
ORD10467,2025-02-14,Home,Desk Lamp,751,3,2253,East Malaysia,Sabah,TNG eWallet
ORD10468,2025-04-29,Home,Air Purifier,343,4,1372,East Malaysia,Sarawak,TNG eWallet
ORD10470,2025-01-20,Electronics,Wireless Earbuds,2628,2,5256,East Malaysia,Sarawak,GrabPay
ORD10471,2025-05-31,Electronics,Laptop,4401,1,4401,East Malaysia,Sarawak,Credit Card
ORD10473,2025-09-29,Electronics,Wireless Earbuds,2932,1,2932,East Malaysia,Sarawak,TNG eWallet
ORD10477,2025-08-25,Electronics,Smartwatch,2400,1,2400,East Malaysia,Sarawak,FPX
ORD10479,2025-11-13,Home,Office Chair,490,2,980,East Malaysia,Sabah,FPX
ORD10480,2025-08-14,Electronics,Laptop,2713,2,5426,East Malaysia,Sarawak,FPX
ORD10481,2025-03-08,Electronics,Laptop,2270,2,4540,East Malaysia,Sabah,TNG eWallet
ORD10482,2025-09-11,Electronics,Smartphone,1045,2,2090,East Malaysia,Sarawak,GrabPay
ORD10483,2025-09-04,Home,Air Purifier,728,4,2912,East Malaysia,Sabah,Credit Card
ORD10484,2025-04-18,Fashion,Sneakers,349,1,349,East Malaysia,Sabah,TNG eWallet
ORD10485,2025-05-10,Electronics,Smartwatch,4196,2,8392,East Malaysia,Sarawak,GrabPay
ORD10491,2025-02-25,Home,Desk Lamp,292,3,876,East Malaysia,Sabah,GrabPay
ORD10493,2025-03-16,Fashion,T-Shirt,134,1,134,East Malaysia,Sabah,Credit Card
ORD10496,2025-07-10,Home,Coffee Maker,365,2,730,East Malaysia,Sabah,GrabPay
ORD10497,2025-03-06,Home,Office Chair,189,4,756,East Malaysia,Sarawak,FPX
ORD10504,2025-11-22,Electronics,Wireless Earbuds,3382,1,3382,East Malaysia,Sarawak,GrabPay
ORD10505,2025-11-08,Electronics,Smartwatch,3030,4,12120,East Malaysia,Sabah,Credit Card
ORD10506,2025-02-03,Home,Air Purifier,359,3,1077,East Malaysia,Sabah,GrabPay
ORD10509,2025-10-27,Electronics,Laptop,1359,2,2718,East Malaysia,Sarawak,FPX
ORD10514,2025-07-05,Fashion,Sunglasses,359,3,1077,East Malaysia,Sabah,FPX
ORD10516,2025-11-03,Home,Coffee Maker,780,1,780,East Malaysia,Sabah,Credit Card
ORD10517,2025-10-03,Fashion,Backpack,103,4,412,East Malaysia,Sabah,TNG eWallet
ORD10520,2025-10-17,Home,Office Chair,140,3,420,East Malaysia,Sabah,Credit Card
ORD10521,2025-08-03,Fashion,Backpack,340,4,1360,East Malaysia,Sarawak,Credit Card
ORD10522,2025-04-05,Fashion,T-Shirt,250,1,250,East Malaysia,Sarawak,FPX
ORD10523,2025-05-13,Fashion,Sneakers,201,1,201,East Malaysia,Sarawak,GrabPay
ORD10524,2025-08-18,Fashion,Sneakers,109,4,436,East Malaysia,Sarawak,GrabPay
ORD10525,2025-11-12,Home,Air Purifier,488,1,488,East Malaysia,Sabah,TNG eWallet
ORD10526,2025-09-18,Home,Office Chair,102,3,306,East Malaysia,Sarawak,GrabPay
ORD10528,2025-01-08,Home,Coffee Maker,476,3,1428,East Malaysia,Sarawak,FPX
ORD10530,2025-10-23,Fashion,Sneakers,194,1,194,East Malaysia,Sarawak,FPX
ORD10531,2025-01-20,Electronics,Smartphone,4237,2,8474,East Malaysia,Sabah,Credit Card
ORD10534,2025-10-16,Electronics,Smartwatch,2950,4,11800,East Malaysia,Sabah,FPX
ORD10535,2025-04-12,Fashion,Sunglasses,133,1,133,East Malaysia,Sabah,TNG eWallet
ORD10536,2025-02-24,Electronics,Laptop,4276,2,8552,East Malaysia,Sabah,FPX
ORD10537,2025-05-23,Home,Desk Lamp,794,4,3176,East Malaysia,Sarawak,FPX
ORD10538,2025-07-10,Electronics,Smartwatch,3257,2,6514,East Malaysia,Sarawak,FPX
ORD10543,2025-08-10,Fashion,Backpack,152,2,304,East Malaysia,Sabah,Credit Card
ORD10544,2025-09-24,Electronics,Smartphone,1675,3,5025,East Malaysia,Sarawak,TNG eWallet
ORD10549,2025-12-09,Fashion,Backpack,355,1,355,East Malaysia,Sarawak,FPX
ORD10550,2025-01-31,Home,Coffee Maker,135,2,270,East Malaysia,Sabah,TNG eWallet
ORD10551,2025-05-22,Home,Desk Lamp,697,1,697,East Malaysia,Sabah,GrabPay
ORD10556,2025-10-22,Fashion,Sneakers,319,4,1276,East Malaysia,Sabah,TNG eWallet
ORD10557,2025-11-18,Fashion,Backpack,64,1,64,East Malaysia,Sarawak,FPX
ORD10558,2025-05-09,Fashion,Backpack,340,4,1360,East Malaysia,Sabah,FPX
ORD10560,2025-07-14,Fashion,Sunglasses,312,2,624,East Malaysia,Sarawak,Credit Card
ORD10567,2025-02-01,Home,Air Purifier,496,2,992,East Malaysia,Sarawak,Credit Card
ORD10571,2025-05-22,Fashion,Backpack,192,4,768,East Malaysia,Sabah,GrabPay
ORD10572,2025-04-06,Fashion,Sunglasses,375,4,1500,East Malaysia,Sarawak,FPX
ORD10573,2025-11-30,Home,Coffee Maker,173,1,173,East Malaysia,Sarawak,GrabPay
ORD10576,2025-12-11,Fashion,T-Shirt,50,2,100,East Malaysia,Sabah,Credit Card
ORD10578,2025-11-01,Home,Desk Lamp,543,1,543,East Malaysia,Sarawak,TNG eWallet
ORD10583,2025-08-14,Fashion,Backpack,127,1,127,East Malaysia,Sarawak,FPX
ORD10585,2025-01-24,Home,Office Chair,241,4,964,East Malaysia,Sarawak,TNG eWallet
ORD10589,2025-12-20,Electronics,Smartwatch,1695,1,1695,East Malaysia,Sabah,FPX
ORD10590,2025-11-12,Home,Desk Lamp,318,4,1272,East Malaysia,Sarawak,FPX
ORD10593,2025-01-05,Fashion,T-Shirt,140,3,420,East Malaysia,Sabah,FPX
ORD10595,2025-11-06,Fashion,Backpack,206,3,618,East Malaysia,Sarawak,Credit Card
ORD10596,2025-05-06,Home,Office Chair,434,2,868,East Malaysia,Sabah,TNG eWallet
ORD10598,2025-11-13,Home,Desk Lamp,754,2,1508,East Malaysia,Sabah,Credit Card
ORD10599,2025-10-15,Home,Desk Lamp,281,2,562,East Malaysia,Sabah,GrabPay
ORD10600,2025-01-26,Fashion,T-Shirt,318,2,636,East Malaysia,Sabah,Credit Card
ORD10601,2025-09-14,Electronics,Laptop,3271,2,6542,East Malaysia,Sabah,TNG eWallet
ORD10602,2025-11-14,Fashion,Sneakers,280,1,280,East Malaysia,Sarawak,GrabPay
ORD10604,2025-01-03,Electronics,Laptop,1509,1,1509,East Malaysia,Sarawak,TNG eWallet
ORD10605,2025-11-21,Home,Air Purifier,366,2,732,East Malaysia,Sarawak,GrabPay
ORD10606,2025-06-28,Fashion,T-Shirt,374,1,374,East Malaysia,Sabah,GrabPay
ORD10607,2025-07-24,Home,Coffee Maker,695,1,695,East Malaysia,Sarawak,TNG eWallet
ORD10609,2025-11-28,Home,Desk Lamp,618,2,1236,East Malaysia,Sabah,Credit Card
ORD10614,2025-01-20,Fashion,Backpack,241,4,964,East Malaysia,Sarawak,Credit Card
ORD10615,2025-08-05,Electronics,Smartwatch,2947,3,8841,East Malaysia,Sarawak,TNG eWallet
ORD10618,2025-02-01,Fashion,T-Shirt,101,2,202,East Malaysia,Sarawak,TNG eWallet
ORD10621,2025-04-15,Electronics,Smartwatch,2229,1,2229,East Malaysia,Sarawak,Credit Card
ORD10622,2025-05-17,Fashion,T-Shirt,353,3,1059,East Malaysia,Sabah,Credit Card
ORD10623,2025-06-12,Home,Air Purifier,194,3,582,East Malaysia,Sarawak,Credit Card
ORD10625,2025-12-07,Electronics,Smartphone,2771,1,2771,East Malaysia,Sabah,TNG eWallet
ORD10626,2025-02-18,Electronics,Laptop,1829,4,7316,East Malaysia,Sabah,TNG eWallet
ORD10627,2025-03-15,Fashion,Sunglasses,151,2,302,East Malaysia,Sarawak,TNG eWallet
ORD10632,2025-08-15,Electronics,Wireless Earbuds,3073,3,9219,East Malaysia,Sarawak,GrabPay
ORD10633,2025-08-23,Home,Office Chair,102,2,204,East Malaysia,Sarawak,GrabPay
ORD10635,2025-02-15,Electronics,Wireless Earbuds,3508,3,10524,East Malaysia,Sarawak,TNG eWallet
ORD10642,2025-06-12,Fashion,T-Shirt,222,2,444,East Malaysia,Sabah,Credit Card
ORD10645,2025-09-15,Fashion,Sunglasses,289,2,578,East Malaysia,Sarawak,TNG eWallet
ORD10646,2025-04-26,Fashion,Sneakers,388,3,1164,East Malaysia,Sarawak,GrabPay
ORD10648,2025-03-27,Home,Coffee Maker,221,3,663,East Malaysia,Sarawak,GrabPay
ORD10650,2025-04-22,Home,Coffee Maker,712,1,712,East Malaysia,Sabah,GrabPay
ORD10651,2025-11-30,Electronics,Smartwatch,1254,2,2508,East Malaysia,Sarawak,Credit Card
ORD10652,2025-04-20,Electronics,Wireless Earbuds,1032,3,3096,East Malaysia,Sarawak,TNG eWallet
ORD10653,2025-06-16,Home,Coffee Maker,704,3,2112,East Malaysia,Sabah,FPX
ORD10654,2025-08-28,Electronics,Smartphone,1554,4,6216,East Malaysia,Sarawak,Credit Card
ORD10656,2025-04-25,Home,Office Chair,350,2,700,East Malaysia,Sarawak,TNG eWallet
ORD10659,2025-06-24,Home,Office Chair,508,1,508,East Malaysia,Sabah,FPX
ORD10661,2025-03-23,Home,Desk Lamp,628,2,1256,East Malaysia,Sarawak,TNG eWallet
ORD10662,2025-04-09,Home,Coffee Maker,509,2,1018,East Malaysia,Sarawak,GrabPay
ORD10664,2025-12-13,Electronics,Wireless Earbuds,4157,1,4157,East Malaysia,Sabah,TNG eWallet
ORD10665,2025-03-10,Electronics,Smartphone,3076,2,6152,East Malaysia,Sabah,GrabPay
ORD10666,2025-01-27,Fashion,Sunglasses,244,2,488,East Malaysia,Sarawak,TNG eWallet
ORD10667,2025-04-01,Home,Air Purifier,235,2,470,East Malaysia,Sarawak,GrabPay
ORD10670,2025-09-27,Home,Air Purifier,381,4,1524,East Malaysia,Sarawak,GrabPay
ORD10672,2025-01-11,Fashion,Sunglasses,118,1,118,East Malaysia,Sarawak,GrabPay
ORD10673,2025-08-18,Fashion,T-Shirt,342,3,1026,East Malaysia,Sarawak,TNG eWallet
ORD10675,2025-09-02,Electronics,Smartphone,1889,1,1889,East Malaysia,Sabah,TNG eWallet
ORD10676,2025-11-23,Fashion,Backpack,113,2,226,East Malaysia,Sarawak,Credit Card
ORD10680,2025-02-11,Electronics,Laptop,431,2,862,East Malaysia,Sarawak,FPX
ORD10681,2025-03-09,Fashion,Sunglasses,88,4,352,East Malaysia,Sabah,Credit Card
ORD10682,2025-03-31,Home,Desk Lamp,599,4,2396,East Malaysia,Sabah,FPX
ORD10683,2025-09-21,Fashion,Sneakers,143,2,286,East Malaysia,Sarawak,GrabPay
ORD10684,2025-05-13,Electronics,Smartwatch,4244,2,8488,East Malaysia,Sarawak,TNG eWallet
ORD10685,2025-07-12,Electronics,Laptop,1519,2,3038,East Malaysia,Sarawak,FPX
ORD10686,2025-10-30,Home,Office Chair,621,4,2484,East Malaysia,Sarawak,GrabPay
ORD10691,2025-06-23,Electronics,Laptop,2332,1,2332,East Malaysia,Sabah,FPX
ORD10695,2025-02-20,Home,Office Chair,743,3,2229,East Malaysia,Sabah,FPX
ORD10696,2025-01-17,Home,Office Chair,185,4,740,East Malaysia,Sarawak,GrabPay
ORD10701,2025-12-30,Electronics,Smartphone,1736,4,6944,East Malaysia,Sabah,GrabPay
ORD10702,2025-05-10,Electronics,Smartwatch,3986,3,11958,East Malaysia,Sarawak,TNG eWallet
ORD10704,2025-07-16,Home,Coffee Maker,552,3,1656,East Malaysia,Sarawak,GrabPay
ORD10705,2025-12-29,Fashion,Backpack,201,4,804,East Malaysia,Sarawak,TNG eWallet
ORD10706,2025-10-02,Home,Air Purifier,597,4,2388,East Malaysia,Sarawak,GrabPay
ORD10708,2025-06-15,Fashion,Sneakers,127,4,508,East Malaysia,Sabah,GrabPay
ORD10709,2025-02-08,Home,Desk Lamp,542,2,1084,East Malaysia,Sabah,FPX
ORD10710,2025-02-17,Fashion,Sunglasses,224,1,224,East Malaysia,Sarawak,TNG eWallet
ORD10712,2025-08-21,Electronics,Laptop,706,1,706,East Malaysia,Sarawak,TNG eWallet
ORD10713,2025-07-23,Electronics,Smartwatch,2968,3,8904,East Malaysia,Sarawak,Credit Card
ORD10715,2025-03-01,Electronics,Wireless Earbuds,3690,3,11070,East Malaysia,Sabah,GrabPay
ORD10716,2025-01-31,Fashion,Sneakers,340,3,1020,East Malaysia,Sabah,FPX
ORD10719,2025-05-13,Fashion,T-Shirt,66,1,66,East Malaysia,Sarawak,Credit Card
ORD10720,2025-08-12,Fashion,Sneakers,80,2,160,East Malaysia,Sabah,FPX
ORD10722,2025-05-17,Fashion,Backpack,364,4,1456,East Malaysia,Sabah,TNG eWallet
ORD10723,2025-09-08,Electronics,Wireless Earbuds,1534,4,6136,East Malaysia,Sabah,TNG eWallet
ORD10726,2025-10-24,Fashion,Backpack,171,1,171,East Malaysia,Sarawak,GrabPay
ORD10728,2025-10-05,Fashion,Sneakers,243,2,486,East Malaysia,Sarawak,TNG eWallet
ORD10730,2025-12-16,Home,Desk Lamp,513,2,1026,East Malaysia,Sarawak,TNG eWallet
ORD10731,2025-01-22,Electronics,Laptop,2807,4,11228,East Malaysia,Sabah,Credit Card
ORD10732,2025-01-17,Fashion,Backpack,342,2,684,East Malaysia,Sarawak,TNG eWallet
ORD10735,2025-01-02,Home,Office Chair,211,2,422,East Malaysia,Sabah,TNG eWallet
ORD10736,2025-03-10,Electronics,Smartphone,626,4,2504,East Malaysia,Sabah,Credit Card
ORD10737,2025-07-12,Electronics,Wireless Earbuds,2849,2,5698,East Malaysia,Sarawak,GrabPay
ORD10738,2025-01-16,Electronics,Smartphone,634,3,1902,East Malaysia,Sarawak,FPX
ORD10741,2025-07-18,Fashion,Sunglasses,104,2,208,East Malaysia,Sarawak,FPX
ORD10747,2025-01-08,Home,Air Purifier,481,4,1924,East Malaysia,Sabah,TNG eWallet
ORD10748,2025-12-18,Electronics,Laptop,3855,4,15420,East Malaysia,Sarawak,FPX
ORD10749,2025-11-29,Fashion,Sunglasses,263,2,526,East Malaysia,Sarawak,TNG eWallet
ORD10750,2025-11-07,Fashion,Sneakers,177,3,531,East Malaysia,Sabah,FPX
ORD10751,2025-12-26,Home,Office Chair,209,1,209,East Malaysia,Sarawak,FPX
ORD10756,2025-05-20,Home,Air Purifier,391,2,782,East Malaysia,Sarawak,GrabPay
ORD10757,2025-02-06,Fashion,Sunglasses,141,3,423,East Malaysia,Sabah,Credit Card
ORD10758,2025-03-02,Electronics,Wireless Earbuds,2668,1,2668,East Malaysia,Sarawak,Credit Card
ORD10759,2025-06-09,Home,Desk Lamp,235,4,940,East Malaysia,Sabah,Credit Card
ORD10760,2025-01-28,Home,Air Purifier,375,4,1500,East Malaysia,Sarawak,TNG eWallet
ORD10761,2025-10-15,Fashion,Sunglasses,184,2,368,East Malaysia,Sarawak,FPX
ORD10764,2025-06-09,Home,Coffee Maker,299,4,1196,East Malaysia,Sarawak,GrabPay
ORD10765,2025-05-31,Electronics,Laptop,4055,3,12165,East Malaysia,Sabah,FPX
ORD10766,2025-02-03,Electronics,Laptop,3284,1,3284,East Malaysia,Sarawak,FPX
ORD10767,2025-01-17,Electronics,Laptop,4174,4,16696,East Malaysia,Sarawak,TNG eWallet
ORD10768,2025-03-31,Fashion,T-Shirt,159,1,159,East Malaysia,Sarawak,Credit Card
ORD10769,2025-03-27,Electronics,Laptop,4334,4,17336,East Malaysia,Sarawak,TNG eWallet
ORD10773,2025-07-12,Fashion,Sunglasses,68,3,204,East Malaysia,Sarawak,TNG eWallet
ORD10775,2025-09-29,Home,Desk Lamp,479,4,1916,East Malaysia,Sarawak,TNG eWallet
ORD10777,2025-04-07,Home,Office Chair,567,1,567,East Malaysia,Sarawak,GrabPay
ORD10778,2025-10-01,Fashion,Sneakers,70,3,210,East Malaysia,Sarawak,Credit Card
ORD10779,2025-11-01,Fashion,Backpack,386,3,1158,East Malaysia,Sabah,TNG eWallet
ORD10780,2025-08-23,Fashion,Backpack,281,4,1124,East Malaysia,Sarawak,Credit Card
ORD10781,2025-07-26,Home,Air Purifier,285,3,855,East Malaysia,Sabah,FPX
ORD10783,2025-06-13,Electronics,Smartphone,310,1,310,East Malaysia,Sarawak,Credit Card
ORD10784,2025-03-06,Electronics,Wireless Earbuds,1062,1,1062,East Malaysia,Sabah,FPX
ORD10786,2025-09-10,Electronics,Laptop,1435,4,5740,East Malaysia,Sarawak,FPX
ORD10787,2025-02-23,Fashion,T-Shirt,99,4,396,East Malaysia,Sarawak,TNG eWallet
ORD10790,2025-05-22,Home,Air Purifier,793,3,2379,East Malaysia,Sabah,Credit Card
ORD10793,2025-03-25,Electronics,Smartwatch,2556,2,5112,East Malaysia,Sabah,GrabPay
ORD10794,2025-08-11,Fashion,Sneakers,116,4,464,East Malaysia,Sabah,Credit Card
ORD10799,2025-07-11,Fashion,Sunglasses,120,4,480,East Malaysia,Sabah,Credit Card
ORD10801,2025-08-16,Home,Office Chair,429,1,429,East Malaysia,Sabah,GrabPay
ORD10802,2025-05-23,Home,Air Purifier,225,1,225,East Malaysia,Sarawak,FPX
ORD10805,2025-06-04,Home,Desk Lamp,313,2,626,East Malaysia,Sabah,TNG eWallet
ORD10811,2025-10-24,Electronics,Smartphone,3611,3,10833,East Malaysia,Sarawak,Credit Card
ORD10812,2025-08-26,Home,Desk Lamp,370,1,370,East Malaysia,Sabah,FPX
ORD10813,2025-07-24,Electronics,Wireless Earbuds,934,4,3736,East Malaysia,Sabah,Credit Card
ORD10815,2025-10-30,Fashion,Backpack,253,2,506,East Malaysia,Sarawak,FPX
ORD10816,2025-09-14,Electronics,Smartwatch,3222,2,6444,East Malaysia,Sabah,Credit Card
ORD10821,2025-02-18,Fashion,Sneakers,104,2,208,East Malaysia,Sarawak,TNG eWallet
ORD10825,2025-07-16,Home,Desk Lamp,154,3,462,East Malaysia,Sabah,FPX
ORD10828,2025-11-24,Home,Desk Lamp,693,3,2079,East Malaysia,Sarawak,TNG eWallet
ORD10830,2025-11-13,Fashion,Sunglasses,392,2,784,East Malaysia,Sarawak,GrabPay
ORD10832,2025-02-23,Fashion,Backpack,138,4,552,East Malaysia,Sarawak,TNG eWallet
ORD10837,2025-12-14,Fashion,T-Shirt,170,2,340,East Malaysia,Sabah,TNG eWallet
ORD10840,2025-08-19,Electronics,Smartphone,469,3,1407,East Malaysia,Sarawak,FPX
ORD10843,2025-10-10,Fashion,Backpack,113,4,452,East Malaysia,Sabah,FPX
ORD10844,2025-05-10,Electronics,Smartphone,2865,4,11460,East Malaysia,Sarawak,FPX
ORD10846,2025-08-16,Electronics,Laptop,3292,4,13168,East Malaysia,Sabah,TNG eWallet
ORD10848,2025-05-26,Home,Coffee Maker,781,2,1562,East Malaysia,Sabah,Credit Card
ORD10849,2025-01-02,Electronics,Smartphone,3276,4,13104,East Malaysia,Sarawak,Credit Card
ORD10850,2025-10-20,Fashion,Backpack,333,3,999,East Malaysia,Sabah,FPX
ORD10852,2025-06-10,Fashion,Sunglasses,336,2,672,East Malaysia,Sabah,FPX
ORD10853,2025-03-01,Electronics,Smartwatch,2454,3,7362,East Malaysia,Sabah,TNG eWallet
ORD10857,2025-06-01,Home,Office Chair,168,3,504,East Malaysia,Sabah,TNG eWallet
ORD10858,2025-12-11,Home,Coffee Maker,514,4,2056,East Malaysia,Sabah,Credit Card
ORD10859,2025-05-04,Fashion,Backpack,390,4,1560,East Malaysia,Sabah,FPX
ORD10860,2025-06-26,Electronics,Wireless Earbuds,2584,4,10336,East Malaysia,Sarawak,TNG eWallet
ORD10861,2025-12-25,Home,Air Purifier,255,2,510,East Malaysia,Sabah,GrabPay
ORD10862,2025-07-30,Home,Coffee Maker,204,1,204,East Malaysia,Sarawak,Credit Card
ORD10866,2025-10-19,Fashion,Backpack,60,3,180,East Malaysia,Sabah,FPX
ORD10869,2025-12-21,Home,Desk Lamp,231,2,462,East Malaysia,Sarawak,FPX
ORD10872,2025-09-23,Home,Air Purifier,608,1,608,East Malaysia,Sarawak,FPX
ORD10874,2025-12-05,Home,Air Purifier,663,3,1989,East Malaysia,Sabah,FPX
ORD10875,2025-03-16,Home,Coffee Maker,590,1,590,East Malaysia,Sarawak,TNG eWallet
ORD10876,2025-02-07,Fashion,T-Shirt,209,3,627,East Malaysia,Sabah,TNG eWallet
ORD10879,2025-03-24,Home,Office Chair,518,2,1036,East Malaysia,Sabah,FPX
ORD10881,2025-03-03,Home,Office Chair,249,4,996,East Malaysia,Sabah,FPX
ORD10883,2025-09-14,Electronics,Smartphone,1277,1,1277,East Malaysia,Sarawak,GrabPay
ORD10885,2025-11-02,Fashion,Backpack,278,3,834,East Malaysia,Sarawak,FPX
ORD10887,2025-03-27,Fashion,Backpack,213,3,639,East Malaysia,Sabah,GrabPay
ORD10890,2025-11-15,Home,Desk Lamp,132,3,396,East Malaysia,Sarawak,FPX
ORD10891,2025-07-22,Home,Air Purifier,438,2,876,East Malaysia,Sabah,GrabPay
ORD10893,2025-10-06,Home,Air Purifier,660,3,1980,East Malaysia,Sabah,TNG eWallet
ORD10894,2025-05-24,Home,Coffee Maker,364,3,1092,East Malaysia,Sarawak,FPX
ORD10895,2025-01-08,Home,Air Purifier,457,1,457,East Malaysia,Sabah,FPX
ORD10900,2025-01-04,Home,Air Purifier,119,1,119,East Malaysia,Sabah,TNG eWallet
ORD10902,2025-12-18,Home,Office Chair,216,4,864,East Malaysia,Sabah,TNG eWallet
ORD10904,2025-02-27,Fashion,T-Shirt,324,3,972,East Malaysia,Sabah,FPX
ORD10905,2025-03-17,Electronics,Smartwatch,552,3,1656,East Malaysia,Sarawak,Credit Card
ORD10906,2025-01-23,Electronics,Laptop,610,3,1830,East Malaysia,Sabah,Credit Card
ORD10907,2025-01-25,Fashion,Sneakers,167,3,501,East Malaysia,Sarawak,Credit Card
ORD10909,2025-11-14,Electronics,Smartphone,1566,2,3132,East Malaysia,Sarawak,TNG eWallet
ORD10910,2025-06-20,Fashion,T-Shirt,313,4,1252,East Malaysia,Sabah,TNG eWallet
ORD10913,2025-12-07,Electronics,Laptop,1244,3,3732,East Malaysia,Sarawak,TNG eWallet
ORD10914,2025-01-23,Electronics,Laptop,3406,1,3406,East Malaysia,Sarawak,TNG eWallet
ORD10917,2025-05-31,Fashion,Sneakers,209,1,209,East Malaysia,Sabah,FPX
ORD10918,2025-03-08,Home,Desk Lamp,339,4,1356,East Malaysia,Sabah,TNG eWallet
ORD10921,2025-10-27,Home,Office Chair,283,2,566,East Malaysia,Sarawak,GrabPay
ORD10922,2025-08-11,Home,Coffee Maker,134,1,134,East Malaysia,Sarawak,Credit Card
ORD10923,2025-05-10,Home,Desk Lamp,772,3,2316,East Malaysia,Sarawak,Credit Card
ORD10924,2025-02-26,Electronics,Smartphone,1423,1,1423,East Malaysia,Sabah,FPX
ORD10926,2025-03-23,Fashion,Sunglasses,99,2,198,East Malaysia,Sarawak,FPX
ORD10929,2025-04-17,Home,Office Chair,445,4,1780,East Malaysia,Sabah,GrabPay
ORD10931,2025-12-19,Electronics,Smartphone,1206,4,4824,East Malaysia,Sarawak,TNG eWallet
ORD10933,2025-08-16,Electronics,Laptop,3072,4,12288,East Malaysia,Sarawak,Credit Card
ORD10934,2025-11-14,Home,Coffee Maker,512,2,1024,East Malaysia,Sabah,GrabPay
ORD10939,2025-01-08,Electronics,Laptop,1456,3,4368,East Malaysia,Sarawak,FPX
ORD10940,2025-10-21,Home,Air Purifier,200,2,400,East Malaysia,Sarawak,Credit Card
ORD10941,2025-09-14,Fashion,T-Shirt,342,4,1368,East Malaysia,Sabah,Credit Card
ORD10942,2025-05-10,Electronics,Laptop,2431,2,4862,East Malaysia,Sarawak,FPX
ORD10943,2025-08-13,Electronics,Smartwatch,2428,2,4856,East Malaysia,Sarawak,TNG eWallet
ORD10944,2025-02-28,Electronics,Laptop,3960,2,7920,East Malaysia,Sarawak,GrabPay
ORD10946,2025-02-03,Home,Coffee Maker,183,4,732,East Malaysia,Sabah,FPX
ORD10947,2025-07-27,Fashion,Backpack,392,2,784,East Malaysia,Sabah,FPX
ORD10949,2025-12-25,Fashion,Backpack,351,3,1053,East Malaysia,Sarawak,TNG eWallet
ORD10950,2025-09-30,Fashion,Backpack,372,1,372,East Malaysia,Sarawak,Credit Card
ORD10951,2025-04-17,Electronics,Smartphone,3976,4,15904,East Malaysia,Sarawak,TNG eWallet
ORD10953,2025-02-25,Fashion,Backpack,95,2,190,East Malaysia,Sabah,TNG eWallet
ORD10955,2025-02-03,Electronics,Smartwatch,345,1,345,East Malaysia,Sabah,GrabPay
ORD10956,2025-10-07,Home,Desk Lamp,301,1,301,East Malaysia,Sarawak,FPX
ORD10957,2025-09-17,Fashion,Backpack,64,1,64,East Malaysia,Sarawak,GrabPay
ORD10959,2025-04-30,Electronics,Smartphone,3400,3,10200,East Malaysia,Sabah,FPX
ORD10965,2025-04-01,Home,Office Chair,168,2,336,East Malaysia,Sabah,FPX
ORD10966,2025-03-12,Fashion,T-Shirt,69,1,69,East Malaysia,Sabah,TNG eWallet
ORD10968,2025-12-08,Fashion,Sneakers,148,2,296,East Malaysia,Sabah,Credit Card
ORD10972,2025-12-28,Electronics,Wireless Earbuds,728,2,1456,East Malaysia,Sarawak,TNG eWallet
ORD10975,2025-03-17,Home,Air Purifier,669,1,669,East Malaysia,Sarawak,GrabPay
ORD10976,2025-06-05,Electronics,Wireless Earbuds,3373,3,10119,East Malaysia,Sabah,TNG eWallet
ORD10977,2025-12-07,Fashion,T-Shirt,374,1,374,East Malaysia,Sabah,FPX
ORD10978,2025-10-21,Home,Air Purifier,209,3,627,East Malaysia,Sarawak,TNG eWallet
ORD10979,2025-12-03,Fashion,Backpack,328,2,656,East Malaysia,Sarawak,FPX
ORD10980,2025-04-16,Electronics,Laptop,3025,2,6050,East Malaysia,Sabah,Credit Card
ORD10981,2025-01-02,Fashion,Sunglasses,362,3,1086,East Malaysia,Sarawak,Credit Card
ORD10982,2025-01-17,Home,Air Purifier,359,1,359,East Malaysia,Sabah,FPX
ORD10984,2025-04-02,Home,Coffee Maker,536,2,1072,East Malaysia,Sabah,GrabPay
ORD10985,2025-04-06,Electronics,Smartphone,1149,3,3447,East Malaysia,Sarawak,FPX
ORD10987,2025-04-25,Home,Office Chair,361,2,722,East Malaysia,Sabah,Credit Card
ORD10988,2025-03-05,Electronics,Smartphone,1562,4,6248,East Malaysia,Sabah,GrabPay
ORD10990,2025-09-05,Fashion,Sunglasses,153,3,459,East Malaysia,Sabah,Credit Card
ORD10994,2025-09-03,Home,Coffee Maker,106,2,212,East Malaysia,Sabah,GrabPay
ORD10995,2025-12-25,Home,Air Purifier,696,3,2088,East Malaysia,Sarawak,TNG eWallet
ORD10997,2025-03-18,Electronics,Smartphone,2067,1,2067,East Malaysia,Sabah,TNG eWallet
ORD10998,2025-03-16,Electronics,Smartphone,3314,2,6628,East Malaysia,Sabah,FPX
ORD11002,2025-01-27,Electronics,Laptop,3690,1,3690,East Malaysia,Sabah,GrabPay
ORD11003,2025-11-19,Home,Coffee Maker,272,4,1088,East Malaysia,Sabah,Credit Card
ORD11004,2025-09-03,Electronics,Wireless Earbuds,590,3,1770,East Malaysia,Sarawak,TNG eWallet
ORD11007,2025-04-29,Fashion,T-Shirt,325,4,1300,East Malaysia,Sarawak,Credit Card
ORD11009,2025-09-14,Fashion,Backpack,211,2,422,East Malaysia,Sarawak,Credit Card
ORD11010,2025-02-22,Home,Coffee Maker,228,2,456,East Malaysia,Sarawak,FPX
ORD11011,2025-02-24,Electronics,Laptop,2698,2,5396,East Malaysia,Sarawak,FPX
ORD11019,2025-01-03,Fashion,Backpack,218,3,654,East Malaysia,Sabah,FPX
ORD11022,2025-08-09,Fashion,Sneakers,385,1,385,East Malaysia,Sabah,FPX
ORD11023,2025-01-31,Fashion,T-Shirt,244,2,488,East Malaysia,Sabah,FPX
ORD11024,2025-03-28,Home,Air Purifier,605,4,2420,East Malaysia,Sarawak,FPX
ORD11030,2025-05-17,Fashion,Backpack,131,4,524,East Malaysia,Sarawak,Credit Card
ORD11032,2025-12-27,Electronics,Laptop,2316,4,9264,East Malaysia,Sabah,GrabPay
ORD11034,2025-09-23,Home,Office Chair,241,2,482,East Malaysia,Sarawak,Credit Card
ORD11035,2025-12-07,Home,Office Chair,147,1,147,East Malaysia,Sabah,FPX
ORD11038,2025-07-29,Electronics,Smartwatch,2461,4,9844,East Malaysia,Sarawak,GrabPay
ORD11041,2025-06-04,Home,Desk Lamp,453,2,906,East Malaysia,Sabah,FPX
ORD11044,2025-04-27,Home,Coffee Maker,115,4,460,East Malaysia,Sarawak,Credit Card
ORD11048,2025-04-01,Electronics,Smartphone,3988,2,7976,East Malaysia,Sarawak,GrabPay
ORD11052,2025-03-26,Electronics,Wireless Earbuds,4391,4,17564,East Malaysia,Sabah,FPX
ORD11054,2025-10-31,Fashion,Sneakers,217,3,651,East Malaysia,Sabah,Credit Card
ORD11056,2025-11-27,Fashion,Sunglasses,307,3,921,East Malaysia,Sabah,GrabPay
ORD11058,2025-06-18,Fashion,Backpack,341,3,1023,East Malaysia,Sabah,FPX
ORD11059,2025-11-30,Fashion,Sunglasses,382,4,1528,East Malaysia,Sarawak,GrabPay
ORD11061,2025-11-13,Home,Office Chair,535,3,1605,East Malaysia,Sarawak,TNG eWallet
ORD11062,2025-01-10,Electronics,Wireless Earbuds,4334,4,17336,East Malaysia,Sarawak,FPX
ORD11064,2025-01-02,Fashion,Sunglasses,215,3,645,East Malaysia,Sabah,Credit Card
ORD11066,2025-01-06,Fashion,Backpack,111,2,222,East Malaysia,Sarawak,GrabPay
ORD11068,2025-04-27,Home,Office Chair,488,4,1952,East Malaysia,Sarawak,FPX
ORD11069,2025-03-16,Home,Desk Lamp,707,3,2121,East Malaysia,Sabah,TNG eWallet
ORD11070,2025-05-24,Electronics,Smartwatch,1959,2,3918,East Malaysia,Sabah,FPX
ORD11072,2025-10-20,Fashion,Sneakers,156,4,624,East Malaysia,Sabah,GrabPay
ORD11073,2025-02-02,Fashion,Sneakers,387,1,387,East Malaysia,Sabah,TNG eWallet
ORD11074,2025-06-03,Electronics,Smartwatch,4322,4,17288,East Malaysia,Sarawak,Credit Card
ORD11077,2025-07-24,Electronics,Wireless Earbuds,457,2,914,East Malaysia,Sarawak,FPX
ORD11078,2025-01-15,Electronics,Smartwatch,3985,4,15940,East Malaysia,Sabah,FPX
ORD11079,2025-12-01,Electronics,Laptop,354,3,1062,East Malaysia,Sabah,FPX
ORD11080,2025-07-27,Home,Air Purifier,789,3,2367,East Malaysia,Sarawak,TNG eWallet
ORD11085,2025-11-22,Fashion,T-Shirt,276,1,276,East Malaysia,Sabah,Credit Card
ORD11086,2025-10-20,Fashion,Sneakers,226,1,226,East Malaysia,Sabah,Credit Card
ORD11087,2025-08-29,Fashion,Sunglasses,332,4,1328,East Malaysia,Sarawak,FPX
ORD11089,2025-10-26,Home,Coffee Maker,541,4,2164,East Malaysia,Sabah,FPX
ORD11090,2025-09-02,Home,Air Purifier,679,3,2037,East Malaysia,Sabah,TNG eWallet
ORD11091,2025-06-14,Home,Air Purifier,291,1,291,East Malaysia,Sarawak,Credit Card
ORD11092,2025-12-28,Home,Desk Lamp,129,3,387,East Malaysia,Sarawak,GrabPay
ORD11093,2025-03-01,Electronics,Laptop,3419,3,10257,East Malaysia,Sabah,TNG eWallet
ORD11095,2025-03-21,Home,Air Purifier,565,2,1130,East Malaysia,Sarawak,FPX
ORD11097,2025-08-14,Home,Air Purifier,374,1,374,East Malaysia,Sabah,Credit Card
ORD11099,2025-05-28,Home,Coffee Maker,775,4,3100,East Malaysia,Sarawak,GrabPay
ORD11100,2025-09-15,Home,Coffee Maker,760,3,2280,East Malaysia,Sabah,TNG eWallet
ORD11101,2025-10-21,Electronics,Wireless Earbuds,4299,4,17196,East Malaysia,Sabah,Credit Card
ORD11104,2025-09-15,Home,Coffee Maker,405,4,1620,East Malaysia,Sarawak,Credit Card
ORD11107,2025-10-12,Electronics,Smartwatch,3014,1,3014,East Malaysia,Sarawak,GrabPay
ORD11111,2025-11-17,Home,Air Purifier,154,3,462,East Malaysia,Sabah,FPX
ORD11113,2025-05-10,Electronics,Laptop,501,2,1002,East Malaysia,Sabah,Credit Card
ORD11115,2025-04-15,Electronics,Smartphone,2087,4,8348,East Malaysia,Sabah,GrabPay
ORD11116,2025-10-23,Fashion,Sneakers,339,2,678,East Malaysia,Sabah,FPX
ORD11118,2025-04-30,Fashion,Sneakers,122,4,488,East Malaysia,Sabah,GrabPay
ORD11119,2025-02-10,Electronics,Wireless Earbuds,2671,4,10684,East Malaysia,Sarawak,FPX
ORD11121,2025-04-29,Electronics,Wireless Earbuds,3855,4,15420,East Malaysia,Sarawak,FPX
ORD11122,2025-12-08,Home,Desk Lamp,372,1,372,East Malaysia,Sabah,FPX
ORD11123,2025-02-28,Fashion,Sneakers,390,4,1560,East Malaysia,Sabah,Credit Card
ORD11128,2025-01-02,Electronics,Smartwatch,1131,3,3393,East Malaysia,Sarawak,TNG eWallet
ORD11134,2025-02-20,Electronics,Smartphone,4203,3,12609,East Malaysia,Sabah,GrabPay
ORD11137,2025-09-03,Fashion,T-Shirt,183,3,549,East Malaysia,Sarawak,TNG eWallet
ORD11139,2025-06-08,Electronics,Smartphone,3156,2,6312,East Malaysia,Sabah,GrabPay
ORD11141,2025-08-23,Home,Coffee Maker,683,4,2732,East Malaysia,Sabah,FPX
ORD11143,2025-12-27,Home,Office Chair,200,4,800,East Malaysia,Sabah,GrabPay
ORD11145,2025-02-27,Home,Coffee Maker,750,1,750,East Malaysia,Sarawak,TNG eWallet
ORD11149,2025-01-29,Home,Desk Lamp,376,2,752,East Malaysia,Sarawak,FPX
ORD11155,2025-08-29,Fashion,Backpack,175,3,525,East Malaysia,Sarawak,TNG eWallet
ORD11158,2025-07-14,Home,Air Purifier,620,2,1240,East Malaysia,Sabah,GrabPay
ORD11166,2025-09-29,Electronics,Laptop,1436,4,5744,East Malaysia,Sarawak,GrabPay
ORD11168,2025-07-18,Home,Desk Lamp,266,4,1064,East Malaysia,Sarawak,Credit Card
ORD11169,2025-11-21,Electronics,Smartwatch,3969,3,11907,East Malaysia,Sarawak,GrabPay
ORD11170,2025-10-27,Electronics,Smartwatch,4328,2,8656,East Malaysia,Sabah,GrabPay
ORD11173,2025-03-16,Fashion,T-Shirt,137,2,274,East Malaysia,Sarawak,Credit Card
ORD11174,2025-02-17,Fashion,Sunglasses,223,4,892,East Malaysia,Sarawak,GrabPay
ORD11176,2025-04-25,Electronics,Laptop,995,4,3980,East Malaysia,Sabah,Credit Card
ORD11177,2025-05-26,Home,Desk Lamp,333,2,666,East Malaysia,Sarawak,FPX
ORD11179,2025-07-07,Fashion,Sunglasses,109,3,327,East Malaysia,Sarawak,TNG eWallet
ORD11180,2025-04-23,Home,Air Purifier,147,2,294,East Malaysia,Sabah,GrabPay
ORD11181,2025-12-04,Electronics,Smartphone,4106,1,4106,East Malaysia,Sabah,TNG eWallet
ORD11182,2025-01-04,Home,Office Chair,274,3,822,East Malaysia,Sarawak,GrabPay
ORD11183,2025-10-27,Home,Desk Lamp,353,3,1059,East Malaysia,Sabah,FPX
ORD11187,2025-05-10,Fashion,Backpack,321,2,642,East Malaysia,Sarawak,FPX
ORD11190,2025-03-25,Fashion,Backpack,134,4,536,East Malaysia,Sarawak,TNG eWallet
ORD11192,2025-07-13,Fashion,Sunglasses,56,3,168,East Malaysia,Sabah,GrabPay
ORD11193,2025-10-13,Home,Desk Lamp,546,1,546,East Malaysia,Sabah,GrabPay
ORD11194,2025-10-03,Home,Desk Lamp,288,3,864,East Malaysia,Sarawak,GrabPay
ORD11195,2025-05-27,Electronics,Wireless Earbuds,4022,2,8044,East Malaysia,Sabah,Credit Card
ORD11196,2025-03-30,Fashion,Sunglasses,67,2,134,East Malaysia,Sarawak,Credit Card
ORD11200,2025-08-03,Electronics,Smartwatch,2099,3,6297,East Malaysia,Sarawak,GrabPay
ORD11202,2025-10-30,Home,Air Purifier,449,3,1347,East Malaysia,Sabah,TNG eWallet
ORD11205,2025-11-10,Home,Air Purifier,256,4,1024,East Malaysia,Sabah,GrabPay
ORD11207,2025-05-26,Fashion,Sunglasses,158,1,158,East Malaysia,Sabah,Credit Card
ORD11208,2025-01-03,Home,Coffee Maker,178,2,356,East Malaysia,Sabah,Credit Card
ORD11209,2025-02-02,Fashion,Backpack,155,2,310,East Malaysia,Sabah,Credit Card
ORD11211,2025-12-19,Fashion,Backpack,347,3,1041,East Malaysia,Sarawak,TNG eWallet
ORD11212,2025-09-19,Fashion,Backpack,156,3,468,East Malaysia,Sabah,Credit Card
ORD11213,2025-10-31,Electronics,Laptop,2701,3,8103,East Malaysia,Sarawak,TNG eWallet
ORD11218,2025-08-25,Home,Air Purifier,549,3,1647,East Malaysia,Sarawak,TNG eWallet
ORD11219,2025-08-05,Fashion,Backpack,208,2,416,East Malaysia,Sarawak,TNG eWallet
ORD11223,2025-11-05,Electronics,Smartwatch,3745,3,11235,East Malaysia,Sabah,TNG eWallet
ORD11224,2025-03-20,Fashion,Backpack,391,4,1564,East Malaysia,Sarawak,TNG eWallet
ORD11225,2025-01-31,Fashion,Sneakers,171,3,513,East Malaysia,Sarawak,Credit Card
ORD11227,2025-03-18,Fashion,T-Shirt,358,4,1432,East Malaysia,Sarawak,GrabPay
ORD11228,2025-07-10,Fashion,Sunglasses,336,4,1344,East Malaysia,Sarawak,Credit Card
ORD11231,2025-08-23,Fashion,Backpack,345,4,1380,East Malaysia,Sarawak,FPX
ORD11235,2025-08-05,Fashion,Sneakers,155,2,310,East Malaysia,Sarawak,Credit Card
ORD11236,2025-08-20,Home,Desk Lamp,569,2,1138,East Malaysia,Sabah,TNG eWallet
ORD11237,2025-02-08,Home,Desk Lamp,301,1,301,East Malaysia,Sarawak,Credit Card
ORD11245,2025-05-10,Home,Desk Lamp,498,4,1992,East Malaysia,Sarawak,Credit Card
ORD11246,2025-08-31,Fashion,Sneakers,241,2,482,East Malaysia,Sabah,GrabPay
ORD11247,2025-03-29,Electronics,Laptop,1301,3,3903,East Malaysia,Sarawak,GrabPay
ORD11249,2025-10-15,Electronics,Wireless Earbuds,857,1,857,East Malaysia,Sabah,TNG eWallet
ORD11251,2025-01-10,Home,Coffee Maker,245,1,245,East Malaysia,Sarawak,Credit Card
ORD11255,2025-11-03,Home,Air Purifier,460,2,920,East Malaysia,Sabah,FPX
ORD11257,2025-07-04,Home,Coffee Maker,376,1,376,East Malaysia,Sarawak,GrabPay
ORD11259,2025-01-26,Electronics,Wireless Earbuds,319,1,319,East Malaysia,Sarawak,FPX
ORD11260,2025-11-19,Fashion,T-Shirt,65,4,260,East Malaysia,Sabah,Credit Card
ORD11263,2025-02-11,Home,Coffee Maker,252,4,1008,East Malaysia,Sarawak,TNG eWallet
ORD11265,2025-12-18,Home,Coffee Maker,753,3,2259,East Malaysia,Sabah,TNG eWallet
ORD11266,2025-09-08,Home,Coffee Maker,135,3,405,East Malaysia,Sarawak,Credit Card
ORD11268,2025-03-26,Electronics,Wireless Earbuds,4319,4,17276,East Malaysia,Sarawak,FPX
ORD11270,2025-06-11,Fashion,T-Shirt,308,1,308,East Malaysia,Sarawak,Credit Card
ORD11272,2025-05-14,Electronics,Laptop,3171,3,9513,East Malaysia,Sarawak,Credit Card
ORD11276,2025-03-02,Home,Desk Lamp,331,4,1324,East Malaysia,Sarawak,Credit Card
ORD11277,2025-08-16,Fashion,Sneakers,68,1,68,East Malaysia,Sabah,GrabPay
ORD11281,2025-09-15,Electronics,Laptop,2758,4,11032,East Malaysia,Sabah,FPX
ORD11282,2025-11-11,Home,Air Purifier,106,2,212,East Malaysia,Sabah,FPX
ORD11284,2025-11-15,Fashion,T-Shirt,176,1,176,East Malaysia,Sabah,Credit Card
ORD11285,2025-10-02,Electronics,Laptop,2507,3,7521,East Malaysia,Sabah,GrabPay
ORD11287,2025-12-25,Home,Coffee Maker,608,1,608,East Malaysia,Sarawak,Credit Card
ORD11289,2025-09-08,Electronics,Smartwatch,914,1,914,East Malaysia,Sarawak,FPX
ORD11291,2025-11-05,Electronics,Wireless Earbuds,977,4,3908,East Malaysia,Sarawak,Credit Card
ORD11292,2025-03-01,Home,Office Chair,114,4,456,East Malaysia,Sarawak,FPX
ORD11294,2025-05-02,Home,Coffee Maker,294,2,588,East Malaysia,Sarawak,FPX
ORD11301,2025-07-10,Home,Desk Lamp,684,4,2736,East Malaysia,Sabah,TNG eWallet
ORD11302,2025-12-30,Home,Air Purifier,111,1,111,East Malaysia,Sabah,GrabPay
ORD11304,2025-05-02,Electronics,Smartphone,3840,1,3840,East Malaysia,Sabah,TNG eWallet
ORD11305,2025-11-11,Home,Air Purifier,782,4,3128,East Malaysia,Sarawak,TNG eWallet
ORD11306,2025-03-27,Fashion,Backpack,348,2,696,East Malaysia,Sarawak,FPX
ORD11307,2025-06-24,Electronics,Smartwatch,1142,1,1142,East Malaysia,Sabah,FPX
ORD11308,2025-01-21,Home,Desk Lamp,625,2,1250,East Malaysia,Sabah,GrabPay
ORD11309,2025-08-05,Electronics,Laptop,1002,2,2004,East Malaysia,Sarawak,TNG eWallet
ORD11310,2025-05-15,Fashion,Sunglasses,300,3,900,East Malaysia,Sabah,FPX
ORD11311,2025-01-03,Fashion,Backpack,342,4,1368,East Malaysia,Sabah,GrabPay
ORD11312,2025-09-30,Fashion,Sneakers,378,4,1512,East Malaysia,Sarawak,TNG eWallet
ORD11317,2025-10-29,Home,Office Chair,468,3,1404,East Malaysia,Sabah,TNG eWallet
ORD11319,2025-02-16,Fashion,Sunglasses,182,2,364,East Malaysia,Sarawak,GrabPay
ORD11321,2025-03-08,Home,Coffee Maker,297,2,594,East Malaysia,Sarawak,TNG eWallet
ORD11322,2025-07-19,Fashion,Sunglasses,58,4,232,East Malaysia,Sarawak,Credit Card
ORD11328,2025-11-08,Fashion,Sunglasses,359,4,1436,East Malaysia,Sarawak,FPX
ORD11330,2025-01-10,Electronics,Smartwatch,371,2,742,East Malaysia,Sabah,Credit Card
ORD11333,2025-12-01,Fashion,Sunglasses,359,2,718,East Malaysia,Sarawak,TNG eWallet
ORD11334,2025-08-01,Fashion,Sunglasses,213,1,213,East Malaysia,Sabah,TNG eWallet
ORD11340,2025-01-08,Fashion,T-Shirt,115,2,230,East Malaysia,Sabah,FPX
ORD11342,2025-09-29,Home,Air Purifier,547,1,547,East Malaysia,Sabah,FPX
ORD11344,2025-07-16,Fashion,Backpack,77,4,308,East Malaysia,Sarawak,Credit Card
ORD11352,2025-05-30,Electronics,Laptop,3258,4,13032,East Malaysia,Sabah,TNG eWallet
ORD11357,2025-05-05,Home,Coffee Maker,467,1,467,East Malaysia,Sabah,GrabPay
ORD11360,2025-10-23,Home,Office Chair,489,3,1467,East Malaysia,Sarawak,TNG eWallet
ORD11363,2025-12-06,Fashion,Sunglasses,274,3,822,East Malaysia,Sarawak,TNG eWallet
ORD11368,2025-10-28,Electronics,Laptop,2379,4,9516,East Malaysia,Sarawak,Credit Card
ORD11369,2025-10-25,Fashion,T-Shirt,65,2,130,East Malaysia,Sarawak,Credit Card
ORD11371,2025-02-20,Fashion,Backpack,116,2,232,East Malaysia,Sabah,TNG eWallet
ORD11373,2025-07-27,Home,Desk Lamp,750,4,3000,East Malaysia,Sarawak,GrabPay
ORD11374,2025-08-28,Home,Desk Lamp,127,4,508,East Malaysia,Sabah,TNG eWallet
ORD11375,2025-11-25,Fashion,Sneakers,217,2,434,East Malaysia,Sabah,Credit Card
ORD11376,2025-08-01,Home,Desk Lamp,238,2,476,East Malaysia,Sarawak,TNG eWallet
ORD11378,2025-09-11,Electronics,Laptop,3416,4,13664,East Malaysia,Sabah,TNG eWallet
ORD11380,2025-03-31,Home,Air Purifier,158,2,316,East Malaysia,Sarawak,FPX
ORD11389,2025-05-13,Electronics,Smartphone,3374,3,10122,East Malaysia,Sabah,GrabPay
ORD11395,2025-07-22,Fashion,T-Shirt,155,2,310,East Malaysia,Sabah,Credit Card
ORD11396,2025-06-14,Electronics,Laptop,354,3,1062,East Malaysia,Sarawak,GrabPay
ORD11399,2025-08-18,Electronics,Smartwatch,1102,2,2204,East Malaysia,Sarawak,Credit Card
ORD11400,2025-08-24,Electronics,Wireless Earbuds,3181,4,12724,East Malaysia,Sabah,GrabPay
ORD11401,2025-01-22,Electronics,Smartwatch,4293,1,4293,East Malaysia,Sabah,GrabPay
ORD11405,2025-09-10,Fashion,Sneakers,242,2,484,East Malaysia,Sabah,TNG eWallet
ORD11409,2025-10-05,Home,Office Chair,426,1,426,East Malaysia,Sabah,GrabPay
ORD11410,2025-01-05,Electronics,Smartphone,3285,4,13140,East Malaysia,Sabah,GrabPay
ORD11411,2025-09-06,Electronics,Smartwatch,3466,4,13864,East Malaysia,Sabah,GrabPay
ORD11413,2025-09-02,Home,Office Chair,214,3,642,East Malaysia,Sarawak,GrabPay
ORD11414,2025-09-09,Electronics,Smartphone,2380,2,4760,East Malaysia,Sarawak,FPX
ORD11415,2025-06-15,Home,Air Purifier,459,2,918,East Malaysia,Sabah,TNG eWallet
ORD11422,2025-11-17,Fashion,Backpack,396,1,396,East Malaysia,Sabah,TNG eWallet
ORD11424,2025-07-14,Fashion,T-Shirt,396,4,1584,East Malaysia,Sabah,GrabPay
ORD11425,2025-05-24,Home,Desk Lamp,751,3,2253,East Malaysia,Sabah,TNG eWallet
ORD11426,2025-12-11,Electronics,Smartphone,1387,2,2774,East Malaysia,Sabah,Credit Card
ORD11427,2025-04-18,Electronics,Wireless Earbuds,2586,2,5172,East Malaysia,Sarawak,TNG eWallet
ORD11429,2025-09-15,Fashion,Backpack,206,2,412,East Malaysia,Sarawak,TNG eWallet
ORD11430,2025-04-28,Electronics,Smartphone,2906,1,2906,East Malaysia,Sabah,TNG eWallet
ORD11431,2025-05-15,Electronics,Smartwatch,591,4,2364,East Malaysia,Sarawak,GrabPay
ORD11432,2025-12-28,Electronics,Smartphone,1685,3,5055,East Malaysia,Sabah,GrabPay
ORD11433,2025-02-12,Electronics,Smartphone,2947,4,11788,East Malaysia,Sabah,Credit Card
ORD11436,2025-07-14,Fashion,T-Shirt,298,1,298,East Malaysia,Sabah,TNG eWallet
ORD11438,2025-10-09,Fashion,T-Shirt,172,1,172,East Malaysia,Sabah,Credit Card
ORD11441,2025-03-23,Home,Air Purifier,364,3,1092,East Malaysia,Sabah,TNG eWallet
ORD11444,2025-05-07,Home,Office Chair,486,3,1458,East Malaysia,Sabah,Credit Card
ORD11446,2025-03-11,Home,Desk Lamp,471,1,471,East Malaysia,Sarawak,GrabPay
ORD11449,2025-08-21,Electronics,Smartwatch,1709,4,6836,East Malaysia,Sabah,TNG eWallet
ORD11450,2025-04-19,Home,Desk Lamp,603,3,1809,East Malaysia,Sarawak,FPX
ORD11452,2025-11-23,Fashion,T-Shirt,248,1,248,East Malaysia,Sarawak,Credit Card
ORD11454,2025-08-24,Electronics,Smartphone,4318,1,4318,East Malaysia,Sarawak,FPX
ORD11458,2025-03-22,Home,Coffee Maker,281,3,843,East Malaysia,Sabah,Credit Card
ORD11460,2025-08-25,Home,Desk Lamp,731,1,731,East Malaysia,Sabah,GrabPay
ORD11461,2025-06-03,Electronics,Wireless Earbuds,4357,4,17428,East Malaysia,Sarawak,FPX
ORD11462,2025-04-03,Electronics,Smartphone,3136,3,9408,East Malaysia,Sarawak,Credit Card
ORD11465,2025-10-14,Home,Coffee Maker,132,4,528,East Malaysia,Sabah,GrabPay
ORD11467,2025-06-29,Fashion,Sunglasses,240,4,960,East Malaysia,Sabah,FPX
ORD11471,2025-01-18,Electronics,Smartphone,547,1,547,East Malaysia,Sabah,Credit Card
ORD11473,2025-01-30,Electronics,Laptop,557,2,1114,East Malaysia,Sarawak,FPX
ORD11474,2025-06-17,Electronics,Smartphone,2829,3,8487,East Malaysia,Sarawak,FPX
ORD11475,2025-04-15,Electronics,Smartphone,346,3,1038,East Malaysia,Sarawak,GrabPay
ORD11480,2025-08-29,Fashion,T-Shirt,264,1,264,East Malaysia,Sabah,Credit Card
ORD11482,2025-03-14,Electronics,Wireless Earbuds,2954,1,2954,East Malaysia,Sarawak,GrabPay
ORD11486,2025-12-08,Electronics,Laptop,4354,3,13062,East Malaysia,Sabah,FPX
ORD11488,2025-12-01,Electronics,Wireless Earbuds,3543,4,14172,East Malaysia,Sabah,GrabPay
ORD11490,2025-09-27,Electronics,Wireless Earbuds,2302,1,2302,East Malaysia,Sabah,GrabPay
ORD11491,2025-08-03,Fashion,T-Shirt,235,3,705,East Malaysia,Sabah,Credit Card
ORD11493,2025-03-05,Home,Air Purifier,307,1,307,East Malaysia,Sabah,Credit Card
ORD11495,2025-11-23,Fashion,T-Shirt,295,1,295,East Malaysia,Sabah,GrabPay
ORD11501,2025-06-16,Home,Desk Lamp,220,3,660,East Malaysia,Sabah,GrabPay
ORD11502,2025-10-21,Electronics,Wireless Earbuds,1694,2,3388,East Malaysia,Sabah,Credit Card
ORD11503,2025-10-19,Fashion,T-Shirt,340,1,340,East Malaysia,Sabah,Credit Card
ORD11504,2025-08-12,Fashion,Sneakers,393,3,1179,East Malaysia,Sarawak,GrabPay
ORD11508,2025-03-19,Fashion,Sunglasses,390,2,780,East Malaysia,Sarawak,GrabPay
ORD11509,2025-06-08,Home,Air Purifier,251,4,1004,East Malaysia,Sarawak,FPX
ORD11510,2025-06-09,Fashion,Sneakers,279,2,558,East Malaysia,Sabah,FPX
ORD11511,2025-03-13,Home,Coffee Maker,783,3,2349,East Malaysia,Sabah,FPX
ORD11512,2025-06-18,Fashion,Sunglasses,142,2,284,East Malaysia,Sabah,TNG eWallet
ORD11514,2025-07-26,Fashion,T-Shirt,375,3,1125,East Malaysia,Sabah,GrabPay
ORD11515,2025-09-11,Electronics,Smartwatch,2009,2,4018,East Malaysia,Sarawak,FPX
ORD11516,2025-05-12,Fashion,Backpack,219,4,876,East Malaysia,Sarawak,GrabPay
ORD11517,2025-03-08,Home,Air Purifier,526,4,2104,East Malaysia,Sarawak,GrabPay
ORD11518,2025-01-15,Fashion,Sneakers,387,2,774,East Malaysia,Sabah,TNG eWallet
ORD11521,2025-03-07,Fashion,Sunglasses,101,2,202,East Malaysia,Sabah,Credit Card
ORD11525,2025-11-02,Electronics,Wireless Earbuds,1919,1,1919,East Malaysia,Sarawak,TNG eWallet
ORD11527,2025-01-13,Home,Coffee Maker,460,2,920,East Malaysia,Sabah,Credit Card
ORD11533,2025-11-06,Fashion,Sunglasses,157,3,471,East Malaysia,Sarawak,TNG eWallet
ORD11534,2025-08-01,Home,Office Chair,285,3,855,East Malaysia,Sabah,Credit Card
ORD11536,2025-10-21,Electronics,Laptop,3935,2,7870,East Malaysia,Sabah,FPX
ORD11540,2025-03-05,Fashion,Sunglasses,206,4,824,East Malaysia,Sabah,FPX
ORD11541,2025-05-09,Fashion,Sneakers,56,3,168,East Malaysia,Sabah,FPX
ORD11544,2025-10-22,Home,Air Purifier,798,1,798,East Malaysia,Sarawak,FPX
ORD11545,2025-06-13,Fashion,Sunglasses,193,3,579,East Malaysia,Sarawak,TNG eWallet
ORD11546,2025-05-30,Electronics,Smartphone,454,4,1816,East Malaysia,Sarawak,TNG eWallet
ORD11547,2025-05-08,Home,Coffee Maker,469,3,1407,East Malaysia,Sarawak,GrabPay
ORD11548,2025-06-02,Fashion,Sunglasses,371,1,371,East Malaysia,Sarawak,GrabPay
ORD11549,2025-12-08,Fashion,T-Shirt,333,1,333,East Malaysia,Sabah,TNG eWallet
ORD11550,2025-08-23,Home,Coffee Maker,769,3,2307,East Malaysia,Sarawak,Credit Card
ORD11553,2025-03-28,Electronics,Smartwatch,3643,4,14572,East Malaysia,Sabah,TNG eWallet
ORD11560,2025-08-23,Electronics,Smartphone,1835,3,5505,East Malaysia,Sarawak,FPX
ORD11564,2025-08-27,Home,Air Purifier,746,3,2238,East Malaysia,Sabah,TNG eWallet
ORD11566,2025-01-13,Fashion,Backpack,187,3,561,East Malaysia,Sabah,Credit Card
ORD11567,2025-10-01,Fashion,Backpack,332,3,996,East Malaysia,Sarawak,FPX
ORD11569,2025-01-02,Electronics,Wireless Earbuds,1505,3,4515,East Malaysia,Sabah,Credit Card
ORD11573,2025-12-18,Home,Desk Lamp,744,2,1488,East Malaysia,Sabah,GrabPay
ORD11574,2025-06-27,Electronics,Smartwatch,2176,2,4352,East Malaysia,Sarawak,Credit Card
ORD11575,2025-10-05,Home,Desk Lamp,669,1,669,East Malaysia,Sabah,Credit Card
ORD11576,2025-11-10,Electronics,Smartphone,1547,3,4641,East Malaysia,Sabah,TNG eWallet
ORD11579,2025-06-05,Fashion,Sneakers,399,4,1596,East Malaysia,Sabah,GrabPay
ORD11586,2025-05-09,Home,Desk Lamp,701,3,2103,East Malaysia,Sabah,FPX
ORD11587,2025-01-22,Fashion,Sunglasses,260,4,1040,East Malaysia,Sarawak,FPX
ORD11588,2025-12-09,Electronics,Laptop,565,4,2260,East Malaysia,Sabah,TNG eWallet
ORD11589,2025-07-05,Home,Office Chair,756,2,1512,East Malaysia,Sabah,TNG eWallet
ORD11591,2025-03-17,Home,Desk Lamp,609,2,1218,East Malaysia,Sarawak,GrabPay
ORD11592,2025-06-15,Electronics,Wireless Earbuds,1934,4,7736,East Malaysia,Sarawak,TNG eWallet
ORD11594,2025-06-17,Home,Office Chair,215,1,215,East Malaysia,Sabah,GrabPay
ORD11595,2025-11-03,Fashion,Sneakers,206,1,206,East Malaysia,Sarawak,GrabPay
ORD11596,2025-07-26,Fashion,Backpack,370,3,1110,East Malaysia,Sabah,TNG eWallet
ORD11597,2025-09-06,Home,Coffee Maker,477,4,1908,East Malaysia,Sabah,TNG eWallet
ORD11600,2025-04-06,Fashion,Backpack,66,4,264,East Malaysia,Sarawak,FPX
ORD11601,2025-04-23,Electronics,Smartphone,333,1,333,East Malaysia,Sabah,TNG eWallet
ORD11604,2025-04-22,Electronics,Laptop,3659,3,10977,East Malaysia,Sabah,Credit Card
ORD11605,2025-05-25,Fashion,T-Shirt,355,3,1065,East Malaysia,Sabah,Credit Card
ORD11607,2025-01-23,Electronics,Smartphone,861,2,1722,East Malaysia,Sarawak,GrabPay
ORD11608,2025-01-28,Home,Desk Lamp,281,1,281,East Malaysia,Sabah,TNG eWallet
ORD11609,2025-02-16,Electronics,Laptop,3375,3,10125,East Malaysia,Sarawak,FPX
ORD11611,2025-06-12,Home,Coffee Maker,510,4,2040,East Malaysia,Sarawak,FPX
ORD11612,2025-10-07,Fashion,Backpack,161,4,644,East Malaysia,Sarawak,Credit Card
ORD11613,2025-08-25,Fashion,Backpack,182,4,728,East Malaysia,Sabah,GrabPay
ORD11614,2025-12-07,Electronics,Smartwatch,1854,3,5562,East Malaysia,Sarawak,GrabPay
ORD11616,2025-07-19,Fashion,T-Shirt,93,1,93,East Malaysia,Sarawak,Credit Card
ORD11618,2025-04-27,Fashion,Sneakers,372,3,1116,East Malaysia,Sarawak,Credit Card
ORD11620,2025-06-03,Home,Air Purifier,623,2,1246,East Malaysia,Sabah,GrabPay
ORD11621,2025-09-03,Electronics,Smartphone,1922,2,3844,East Malaysia,Sabah,TNG eWallet
ORD11622,2025-09-24,Fashion,Sneakers,301,2,602,East Malaysia,Sabah,FPX
ORD11624,2025-01-20,Fashion,Sunglasses,165,4,660,East Malaysia,Sabah,Credit Card
ORD11626,2025-08-13,Electronics,Laptop,307,1,307,East Malaysia,Sabah,TNG eWallet
ORD11627,2025-09-16,Electronics,Wireless Earbuds,4477,3,13431,East Malaysia,Sabah,Credit Card
ORD11629,2025-11-14,Electronics,Laptop,3582,1,3582,East Malaysia,Sabah,FPX
ORD11631,2025-08-04,Home,Air Purifier,657,2,1314,East Malaysia,Sarawak,Credit Card
ORD11632,2025-07-01,Fashion,Sunglasses,261,2,522,East Malaysia,Sabah,GrabPay
ORD11633,2025-10-18,Electronics,Smartwatch,2576,4,10304,East Malaysia,Sarawak,GrabPay
ORD11635,2025-12-17,Electronics,Wireless Earbuds,3521,1,3521,East Malaysia,Sabah,FPX
ORD11637,2025-05-23,Electronics,Smartwatch,927,2,1854,East Malaysia,Sabah,FPX
ORD11641,2025-07-25,Electronics,Laptop,1743,4,6972,East Malaysia,Sabah,TNG eWallet
ORD11642,2025-05-21,Fashion,T-Shirt,293,1,293,East Malaysia,Sabah,TNG eWallet
ORD11644,2025-12-06,Home,Coffee Maker,183,2,366,East Malaysia,Sarawak,TNG eWallet
ORD11645,2025-11-01,Fashion,T-Shirt,311,2,622,East Malaysia,Sarawak,FPX
ORD11646,2025-04-28,Electronics,Laptop,1614,3,4842,East Malaysia,Sarawak,Credit Card
ORD11647,2025-03-18,Electronics,Smartwatch,571,1,571,East Malaysia,Sabah,Credit Card
ORD11648,2025-01-09,Home,Air Purifier,378,4,1512,East Malaysia,Sarawak,TNG eWallet
ORD11649,2025-04-29,Home,Desk Lamp,281,1,281,East Malaysia,Sarawak,FPX
ORD11650,2025-04-12,Electronics,Laptop,1008,2,2016,East Malaysia,Sabah,FPX
ORD11651,2025-11-27,Fashion,Backpack,225,1,225,East Malaysia,Sabah,GrabPay
ORD11652,2025-03-22,Electronics,Smartwatch,2397,2,4794,East Malaysia,Sabah,Credit Card
ORD11653,2025-08-16,Home,Office Chair,206,3,618,East Malaysia,Sarawak,Credit Card
ORD11654,2025-04-18,Electronics,Smartwatch,1734,3,5202,East Malaysia,Sarawak,FPX
ORD11655,2025-02-05,Electronics,Laptop,1503,4,6012,East Malaysia,Sarawak,GrabPay
ORD11656,2025-03-28,Home,Desk Lamp,428,2,856,East Malaysia,Sabah,GrabPay
ORD11657,2025-09-29,Fashion,Backpack,197,2,394,East Malaysia,Sarawak,Credit Card
ORD11658,2025-08-16,Home,Air Purifier,265,1,265,East Malaysia,Sarawak,TNG eWallet
ORD11659,2025-02-20,Fashion,Sunglasses,367,4,1468,East Malaysia,Sarawak,GrabPay
ORD11661,2025-12-20,Fashion,T-Shirt,108,4,432,East Malaysia,Sarawak,Credit Card
ORD11663,2025-05-06,Home,Office Chair,727,3,2181,East Malaysia,Sarawak,TNG eWallet
ORD11664,2025-10-23,Electronics,Smartwatch,3547,1,3547,East Malaysia,Sarawak,GrabPay
ORD11665,2025-01-11,Home,Air Purifier,785,4,3140,East Malaysia,Sarawak,GrabPay
ORD11667,2025-01-03,Electronics,Wireless Earbuds,2149,2,4298,East Malaysia,Sarawak,TNG eWallet
ORD11668,2025-08-19,Fashion,T-Shirt,84,4,336,East Malaysia,Sabah,FPX
ORD11671,2025-04-09,Home,Coffee Maker,634,1,634,East Malaysia,Sarawak,GrabPay
ORD11673,2025-07-23,Electronics,Laptop,3113,1,3113,East Malaysia,Sarawak,Credit Card
ORD11679,2025-12-21,Electronics,Wireless Earbuds,1063,1,1063,East Malaysia,Sarawak,FPX
ORD11681,2025-01-25,Fashion,T-Shirt,115,1,115,East Malaysia,Sarawak,Credit Card
ORD11682,2025-03-24,Home,Coffee Maker,408,4,1632,East Malaysia,Sabah,TNG eWallet
ORD11683,2025-10-31,Fashion,Sneakers,106,3,318,East Malaysia,Sarawak,FPX
ORD11684,2025-05-16,Electronics,Wireless Earbuds,3807,4,15228,East Malaysia,Sarawak,Credit Card
ORD11685,2025-10-24,Electronics,Smartphone,706,4,2824,East Malaysia,Sabah,FPX
ORD11689,2025-10-16,Electronics,Laptop,3480,3,10440,East Malaysia,Sarawak,GrabPay
ORD11691,2025-05-27,Electronics,Smartphone,1368,1,1368,East Malaysia,Sabah,Credit Card
ORD11692,2025-08-25,Electronics,Smartwatch,984,3,2952,East Malaysia,Sarawak,GrabPay
ORD11693,2025-09-12,Home,Coffee Maker,486,3,1458,East Malaysia,Sabah,FPX
ORD11695,2025-04-09,Electronics,Smartwatch,4488,1,4488,East Malaysia,Sabah,Credit Card
ORD11697,2025-10-22,Electronics,Smartwatch,2924,3,8772,East Malaysia,Sabah,GrabPay
ORD11700,2025-03-30,Home,Office Chair,757,3,2271,East Malaysia,Sabah,TNG eWallet
ORD11704,2025-10-17,Fashion,Backpack,327,1,327,East Malaysia,Sarawak,GrabPay
ORD11705,2025-03-16,Fashion,Backpack,238,4,952,East Malaysia,Sabah,FPX
ORD11706,2025-03-08,Fashion,Sneakers,98,2,196,East Malaysia,Sarawak,FPX
ORD11707,2025-03-12,Electronics,Laptop,933,4,3732,East Malaysia,Sabah,Credit Card
ORD11709,2025-05-29,Home,Air Purifier,522,3,1566,East Malaysia,Sabah,Credit Card
ORD11712,2025-09-01,Home,Air Purifier,333,4,1332,East Malaysia,Sabah,Credit Card
ORD11713,2025-11-15,Home,Desk Lamp,503,3,1509,East Malaysia,Sarawak,Credit Card
ORD11717,2025-07-17,Home,Office Chair,520,2,1040,East Malaysia,Sarawak,GrabPay
ORD11719,2025-10-06,Electronics,Laptop,1152,2,2304,East Malaysia,Sabah,GrabPay
ORD11721,2025-01-19,Fashion,Backpack,159,1,159,East Malaysia,Sabah,TNG eWallet
ORD11723,2025-12-04,Electronics,Smartphone,2884,3,8652,East Malaysia,Sarawak,FPX
ORD11725,2025-01-21,Electronics,Smartwatch,2839,4,11356,East Malaysia,Sarawak,FPX
ORD11727,2025-05-12,Electronics,Smartwatch,3379,1,3379,East Malaysia,Sarawak,GrabPay
ORD11729,2025-08-20,Electronics,Laptop,1376,4,5504,East Malaysia,Sarawak,GrabPay
ORD11730,2025-01-03,Fashion,Backpack,76,3,228,East Malaysia,Sarawak,Credit Card
ORD11731,2025-02-19,Electronics,Smartphone,971,4,3884,East Malaysia,Sarawak,Credit Card
ORD11734,2025-07-31,Fashion,Backpack,132,4,528,East Malaysia,Sabah,Credit Card
ORD11735,2025-02-08,Home,Desk Lamp,501,3,1503,East Malaysia,Sabah,TNG eWallet
ORD11738,2025-11-18,Home,Office Chair,318,2,636,East Malaysia,Sarawak,TNG eWallet
ORD11739,2025-02-02,Electronics,Wireless Earbuds,4395,3,13185,East Malaysia,Sabah,Credit Card
ORD11741,2025-07-26,Home,Air Purifier,715,2,1430,East Malaysia,Sabah,FPX
ORD11743,2025-03-10,Fashion,Sunglasses,357,1,357,East Malaysia,Sarawak,GrabPay
ORD11744,2025-03-07,Fashion,T-Shirt,124,4,496,East Malaysia,Sabah,Credit Card
ORD11745,2025-01-06,Home,Desk Lamp,313,4,1252,East Malaysia,Sarawak,Credit Card
ORD11746,2025-05-27,Home,Desk Lamp,541,1,541,East Malaysia,Sarawak,Credit Card
ORD11748,2025-03-21,Home,Coffee Maker,460,4,1840,East Malaysia,Sarawak,GrabPay
ORD11749,2025-11-17,Fashion,Backpack,70,2,140,East Malaysia,Sarawak,Credit Card
ORD11751,2025-06-12,Home,Coffee Maker,210,3,630,East Malaysia,Sabah,Credit Card
ORD11753,2025-08-17,Home,Office Chair,199,3,597,East Malaysia,Sarawak,FPX
ORD11758,2025-09-21,Electronics,Smartphone,1442,3,4326,East Malaysia,Sarawak,GrabPay
ORD11773,2025-04-09,Home,Air Purifier,467,4,1868,East Malaysia,Sarawak,FPX
ORD11779,2025-05-12,Home,Office Chair,268,1,268,East Malaysia,Sarawak,TNG eWallet
ORD11780,2025-06-23,Fashion,T-Shirt,172,4,688,East Malaysia,Sabah,TNG eWallet
ORD11783,2025-12-09,Electronics,Laptop,3778,1,3778,East Malaysia,Sabah,Credit Card
ORD11785,2025-11-21,Fashion,Sunglasses,219,1,219,East Malaysia,Sabah,GrabPay
ORD11786,2025-02-20,Home,Office Chair,348,1,348,East Malaysia,Sabah,Credit Card
ORD11787,2025-09-07,Fashion,Backpack,367,3,1101,East Malaysia,Sarawak,TNG eWallet
ORD11790,2025-08-08,Home,Coffee Maker,632,1,632,East Malaysia,Sabah,FPX
ORD11793,2025-07-21,Electronics,Laptop,3889,4,15556,East Malaysia,Sarawak,GrabPay
ORD11795,2025-04-12,Home,Desk Lamp,159,3,477,East Malaysia,Sarawak,TNG eWallet
ORD11796,2025-12-17,Electronics,Wireless Earbuds,3861,2,7722,East Malaysia,Sarawak,FPX
ORD11799,2025-10-15,Home,Air Purifier,507,3,1521,East Malaysia,Sabah,Credit Card
ORD11801,2025-11-28,Electronics,Laptop,1934,1,1934,East Malaysia,Sarawak,FPX
ORD11802,2025-11-07,Fashion,Sneakers,264,2,528,East Malaysia,Sabah,TNG eWallet
ORD11803,2025-05-11,Home,Office Chair,327,1,327,East Malaysia,Sarawak,Credit Card
ORD11808,2025-01-29,Electronics,Smartwatch,396,1,396,East Malaysia,Sarawak,FPX
ORD11810,2025-06-21,Home,Coffee Maker,562,2,1124,East Malaysia,Sarawak,FPX
ORD11813,2025-07-21,Home,Coffee Maker,532,3,1596,East Malaysia,Sabah,Credit Card
ORD11814,2025-11-02,Home,Coffee Maker,541,4,2164,East Malaysia,Sabah,GrabPay
ORD11816,2025-08-06,Electronics,Smartphone,2242,3,6726,East Malaysia,Sarawak,TNG eWallet
ORD11821,2025-11-24,Home,Air Purifier,561,3,1683,East Malaysia,Sarawak,Credit Card
ORD11824,2025-09-30,Fashion,T-Shirt,207,3,621,East Malaysia,Sarawak,Credit Card
ORD11828,2025-05-26,Home,Air Purifier,257,3,771,East Malaysia,Sabah,GrabPay
ORD11830,2025-03-24,Fashion,Sneakers,156,1,156,East Malaysia,Sarawak,FPX
ORD11833,2025-05-08,Home,Coffee Maker,680,2,1360,East Malaysia,Sabah,FPX
ORD11837,2025-04-08,Fashion,T-Shirt,338,3,1014,East Malaysia,Sarawak,TNG eWallet
ORD11840,2025-11-26,Electronics,Wireless Earbuds,2851,1,2851,East Malaysia,Sarawak,Credit Card
ORD11841,2025-04-27,Electronics,Smartphone,1595,3,4785,East Malaysia,Sarawak,Credit Card
ORD11843,2025-10-30,Electronics,Wireless Earbuds,3409,1,3409,East Malaysia,Sabah,Credit Card
ORD11846,2025-04-06,Home,Desk Lamp,733,2,1466,East Malaysia,Sabah,TNG eWallet
ORD11848,2025-11-04,Electronics,Wireless Earbuds,1428,2,2856,East Malaysia,Sarawak,TNG eWallet
ORD11850,2025-01-06,Home,Office Chair,784,2,1568,East Malaysia,Sabah,Credit Card
ORD11851,2025-10-06,Electronics,Laptop,758,4,3032,East Malaysia,Sabah,GrabPay
ORD11853,2025-06-26,Electronics,Laptop,3506,1,3506,East Malaysia,Sarawak,FPX
ORD11854,2025-11-04,Fashion,T-Shirt,339,1,339,East Malaysia,Sarawak,Credit Card
ORD11855,2025-09-03,Electronics,Laptop,715,3,2145,East Malaysia,Sarawak,Credit Card
ORD11856,2025-08-15,Home,Office Chair,643,1,643,East Malaysia,Sabah,GrabPay
ORD11857,2025-03-25,Fashion,Backpack,336,4,1344,East Malaysia,Sarawak,Credit Card
ORD11863,2025-05-30,Electronics,Smartwatch,1098,3,3294,East Malaysia,Sabah,FPX
ORD11864,2025-09-19,Electronics,Smartwatch,3689,4,14756,East Malaysia,Sarawak,FPX
ORD11867,2025-07-29,Home,Coffee Maker,138,2,276,East Malaysia,Sarawak,FPX
ORD11871,2025-08-25,Home,Coffee Maker,761,1,761,East Malaysia,Sabah,FPX
ORD11874,2026-01-01,Home,Coffee Maker,231,4,924,East Malaysia,Sabah,FPX
ORD11875,2025-06-15,Fashion,Sneakers,81,2,162,East Malaysia,Sarawak,GrabPay
ORD11879,2025-04-27,Home,Coffee Maker,226,2,452,East Malaysia,Sarawak,Credit Card
ORD11880,2025-08-06,Fashion,Sunglasses,251,1,251,East Malaysia,Sarawak,TNG eWallet
ORD11881,2025-03-12,Fashion,Backpack,333,4,1332,East Malaysia,Sarawak,Credit Card
ORD11882,2025-02-02,Home,Office Chair,215,2,430,East Malaysia,Sabah,Credit Card
ORD11883,2025-02-08,Fashion,T-Shirt,66,3,198,East Malaysia,Sabah,FPX
ORD11884,2025-11-26,Electronics,Smartphone,668,2,1336,East Malaysia,Sarawak,GrabPay
ORD11885,2025-02-20,Electronics,Smartphone,2626,3,7878,East Malaysia,Sabah,TNG eWallet
ORD11887,2025-06-30,Home,Office Chair,188,3,564,East Malaysia,Sabah,Credit Card
ORD11888,2025-08-28,Electronics,Wireless Earbuds,2871,3,8613,East Malaysia,Sarawak,Credit Card
ORD11889,2025-07-14,Electronics,Smartwatch,1156,3,3468,East Malaysia,Sarawak,FPX
ORD11890,2025-08-28,Fashion,T-Shirt,89,3,267,East Malaysia,Sabah,GrabPay
ORD11891,2025-01-02,Electronics,Smartwatch,2275,3,6825,East Malaysia,Sarawak,TNG eWallet
ORD11892,2025-04-18,Fashion,Backpack,57,1,57,East Malaysia,Sarawak,Credit Card
ORD11894,2025-06-01,Home,Office Chair,321,2,642,East Malaysia,Sabah,TNG eWallet
ORD11895,2025-08-11,Fashion,Backpack,259,3,777,East Malaysia,Sarawak,GrabPay
ORD11896,2025-12-19,Fashion,Sneakers,252,3,756,East Malaysia,Sabah,GrabPay
ORD11897,2025-03-28,Home,Desk Lamp,755,1,755,East Malaysia,Sabah,GrabPay
ORD11898,2025-08-30,Home,Office Chair,505,1,505,East Malaysia,Sarawak,GrabPay
ORD11901,2025-09-27,Electronics,Smartphone,1452,2,2904,East Malaysia,Sarawak,Credit Card
ORD11902,2025-03-13,Electronics,Laptop,1529,2,3058,East Malaysia,Sarawak,TNG eWallet
ORD11905,2025-11-04,Electronics,Laptop,590,3,1770,East Malaysia,Sarawak,TNG eWallet
ORD11911,2025-12-26,Fashion,Backpack,253,4,1012,East Malaysia,Sarawak,Credit Card
ORD11912,2025-02-02,Electronics,Laptop,1371,2,2742,East Malaysia,Sarawak,GrabPay
ORD11913,2025-11-12,Fashion,Backpack,111,2,222,East Malaysia,Sabah,TNG eWallet
ORD11914,2025-11-13,Fashion,Sunglasses,288,2,576,East Malaysia,Sarawak,TNG eWallet
ORD11915,2025-12-07,Fashion,T-Shirt,285,2,570,East Malaysia,Sabah,FPX
ORD11916,2025-04-10,Home,Desk Lamp,165,3,495,East Malaysia,Sarawak,Credit Card
ORD11917,2025-02-20,Home,Office Chair,483,3,1449,East Malaysia,Sarawak,TNG eWallet
ORD11920,2025-05-04,Electronics,Smartphone,2196,4,8784,East Malaysia,Sabah,GrabPay
ORD11921,2025-02-09,Electronics,Laptop,3321,4,13284,East Malaysia,Sabah,GrabPay
ORD11923,2025-05-01,Fashion,Backpack,258,4,1032,East Malaysia,Sabah,Credit Card
ORD11928,2025-10-10,Home,Coffee Maker,519,3,1557,East Malaysia,Sarawak,Credit Card
ORD11930,2025-04-15,Fashion,Backpack,269,2,538,East Malaysia,Sabah,FPX
ORD11931,2025-12-01,Home,Office Chair,125,4,500,East Malaysia,Sarawak,TNG eWallet
ORD11933,2025-02-28,Home,Coffee Maker,798,4,3192,East Malaysia,Sabah,Credit Card
ORD11934,2025-10-11,Fashion,Backpack,77,2,154,East Malaysia,Sarawak,FPX
ORD11935,2025-02-23,Fashion,Sunglasses,225,4,900,East Malaysia,Sabah,GrabPay
ORD11936,2025-12-08,Electronics,Wireless Earbuds,3585,4,14340,East Malaysia,Sabah,TNG eWallet
ORD11939,2025-02-01,Home,Office Chair,220,4,880,East Malaysia,Sabah,TNG eWallet
ORD11940,2025-03-31,Home,Office Chair,424,1,424,East Malaysia,Sabah,TNG eWallet
ORD11941,2025-03-20,Electronics,Smartwatch,934,4,3736,East Malaysia,Sarawak,Credit Card
ORD11942,2025-01-13,Home,Air Purifier,716,2,1432,East Malaysia,Sarawak,FPX
ORD11944,2025-07-30,Home,Coffee Maker,466,1,466,East Malaysia,Sabah,TNG eWallet
ORD11949,2025-02-03,Electronics,Wireless Earbuds,553,1,553,East Malaysia,Sarawak,GrabPay
ORD11952,2025-10-12,Electronics,Wireless Earbuds,3387,4,13548,East Malaysia,Sarawak,TNG eWallet
ORD11953,2025-05-26,Home,Desk Lamp,573,2,1146,East Malaysia,Sabah,Credit Card
ORD11954,2025-07-10,Home,Air Purifier,164,1,164,East Malaysia,Sabah,FPX
ORD11955,2025-07-17,Electronics,Laptop,1059,1,1059,East Malaysia,Sarawak,FPX
ORD11959,2025-06-06,Home,Coffee Maker,107,3,321,East Malaysia,Sabah,Credit Card
ORD11961,2025-08-23,Electronics,Smartphone,4103,4,16412,East Malaysia,Sabah,FPX
ORD11963,2025-05-28,Fashion,Backpack,276,3,828,East Malaysia,Sarawak,Credit Card
ORD11964,2025-03-29,Fashion,Backpack,213,3,639,East Malaysia,Sabah,Credit Card
ORD11965,2025-06-30,Electronics,Smartphone,3408,2,6816,East Malaysia,Sarawak,TNG eWallet
ORD11966,2025-12-05,Electronics,Laptop,432,2,864,East Malaysia,Sabah,TNG eWallet
ORD11968,2025-05-25,Fashion,Backpack,149,2,298,East Malaysia,Sarawak,FPX
ORD11969,2025-10-26,Electronics,Wireless Earbuds,320,4,1280,East Malaysia,Sabah,TNG eWallet
ORD11971,2025-09-01,Electronics,Smartwatch,2223,3,6669,East Malaysia,Sarawak,GrabPay
ORD11972,2025-07-26,Fashion,Sunglasses,274,1,274,East Malaysia,Sarawak,TNG eWallet
ORD11974,2025-08-25,Fashion,Backpack,308,4,1232,East Malaysia,Sabah,FPX
ORD11976,2025-10-19,Home,Air Purifier,437,4,1748,East Malaysia,Sabah,FPX
ORD11980,2025-12-10,Fashion,Sneakers,331,1,331,East Malaysia,Sarawak,TNG eWallet
ORD11982,2025-03-23,Home,Desk Lamp,566,3,1698,East Malaysia,Sarawak,FPX
ORD11985,2025-06-19,Fashion,Sneakers,130,2,260,East Malaysia,Sarawak,GrabPay
ORD11986,2025-04-01,Fashion,T-Shirt,160,4,640,East Malaysia,Sarawak,FPX
ORD11989,2025-01-17,Electronics,Wireless Earbuds,4357,2,8714,East Malaysia,Sarawak,FPX
ORD11993,2025-01-28,Fashion,T-Shirt,204,1,204,East Malaysia,Sabah,FPX
ORD11994,2025-02-18,Electronics,Smartwatch,2188,2,4376,East Malaysia,Sabah,GrabPay
ORD11995,2025-07-15,Home,Office Chair,640,2,1280,East Malaysia,Sarawak,TNG eWallet
ORD11998,2025-09-06,Home,Office Chair,723,1,723,East Malaysia,Sabah,FPX
ORD12000,2025-07-08,Fashion,T-Shirt,384,1,384,East Malaysia,Sabah,Credit Card
ORD12004,2025-12-20,Fashion,Backpack,82,4,328,East Malaysia,Sabah,TNG eWallet
ORD12005,2025-03-06,Fashion,Backpack,341,4,1364,East Malaysia,Sarawak,Credit Card
ORD12010,2025-11-07,Fashion,Sneakers,187,3,561,East Malaysia,Sarawak,TNG eWallet
ORD12011,2025-01-26,Fashion,T-Shirt,269,3,807,East Malaysia,Sabah,GrabPay
ORD12012,2025-05-17,Electronics,Wireless Earbuds,3908,3,11724,East Malaysia,Sarawak,Credit Card
ORD12014,2025-09-14,Home,Air Purifier,388,1,388,East Malaysia,Sarawak,GrabPay
ORD12015,2025-01-20,Home,Office Chair,522,3,1566,East Malaysia,Sabah,TNG eWallet
ORD12019,2025-05-09,Home,Desk Lamp,279,2,558,East Malaysia,Sabah,GrabPay
ORD12020,2025-04-06,Home,Coffee Maker,465,4,1860,East Malaysia,Sabah,TNG eWallet
ORD12021,2025-04-11,Fashion,Sunglasses,105,1,105,East Malaysia,Sarawak,GrabPay
ORD12022,2025-09-30,Home,Office Chair,751,1,751,East Malaysia,Sarawak,GrabPay
ORD12023,2025-03-04,Fashion,Sunglasses,114,3,342,East Malaysia,Sabah,TNG eWallet
ORD12024,2025-05-08,Home,Coffee Maker,468,3,1404,East Malaysia,Sarawak,GrabPay
ORD12026,2025-07-31,Home,Office Chair,570,4,2280,East Malaysia,Sabah,FPX
ORD12028,2025-12-06,Electronics,Laptop,1462,4,5848,East Malaysia,Sarawak,TNG eWallet
ORD12029,2025-03-02,Fashion,Sneakers,255,1,255,East Malaysia,Sarawak,FPX
ORD12031,2025-08-05,Electronics,Smartwatch,2574,2,5148,East Malaysia,Sabah,GrabPay
ORD12033,2025-08-19,Fashion,T-Shirt,287,4,1148,East Malaysia,Sabah,Credit Card
ORD12034,2025-05-06,Home,Desk Lamp,752,1,752,East Malaysia,Sabah,GrabPay
ORD12035,2025-07-27,Fashion,Backpack,267,3,801,East Malaysia,Sabah,Credit Card
ORD12042,2025-12-25,Electronics,Smartphone,2229,1,2229,East Malaysia,Sabah,GrabPay
ORD12044,2025-03-15,Electronics,Laptop,1725,1,1725,East Malaysia,Sarawak,TNG eWallet
ORD12045,2025-02-23,Electronics,Wireless Earbuds,2309,4,9236,East Malaysia,Sabah,FPX
ORD12046,2025-09-22,Fashion,Backpack,112,1,112,East Malaysia,Sarawak,FPX
ORD12047,2025-12-27,Electronics,Laptop,2332,2,4664,East Malaysia,Sabah,Credit Card
ORD12048,2025-02-06,Fashion,Sunglasses,344,2,688,East Malaysia,Sarawak,GrabPay
ORD12049,2025-12-06,Electronics,Smartwatch,2768,2,5536,East Malaysia,Sabah,FPX
ORD12050,2025-10-10,Home,Air Purifier,575,2,1150,East Malaysia,Sabah,GrabPay
ORD12051,2025-04-05,Home,Air Purifier,695,1,695,East Malaysia,Sarawak,FPX
ORD12053,2025-09-12,Electronics,Smartwatch,365,4,1460,East Malaysia,Sarawak,TNG eWallet
ORD12054,2025-07-24,Home,Desk Lamp,703,2,1406,East Malaysia,Sarawak,TNG eWallet
ORD12056,2025-04-03,Fashion,Sneakers,396,2,792,East Malaysia,Sabah,Credit Card
ORD12058,2025-03-19,Fashion,T-Shirt,357,4,1428,East Malaysia,Sarawak,Credit Card
ORD12059,2025-04-07,Electronics,Smartphone,858,3,2574,East Malaysia,Sabah,Credit Card
ORD12062,2025-11-04,Electronics,Laptop,1343,3,4029,East Malaysia,Sarawak,GrabPay
ORD12065,2025-05-07,Fashion,Backpack,210,3,630,East Malaysia,Sabah,TNG eWallet
ORD12066,2025-11-11,Electronics,Smartphone,556,3,1668,East Malaysia,Sarawak,FPX
ORD12071,2025-12-21,Fashion,T-Shirt,96,4,384,East Malaysia,Sarawak,Credit Card
ORD12072,2025-03-05,Fashion,Backpack,72,4,288,East Malaysia,Sabah,TNG eWallet
ORD12073,2025-09-01,Home,Office Chair,282,2,564,East Malaysia,Sabah,FPX
ORD12075,2025-12-15,Fashion,T-Shirt,394,2,788,East Malaysia,Sarawak,Credit Card
ORD12077,2025-02-07,Fashion,T-Shirt,228,2,456,East Malaysia,Sabah,TNG eWallet
ORD12078,2025-05-08,Fashion,Sneakers,121,3,363,East Malaysia,Sabah,TNG eWallet
ORD12079,2025-06-27,Home,Desk Lamp,574,2,1148,East Malaysia,Sabah,TNG eWallet
ORD12082,2025-01-15,Fashion,Sunglasses,218,4,872,East Malaysia,Sarawak,Credit Card
ORD12084,2025-05-14,Fashion,Backpack,326,2,652,East Malaysia,Sabah,GrabPay
ORD12085,2025-03-10,Electronics,Smartphone,1360,1,1360,East Malaysia,Sabah,TNG eWallet
ORD12086,2025-06-28,Electronics,Wireless Earbuds,1698,1,1698,East Malaysia,Sabah,Credit Card
ORD12087,2025-03-11,Fashion,Sneakers,397,1,397,East Malaysia,Sabah,TNG eWallet
ORD12088,2025-04-05,Home,Desk Lamp,416,4,1664,East Malaysia,Sabah,Credit Card
ORD12090,2025-11-06,Home,Coffee Maker,184,3,552,East Malaysia,Sarawak,FPX
ORD12091,2025-12-02,Home,Office Chair,630,1,630,East Malaysia,Sabah,TNG eWallet
ORD12093,2025-06-20,Fashion,Backpack,326,1,326,East Malaysia,Sabah,GrabPay
ORD12094,2025-06-26,Electronics,Smartphone,1586,1,1586,East Malaysia,Sarawak,FPX
ORD12095,2025-03-06,Fashion,T-Shirt,331,4,1324,East Malaysia,Sabah,Credit Card
ORD12096,2025-12-22,Electronics,Smartwatch,4152,4,16608,East Malaysia,Sarawak,TNG eWallet
ORD12097,2025-12-16,Home,Desk Lamp,380,1,380,East Malaysia,Sabah,FPX
ORD12101,2025-12-26,Electronics,Laptop,3499,2,6998,East Malaysia,Sarawak,TNG eWallet
ORD12102,2025-10-06,Fashion,Backpack,68,1,68,East Malaysia,Sabah,TNG eWallet
ORD12104,2025-06-07,Electronics,Smartwatch,2777,2,5554,East Malaysia,Sarawak,GrabPay
ORD12105,2025-11-20,Fashion,T-Shirt,230,3,690,East Malaysia,Sarawak,GrabPay
ORD12107,2025-07-04,Electronics,Smartphone,3982,3,11946,East Malaysia,Sabah,FPX
ORD12109,2025-10-20,Electronics,Smartwatch,446,2,892,East Malaysia,Sabah,GrabPay
ORD12110,2025-03-19,Home,Air Purifier,239,1,239,East Malaysia,Sarawak,FPX
ORD12111,2025-02-13,Fashion,Backpack,57,2,114,East Malaysia,Sarawak,Credit Card
ORD12113,2025-01-26,Fashion,T-Shirt,342,2,684,East Malaysia,Sabah,GrabPay
ORD12114,2025-03-09,Electronics,Wireless Earbuds,2181,2,4362,East Malaysia,Sabah,Credit Card
ORD12116,2025-10-18,Home,Office Chair,473,1,473,East Malaysia,Sarawak,GrabPay
ORD12117,2026-01-01,Electronics,Smartwatch,4289,1,4289,East Malaysia,Sarawak,FPX
ORD12118,2025-10-04,Home,Coffee Maker,669,4,2676,East Malaysia,Sabah,GrabPay
ORD12122,2025-12-30,Fashion,Backpack,322,1,322,East Malaysia,Sarawak,GrabPay
ORD12123,2026-01-01,Fashion,Backpack,170,1,170,East Malaysia,Sarawak,Credit Card
ORD12124,2025-10-12,Home,Office Chair,354,3,1062,East Malaysia,Sarawak,FPX
ORD12131,2025-12-27,Electronics,Smartphone,2844,3,8532,East Malaysia,Sarawak,Credit Card
ORD12134,2025-03-22,Fashion,Sunglasses,393,3,1179,East Malaysia,Sarawak,Credit Card
ORD12135,2025-02-25,Fashion,T-Shirt,314,2,628,East Malaysia,Sabah,GrabPay
ORD12136,2025-10-09,Home,Coffee Maker,335,4,1340,East Malaysia,Sarawak,GrabPay
ORD12137,2025-07-01,Electronics,Smartphone,1989,4,7956,East Malaysia,Sarawak,GrabPay
ORD12138,2025-06-23,Electronics,Smartphone,3307,1,3307,East Malaysia,Sarawak,Credit Card
ORD12139,2025-10-08,Electronics,Smartphone,2960,3,8880,East Malaysia,Sabah,GrabPay
ORD12141,2025-04-18,Fashion,Sneakers,341,4,1364,East Malaysia,Sarawak,GrabPay
ORD12142,2025-04-11,Electronics,Smartphone,1419,1,1419,East Malaysia,Sabah,FPX
ORD12144,2025-04-23,Home,Desk Lamp,691,2,1382,East Malaysia,Sarawak,Credit Card
ORD12145,2025-12-14,Electronics,Smartwatch,3792,4,15168,East Malaysia,Sabah,FPX
ORD12147,2025-07-30,Home,Office Chair,747,3,2241,East Malaysia,Sabah,Credit Card
ORD12151,2025-10-28,Fashion,Backpack,248,3,744,East Malaysia,Sarawak,FPX
ORD12152,2025-09-23,Fashion,Backpack,104,3,312,East Malaysia,Sarawak,GrabPay
ORD12155,2025-11-30,Home,Office Chair,100,1,100,East Malaysia,Sabah,TNG eWallet
ORD12158,2025-09-20,Home,Desk Lamp,749,3,2247,East Malaysia,Sarawak,FPX
ORD12161,2025-05-19,Fashion,Sneakers,372,3,1116,East Malaysia,Sarawak,FPX
ORD12163,2025-01-28,Home,Desk Lamp,682,4,2728,East Malaysia,Sarawak,TNG eWallet
ORD12164,2025-04-05,Home,Desk Lamp,239,4,956,East Malaysia,Sabah,Credit Card
ORD12166,2025-09-25,Home,Desk Lamp,543,3,1629,East Malaysia,Sarawak,FPX
ORD12170,2025-12-03,Electronics,Wireless Earbuds,3811,2,7622,East Malaysia,Sabah,Credit Card
ORD12172,2025-08-13,Fashion,Backpack,163,1,163,East Malaysia,Sabah,FPX
ORD12177,2025-09-21,Home,Coffee Maker,538,4,2152,East Malaysia,Sarawak,TNG eWallet
ORD12181,2025-08-01,Electronics,Smartphone,533,3,1599,East Malaysia,Sarawak,TNG eWallet
ORD12183,2025-06-24,Home,Office Chair,287,3,861,East Malaysia,Sabah,Credit Card
ORD12184,2025-11-11,Electronics,Laptop,2767,1,2767,East Malaysia,Sarawak,FPX
ORD12185,2025-09-22,Home,Office Chair,636,2,1272,East Malaysia,Sabah,TNG eWallet
ORD12186,2025-10-03,Fashion,Sneakers,330,1,330,East Malaysia,Sarawak,Credit Card
ORD12189,2025-10-26,Electronics,Wireless Earbuds,2405,4,9620,East Malaysia,Sarawak,TNG eWallet
ORD12190,2025-11-19,Electronics,Smartphone,1591,4,6364,East Malaysia,Sabah,TNG eWallet
ORD12191,2025-08-29,Home,Desk Lamp,245,4,980,East Malaysia,Sarawak,TNG eWallet
ORD12192,2025-02-18,Fashion,Sneakers,396,3,1188,East Malaysia,Sarawak,Credit Card
ORD12193,2025-04-04,Home,Desk Lamp,296,3,888,East Malaysia,Sarawak,Credit Card
ORD12198,2025-02-19,Electronics,Smartphone,2387,1,2387,East Malaysia,Sabah,Credit Card
ORD12199,2025-06-17,Home,Office Chair,712,3,2136,East Malaysia,Sarawak,FPX
ORD12200,2025-08-30,Electronics,Smartphone,1015,1,1015,East Malaysia,Sarawak,Credit Card
ORD12203,2025-01-11,Home,Air Purifier,310,4,1240,East Malaysia,Sarawak,GrabPay
ORD12208,2025-02-06,Fashion,T-Shirt,246,3,738,East Malaysia,Sabah,FPX
ORD12210,2025-10-27,Fashion,Sunglasses,95,2,190,East Malaysia,Sabah,Credit Card
ORD12212,2025-06-30,Home,Desk Lamp,245,1,245,East Malaysia,Sarawak,FPX
ORD12214,2025-11-17,Fashion,T-Shirt,87,1,87,East Malaysia,Sabah,TNG eWallet
ORD12219,2025-01-21,Home,Office Chair,790,1,790,East Malaysia,Sarawak,Credit Card
ORD12223,2025-10-27,Home,Air Purifier,208,1,208,East Malaysia,Sarawak,GrabPay
ORD12225,2025-09-04,Fashion,T-Shirt,229,2,458,East Malaysia,Sabah,FPX
ORD12226,2025-07-29,Home,Air Purifier,378,3,1134,East Malaysia,Sarawak,GrabPay
ORD12227,2025-07-18,Fashion,Sneakers,384,4,1536,East Malaysia,Sarawak,GrabPay
ORD12229,2025-07-25,Fashion,Sneakers,329,4,1316,East Malaysia,Sarawak,Credit Card
ORD12230,2025-08-18,Fashion,Backpack,210,2,420,East Malaysia,Sabah,TNG eWallet
ORD12231,2025-06-27,Electronics,Smartphone,1503,2,3006,East Malaysia,Sabah,TNG eWallet
ORD12232,2025-03-20,Fashion,T-Shirt,158,2,316,East Malaysia,Sabah,TNG eWallet
ORD12233,2025-06-19,Home,Air Purifier,529,2,1058,East Malaysia,Sarawak,GrabPay
ORD12239,2025-01-14,Fashion,Backpack,335,2,670,East Malaysia,Sarawak,FPX
ORD12240,2025-06-15,Electronics,Smartwatch,4148,3,12444,East Malaysia,Sarawak,FPX
ORD12241,2025-02-09,Fashion,Sneakers,109,2,218,East Malaysia,Sabah,GrabPay
ORD12242,2025-02-01,Home,Air Purifier,146,3,438,East Malaysia,Sabah,FPX
ORD12245,2025-03-10,Electronics,Smartwatch,3678,2,7356,East Malaysia,Sarawak,GrabPay
ORD12246,2025-02-06,Fashion,Sunglasses,170,2,340,East Malaysia,Sabah,Credit Card
ORD12248,2025-07-11,Electronics,Smartphone,3117,1,3117,East Malaysia,Sarawak,TNG eWallet
ORD12250,2025-08-03,Electronics,Laptop,2549,3,7647,East Malaysia,Sarawak,FPX
ORD12252,2025-08-25,Electronics,Smartphone,930,4,3720,East Malaysia,Sabah,FPX
ORD12254,2025-02-13,Fashion,T-Shirt,110,3,330,East Malaysia,Sarawak,TNG eWallet
ORD12255,2025-01-30,Electronics,Smartwatch,445,3,1335,East Malaysia,Sabah,TNG eWallet
ORD12257,2025-11-05,Fashion,Sunglasses,79,3,237,East Malaysia,Sarawak,FPX
ORD12258,2025-02-15,Fashion,T-Shirt,160,2,320,East Malaysia,Sarawak,GrabPay
ORD12260,2025-02-14,Fashion,Sneakers,233,1,233,East Malaysia,Sabah,Credit Card
ORD12263,2025-01-17,Electronics,Laptop,852,4,3408,East Malaysia,Sabah,Credit Card
ORD12264,2025-11-08,Electronics,Smartwatch,650,3,1950,East Malaysia,Sabah,TNG eWallet
ORD12267,2025-07-13,Fashion,Sneakers,178,2,356,East Malaysia,Sarawak,TNG eWallet
ORD12268,2025-07-06,Electronics,Wireless Earbuds,411,3,1233,East Malaysia,Sarawak,TNG eWallet
ORD12270,2025-08-07,Electronics,Smartphone,1877,1,1877,East Malaysia,Sarawak,GrabPay
ORD12271,2025-04-23,Electronics,Laptop,2945,1,2945,East Malaysia,Sabah,GrabPay
ORD12275,2025-10-07,Home,Air Purifier,108,2,216,East Malaysia,Sarawak,Credit Card
ORD12276,2025-02-17,Electronics,Smartwatch,3672,2,7344,East Malaysia,Sabah,TNG eWallet
ORD12277,2025-07-24,Home,Desk Lamp,243,3,729,East Malaysia,Sarawak,TNG eWallet
ORD12279,2025-04-14,Home,Office Chair,362,4,1448,East Malaysia,Sabah,TNG eWallet
ORD12282,2025-07-27,Home,Air Purifier,223,3,669,East Malaysia,Sabah,FPX
ORD12284,2025-03-07,Home,Air Purifier,776,3,2328,East Malaysia,Sabah,GrabPay
ORD12286,2025-02-21,Electronics,Smartphone,1217,2,2434,East Malaysia,Sabah,Credit Card
ORD12290,2025-06-10,Fashion,Sneakers,166,4,664,East Malaysia,Sarawak,FPX
ORD12296,2025-04-22,Electronics,Laptop,1662,3,4986,East Malaysia,Sabah,GrabPay
ORD12298,2025-11-25,Home,Coffee Maker,480,3,1440,East Malaysia,Sarawak,TNG eWallet
ORD12300,2025-01-01,Home,Office Chair,119,2,238,East Malaysia,Sarawak,TNG eWallet
ORD12301,2025-01-19,Electronics,Smartwatch,2312,2,4624,East Malaysia,Sarawak,Credit Card
ORD12302,2025-09-23,Electronics,Wireless Earbuds,3060,1,3060,East Malaysia,Sabah,GrabPay
ORD12303,2025-04-03,Home,Coffee Maker,784,3,2352,East Malaysia,Sarawak,FPX
ORD12305,2025-05-01,Home,Office Chair,570,3,1710,East Malaysia,Sarawak,TNG eWallet
ORD12307,2025-05-10,Fashion,Sneakers,92,4,368,East Malaysia,Sabah,FPX
ORD12310,2025-01-27,Home,Air Purifier,167,2,334,East Malaysia,Sabah,FPX
ORD12312,2025-12-25,Fashion,Sunglasses,339,3,1017,East Malaysia,Sarawak,GrabPay
ORD12317,2025-04-16,Fashion,Backpack,218,3,654,East Malaysia,Sarawak,GrabPay
ORD12322,2025-05-19,Home,Air Purifier,533,4,2132,East Malaysia,Sarawak,TNG eWallet
ORD12327,2025-03-10,Home,Desk Lamp,191,2,382,East Malaysia,Sarawak,FPX
ORD12329,2025-09-23,Electronics,Smartphone,3933,3,11799,East Malaysia,Sabah,FPX
ORD12331,2025-06-26,Electronics,Wireless Earbuds,875,1,875,East Malaysia,Sarawak,GrabPay
ORD12333,2025-10-05,Fashion,Sunglasses,273,3,819,East Malaysia,Sabah,TNG eWallet
ORD12336,2025-04-12,Fashion,T-Shirt,238,2,476,East Malaysia,Sarawak,Credit Card
ORD12339,2025-03-31,Fashion,T-Shirt,219,1,219,East Malaysia,Sarawak,FPX
ORD12342,2025-01-30,Electronics,Smartwatch,621,1,621,East Malaysia,Sabah,GrabPay
ORD12344,2025-11-07,Electronics,Laptop,1225,4,4900,East Malaysia,Sabah,FPX
ORD12347,2025-08-24,Home,Air Purifier,321,1,321,East Malaysia,Sarawak,TNG eWallet
ORD12349,2025-07-03,Electronics,Laptop,2187,2,4374,East Malaysia,Sarawak,TNG eWallet
ORD12354,2025-06-21,Electronics,Laptop,1076,1,1076,East Malaysia,Sarawak,TNG eWallet
ORD12356,2025-11-07,Electronics,Smartphone,3763,2,7526,East Malaysia,Sabah,FPX
ORD12357,2025-07-10,Home,Coffee Maker,720,3,2160,East Malaysia,Sarawak,TNG eWallet
ORD12359,2025-03-22,Electronics,Smartphone,1742,1,1742,East Malaysia,Sabah,Credit Card
ORD12360,2025-08-18,Home,Desk Lamp,789,3,2367,East Malaysia,Sabah,GrabPay
ORD12361,2025-01-31,Home,Coffee Maker,518,1,518,East Malaysia,Sarawak,FPX
ORD12362,2025-08-16,Home,Air Purifier,484,2,968,East Malaysia,Sabah,TNG eWallet
ORD12365,2025-09-15,Home,Office Chair,572,2,1144,East Malaysia,Sarawak,TNG eWallet
ORD12367,2025-05-21,Fashion,Backpack,292,4,1168,East Malaysia,Sarawak,Credit Card
ORD12370,2025-06-26,Home,Coffee Maker,490,1,490,East Malaysia,Sarawak,FPX
ORD12371,2025-09-23,Electronics,Smartphone,3577,2,7154,East Malaysia,Sarawak,FPX
ORD12374,2025-09-21,Fashion,T-Shirt,73,2,146,East Malaysia,Sabah,Credit Card
ORD12375,2025-11-19,Home,Air Purifier,299,1,299,East Malaysia,Sabah,TNG eWallet
ORD12377,2025-09-03,Electronics,Wireless Earbuds,1758,4,7032,East Malaysia,Sarawak,FPX
ORD12378,2025-11-26,Fashion,Sunglasses,231,1,231,East Malaysia,Sarawak,GrabPay
ORD12381,2025-09-25,Fashion,Sunglasses,263,2,526,East Malaysia,Sabah,TNG eWallet
ORD12383,2025-06-28,Fashion,Backpack,202,4,808,East Malaysia,Sarawak,TNG eWallet
ORD12385,2025-07-01,Electronics,Laptop,3900,3,11700,East Malaysia,Sabah,GrabPay
ORD12386,2025-11-11,Electronics,Wireless Earbuds,2383,1,2383,East Malaysia,Sarawak,Credit Card
ORD12387,2025-12-05,Fashion,Backpack,350,4,1400,East Malaysia,Sarawak,GrabPay
ORD12388,2025-03-08,Electronics,Wireless Earbuds,1865,2,3730,East Malaysia,Sarawak,Credit Card
ORD12390,2025-06-28,Fashion,Sneakers,80,3,240,East Malaysia,Sabah,Credit Card
ORD12392,2025-05-17,Home,Office Chair,507,2,1014,East Malaysia,Sarawak,Credit Card
ORD12396,2025-06-14,Electronics,Smartphone,2067,1,2067,East Malaysia,Sarawak,FPX
ORD12400,2025-08-22,Electronics,Wireless Earbuds,4049,1,4049,East Malaysia,Sarawak,GrabPay
ORD12401,2025-05-16,Electronics,Laptop,3118,4,12472,East Malaysia,Sabah,GrabPay
ORD12404,2025-07-11,Home,Coffee Maker,314,1,314,East Malaysia,Sabah,Credit Card
ORD12406,2025-05-12,Fashion,Sneakers,104,2,208,East Malaysia,Sabah,Credit Card
ORD12407,2025-10-23,Electronics,Smartphone,3273,3,9819,East Malaysia,Sarawak,Credit Card
ORD12410,2025-04-16,Fashion,Sunglasses,213,1,213,East Malaysia,Sabah,FPX
ORD12412,2025-07-06,Fashion,T-Shirt,388,3,1164,East Malaysia,Sarawak,Credit Card
ORD12414,2025-01-06,Electronics,Smartwatch,3102,2,6204,East Malaysia,Sabah,TNG eWallet
ORD12415,2025-03-18,Electronics,Wireless Earbuds,3416,1,3416,East Malaysia,Sarawak,FPX
ORD12417,2025-09-15,Home,Air Purifier,577,4,2308,East Malaysia,Sabah,FPX
ORD12418,2025-02-23,Fashion,Backpack,364,4,1456,East Malaysia,Sabah,FPX
ORD12421,2025-11-15,Home,Air Purifier,145,3,435,East Malaysia,Sabah,Credit Card
ORD12422,2025-12-16,Electronics,Laptop,2659,4,10636,East Malaysia,Sarawak,TNG eWallet
ORD12423,2025-04-15,Home,Office Chair,445,4,1780,East Malaysia,Sarawak,Credit Card
ORD12424,2025-08-14,Fashion,Sneakers,266,1,266,East Malaysia,Sabah,GrabPay
ORD12425,2025-11-13,Electronics,Laptop,4024,2,8048,East Malaysia,Sarawak,FPX
ORD12428,2025-08-01,Electronics,Wireless Earbuds,3673,1,3673,East Malaysia,Sabah,Credit Card
ORD12429,2025-02-18,Fashion,T-Shirt,183,2,366,East Malaysia,Sabah,Credit Card
ORD12430,2025-06-22,Home,Desk Lamp,330,1,330,East Malaysia,Sarawak,GrabPay
ORD12432,2025-03-01,Fashion,Backpack,148,2,296,East Malaysia,Sarawak,Credit Card
ORD12434,2025-09-26,Electronics,Laptop,3527,3,10581,East Malaysia,Sabah,GrabPay
ORD12435,2025-03-26,Electronics,Smartphone,2072,3,6216,East Malaysia,Sarawak,Credit Card
ORD12439,2025-12-26,Electronics,Smartphone,4255,4,17020,East Malaysia,Sarawak,FPX
ORD12441,2025-07-11,Home,Air Purifier,421,2,842,East Malaysia,Sarawak,TNG eWallet
ORD12443,2025-06-27,Electronics,Smartphone,1825,1,1825,East Malaysia,Sarawak,GrabPay
ORD12444,2025-08-11,Electronics,Laptop,1569,2,3138,East Malaysia,Sarawak,GrabPay
ORD12446,2025-12-03,Home,Coffee Maker,715,1,715,East Malaysia,Sabah,FPX
ORD12448,2025-06-16,Fashion,Sneakers,59,1,59,East Malaysia,Sabah,Credit Card
ORD12449,2025-04-07,Fashion,Backpack,253,4,1012,East Malaysia,Sarawak,FPX
ORD12453,2025-03-02,Electronics,Smartphone,4302,2,8604,East Malaysia,Sarawak,FPX
ORD12454,2025-01-16,Electronics,Laptop,3309,4,13236,East Malaysia,Sabah,TNG eWallet
ORD12455,2025-08-18,Home,Coffee Maker,550,1,550,East Malaysia,Sabah,Credit Card
ORD12457,2025-05-12,Home,Desk Lamp,395,4,1580,East Malaysia,Sabah,FPX
ORD12458,2025-08-18,Fashion,Sunglasses,89,2,178,East Malaysia,Sarawak,GrabPay
ORD12459,2025-08-19,Fashion,Sunglasses,216,1,216,East Malaysia,Sabah,TNG eWallet
ORD12460,2025-03-05,Fashion,T-Shirt,337,2,674,East Malaysia,Sabah,TNG eWallet
ORD12468,2025-11-02,Electronics,Smartwatch,527,1,527,East Malaysia,Sabah,Credit Card
ORD12470,2025-07-25,Electronics,Laptop,540,3,1620,East Malaysia,Sabah,TNG eWallet
ORD12472,2025-07-24,Home,Office Chair,385,2,770,East Malaysia,Sabah,Credit Card
ORD12473,2025-02-15,Home,Air Purifier,256,1,256,East Malaysia,Sabah,TNG eWallet
ORD12476,2025-04-17,Electronics,Smartwatch,1641,1,1641,East Malaysia,Sabah,GrabPay
ORD12478,2025-05-06,Home,Desk Lamp,485,3,1455,East Malaysia,Sarawak,TNG eWallet
ORD12479,2025-03-01,Electronics,Wireless Earbuds,2435,1,2435,East Malaysia,Sabah,GrabPay
ORD12487,2025-11-11,Electronics,Wireless Earbuds,2624,2,5248,East Malaysia,Sabah,GrabPay
ORD12488,2025-03-18,Electronics,Laptop,411,4,1644,East Malaysia,Sabah,GrabPay
ORD12489,2025-12-15,Home,Coffee Maker,278,1,278,East Malaysia,Sarawak,TNG eWallet
ORD12490,2025-06-06,Electronics,Smartwatch,1845,2,3690,East Malaysia,Sabah,TNG eWallet
ORD12494,2025-05-14,Electronics,Smartphone,3177,3,9531,East Malaysia,Sarawak,TNG eWallet
ORD12495,2025-04-04,Electronics,Wireless Earbuds,4143,1,4143,East Malaysia,Sarawak,Credit Card
ORD12496,2025-10-03,Fashion,Backpack,175,2,350,East Malaysia,Sarawak,FPX
ORD12500,2025-09-23,Fashion,Backpack,220,2,440,East Malaysia,Sarawak,GrabPay
ORD12501,2025-05-06,Electronics,Laptop,434,4,1736,East Malaysia,Sabah,Credit Card
ORD12502,2025-11-14,Fashion,Backpack,302,4,1208,East Malaysia,Sarawak,FPX
ORD12503,2025-06-08,Electronics,Smartwatch,2915,2,5830,East Malaysia,Sabah,GrabPay
ORD12506,2025-08-13,Fashion,T-Shirt,284,2,568,East Malaysia,Sabah,GrabPay
ORD12509,2025-06-07,Fashion,T-Shirt,183,4,732,East Malaysia,Sarawak,GrabPay
ORD12512,2025-04-27,Fashion,Backpack,131,1,131,East Malaysia,Sabah,Credit Card
ORD12515,2025-01-07,Fashion,Sneakers,380,4,1520,East Malaysia,Sarawak,GrabPay
ORD12518,2025-04-21,Electronics,Smartphone,353,1,353,East Malaysia,Sarawak,GrabPay
ORD12523,2025-07-12,Electronics,Wireless Earbuds,1910,3,5730,East Malaysia,Sarawak,GrabPay
ORD12526,2025-12-30,Home,Desk Lamp,410,4,1640,East Malaysia,Sabah,Credit Card
ORD12527,2025-07-08,Fashion,Backpack,140,1,140,East Malaysia,Sabah,Credit Card
ORD12529,2025-12-11,Electronics,Smartphone,2148,3,6444,East Malaysia,Sarawak,Credit Card
ORD12530,2025-03-17,Home,Desk Lamp,204,4,816,East Malaysia,Sabah,TNG eWallet
ORD12532,2025-06-23,Electronics,Laptop,3203,3,9609,East Malaysia,Sabah,TNG eWallet
ORD12533,2025-10-18,Electronics,Laptop,775,4,3100,East Malaysia,Sabah,FPX
ORD12535,2025-02-15,Home,Office Chair,131,4,524,East Malaysia,Sarawak,Credit Card
ORD12537,2025-10-04,Home,Coffee Maker,707,2,1414,East Malaysia,Sabah,TNG eWallet
ORD12539,2025-08-08,Electronics,Laptop,3880,3,11640,East Malaysia,Sabah,Credit Card
ORD12540,2025-12-13,Fashion,Sneakers,304,1,304,East Malaysia,Sabah,FPX
ORD12541,2025-08-25,Electronics,Laptop,2343,2,4686,East Malaysia,Sarawak,Credit Card
ORD12542,2025-08-20,Electronics,Wireless Earbuds,2105,1,2105,East Malaysia,Sabah,TNG eWallet
ORD12544,2025-05-09,Electronics,Wireless Earbuds,2571,1,2571,East Malaysia,Sarawak,FPX
ORD12545,2025-10-06,Electronics,Smartphone,1453,4,5812,East Malaysia,Sabah,Credit Card
ORD12547,2025-10-09,Home,Coffee Maker,649,4,2596,East Malaysia,Sarawak,GrabPay
ORD12557,2025-01-12,Home,Office Chair,253,2,506,East Malaysia,Sarawak,FPX
ORD12558,2025-06-10,Home,Air Purifier,230,3,690,East Malaysia,Sarawak,FPX
ORD12559,2025-11-08,Electronics,Laptop,3795,1,3795,East Malaysia,Sabah,GrabPay
ORD12560,2025-04-29,Fashion,Sneakers,77,4,308,East Malaysia,Sabah,Credit Card
ORD12562,2025-06-08,Electronics,Wireless Earbuds,2019,2,4038,East Malaysia,Sarawak,GrabPay
ORD12563,2025-03-16,Fashion,Sunglasses,350,1,350,East Malaysia,Sarawak,FPX
ORD12564,2025-07-26,Electronics,Smartwatch,3507,3,10521,East Malaysia,Sarawak,GrabPay
ORD12565,2025-05-12,Electronics,Laptop,3569,3,10707,East Malaysia,Sarawak,GrabPay
ORD12567,2025-12-15,Electronics,Smartphone,1171,3,3513,East Malaysia,Sarawak,Credit Card
ORD12571,2025-12-03,Fashion,T-Shirt,144,1,144,East Malaysia,Sabah,Credit Card
ORD12574,2025-05-03,Fashion,Backpack,266,3,798,East Malaysia,Sabah,FPX
ORD12576,2025-07-24,Home,Air Purifier,391,4,1564,East Malaysia,Sarawak,TNG eWallet
ORD12577,2025-12-12,Fashion,Backpack,242,4,968,East Malaysia,Sarawak,Credit Card
ORD12578,2025-03-04,Fashion,Sneakers,311,3,933,East Malaysia,Sarawak,TNG eWallet
ORD12579,2025-08-09,Home,Desk Lamp,396,2,792,East Malaysia,Sarawak,TNG eWallet
ORD12580,2025-01-25,Electronics,Smartwatch,848,1,848,East Malaysia,Sarawak,Credit Card
ORD12581,2025-11-16,Home,Office Chair,627,1,627,East Malaysia,Sarawak,TNG eWallet
ORD12582,2025-07-17,Fashion,Backpack,156,3,468,East Malaysia,Sarawak,GrabPay
ORD12583,2025-08-25,Home,Air Purifier,679,4,2716,East Malaysia,Sabah,GrabPay
ORD12584,2025-05-25,Electronics,Wireless Earbuds,799,2,1598,East Malaysia,Sarawak,GrabPay
ORD12588,2025-09-19,Electronics,Smartphone,4459,1,4459,East Malaysia,Sabah,FPX
ORD12589,2025-09-25,Fashion,Sunglasses,361,4,1444,East Malaysia,Sabah,GrabPay
ORD12590,2025-11-26,Fashion,Sunglasses,162,1,162,East Malaysia,Sabah,Credit Card
ORD12593,2025-05-19,Electronics,Smartphone,2910,2,5820,East Malaysia,Sarawak,Credit Card
ORD12594,2025-06-13,Home,Desk Lamp,595,1,595,East Malaysia,Sabah,TNG eWallet
ORD12595,2025-12-25,Fashion,Backpack,50,2,100,East Malaysia,Sabah,GrabPay
ORD12596,2025-05-08,Fashion,Sneakers,187,1,187,East Malaysia,Sabah,Credit Card
ORD12597,2025-08-13,Electronics,Laptop,738,1,738,East Malaysia,Sarawak,GrabPay
ORD12601,2025-12-14,Electronics,Smartphone,1894,1,1894,East Malaysia,Sarawak,TNG eWallet
ORD12603,2025-03-28,Fashion,Sunglasses,78,1,78,East Malaysia,Sarawak,GrabPay
ORD12609,2025-07-13,Fashion,Sneakers,69,2,138,East Malaysia,Sarawak,GrabPay
ORD12610,2025-04-11,Fashion,Backpack,280,4,1120,East Malaysia,Sarawak,TNG eWallet
ORD12611,2025-04-29,Home,Air Purifier,196,3,588,East Malaysia,Sabah,Credit Card
ORD12613,2025-09-13,Home,Air Purifier,336,2,672,East Malaysia,Sarawak,Credit Card
ORD12618,2025-03-08,Home,Coffee Maker,314,1,314,East Malaysia,Sarawak,FPX
ORD12624,2025-12-30,Home,Coffee Maker,467,4,1868,East Malaysia,Sarawak,Credit Card
ORD12625,2025-06-23,Electronics,Smartwatch,4106,1,4106,East Malaysia,Sarawak,TNG eWallet
ORD12626,2025-05-24,Fashion,Backpack,247,4,988,East Malaysia,Sarawak,Credit Card
ORD12627,2025-02-08,Fashion,Sneakers,143,2,286,East Malaysia,Sabah,TNG eWallet
ORD12629,2025-11-11,Home,Desk Lamp,690,2,1380,East Malaysia,Sabah,Credit Card
ORD12631,2025-02-19,Home,Air Purifier,657,4,2628,East Malaysia,Sarawak,TNG eWallet
ORD12632,2025-10-28,Fashion,Sneakers,313,3,939,East Malaysia,Sarawak,GrabPay
ORD12633,2025-09-27,Home,Air Purifier,542,4,2168,East Malaysia,Sabah,FPX
ORD12634,2025-02-24,Home,Desk Lamp,298,2,596,East Malaysia,Sarawak,FPX
ORD12637,2025-06-22,Home,Coffee Maker,418,3,1254,East Malaysia,Sabah,GrabPay
ORD12638,2025-02-03,Fashion,T-Shirt,129,3,387,East Malaysia,Sarawak,Credit Card
ORD12640,2025-07-02,Electronics,Smartwatch,1588,1,1588,East Malaysia,Sabah,FPX
ORD12643,2025-08-10,Electronics,Wireless Earbuds,2724,3,8172,East Malaysia,Sarawak,Credit Card
ORD12645,2025-05-12,Fashion,Sunglasses,399,4,1596,East Malaysia,Sabah,FPX
ORD12646,2025-01-29,Fashion,Backpack,310,2,620,East Malaysia,Sabah,GrabPay
ORD12648,2025-03-11,Home,Coffee Maker,800,3,2400,East Malaysia,Sarawak,GrabPay
ORD12649,2025-04-16,Home,Coffee Maker,177,2,354,East Malaysia,Sabah,TNG eWallet
ORD12650,2025-05-22,Fashion,Sneakers,183,4,732,East Malaysia,Sarawak,FPX
ORD12651,2025-05-22,Home,Office Chair,133,1,133,East Malaysia,Sabah,Credit Card
ORD12652,2025-08-27,Fashion,Backpack,56,4,224,East Malaysia,Sarawak,TNG eWallet
ORD12657,2025-03-30,Electronics,Smartphone,3089,4,12356,East Malaysia,Sabah,FPX
ORD12658,2025-11-24,Home,Air Purifier,370,3,1110,East Malaysia,Sabah,TNG eWallet
ORD12659,2025-01-14,Fashion,Backpack,206,4,824,East Malaysia,Sarawak,GrabPay
ORD12660,2025-05-27,Fashion,Sneakers,86,1,86,East Malaysia,Sarawak,GrabPay
ORD12661,2025-07-05,Home,Office Chair,442,2,884,East Malaysia,Sarawak,GrabPay
ORD12665,2025-05-08,Electronics,Laptop,1921,2,3842,East Malaysia,Sarawak,TNG eWallet
ORD12668,2025-01-23,Home,Coffee Maker,739,2,1478,East Malaysia,Sarawak,FPX
ORD12672,2025-11-28,Electronics,Smartwatch,1948,2,3896,East Malaysia,Sabah,GrabPay
ORD12675,2025-06-13,Home,Coffee Maker,516,2,1032,East Malaysia,Sabah,Credit Card
ORD12676,2025-08-05,Fashion,T-Shirt,283,1,283,East Malaysia,Sabah,FPX
ORD12678,2025-10-30,Electronics,Wireless Earbuds,4268,2,8536,East Malaysia,Sarawak,TNG eWallet
ORD12679,2025-09-07,Fashion,Sneakers,255,2,510,East Malaysia,Sabah,Credit Card
ORD12680,2025-09-03,Electronics,Wireless Earbuds,1267,3,3801,East Malaysia,Sarawak,Credit Card
ORD12681,2025-07-11,Fashion,Sneakers,56,4,224,East Malaysia,Sarawak,Credit Card
ORD12682,2025-09-30,Fashion,Sunglasses,102,4,408,East Malaysia,Sabah,GrabPay
ORD12683,2025-06-02,Home,Desk Lamp,417,2,834,East Malaysia,Sarawak,FPX
ORD12684,2025-12-10,Home,Office Chair,694,2,1388,East Malaysia,Sabah,Credit Card
ORD12685,2025-04-02,Electronics,Smartwatch,4105,1,4105,East Malaysia,Sarawak,FPX
ORD12688,2025-12-15,Home,Air Purifier,154,1,154,East Malaysia,Sarawak,TNG eWallet
ORD12691,2025-12-20,Fashion,Backpack,320,1,320,East Malaysia,Sabah,Credit Card
ORD12697,2025-08-23,Electronics,Wireless Earbuds,1671,1,1671,East Malaysia,Sarawak,FPX
ORD12703,2025-06-26,Electronics,Laptop,2680,4,10720,East Malaysia,Sabah,Credit Card
ORD12704,2025-01-15,Home,Desk Lamp,562,3,1686,East Malaysia,Sarawak,Credit Card
ORD12706,2025-06-29,Fashion,Sneakers,54,2,108,East Malaysia,Sabah,GrabPay
ORD12707,2025-11-02,Fashion,T-Shirt,55,3,165,East Malaysia,Sarawak,TNG eWallet
ORD12708,2025-12-18,Fashion,Backpack,117,1,117,East Malaysia,Sarawak,GrabPay
ORD12711,2025-01-18,Electronics,Smartwatch,3228,1,3228,East Malaysia,Sabah,FPX
ORD12714,2025-07-27,Home,Desk Lamp,238,3,714,East Malaysia,Sabah,FPX
ORD12715,2025-08-11,Fashion,Backpack,231,2,462,East Malaysia,Sabah,TNG eWallet
ORD12716,2025-08-01,Fashion,Backpack,66,3,198,East Malaysia,Sarawak,GrabPay
ORD12717,2025-06-25,Fashion,Backpack,182,1,182,East Malaysia,Sarawak,FPX
ORD12721,2025-01-08,Fashion,Sunglasses,245,2,490,East Malaysia,Sarawak,TNG eWallet
ORD12723,2025-07-31,Home,Desk Lamp,126,2,252,East Malaysia,Sarawak,Credit Card
ORD12725,2025-01-01,Electronics,Laptop,984,1,984,East Malaysia,Sarawak,GrabPay
ORD12727,2025-04-27,Fashion,Sneakers,256,3,768,East Malaysia,Sarawak,Credit Card
ORD12729,2025-06-28,Electronics,Smartphone,4290,4,17160,East Malaysia,Sarawak,GrabPay
ORD12735,2025-02-13,Electronics,Wireless Earbuds,1302,1,1302,East Malaysia,Sabah,Credit Card
ORD12737,2025-10-08,Electronics,Smartwatch,3661,4,14644,East Malaysia,Sabah,Credit Card
ORD12738,2025-02-03,Fashion,Backpack,127,2,254,East Malaysia,Sarawak,Credit Card
ORD12739,2025-11-02,Electronics,Laptop,1309,3,3927,East Malaysia,Sabah,FPX
ORD12740,2025-06-22,Fashion,Sneakers,398,4,1592,East Malaysia,Sarawak,FPX
ORD12742,2025-04-01,Home,Office Chair,195,1,195,East Malaysia,Sabah,FPX
ORD12747,2025-05-15,Fashion,T-Shirt,124,2,248,East Malaysia,Sarawak,GrabPay
ORD12748,2025-04-24,Electronics,Smartwatch,2244,3,6732,East Malaysia,Sarawak,GrabPay
ORD12749,2025-12-28,Electronics,Laptop,2171,1,2171,East Malaysia,Sabah,TNG eWallet
ORD12750,2025-12-04,Fashion,Sunglasses,128,2,256,East Malaysia,Sarawak,Credit Card
ORD12751,2025-03-11,Electronics,Smartphone,1329,3,3987,East Malaysia,Sarawak,FPX
ORD12752,2025-08-04,Fashion,Backpack,379,4,1516,East Malaysia,Sabah,FPX
ORD12753,2025-11-05,Fashion,Backpack,265,2,530,East Malaysia,Sarawak,FPX
ORD12754,2025-10-20,Home,Coffee Maker,147,4,588,East Malaysia,Sabah,FPX
ORD12755,2025-03-27,Electronics,Laptop,2861,2,5722,East Malaysia,Sarawak,GrabPay
ORD12756,2025-03-12,Home,Office Chair,676,4,2704,East Malaysia,Sabah,GrabPay
ORD12758,2025-07-11,Electronics,Smartphone,1284,4,5136,East Malaysia,Sabah,FPX
ORD12763,2025-05-12,Electronics,Laptop,4373,2,8746,East Malaysia,Sarawak,TNG eWallet
ORD12764,2025-06-13,Fashion,Sunglasses,328,2,656,East Malaysia,Sabah,GrabPay
ORD12765,2025-06-08,Home,Office Chair,170,4,680,East Malaysia,Sarawak,GrabPay
ORD12766,2025-09-08,Electronics,Laptop,4386,4,17544,East Malaysia,Sarawak,Credit Card
ORD12767,2025-09-01,Fashion,Sneakers,131,2,262,East Malaysia,Sarawak,GrabPay
ORD12768,2025-08-13,Home,Desk Lamp,268,3,804,East Malaysia,Sarawak,GrabPay
ORD12769,2025-09-19,Fashion,T-Shirt,375,3,1125,East Malaysia,Sabah,FPX
ORD12772,2025-04-27,Fashion,Sunglasses,176,2,352,East Malaysia,Sabah,Credit Card
ORD12774,2025-10-15,Electronics,Smartphone,1613,2,3226,East Malaysia,Sabah,FPX
ORD12776,2025-11-13,Fashion,T-Shirt,334,3,1002,East Malaysia,Sarawak,GrabPay
ORD12777,2025-06-15,Fashion,Sneakers,299,3,897,East Malaysia,Sarawak,FPX
ORD12779,2025-10-03,Home,Air Purifier,198,2,396,East Malaysia,Sabah,Credit Card
ORD12780,2025-07-22,Fashion,Backpack,270,2,540,East Malaysia,Sabah,GrabPay
ORD12782,2025-06-21,Electronics,Smartwatch,1342,2,2684,East Malaysia,Sabah,FPX
ORD12788,2025-06-25,Home,Office Chair,760,2,1520,East Malaysia,Sabah,GrabPay
ORD12790,2025-02-25,Home,Air Purifier,223,2,446,East Malaysia,Sabah,FPX
ORD12792,2025-12-27,Home,Coffee Maker,463,1,463,East Malaysia,Sabah,FPX
ORD12793,2025-04-21,Fashion,Sneakers,120,3,360,East Malaysia,Sarawak,FPX
ORD12795,2025-08-24,Home,Office Chair,766,1,766,East Malaysia,Sarawak,Credit Card
ORD12796,2025-03-22,Home,Desk Lamp,726,3,2178,East Malaysia,Sabah,TNG eWallet
ORD12797,2025-05-25,Home,Desk Lamp,469,2,938,East Malaysia,Sarawak,Credit Card
ORD12798,2025-11-17,Fashion,Sneakers,272,4,1088,East Malaysia,Sarawak,TNG eWallet
ORD12799,2025-02-20,Fashion,Sunglasses,134,2,268,East Malaysia,Sarawak,FPX
ORD12805,2025-04-05,Fashion,T-Shirt,333,3,999,East Malaysia,Sarawak,GrabPay
ORD12806,2025-11-15,Fashion,Backpack,164,4,656,East Malaysia,Sabah,Credit Card
ORD12807,2025-12-01,Fashion,Sneakers,380,2,760,East Malaysia,Sabah,Credit Card
ORD12809,2025-08-18,Fashion,T-Shirt,349,3,1047,East Malaysia,Sarawak,FPX
ORD12810,2025-08-08,Fashion,Sunglasses,137,1,137,East Malaysia,Sarawak,FPX
ORD12813,2025-10-02,Electronics,Laptop,3547,2,7094,East Malaysia,Sabah,GrabPay
ORD12814,2025-12-27,Electronics,Smartwatch,1798,4,7192,East Malaysia,Sabah,Credit Card
ORD12815,2025-03-26,Fashion,Sneakers,164,1,164,East Malaysia,Sabah,FPX
ORD12817,2025-04-17,Fashion,Backpack,291,1,291,East Malaysia,Sabah,FPX
ORD12818,2025-09-11,Fashion,T-Shirt,388,3,1164,East Malaysia,Sarawak,FPX
ORD12826,2025-10-28,Home,Air Purifier,739,3,2217,East Malaysia,Sarawak,FPX
ORD12829,2025-12-20,Fashion,Backpack,111,2,222,East Malaysia,Sarawak,TNG eWallet
ORD12831,2025-12-10,Home,Desk Lamp,474,2,948,East Malaysia,Sabah,Credit Card
ORD12832,2025-09-14,Electronics,Wireless Earbuds,904,2,1808,East Malaysia,Sabah,GrabPay
ORD12834,2025-02-06,Home,Coffee Maker,521,4,2084,East Malaysia,Sarawak,TNG eWallet
ORD12835,2025-10-12,Home,Desk Lamp,485,2,970,East Malaysia,Sabah,GrabPay
ORD12838,2025-02-15,Home,Air Purifier,742,3,2226,East Malaysia,Sarawak,GrabPay
ORD12839,2025-04-15,Electronics,Laptop,826,3,2478,East Malaysia,Sarawak,FPX
ORD12842,2025-05-11,Electronics,Wireless Earbuds,4493,3,13479,East Malaysia,Sabah,FPX
ORD12846,2025-07-01,Home,Desk Lamp,180,3,540,East Malaysia,Sabah,FPX
ORD12848,2025-05-26,Fashion,T-Shirt,129,4,516,East Malaysia,Sabah,Credit Card
ORD12849,2025-10-19,Electronics,Smartphone,1621,2,3242,East Malaysia,Sarawak,Credit Card
ORD12850,2025-08-25,Home,Office Chair,553,3,1659,East Malaysia,Sarawak,FPX
ORD12851,2025-04-29,Home,Office Chair,616,1,616,East Malaysia,Sarawak,GrabPay
ORD12853,2025-06-09,Home,Coffee Maker,540,2,1080,East Malaysia,Sarawak,FPX
ORD12854,2025-06-27,Home,Office Chair,125,1,125,East Malaysia,Sabah,TNG eWallet
ORD12855,2025-08-13,Electronics,Smartwatch,879,2,1758,East Malaysia,Sarawak,FPX
ORD12857,2025-02-26,Fashion,Sunglasses,379,4,1516,East Malaysia,Sarawak,FPX
ORD12860,2025-11-06,Fashion,T-Shirt,62,2,124,East Malaysia,Sarawak,Credit Card
ORD12861,2025-02-13,Fashion,Sneakers,352,1,352,East Malaysia,Sarawak,Credit Card
ORD12862,2025-05-01,Home,Office Chair,753,3,2259,East Malaysia,Sabah,FPX
ORD12867,2025-11-03,Home,Desk Lamp,775,4,3100,East Malaysia,Sabah,Credit Card
ORD12870,2025-08-27,Home,Coffee Maker,598,2,1196,East Malaysia,Sarawak,TNG eWallet
ORD12874,2025-04-07,Electronics,Smartphone,1033,3,3099,East Malaysia,Sabah,TNG eWallet
ORD12876,2025-12-20,Home,Air Purifier,157,1,157,East Malaysia,Sarawak,FPX
ORD12878,2025-11-26,Electronics,Wireless Earbuds,3328,4,13312,East Malaysia,Sabah,Credit Card
ORD12879,2025-09-25,Home,Air Purifier,216,2,432,East Malaysia,Sarawak,Credit Card
ORD12880,2025-06-15,Fashion,Backpack,96,4,384,East Malaysia,Sabah,Credit Card
ORD12881,2025-03-13,Fashion,Sneakers,211,2,422,East Malaysia,Sabah,GrabPay
ORD12882,2025-05-10,Electronics,Smartphone,2207,1,2207,East Malaysia,Sarawak,GrabPay
ORD12884,2025-06-11,Fashion,Sunglasses,68,3,204,East Malaysia,Sarawak,GrabPay
ORD12886,2025-09-26,Home,Air Purifier,258,3,774,East Malaysia,Sarawak,Credit Card
ORD12887,2025-11-16,Home,Air Purifier,554,2,1108,East Malaysia,Sarawak,GrabPay
ORD12889,2025-09-26,Fashion,Sunglasses,122,3,366,East Malaysia,Sabah,GrabPay
ORD12891,2025-01-10,Fashion,Sneakers,231,4,924,East Malaysia,Sabah,FPX
ORD12892,2025-04-29,Home,Desk Lamp,255,2,510,East Malaysia,Sarawak,GrabPay
ORD12893,2025-12-26,Fashion,T-Shirt,200,1,200,East Malaysia,Sabah,Credit Card
ORD12894,2025-12-02,Fashion,Backpack,94,1,94,East Malaysia,Sabah,GrabPay
ORD12895,2025-06-15,Fashion,Backpack,239,4,956,East Malaysia,Sarawak,TNG eWallet
ORD12896,2025-05-13,Electronics,Smartphone,3090,2,6180,East Malaysia,Sabah,Credit Card
ORD12898,2025-04-09,Home,Office Chair,361,4,1444,East Malaysia,Sarawak,FPX
ORD12899,2025-12-17,Electronics,Smartwatch,1554,1,1554,East Malaysia,Sabah,FPX
ORD12903,2025-05-25,Fashion,Sneakers,333,3,999,East Malaysia,Sabah,FPX
ORD12904,2025-08-27,Electronics,Smartphone,2756,3,8268,East Malaysia,Sabah,GrabPay
ORD12908,2025-11-09,Home,Office Chair,393,3,1179,East Malaysia,Sarawak,FPX
ORD12909,2025-11-13,Fashion,T-Shirt,175,4,700,East Malaysia,Sarawak,Credit Card
ORD12911,2025-12-20,Home,Air Purifier,743,1,743,East Malaysia,Sarawak,GrabPay
ORD12912,2025-09-27,Fashion,Sunglasses,327,1,327,East Malaysia,Sarawak,Credit Card
ORD12913,2025-04-15,Fashion,Backpack,291,4,1164,East Malaysia,Sarawak,TNG eWallet
ORD12915,2025-03-07,Home,Coffee Maker,261,1,261,East Malaysia,Sabah,Credit Card
ORD12922,2025-08-15,Electronics,Smartwatch,859,2,1718,East Malaysia,Sabah,GrabPay
ORD12923,2025-12-30,Home,Coffee Maker,382,2,764,East Malaysia,Sabah,TNG eWallet
ORD12925,2025-07-18,Home,Office Chair,337,2,674,East Malaysia,Sarawak,TNG eWallet
ORD12926,2025-10-17,Electronics,Smartwatch,1679,3,5037,East Malaysia,Sarawak,TNG eWallet
ORD12927,2025-01-10,Fashion,T-Shirt,182,1,182,East Malaysia,Sarawak,FPX
ORD12931,2025-04-11,Home,Office Chair,392,1,392,East Malaysia,Sabah,TNG eWallet
ORD12932,2025-09-22,Home,Desk Lamp,723,2,1446,East Malaysia,Sabah,TNG eWallet
ORD12934,2025-01-24,Electronics,Laptop,3291,3,9873,East Malaysia,Sarawak,GrabPay
ORD12936,2025-06-25,Electronics,Smartphone,1436,3,4308,East Malaysia,Sabah,Credit Card
ORD12941,2025-09-24,Home,Coffee Maker,324,1,324,East Malaysia,Sabah,FPX
ORD12945,2025-06-07,Home,Coffee Maker,730,1,730,East Malaysia,Sabah,GrabPay
ORD12946,2025-09-10,Fashion,Sunglasses,114,1,114,East Malaysia,Sabah,GrabPay
ORD12947,2025-02-19,Home,Office Chair,303,1,303,East Malaysia,Sabah,Credit Card
ORD12948,2025-11-23,Electronics,Wireless Earbuds,1758,1,1758,East Malaysia,Sabah,FPX
ORD12954,2025-07-18,Fashion,Sunglasses,76,1,76,East Malaysia,Sarawak,Credit Card
ORD12955,2025-04-24,Fashion,T-Shirt,172,3,516,East Malaysia,Sabah,Credit Card
ORD12960,2025-05-24,Fashion,T-Shirt,309,3,927,East Malaysia,Sarawak,TNG eWallet
ORD12961,2025-03-06,Fashion,T-Shirt,350,3,1050,East Malaysia,Sabah,TNG eWallet
ORD12962,2025-08-10,Fashion,Sunglasses,384,4,1536,East Malaysia,Sarawak,GrabPay
ORD12968,2025-06-17,Home,Air Purifier,471,2,942,East Malaysia,Sarawak,FPX
ORD12970,2025-11-17,Fashion,T-Shirt,204,2,408,East Malaysia,Sabah,GrabPay
ORD12973,2025-09-06,Fashion,Sneakers,266,4,1064,East Malaysia,Sarawak,GrabPay
ORD12975,2025-02-21,Home,Office Chair,268,1,268,East Malaysia,Sabah,GrabPay
ORD12977,2025-11-03,Electronics,Smartwatch,834,2,1668,East Malaysia,Sabah,TNG eWallet
ORD12978,2025-09-12,Electronics,Wireless Earbuds,4362,4,17448,East Malaysia,Sabah,FPX
ORD12979,2025-10-03,Fashion,Sneakers,323,4,1292,East Malaysia,Sarawak,Credit Card
ORD12980,2025-08-04,Electronics,Laptop,1628,2,3256,East Malaysia,Sabah,FPX
ORD12983,2025-02-12,Home,Office Chair,649,4,2596,East Malaysia,Sabah,GrabPay
ORD12987,2025-11-23,Electronics,Wireless Earbuds,4136,1,4136,East Malaysia,Sarawak,Credit Card
ORD12988,2025-05-02,Home,Desk Lamp,465,3,1395,East Malaysia,Sarawak,GrabPay
ORD12991,2025-10-11,Home,Air Purifier,390,4,1560,East Malaysia,Sarawak,GrabPay
ORD12992,2025-03-12,Electronics,Smartphone,338,4,1352,East Malaysia,Sarawak,GrabPay
ORD12993,2025-08-08,Electronics,Smartphone,1761,4,7044,East Malaysia,Sarawak,GrabPay
ORD12994,2025-03-24,Home,Coffee Maker,418,4,1672,East Malaysia,Sarawak,GrabPay
ORD12996,2025-09-12,Electronics,Smartphone,2218,4,8872,East Malaysia,Sarawak,GrabPay
ORD12997,2025-07-26,Electronics,Smartphone,2266,3,6798,East Malaysia,Sabah,FPX
ORD12999,2025-03-28,Home,Air Purifier,312,3,936,East Malaysia,Sarawak,TNG eWallet
ORD13001,2025-10-20,Fashion,Backpack,127,3,381,East Malaysia,Sabah,Credit Card
ORD13002,2025-11-15,Electronics,Wireless Earbuds,664,1,664,East Malaysia,Sabah,FPX
ORD13006,2025-05-24,Electronics,Smartphone,4059,1,4059,East Malaysia,Sabah,GrabPay
ORD13007,2025-05-01,Electronics,Laptop,1753,3,5259,East Malaysia,Sabah,Credit Card
ORD13017,2025-08-24,Fashion,Sunglasses,170,1,170,East Malaysia,Sabah,GrabPay
ORD13019,2025-03-03,Fashion,Sunglasses,138,3,414,East Malaysia,Sarawak,Credit Card
ORD13021,2025-10-26,Fashion,T-Shirt,319,3,957,East Malaysia,Sabah,FPX
ORD13022,2025-03-25,Fashion,Sunglasses,291,2,582,East Malaysia,Sabah,GrabPay
ORD13024,2025-11-26,Home,Office Chair,175,4,700,East Malaysia,Sarawak,TNG eWallet
ORD13025,2025-08-18,Home,Desk Lamp,276,2,552,East Malaysia,Sarawak,TNG eWallet
ORD13027,2025-09-18,Fashion,Sunglasses,126,2,252,East Malaysia,Sabah,FPX
ORD13028,2025-07-03,Fashion,Sneakers,273,2,546,East Malaysia,Sarawak,Credit Card
ORD13031,2025-10-24,Fashion,Sunglasses,282,1,282,East Malaysia,Sarawak,FPX
ORD13034,2025-09-20,Home,Office Chair,687,1,687,East Malaysia,Sarawak,FPX
ORD13036,2025-12-02,Home,Desk Lamp,149,4,596,East Malaysia,Sabah,Credit Card
ORD13041,2025-04-27,Home,Air Purifier,427,3,1281,East Malaysia,Sabah,GrabPay
ORD13042,2025-11-29,Electronics,Laptop,1264,1,1264,East Malaysia,Sarawak,TNG eWallet
ORD13043,2025-10-12,Electronics,Laptop,3538,3,10614,East Malaysia,Sabah,TNG eWallet
ORD13045,2025-05-04,Fashion,Sneakers,364,1,364,East Malaysia,Sarawak,GrabPay
ORD13047,2025-05-15,Electronics,Laptop,3406,3,10218,East Malaysia,Sarawak,TNG eWallet
ORD13049,2025-05-08,Electronics,Wireless Earbuds,3911,2,7822,East Malaysia,Sarawak,TNG eWallet
ORD13052,2025-01-31,Electronics,Laptop,2986,2,5972,East Malaysia,Sarawak,GrabPay
ORD13053,2025-02-22,Fashion,T-Shirt,169,2,338,East Malaysia,Sarawak,GrabPay
ORD13054,2025-07-17,Electronics,Smartwatch,2291,2,4582,East Malaysia,Sabah,GrabPay
ORD13055,2025-09-22,Fashion,T-Shirt,317,2,634,East Malaysia,Sabah,FPX
ORD13057,2025-06-14,Home,Air Purifier,536,2,1072,East Malaysia,Sabah,GrabPay
ORD13059,2025-08-22,Fashion,Sneakers,53,2,106,East Malaysia,Sabah,FPX
ORD13064,2025-10-13,Fashion,Sunglasses,136,1,136,East Malaysia,Sabah,GrabPay
ORD13065,2025-08-12,Fashion,Sneakers,147,3,441,East Malaysia,Sabah,GrabPay
ORD13066,2025-08-12,Electronics,Laptop,4407,2,8814,East Malaysia,Sarawak,GrabPay
ORD13067,2025-09-10,Fashion,Backpack,202,3,606,East Malaysia,Sarawak,GrabPay
ORD13070,2025-03-10,Electronics,Smartwatch,2221,1,2221,East Malaysia,Sabah,TNG eWallet
ORD13072,2025-09-27,Home,Desk Lamp,741,2,1482,East Malaysia,Sabah,FPX
ORD13074,2025-05-28,Home,Desk Lamp,743,1,743,East Malaysia,Sabah,GrabPay
ORD13075,2025-09-02,Electronics,Smartphone,2571,1,2571,East Malaysia,Sabah,GrabPay
ORD13077,2025-04-02,Fashion,Sneakers,352,2,704,East Malaysia,Sabah,TNG eWallet
ORD13078,2025-05-20,Fashion,T-Shirt,192,1,192,East Malaysia,Sarawak,TNG eWallet
ORD13079,2025-01-06,Home,Air Purifier,610,4,2440,East Malaysia,Sarawak,FPX
ORD13080,2025-11-08,Electronics,Smartwatch,4176,3,12528,East Malaysia,Sarawak,Credit Card
ORD13085,2025-11-13,Home,Coffee Maker,137,1,137,East Malaysia,Sabah,GrabPay
ORD13087,2025-01-27,Electronics,Laptop,2427,3,7281,East Malaysia,Sarawak,TNG eWallet
ORD13091,2025-09-25,Home,Desk Lamp,703,4,2812,East Malaysia,Sarawak,TNG eWallet
ORD13093,2025-08-20,Home,Office Chair,145,1,145,East Malaysia,Sabah,TNG eWallet
ORD13096,2025-08-01,Fashion,Sunglasses,223,1,223,East Malaysia,Sabah,Credit Card
ORD13098,2025-12-15,Electronics,Wireless Earbuds,3510,4,14040,East Malaysia,Sarawak,TNG eWallet
ORD13101,2025-01-13,Home,Office Chair,419,3,1257,East Malaysia,Sabah,FPX
ORD13105,2025-04-09,Home,Office Chair,729,1,729,East Malaysia,Sabah,Credit Card
ORD13106,2025-01-03,Home,Desk Lamp,206,2,412,East Malaysia,Sarawak,FPX
ORD13107,2025-01-16,Fashion,Backpack,285,2,570,East Malaysia,Sabah,FPX
ORD13108,2025-07-17,Electronics,Wireless Earbuds,773,4,3092,East Malaysia,Sabah,FPX
ORD13109,2025-07-13,Fashion,Backpack,187,2,374,East Malaysia,Sarawak,FPX
ORD13110,2025-08-14,Home,Air Purifier,722,4,2888,East Malaysia,Sarawak,GrabPay
ORD13111,2025-05-11,Fashion,Sneakers,338,1,338,East Malaysia,Sarawak,Credit Card
ORD13112,2025-04-03,Fashion,T-Shirt,144,1,144,East Malaysia,Sarawak,Credit Card
ORD13113,2025-03-23,Fashion,Sneakers,225,4,900,East Malaysia,Sarawak,Credit Card
ORD13114,2025-01-08,Fashion,Backpack,376,1,376,East Malaysia,Sarawak,TNG eWallet
ORD13117,2025-09-20,Electronics,Smartwatch,4305,4,17220,East Malaysia,Sabah,TNG eWallet
ORD13120,2025-01-29,Home,Coffee Maker,535,2,1070,East Malaysia,Sarawak,TNG eWallet
ORD13122,2025-05-21,Home,Coffee Maker,439,3,1317,East Malaysia,Sabah,FPX
ORD13124,2025-07-17,Electronics,Wireless Earbuds,2420,3,7260,East Malaysia,Sabah,FPX
ORD13125,2025-12-18,Fashion,T-Shirt,315,3,945,East Malaysia,Sabah,Credit Card
ORD13128,2025-12-14,Home,Office Chair,756,3,2268,East Malaysia,Sarawak,TNG eWallet
ORD13131,2025-11-02,Home,Desk Lamp,475,3,1425,East Malaysia,Sabah,GrabPay
ORD13132,2025-09-16,Fashion,Sunglasses,78,2,156,East Malaysia,Sabah,Credit Card
ORD13134,2025-02-12,Home,Office Chair,336,4,1344,East Malaysia,Sabah,TNG eWallet
ORD13138,2025-11-06,Home,Desk Lamp,273,2,546,East Malaysia,Sabah,TNG eWallet
ORD13140,2025-04-13,Fashion,Backpack,278,2,556,East Malaysia,Sabah,FPX
ORD13142,2025-05-14,Fashion,T-Shirt,275,3,825,East Malaysia,Sabah,GrabPay
ORD13144,2025-12-31,Electronics,Wireless Earbuds,2683,1,2683,East Malaysia,Sarawak,FPX
ORD13146,2025-09-05,Fashion,T-Shirt,144,3,432,East Malaysia,Sabah,FPX
ORD13149,2025-12-16,Fashion,Sneakers,288,1,288,East Malaysia,Sabah,GrabPay
ORD13150,2025-06-11,Electronics,Smartwatch,606,1,606,East Malaysia,Sabah,Credit Card
ORD13153,2025-11-26,Home,Desk Lamp,767,4,3068,East Malaysia,Sabah,TNG eWallet
ORD13154,2025-10-22,Home,Air Purifier,271,2,542,East Malaysia,Sabah,Credit Card
ORD13156,2025-09-24,Electronics,Wireless Earbuds,4496,1,4496,East Malaysia,Sabah,Credit Card
ORD13158,2025-07-15,Home,Air Purifier,608,4,2432,East Malaysia,Sabah,FPX
ORD13160,2025-01-05,Home,Desk Lamp,133,2,266,East Malaysia,Sarawak,GrabPay
ORD13162,2025-09-06,Fashion,Sneakers,150,4,600,East Malaysia,Sabah,GrabPay
ORD13163,2025-02-09,Electronics,Smartphone,1281,1,1281,East Malaysia,Sabah,Credit Card
ORD13164,2025-11-20,Fashion,T-Shirt,292,1,292,East Malaysia,Sarawak,Credit Card
ORD13165,2025-03-09,Home,Desk Lamp,136,2,272,East Malaysia,Sabah,Credit Card
ORD13166,2025-06-07,Home,Coffee Maker,550,4,2200,East Malaysia,Sabah,Credit Card
ORD13167,2025-04-04,Electronics,Laptop,1546,1,1546,East Malaysia,Sarawak,TNG eWallet
ORD13169,2025-06-01,Fashion,T-Shirt,85,1,85,East Malaysia,Sabah,FPX
ORD13172,2025-02-25,Electronics,Smartphone,1940,1,1940,East Malaysia,Sarawak,Credit Card
ORD13176,2025-02-17,Fashion,Sunglasses,292,4,1168,East Malaysia,Sabah,Credit Card
ORD13177,2025-07-06,Fashion,T-Shirt,82,1,82,East Malaysia,Sabah,FPX
ORD13178,2025-08-03,Home,Coffee Maker,484,1,484,East Malaysia,Sarawak,FPX
ORD13180,2025-12-26,Electronics,Smartphone,4031,4,16124,East Malaysia,Sabah,TNG eWallet
ORD13181,2025-04-23,Home,Office Chair,542,1,542,East Malaysia,Sarawak,Credit Card
ORD13182,2025-12-25,Electronics,Wireless Earbuds,431,1,431,East Malaysia,Sarawak,TNG eWallet
ORD13183,2025-11-13,Fashion,Sneakers,161,2,322,East Malaysia,Sarawak,GrabPay
ORD13186,2025-11-01,Fashion,T-Shirt,94,4,376,East Malaysia,Sabah,Credit Card
ORD13187,2025-10-19,Electronics,Wireless Earbuds,3393,3,10179,East Malaysia,Sabah,Credit Card
ORD13193,2025-08-09,Home,Coffee Maker,420,2,840,East Malaysia,Sabah,TNG eWallet
ORD13197,2025-08-05,Electronics,Wireless Earbuds,1996,4,7984,East Malaysia,Sabah,TNG eWallet
ORD13198,2025-03-17,Electronics,Smartwatch,4398,1,4398,East Malaysia,Sabah,TNG eWallet
ORD13200,2025-12-25,Fashion,Backpack,140,2,280,East Malaysia,Sarawak,FPX
ORD13202,2025-12-02,Fashion,Backpack,247,2,494,East Malaysia,Sabah,FPX
ORD13203,2025-07-12,Fashion,T-Shirt,104,2,208,East Malaysia,Sabah,GrabPay
ORD13206,2025-12-17,Electronics,Smartphone,1632,4,6528,East Malaysia,Sarawak,FPX
ORD13207,2025-07-12,Electronics,Smartwatch,4245,3,12735,East Malaysia,Sarawak,TNG eWallet
ORD13208,2025-11-03,Home,Office Chair,505,1,505,East Malaysia,Sabah,GrabPay
ORD13212,2025-01-29,Fashion,Sunglasses,74,4,296,East Malaysia,Sarawak,GrabPay
ORD13214,2025-01-05,Electronics,Wireless Earbuds,2756,2,5512,East Malaysia,Sabah,GrabPay
ORD13215,2025-09-12,Fashion,Sunglasses,230,2,460,East Malaysia,Sabah,FPX
ORD13216,2025-03-24,Home,Office Chair,452,4,1808,East Malaysia,Sabah,GrabPay
ORD13217,2025-09-19,Home,Air Purifier,227,2,454,East Malaysia,Sarawak,GrabPay
ORD13218,2025-01-24,Electronics,Smartphone,2435,1,2435,East Malaysia,Sarawak,Credit Card
ORD13219,2025-10-26,Fashion,Backpack,192,1,192,East Malaysia,Sabah,TNG eWallet
ORD13220,2025-08-15,Home,Coffee Maker,494,3,1482,East Malaysia,Sabah,TNG eWallet
ORD13222,2025-05-11,Fashion,Sneakers,70,1,70,East Malaysia,Sarawak,FPX
ORD13223,2025-04-22,Electronics,Smartwatch,3131,1,3131,East Malaysia,Sabah,Credit Card
ORD13226,2025-04-27,Electronics,Wireless Earbuds,4455,4,17820,East Malaysia,Sarawak,Credit Card
ORD13228,2025-08-22,Home,Office Chair,273,2,546,East Malaysia,Sabah,Credit Card
ORD13233,2025-04-05,Home,Desk Lamp,337,4,1348,East Malaysia,Sarawak,TNG eWallet
ORD13234,2025-12-16,Home,Air Purifier,326,2,652,East Malaysia,Sabah,FPX
ORD13238,2025-05-03,Fashion,Sunglasses,117,4,468,East Malaysia,Sarawak,Credit Card
ORD13239,2025-04-03,Home,Air Purifier,604,4,2416,East Malaysia,Sarawak,TNG eWallet
ORD13241,2025-05-08,Electronics,Wireless Earbuds,2940,3,8820,East Malaysia,Sabah,TNG eWallet
ORD13246,2025-11-09,Home,Air Purifier,203,3,609,East Malaysia,Sarawak,TNG eWallet
ORD13247,2025-11-06,Fashion,T-Shirt,248,3,744,East Malaysia,Sabah,FPX
ORD13248,2025-07-07,Home,Air Purifier,558,3,1674,East Malaysia,Sarawak,Credit Card
ORD13249,2025-06-27,Electronics,Wireless Earbuds,3772,4,15088,East Malaysia,Sarawak,FPX
ORD13250,2025-12-15,Electronics,Wireless Earbuds,4336,4,17344,East Malaysia,Sabah,Credit Card
ORD13253,2025-09-13,Home,Desk Lamp,588,1,588,East Malaysia,Sabah,GrabPay
ORD13256,2025-06-07,Fashion,Sneakers,191,4,764,East Malaysia,Sabah,TNG eWallet
ORD13257,2025-12-07,Fashion,Sneakers,358,1,358,East Malaysia,Sabah,Credit Card
ORD13258,2025-01-23,Fashion,Sneakers,360,1,360,East Malaysia,Sabah,TNG eWallet
ORD13260,2025-10-20,Fashion,T-Shirt,159,1,159,East Malaysia,Sabah,GrabPay
ORD13261,2025-06-06,Fashion,T-Shirt,282,4,1128,East Malaysia,Sarawak,FPX
ORD13263,2025-07-02,Electronics,Wireless Earbuds,3600,1,3600,East Malaysia,Sarawak,FPX
ORD13266,2025-07-05,Home,Office Chair,676,3,2028,East Malaysia,Sarawak,TNG eWallet
ORD13267,2025-03-13,Home,Air Purifier,146,4,584,East Malaysia,Sabah,Credit Card
ORD13268,2025-05-07,Home,Desk Lamp,591,1,591,East Malaysia,Sabah,FPX
ORD13269,2025-10-26,Fashion,Backpack,385,4,1540,East Malaysia,Sarawak,Credit Card
ORD13270,2025-06-26,Home,Desk Lamp,384,4,1536,East Malaysia,Sabah,Credit Card
ORD13274,2025-05-13,Home,Air Purifier,202,4,808,East Malaysia,Sarawak,FPX
ORD13278,2025-07-09,Electronics,Laptop,2970,1,2970,East Malaysia,Sarawak,FPX
ORD13279,2025-04-18,Home,Coffee Maker,422,1,422,East Malaysia,Sarawak,Credit Card
ORD13280,2025-06-30,Electronics,Smartphone,4479,4,17916,East Malaysia,Sarawak,FPX
ORD13281,2025-08-16,Home,Coffee Maker,673,4,2692,East Malaysia,Sarawak,Credit Card
ORD13282,2025-09-13,Home,Air Purifier,767,4,3068,East Malaysia,Sabah,FPX
ORD13293,2025-07-28,Home,Office Chair,538,1,538,East Malaysia,Sarawak,GrabPay
ORD13295,2025-06-25,Fashion,Backpack,217,3,651,East Malaysia,Sabah,Credit Card
ORD13297,2025-07-25,Home,Office Chair,485,3,1455,East Malaysia,Sarawak,FPX
ORD13298,2025-08-05,Home,Office Chair,360,1,360,East Malaysia,Sabah,FPX
ORD13302,2025-08-07,Home,Office Chair,709,1,709,East Malaysia,Sarawak,GrabPay
ORD13303,2025-07-16,Electronics,Wireless Earbuds,3635,3,10905,East Malaysia,Sarawak,FPX
ORD13306,2025-04-07,Home,Desk Lamp,666,1,666,East Malaysia,Sabah,TNG eWallet
ORD13307,2025-09-27,Home,Desk Lamp,525,3,1575,East Malaysia,Sarawak,Credit Card
ORD13312,2025-05-18,Fashion,T-Shirt,351,1,351,East Malaysia,Sabah,TNG eWallet
ORD13314,2025-02-22,Fashion,Sneakers,72,3,216,East Malaysia,Sabah,Credit Card
ORD13315,2025-04-03,Electronics,Smartwatch,3326,4,13304,East Malaysia,Sabah,FPX
ORD13316,2025-07-09,Fashion,T-Shirt,295,4,1180,East Malaysia,Sarawak,TNG eWallet
ORD13318,2025-03-20,Home,Coffee Maker,542,4,2168,East Malaysia,Sarawak,Credit Card
ORD13319,2025-11-06,Fashion,T-Shirt,173,3,519,East Malaysia,Sarawak,FPX
ORD13320,2025-02-04,Fashion,Backpack,67,3,201,East Malaysia,Sarawak,GrabPay
ORD13323,2025-02-17,Electronics,Smartwatch,2248,3,6744,East Malaysia,Sarawak,GrabPay
ORD13327,2025-03-29,Home,Office Chair,720,4,2880,East Malaysia,Sabah,FPX
ORD13328,2025-08-07,Fashion,T-Shirt,91,1,91,East Malaysia,Sabah,TNG eWallet
ORD13331,2025-08-28,Fashion,Backpack,152,2,304,East Malaysia,Sarawak,FPX
ORD13332,2025-08-23,Home,Office Chair,616,3,1848,East Malaysia,Sarawak,GrabPay
ORD13334,2025-07-05,Home,Office Chair,448,2,896,East Malaysia,Sarawak,GrabPay
ORD13339,2025-01-08,Electronics,Wireless Earbuds,1743,3,5229,East Malaysia,Sarawak,TNG eWallet
ORD13340,2025-12-16,Electronics,Wireless Earbuds,3177,4,12708,East Malaysia,Sabah,TNG eWallet
ORD13341,2025-10-29,Home,Coffee Maker,691,2,1382,East Malaysia,Sabah,TNG eWallet
ORD13343,2025-03-17,Electronics,Smartphone,3342,3,10026,East Malaysia,Sarawak,FPX
ORD13345,2025-09-27,Home,Air Purifier,417,2,834,East Malaysia,Sarawak,FPX
ORD13347,2025-10-16,Fashion,T-Shirt,296,1,296,East Malaysia,Sarawak,TNG eWallet
ORD13350,2025-10-08,Electronics,Smartwatch,3145,2,6290,East Malaysia,Sarawak,Credit Card
ORD13353,2025-10-19,Electronics,Smartphone,2674,1,2674,East Malaysia,Sabah,FPX
ORD13354,2025-02-08,Fashion,T-Shirt,374,1,374,East Malaysia,Sarawak,GrabPay
ORD13360,2025-09-02,Home,Air Purifier,416,2,832,East Malaysia,Sabah,TNG eWallet
ORD13362,2025-11-15,Electronics,Smartphone,3089,2,6178,East Malaysia,Sabah,TNG eWallet
ORD13363,2025-10-14,Fashion,Sneakers,301,4,1204,East Malaysia,Sarawak,Credit Card
ORD13364,2025-04-18,Fashion,Sneakers,109,2,218,East Malaysia,Sarawak,GrabPay
ORD13366,2025-10-05,Fashion,Sunglasses,102,2,204,East Malaysia,Sabah,GrabPay
ORD13367,2025-08-12,Fashion,Sunglasses,199,1,199,East Malaysia,Sabah,Credit Card
ORD13368,2025-09-29,Electronics,Laptop,1185,4,4740,East Malaysia,Sabah,FPX
ORD13369,2025-08-20,Home,Office Chair,659,2,1318,East Malaysia,Sarawak,Credit Card
ORD13373,2025-01-17,Fashion,Sneakers,352,4,1408,East Malaysia,Sabah,TNG eWallet
ORD13378,2025-07-06,Electronics,Smartwatch,2020,3,6060,East Malaysia,Sarawak,Credit Card
ORD13379,2025-09-08,Electronics,Smartwatch,3333,2,6666,East Malaysia,Sabah,FPX
ORD13382,2025-04-16,Electronics,Smartphone,1514,2,3028,East Malaysia,Sarawak,GrabPay
ORD13384,2025-12-02,Fashion,Backpack,348,2,696,East Malaysia,Sarawak,GrabPay
ORD13386,2025-02-08,Electronics,Smartphone,4244,3,12732,East Malaysia,Sarawak,Credit Card
ORD13387,2025-07-03,Fashion,Backpack,199,3,597,East Malaysia,Sarawak,GrabPay
ORD13390,2025-04-12,Fashion,Sneakers,119,4,476,East Malaysia,Sabah,Credit Card
ORD13393,2025-12-29,Fashion,Backpack,195,2,390,East Malaysia,Sarawak,FPX
ORD13395,2025-11-23,Fashion,Sneakers,106,3,318,East Malaysia,Sarawak,GrabPay
ORD13397,2025-05-17,Home,Desk Lamp,665,4,2660,East Malaysia,Sabah,TNG eWallet
ORD13398,2025-01-15,Fashion,Sneakers,395,4,1580,East Malaysia,Sarawak,Credit Card
ORD13400,2025-11-19,Fashion,T-Shirt,142,4,568,East Malaysia,Sabah,Credit Card
ORD13403,2025-05-19,Electronics,Smartphone,3117,3,9351,East Malaysia,Sabah,TNG eWallet
ORD13407,2025-08-25,Electronics,Smartphone,350,1,350,East Malaysia,Sarawak,GrabPay
ORD13410,2025-11-12,Home,Coffee Maker,550,1,550,East Malaysia,Sabah,TNG eWallet
ORD13411,2025-02-17,Electronics,Smartwatch,1994,2,3988,East Malaysia,Sarawak,TNG eWallet
ORD13412,2025-02-27,Electronics,Smartwatch,1282,4,5128,East Malaysia,Sabah,Credit Card
ORD13415,2025-07-05,Electronics,Wireless Earbuds,2151,4,8604,East Malaysia,Sarawak,FPX
ORD13416,2025-01-19,Fashion,Sunglasses,226,4,904,East Malaysia,Sabah,TNG eWallet
ORD13419,2025-09-21,Fashion,Backpack,399,3,1197,East Malaysia,Sabah,TNG eWallet
ORD13420,2025-12-15,Fashion,T-Shirt,150,4,600,East Malaysia,Sarawak,FPX
ORD13422,2025-09-08,Electronics,Wireless Earbuds,3624,1,3624,East Malaysia,Sarawak,TNG eWallet
ORD13424,2025-05-18,Electronics,Smartwatch,2353,3,7059,East Malaysia,Sabah,FPX
ORD13425,2025-03-21,Home,Coffee Maker,594,1,594,East Malaysia,Sabah,FPX
ORD13426,2025-06-27,Home,Desk Lamp,337,4,1348,East Malaysia,Sarawak,TNG eWallet
ORD13428,2025-07-19,Home,Office Chair,601,3,1803,East Malaysia,Sabah,Credit Card
ORD13429,2025-03-08,Fashion,Sneakers,56,3,168,East Malaysia,Sarawak,FPX
ORD13431,2025-09-05,Electronics,Smartwatch,3842,4,15368,East Malaysia,Sarawak,TNG eWallet
ORD13436,2025-06-06,Electronics,Laptop,927,2,1854,East Malaysia,Sabah,Credit Card
ORD13437,2025-10-02,Home,Office Chair,651,3,1953,East Malaysia,Sabah,GrabPay
ORD13439,2025-04-16,Electronics,Smartwatch,1408,4,5632,East Malaysia,Sarawak,FPX
ORD13440,2025-03-20,Home,Office Chair,593,1,593,East Malaysia,Sabah,TNG eWallet
ORD13442,2025-09-08,Electronics,Smartwatch,2209,2,4418,East Malaysia,Sabah,FPX
ORD13443,2025-04-28,Electronics,Smartphone,3643,1,3643,East Malaysia,Sarawak,TNG eWallet
ORD13446,2025-02-13,Electronics,Smartwatch,1015,3,3045,East Malaysia,Sabah,TNG eWallet
ORD13450,2025-01-12,Electronics,Smartwatch,862,3,2586,East Malaysia,Sarawak,GrabPay
ORD13452,2025-06-08,Fashion,T-Shirt,313,1,313,East Malaysia,Sarawak,GrabPay
ORD13453,2025-03-12,Fashion,Sunglasses,207,2,414,East Malaysia,Sarawak,FPX
ORD13457,2025-05-26,Fashion,T-Shirt,245,2,490,East Malaysia,Sabah,Credit Card
ORD13459,2025-01-09,Home,Desk Lamp,522,1,522,East Malaysia,Sarawak,FPX
ORD13461,2025-09-20,Fashion,Backpack,329,2,658,East Malaysia,Sarawak,GrabPay
ORD13462,2025-07-11,Fashion,Sunglasses,56,2,112,East Malaysia,Sabah,FPX
ORD13463,2025-09-29,Electronics,Smartphone,1445,1,1445,East Malaysia,Sarawak,TNG eWallet
ORD13464,2025-11-22,Fashion,Sneakers,135,3,405,East Malaysia,Sarawak,GrabPay
ORD13465,2025-02-17,Electronics,Smartphone,3867,1,3867,East Malaysia,Sabah,GrabPay
ORD13468,2025-08-09,Electronics,Smartphone,1849,1,1849,East Malaysia,Sabah,FPX
ORD13469,2025-12-30,Electronics,Smartphone,2468,2,4936,East Malaysia,Sabah,TNG eWallet
ORD13470,2025-03-12,Fashion,Sunglasses,248,3,744,East Malaysia,Sarawak,FPX
ORD13471,2025-05-30,Electronics,Laptop,3497,1,3497,East Malaysia,Sabah,GrabPay
ORD13472,2025-06-09,Fashion,Sunglasses,257,1,257,East Malaysia,Sarawak,GrabPay
ORD13474,2025-06-19,Fashion,Sneakers,267,3,801,East Malaysia,Sabah,GrabPay
ORD13475,2025-05-27,Home,Desk Lamp,734,2,1468,East Malaysia,Sarawak,TNG eWallet
ORD13476,2025-12-03,Electronics,Laptop,3327,1,3327,East Malaysia,Sarawak,GrabPay
ORD13477,2025-10-09,Electronics,Smartphone,3160,1,3160,East Malaysia,Sarawak,TNG eWallet
ORD13478,2025-02-28,Home,Coffee Maker,451,4,1804,East Malaysia,Sarawak,GrabPay
ORD13479,2025-04-15,Fashion,Sunglasses,296,1,296,East Malaysia,Sabah,TNG eWallet
ORD13483,2025-09-03,Home,Coffee Maker,323,3,969,East Malaysia,Sarawak,GrabPay
ORD13485,2025-04-19,Electronics,Smartphone,1873,4,7492,East Malaysia,Sarawak,FPX
ORD13488,2025-10-12,Fashion,Sunglasses,96,2,192,East Malaysia,Sabah,GrabPay
ORD13492,2025-07-12,Electronics,Wireless Earbuds,3730,4,14920,East Malaysia,Sarawak,TNG eWallet
ORD13493,2025-12-10,Electronics,Smartphone,4261,1,4261,East Malaysia,Sarawak,Credit Card
ORD13499,2025-10-02,Fashion,Backpack,111,3,333,East Malaysia,Sarawak,FPX
ORD13500,2025-01-31,Fashion,T-Shirt,368,3,1104,East Malaysia,Sabah,FPX
ORD13502,2025-06-30,Fashion,Sneakers,264,4,1056,East Malaysia,Sabah,FPX
ORD13508,2025-01-20,Electronics,Smartwatch,684,4,2736,East Malaysia,Sarawak,FPX
ORD13509,2025-11-18,Home,Coffee Maker,549,4,2196,East Malaysia,Sarawak,FPX
ORD13511,2025-11-25,Fashion,T-Shirt,119,4,476,East Malaysia,Sabah,Credit Card
ORD13512,2025-08-19,Electronics,Smartphone,1824,2,3648,East Malaysia,Sabah,Credit Card
ORD13519,2025-07-06,Fashion,T-Shirt,190,2,380,East Malaysia,Sarawak,GrabPay
ORD13520,2025-02-18,Fashion,T-Shirt,314,3,942,East Malaysia,Sabah,GrabPay
ORD13522,2025-03-16,Fashion,Backpack,333,4,1332,East Malaysia,Sarawak,FPX
ORD13525,2025-09-18,Fashion,T-Shirt,300,3,900,East Malaysia,Sabah,GrabPay
ORD13526,2025-12-07,Home,Air Purifier,633,4,2532,East Malaysia,Sarawak,Credit Card
ORD13534,2025-08-31,Electronics,Wireless Earbuds,1184,2,2368,East Malaysia,Sabah,GrabPay
ORD13535,2025-09-02,Electronics,Smartphone,1177,1,1177,East Malaysia,Sarawak,Credit Card
ORD13536,2025-05-01,Electronics,Smartwatch,3692,4,14768,East Malaysia,Sabah,FPX
ORD13541,2025-08-03,Electronics,Wireless Earbuds,867,1,867,East Malaysia,Sabah,GrabPay
ORD13542,2025-01-22,Electronics,Smartphone,1517,3,4551,East Malaysia,Sabah,Credit Card
ORD13543,2025-03-12,Fashion,Sneakers,336,3,1008,East Malaysia,Sabah,FPX
ORD13545,2025-07-14,Home,Office Chair,415,1,415,East Malaysia,Sabah,FPX
ORD13547,2025-08-05,Electronics,Wireless Earbuds,3035,3,9105,East Malaysia,Sarawak,FPX
ORD13548,2025-10-27,Electronics,Smartphone,3749,3,11247,East Malaysia,Sarawak,TNG eWallet
ORD13551,2025-07-27,Fashion,Sunglasses,181,3,543,East Malaysia,Sarawak,GrabPay
ORD13555,2025-06-15,Fashion,Backpack,240,2,480,East Malaysia,Sabah,Credit Card
ORD13558,2025-09-14,Electronics,Wireless Earbuds,330,4,1320,East Malaysia,Sabah,Credit Card
ORD13561,2025-09-07,Electronics,Smartwatch,1399,4,5596,East Malaysia,Sarawak,FPX
ORD13562,2025-02-20,Electronics,Smartphone,3893,4,15572,East Malaysia,Sabah,FPX
ORD13563,2025-10-19,Home,Desk Lamp,792,4,3168,East Malaysia,Sarawak,GrabPay
ORD13565,2025-09-29,Fashion,T-Shirt,253,1,253,East Malaysia,Sabah,FPX
ORD13567,2025-12-20,Home,Air Purifier,717,3,2151,East Malaysia,Sabah,Credit Card
ORD13569,2025-10-28,Fashion,T-Shirt,358,1,358,East Malaysia,Sabah,GrabPay
ORD13570,2025-10-15,Electronics,Smartwatch,3313,4,13252,East Malaysia,Sabah,TNG eWallet
ORD13571,2025-08-02,Home,Air Purifier,672,1,672,East Malaysia,Sarawak,Credit Card
ORD13572,2025-09-16,Electronics,Smartphone,879,1,879,East Malaysia,Sabah,GrabPay
ORD13575,2025-10-13,Electronics,Laptop,3632,3,10896,East Malaysia,Sabah,GrabPay
ORD13578,2025-12-02,Fashion,T-Shirt,231,1,231,East Malaysia,Sabah,FPX
ORD13579,2025-09-27,Electronics,Smartphone,371,4,1484,East Malaysia,Sarawak,FPX
ORD13582,2025-12-05,Home,Air Purifier,365,3,1095,East Malaysia,Sabah,GrabPay
ORD13583,2025-07-24,Fashion,T-Shirt,266,3,798,East Malaysia,Sabah,FPX
ORD13584,2025-12-03,Fashion,Backpack,92,1,92,East Malaysia,Sabah,Credit Card
ORD13585,2025-01-29,Home,Desk Lamp,109,4,436,East Malaysia,Sabah,Credit Card
ORD13588,2025-09-26,Home,Coffee Maker,686,3,2058,East Malaysia,Sarawak,FPX
ORD13590,2025-05-14,Home,Office Chair,247,2,494,East Malaysia,Sarawak,FPX
ORD13591,2025-07-17,Electronics,Smartwatch,4249,4,16996,East Malaysia,Sabah,FPX
ORD13592,2025-03-01,Home,Desk Lamp,694,1,694,East Malaysia,Sabah,TNG eWallet
ORD13596,2025-07-17,Home,Office Chair,189,4,756,East Malaysia,Sarawak,GrabPay
ORD13598,2025-01-25,Home,Office Chair,647,1,647,East Malaysia,Sarawak,GrabPay
ORD13599,2025-06-27,Electronics,Laptop,3514,4,14056,East Malaysia,Sabah,GrabPay
ORD13600,2025-08-17,Fashion,Backpack,74,1,74,East Malaysia,Sabah,TNG eWallet
ORD13601,2025-07-14,Electronics,Smartwatch,1057,3,3171,East Malaysia,Sabah,GrabPay
ORD13602,2025-01-16,Fashion,Sunglasses,148,3,444,East Malaysia,Sabah,FPX
ORD13604,2025-02-28,Electronics,Smartwatch,2724,1,2724,East Malaysia,Sarawak,TNG eWallet
ORD13606,2025-05-29,Electronics,Smartphone,963,3,2889,East Malaysia,Sabah,GrabPay
ORD13607,2025-07-07,Home,Coffee Maker,591,2,1182,East Malaysia,Sarawak,Credit Card
ORD13608,2025-04-10,Fashion,T-Shirt,51,2,102,East Malaysia,Sabah,FPX
ORD13610,2025-04-13,Home,Office Chair,108,1,108,East Malaysia,Sarawak,GrabPay
ORD13611,2025-04-03,Home,Desk Lamp,501,2,1002,East Malaysia,Sabah,Credit Card
ORD13612,2025-05-22,Fashion,Sunglasses,315,1,315,East Malaysia,Sarawak,FPX
ORD13615,2025-02-15,Electronics,Smartwatch,2246,1,2246,East Malaysia,Sarawak,TNG eWallet
ORD13620,2025-01-25,Fashion,Backpack,294,3,882,East Malaysia,Sabah,FPX
ORD13624,2025-03-31,Home,Office Chair,562,2,1124,East Malaysia,Sarawak,GrabPay
ORD13625,2025-08-27,Fashion,Sunglasses,50,1,50,East Malaysia,Sabah,Credit Card
ORD13626,2025-08-30,Home,Coffee Maker,465,2,930,East Malaysia,Sarawak,Credit Card
ORD13627,2025-05-31,Fashion,T-Shirt,213,3,639,East Malaysia,Sabah,TNG eWallet
ORD13629,2025-07-08,Electronics,Smartwatch,4330,3,12990,East Malaysia,Sabah,FPX
ORD13630,2025-03-29,Home,Desk Lamp,254,2,508,East Malaysia,Sabah,GrabPay
ORD13631,2025-01-04,Electronics,Smartwatch,833,4,3332,East Malaysia,Sarawak,Credit Card
ORD13633,2025-05-09,Electronics,Wireless Earbuds,3441,4,13764,East Malaysia,Sabah,Credit Card
ORD13634,2025-09-11,Electronics,Wireless Earbuds,1155,2,2310,East Malaysia,Sabah,Credit Card
ORD13636,2025-10-12,Electronics,Wireless Earbuds,2172,3,6516,East Malaysia,Sarawak,TNG eWallet
ORD13638,2025-11-18,Home,Desk Lamp,410,1,410,East Malaysia,Sabah,FPX
ORD13639,2025-01-20,Fashion,Sneakers,303,3,909,East Malaysia,Sabah,TNG eWallet
ORD13642,2025-04-16,Electronics,Smartwatch,2207,4,8828,East Malaysia,Sabah,TNG eWallet
ORD13643,2025-08-20,Home,Desk Lamp,687,4,2748,East Malaysia,Sarawak,FPX
ORD13649,2025-11-03,Home,Office Chair,298,4,1192,East Malaysia,Sabah,FPX
ORD13650,2025-05-19,Home,Air Purifier,399,3,1197,East Malaysia,Sabah,FPX
ORD13651,2025-03-08,Home,Desk Lamp,586,2,1172,East Malaysia,Sabah,FPX
ORD13652,2025-09-18,Home,Coffee Maker,712,2,1424,East Malaysia,Sabah,Credit Card
ORD13653,2025-02-19,Fashion,Sneakers,313,3,939,East Malaysia,Sarawak,TNG eWallet
ORD13654,2025-12-09,Home,Air Purifier,590,4,2360,East Malaysia,Sarawak,TNG eWallet
ORD13658,2025-02-11,Fashion,T-Shirt,241,2,482,East Malaysia,Sabah,FPX
ORD13660,2025-03-19,Fashion,Sunglasses,86,1,86,East Malaysia,Sarawak,FPX
ORD13661,2025-10-03,Electronics,Laptop,3597,3,10791,East Malaysia,Sarawak,GrabPay
ORD13662,2025-05-26,Electronics,Smartwatch,2258,4,9032,East Malaysia,Sarawak,FPX
ORD13663,2025-08-28,Home,Desk Lamp,341,1,341,East Malaysia,Sarawak,TNG eWallet
ORD13665,2025-11-08,Electronics,Wireless Earbuds,3438,4,13752,East Malaysia,Sabah,FPX
ORD13666,2025-09-03,Electronics,Wireless Earbuds,3093,4,12372,East Malaysia,Sarawak,FPX
ORD13668,2025-04-29,Home,Desk Lamp,716,1,716,East Malaysia,Sarawak,Credit Card
ORD13669,2025-01-02,Electronics,Wireless Earbuds,3776,2,7552,East Malaysia,Sarawak,GrabPay
ORD13671,2025-01-23,Fashion,Backpack,152,4,608,East Malaysia,Sarawak,FPX
ORD13672,2025-09-13,Electronics,Wireless Earbuds,1182,3,3546,East Malaysia,Sarawak,TNG eWallet
ORD13673,2025-10-09,Fashion,Sunglasses,371,4,1484,East Malaysia,Sabah,GrabPay
ORD13675,2025-07-07,Fashion,Sneakers,235,4,940,East Malaysia,Sarawak,TNG eWallet
ORD13682,2025-09-28,Home,Coffee Maker,126,2,252,East Malaysia,Sarawak,Credit Card
ORD13684,2025-12-25,Electronics,Laptop,4259,1,4259,East Malaysia,Sarawak,FPX
ORD13685,2025-11-22,Home,Office Chair,289,4,1156,East Malaysia,Sabah,GrabPay
ORD13692,2025-05-21,Electronics,Wireless Earbuds,3938,4,15752,East Malaysia,Sabah,FPX
ORD13693,2025-03-21,Fashion,Backpack,173,1,173,East Malaysia,Sarawak,Credit Card
ORD13694,2025-11-06,Home,Office Chair,559,3,1677,East Malaysia,Sabah,FPX
ORD13696,2025-10-13,Fashion,Sunglasses,259,4,1036,East Malaysia,Sabah,GrabPay
ORD13699,2025-09-15,Electronics,Smartphone,1342,3,4026,East Malaysia,Sabah,TNG eWallet
ORD13700,2025-01-30,Electronics,Smartphone,1644,1,1644,East Malaysia,Sabah,GrabPay
ORD13703,2025-09-24,Electronics,Smartphone,2144,2,4288,East Malaysia,Sabah,Credit Card
ORD13704,2025-01-26,Home,Office Chair,117,1,117,East Malaysia,Sabah,FPX
ORD13708,2025-07-12,Electronics,Smartwatch,3468,1,3468,East Malaysia,Sabah,GrabPay
ORD13709,2025-04-18,Home,Office Chair,720,1,720,East Malaysia,Sabah,FPX
ORD13710,2025-01-12,Home,Desk Lamp,535,4,2140,East Malaysia,Sabah,Credit Card
ORD13711,2025-01-31,Electronics,Smartphone,2137,3,6411,East Malaysia,Sabah,Credit Card
ORD13713,2025-09-10,Electronics,Laptop,2026,2,4052,East Malaysia,Sabah,Credit Card
ORD13717,2025-07-22,Fashion,T-Shirt,394,3,1182,East Malaysia,Sarawak,Credit Card
ORD13719,2025-08-14,Home,Air Purifier,115,3,345,East Malaysia,Sarawak,GrabPay
ORD13720,2025-01-22,Electronics,Laptop,1163,3,3489,East Malaysia,Sarawak,FPX
ORD13721,2025-03-18,Home,Office Chair,292,3,876,East Malaysia,Sabah,GrabPay
ORD13722,2025-10-30,Home,Office Chair,223,1,223,East Malaysia,Sarawak,GrabPay
ORD13723,2025-10-18,Home,Coffee Maker,430,4,1720,East Malaysia,Sabah,FPX
ORD13726,2025-12-04,Fashion,Backpack,349,4,1396,East Malaysia,Sarawak,Credit Card
ORD13729,2025-07-24,Electronics,Smartphone,3954,3,11862,East Malaysia,Sarawak,Credit Card
ORD13732,2025-09-03,Electronics,Smartphone,1735,2,3470,East Malaysia,Sarawak,TNG eWallet
ORD13733,2025-05-03,Fashion,Sneakers,57,2,114,East Malaysia,Sabah,FPX
ORD13735,2025-01-20,Electronics,Wireless Earbuds,1972,1,1972,East Malaysia,Sabah,GrabPay
ORD13736,2025-11-27,Fashion,Backpack,84,2,168,East Malaysia,Sabah,TNG eWallet
ORD13738,2025-02-16,Home,Coffee Maker,758,2,1516,East Malaysia,Sabah,Credit Card
ORD13743,2025-04-08,Fashion,Sunglasses,75,4,300,East Malaysia,Sabah,TNG eWallet
ORD13744,2025-02-02,Home,Air Purifier,373,1,373,East Malaysia,Sarawak,TNG eWallet
ORD13745,2025-04-19,Electronics,Smartwatch,4288,4,17152,East Malaysia,Sabah,GrabPay
ORD13746,2025-09-16,Home,Office Chair,472,3,1416,East Malaysia,Sabah,GrabPay
ORD13747,2025-06-22,Electronics,Laptop,2315,1,2315,East Malaysia,Sabah,Credit Card
ORD13748,2025-02-01,Home,Coffee Maker,187,4,748,East Malaysia,Sabah,FPX
ORD13749,2025-02-12,Home,Office Chair,394,1,394,East Malaysia,Sarawak,FPX
ORD13751,2025-10-08,Electronics,Laptop,2595,3,7785,East Malaysia,Sabah,Credit Card
ORD13753,2025-10-06,Fashion,T-Shirt,215,4,860,East Malaysia,Sabah,GrabPay
ORD13754,2025-02-17,Fashion,Sneakers,360,1,360,East Malaysia,Sabah,Credit Card
ORD13755,2025-09-26,Home,Coffee Maker,558,4,2232,East Malaysia,Sarawak,FPX
ORD13756,2025-10-04,Electronics,Laptop,4042,3,12126,East Malaysia,Sarawak,TNG eWallet
ORD13757,2025-05-06,Home,Coffee Maker,354,4,1416,East Malaysia,Sabah,FPX
ORD13761,2025-05-14,Electronics,Laptop,3977,1,3977,East Malaysia,Sarawak,Credit Card
ORD13762,2025-02-17,Fashion,Sunglasses,141,4,564,East Malaysia,Sabah,FPX
ORD13764,2025-06-11,Electronics,Smartwatch,2710,1,2710,East Malaysia,Sabah,Credit Card
ORD13765,2025-03-05,Home,Office Chair,796,2,1592,East Malaysia,Sabah,Credit Card
ORD13766,2025-11-11,Home,Desk Lamp,555,2,1110,East Malaysia,Sabah,TNG eWallet
ORD13767,2025-04-03,Electronics,Smartphone,881,2,1762,East Malaysia,Sarawak,GrabPay
ORD13768,2025-11-07,Home,Office Chair,388,3,1164,East Malaysia,Sarawak,GrabPay
ORD13769,2025-05-27,Home,Air Purifier,379,2,758,East Malaysia,Sarawak,TNG eWallet
ORD13770,2025-08-14,Fashion,Sneakers,345,1,345,East Malaysia,Sarawak,GrabPay
ORD13771,2025-01-29,Fashion,Sneakers,303,2,606,East Malaysia,Sarawak,Credit Card
ORD13772,2025-03-04,Electronics,Wireless Earbuds,983,4,3932,East Malaysia,Sabah,GrabPay
ORD13773,2025-03-16,Electronics,Wireless Earbuds,2023,3,6069,East Malaysia,Sarawak,FPX
ORD13775,2025-12-30,Electronics,Smartphone,1311,1,1311,East Malaysia,Sarawak,TNG eWallet
ORD13779,2025-01-05,Home,Air Purifier,183,3,549,East Malaysia,Sarawak,TNG eWallet
ORD13780,2025-01-03,Home,Desk Lamp,233,4,932,East Malaysia,Sabah,FPX
ORD13788,2025-01-06,Electronics,Laptop,3540,2,7080,East Malaysia,Sabah,GrabPay
ORD13789,2025-02-19,Electronics,Wireless Earbuds,615,2,1230,East Malaysia,Sabah,TNG eWallet
ORD13790,2025-10-19,Fashion,Sneakers,159,4,636,East Malaysia,Sarawak,FPX
ORD13792,2025-12-22,Electronics,Laptop,3651,1,3651,East Malaysia,Sabah,Credit Card
ORD13793,2025-04-11,Home,Air Purifier,374,3,1122,East Malaysia,Sabah,FPX
ORD13794,2025-11-09,Home,Air Purifier,699,1,699,East Malaysia,Sabah,TNG eWallet
ORD13797,2025-06-16,Home,Desk Lamp,459,2,918,East Malaysia,Sarawak,FPX
ORD13798,2025-04-25,Home,Coffee Maker,746,3,2238,East Malaysia,Sabah,Credit Card
ORD13804,2025-04-24,Fashion,Sunglasses,206,4,824,East Malaysia,Sarawak,TNG eWallet
ORD13807,2025-10-16,Fashion,Sneakers,384,4,1536,East Malaysia,Sabah,TNG eWallet
ORD13809,2025-03-26,Electronics,Smartphone,2485,1,2485,East Malaysia,Sabah,TNG eWallet
ORD13810,2025-02-21,Home,Office Chair,482,2,964,East Malaysia,Sabah,TNG eWallet
ORD13812,2025-08-09,Electronics,Smartphone,4389,1,4389,East Malaysia,Sarawak,Credit Card
ORD13818,2025-04-21,Fashion,T-Shirt,135,2,270,East Malaysia,Sarawak,FPX
ORD13819,2025-10-09,Electronics,Smartwatch,2141,4,8564,East Malaysia,Sarawak,TNG eWallet
ORD13821,2025-03-24,Electronics,Smartwatch,3825,3,11475,East Malaysia,Sarawak,GrabPay
ORD13822,2025-04-22,Electronics,Smartwatch,1284,1,1284,East Malaysia,Sabah,TNG eWallet
ORD13823,2025-09-15,Electronics,Smartphone,2016,2,4032,East Malaysia,Sabah,Credit Card
ORD13825,2025-10-22,Home,Office Chair,462,4,1848,East Malaysia,Sarawak,GrabPay
ORD13829,2025-05-11,Fashion,Sunglasses,181,3,543,East Malaysia,Sabah,FPX
ORD13832,2025-04-02,Home,Office Chair,565,2,1130,East Malaysia,Sabah,Credit Card
ORD13834,2025-11-26,Electronics,Wireless Earbuds,3655,1,3655,East Malaysia,Sarawak,Credit Card
ORD13835,2025-05-11,Electronics,Smartwatch,974,2,1948,East Malaysia,Sabah,GrabPay
ORD13837,2025-07-30,Home,Coffee Maker,621,2,1242,East Malaysia,Sabah,TNG eWallet
ORD13838,2025-09-19,Home,Office Chair,204,1,204,East Malaysia,Sabah,Credit Card
ORD13839,2025-09-26,Electronics,Laptop,3860,4,15440,East Malaysia,Sarawak,FPX
ORD13840,2025-01-07,Fashion,Sunglasses,66,1,66,East Malaysia,Sarawak,Credit Card
ORD13841,2025-07-14,Home,Desk Lamp,410,1,410,East Malaysia,Sabah,TNG eWallet
ORD13843,2025-01-07,Electronics,Wireless Earbuds,327,2,654,East Malaysia,Sarawak,GrabPay
ORD13850,2025-08-20,Home,Office Chair,435,3,1305,East Malaysia,Sabah,Credit Card
ORD13851,2025-12-08,Fashion,T-Shirt,278,3,834,East Malaysia,Sarawak,GrabPay
ORD13852,2025-07-21,Home,Office Chair,688,3,2064,East Malaysia,Sarawak,FPX
ORD13854,2025-12-25,Fashion,T-Shirt,163,3,489,East Malaysia,Sarawak,TNG eWallet
ORD13855,2025-10-19,Home,Coffee Maker,417,1,417,East Malaysia,Sarawak,TNG eWallet
ORD13857,2025-02-26,Electronics,Smartwatch,3106,1,3106,East Malaysia,Sarawak,Credit Card
ORD13858,2025-06-23,Fashion,Backpack,149,3,447,East Malaysia,Sarawak,Credit Card
ORD13860,2025-07-04,Electronics,Laptop,3593,1,3593,East Malaysia,Sarawak,TNG eWallet
ORD13861,2025-09-04,Electronics,Smartwatch,3108,2,6216,East Malaysia,Sarawak,Credit Card
ORD13862,2025-01-29,Electronics,Smartwatch,4028,4,16112,East Malaysia,Sabah,TNG eWallet
ORD13865,2025-05-14,Home,Air Purifier,486,4,1944,East Malaysia,Sabah,GrabPay
ORD13870,2025-08-10,Fashion,Backpack,119,2,238,East Malaysia,Sabah,Credit Card
ORD13872,2025-10-20,Home,Air Purifier,638,1,638,East Malaysia,Sabah,TNG eWallet
ORD13873,2025-01-04,Home,Air Purifier,647,3,1941,East Malaysia,Sabah,FPX
ORD13874,2025-08-01,Fashion,Backpack,309,1,309,East Malaysia,Sarawak,TNG eWallet
ORD13875,2025-03-04,Electronics,Smartphone,595,3,1785,East Malaysia,Sarawak,TNG eWallet
ORD13876,2025-09-06,Fashion,Backpack,96,4,384,East Malaysia,Sarawak,TNG eWallet
ORD13882,2025-01-02,Home,Air Purifier,180,4,720,East Malaysia,Sabah,GrabPay
ORD13883,2025-11-23,Home,Office Chair,411,2,822,East Malaysia,Sarawak,GrabPay
ORD13884,2025-03-26,Fashion,Sunglasses,201,3,603,East Malaysia,Sabah,GrabPay
ORD13888,2025-01-01,Electronics,Laptop,505,3,1515,East Malaysia,Sabah,FPX
ORD13890,2025-10-19,Home,Desk Lamp,787,4,3148,East Malaysia,Sabah,Credit Card
ORD13891,2025-06-08,Home,Coffee Maker,719,3,2157,East Malaysia,Sarawak,FPX
ORD13895,2025-02-15,Electronics,Laptop,2658,1,2658,East Malaysia,Sarawak,TNG eWallet
ORD13896,2025-03-19,Home,Air Purifier,732,3,2196,East Malaysia,Sabah,FPX
ORD13897,2025-08-26,Home,Coffee Maker,134,2,268,East Malaysia,Sabah,Credit Card
ORD13905,2025-12-31,Fashion,Sunglasses,187,1,187,East Malaysia,Sabah,TNG eWallet
ORD13906,2025-09-23,Fashion,Backpack,54,3,162,East Malaysia,Sabah,FPX
ORD13907,2025-08-22,Fashion,Backpack,93,4,372,East Malaysia,Sarawak,TNG eWallet
ORD13909,2025-01-30,Fashion,T-Shirt,272,2,544,East Malaysia,Sabah,GrabPay
ORD13910,2025-03-26,Electronics,Smartphone,2545,3,7635,East Malaysia,Sarawak,GrabPay
ORD13911,2025-10-24,Fashion,Sneakers,150,2,300,East Malaysia,Sarawak,Credit Card
ORD13913,2025-07-11,Electronics,Laptop,3004,3,9012,East Malaysia,Sabah,Credit Card
ORD13914,2025-06-23,Home,Office Chair,427,3,1281,East Malaysia,Sabah,Credit Card
ORD13915,2025-10-25,Fashion,Backpack,282,3,846,East Malaysia,Sabah,Credit Card
ORD13919,2025-02-18,Home,Desk Lamp,734,2,1468,East Malaysia,Sabah,Credit Card
ORD13921,2025-02-02,Home,Desk Lamp,534,4,2136,East Malaysia,Sarawak,TNG eWallet
ORD13923,2025-01-15,Fashion,Backpack,379,1,379,East Malaysia,Sabah,FPX
ORD13924,2025-03-21,Electronics,Smartphone,2191,3,6573,East Malaysia,Sarawak,Credit Card
ORD13928,2025-07-18,Fashion,T-Shirt,280,1,280,East Malaysia,Sarawak,GrabPay
ORD13931,2025-06-09,Fashion,Backpack,345,2,690,East Malaysia,Sabah,FPX
ORD13932,2025-04-11,Fashion,Backpack,134,3,402,East Malaysia,Sarawak,TNG eWallet
ORD13933,2025-03-16,Home,Air Purifier,527,1,527,East Malaysia,Sabah,TNG eWallet
ORD13935,2025-08-15,Home,Desk Lamp,774,4,3096,East Malaysia,Sarawak,TNG eWallet
ORD13936,2025-04-28,Electronics,Smartphone,3164,4,12656,East Malaysia,Sarawak,GrabPay
ORD13939,2025-01-05,Fashion,Sneakers,156,3,468,East Malaysia,Sarawak,FPX
ORD13941,2025-10-10,Home,Office Chair,700,3,2100,East Malaysia,Sarawak,Credit Card
ORD13943,2025-05-23,Fashion,Sneakers,111,1,111,East Malaysia,Sabah,GrabPay
ORD13945,2025-06-18,Fashion,T-Shirt,125,3,375,East Malaysia,Sabah,FPX
ORD13946,2025-03-05,Electronics,Wireless Earbuds,2263,3,6789,East Malaysia,Sarawak,TNG eWallet
ORD13948,2025-01-19,Home,Coffee Maker,133,3,399,East Malaysia,Sabah,Credit Card
ORD13951,2025-08-23,Fashion,T-Shirt,237,2,474,East Malaysia,Sarawak,TNG eWallet
ORD13954,2025-07-13,Electronics,Wireless Earbuds,2664,4,10656,East Malaysia,Sarawak,GrabPay
ORD13955,2025-01-14,Home,Office Chair,605,2,1210,East Malaysia,Sarawak,TNG eWallet
ORD13956,2025-02-02,Electronics,Smartphone,1406,2,2812,East Malaysia,Sarawak,TNG eWallet
ORD13959,2025-01-01,Home,Desk Lamp,271,3,813,East Malaysia,Sarawak,TNG eWallet
ORD13960,2025-01-22,Home,Desk Lamp,395,3,1185,East Malaysia,Sabah,TNG eWallet
ORD13961,2025-04-18,Electronics,Laptop,1654,4,6616,East Malaysia,Sarawak,FPX
ORD13963,2025-11-30,Home,Air Purifier,107,4,428,East Malaysia,Sabah,TNG eWallet
ORD13964,2025-02-22,Home,Desk Lamp,350,3,1050,East Malaysia,Sarawak,GrabPay
ORD13965,2025-07-05,Home,Air Purifier,762,2,1524,East Malaysia,Sarawak,GrabPay
ORD13966,2025-11-01,Fashion,Sunglasses,204,3,612,East Malaysia,Sarawak,FPX
ORD13970,2025-11-17,Electronics,Laptop,1780,4,7120,East Malaysia,Sabah,TNG eWallet
ORD13974,2025-09-13,Electronics,Laptop,3469,2,6938,East Malaysia,Sarawak,GrabPay
ORD13975,2025-12-22,Electronics,Wireless Earbuds,2117,1,2117,East Malaysia,Sabah,GrabPay
ORD13976,2025-07-23,Electronics,Smartwatch,543,1,543,East Malaysia,Sabah,TNG eWallet
ORD13977,2025-07-28,Home,Office Chair,653,2,1306,East Malaysia,Sarawak,FPX
ORD13978,2025-03-20,Electronics,Laptop,2061,4,8244,East Malaysia,Sarawak,FPX
ORD13979,2025-06-12,Home,Office Chair,105,2,210,East Malaysia,Sabah,FPX
ORD13982,2025-04-19,Electronics,Smartwatch,2140,2,4280,East Malaysia,Sabah,Credit Card
ORD13983,2025-01-08,Electronics,Smartwatch,3602,1,3602,East Malaysia,Sabah,TNG eWallet
ORD13986,2025-11-25,Fashion,Sunglasses,190,2,380,East Malaysia,Sabah,Credit Card
ORD13989,2025-04-10,Home,Desk Lamp,489,1,489,East Malaysia,Sabah,Credit Card
ORD13993,2025-07-23,Fashion,Sunglasses,169,2,338,East Malaysia,Sabah,GrabPay
ORD13997,2025-01-16,Home,Desk Lamp,673,1,673,East Malaysia,Sarawak,FPX
ORD13999,2025-10-26,Home,Coffee Maker,735,2,1470,East Malaysia,Sabah,TNG eWallet
ORD14001,2025-11-04,Home,Coffee Maker,764,1,764,East Malaysia,Sarawak,Credit Card
ORD14002,2025-02-05,Home,Air Purifier,332,4,1328,East Malaysia,Sarawak,TNG eWallet
ORD14008,2025-06-22,Home,Desk Lamp,122,2,244,East Malaysia,Sarawak,FPX
ORD14009,2025-02-11,Home,Air Purifier,793,2,1586,East Malaysia,Sarawak,FPX
ORD14010,2025-05-07,Electronics,Smartwatch,2096,4,8384,East Malaysia,Sabah,TNG eWallet
ORD14012,2025-12-16,Home,Desk Lamp,586,3,1758,East Malaysia,Sabah,TNG eWallet
ORD14013,2025-09-20,Home,Coffee Maker,244,2,488,East Malaysia,Sarawak,FPX
ORD14014,2025-03-14,Electronics,Wireless Earbuds,3673,4,14692,East Malaysia,Sarawak,FPX
ORD14016,2025-05-26,Fashion,Sunglasses,174,3,522,East Malaysia,Sabah,GrabPay
ORD14018,2025-04-18,Home,Office Chair,472,1,472,East Malaysia,Sarawak,GrabPay
ORD14019,2025-10-28,Electronics,Smartwatch,2918,3,8754,East Malaysia,Sabah,FPX
ORD14020,2025-06-20,Home,Office Chair,247,1,247,East Malaysia,Sarawak,FPX
ORD14022,2025-04-25,Home,Air Purifier,216,1,216,East Malaysia,Sabah,Credit Card
ORD14023,2025-08-27,Electronics,Smartphone,2769,1,2769,East Malaysia,Sarawak,TNG eWallet
ORD14025,2025-01-04,Fashion,Backpack,361,4,1444,East Malaysia,Sabah,FPX
ORD14026,2025-05-01,Home,Coffee Maker,242,2,484,East Malaysia,Sarawak,GrabPay
ORD14028,2025-09-22,Home,Office Chair,628,2,1256,East Malaysia,Sarawak,Credit Card
ORD14029,2025-01-21,Electronics,Smartwatch,1624,2,3248,East Malaysia,Sabah,Credit Card
ORD14030,2025-05-25,Home,Air Purifier,153,3,459,East Malaysia,Sarawak,GrabPay
ORD14033,2025-03-28,Fashion,Sunglasses,77,3,231,East Malaysia,Sabah,TNG eWallet
ORD14035,2025-07-04,Electronics,Wireless Earbuds,2927,3,8781,East Malaysia,Sarawak,GrabPay
ORD14038,2025-06-06,Electronics,Smartwatch,2807,1,2807,East Malaysia,Sarawak,TNG eWallet
ORD14041,2025-01-10,Fashion,T-Shirt,203,3,609,East Malaysia,Sarawak,GrabPay
ORD14042,2025-10-31,Electronics,Laptop,4488,4,17952,East Malaysia,Sarawak,GrabPay
ORD14043,2025-12-10,Home,Coffee Maker,129,3,387,East Malaysia,Sabah,FPX
ORD14044,2025-06-13,Home,Air Purifier,435,3,1305,East Malaysia,Sarawak,GrabPay
ORD14046,2025-01-11,Fashion,Sunglasses,88,2,176,East Malaysia,Sabah,GrabPay
ORD14047,2025-06-30,Fashion,T-Shirt,280,4,1120,East Malaysia,Sarawak,Credit Card
ORD14048,2025-03-07,Electronics,Smartwatch,3122,3,9366,East Malaysia,Sarawak,FPX
ORD14050,2025-02-02,Fashion,Sneakers,350,2,700,East Malaysia,Sarawak,FPX
ORD14052,2025-09-04,Fashion,Backpack,134,2,268,East Malaysia,Sabah,FPX
ORD14053,2025-12-11,Electronics,Smartwatch,4251,1,4251,East Malaysia,Sabah,GrabPay
ORD14054,2025-11-10,Home,Desk Lamp,282,4,1128,East Malaysia,Sarawak,Credit Card
ORD14055,2025-02-22,Fashion,Sunglasses,258,2,516,East Malaysia,Sabah,Credit Card
ORD14056,2025-04-14,Home,Air Purifier,627,4,2508,East Malaysia,Sabah,Credit Card
ORD14058,2025-05-03,Fashion,Sneakers,235,2,470,East Malaysia,Sarawak,TNG eWallet
ORD14063,2025-10-15,Fashion,Backpack,365,1,365,East Malaysia,Sarawak,Credit Card
ORD14064,2025-06-26,Fashion,Sneakers,115,2,230,East Malaysia,Sarawak,GrabPay
ORD14071,2025-04-17,Fashion,T-Shirt,302,1,302,East Malaysia,Sabah,TNG eWallet
ORD14072,2025-06-24,Fashion,Sunglasses,74,3,222,East Malaysia,Sarawak,GrabPay
ORD14074,2025-08-01,Fashion,Sneakers,217,2,434,East Malaysia,Sabah,TNG eWallet
ORD14075,2025-03-09,Electronics,Smartwatch,1027,3,3081,East Malaysia,Sarawak,Credit Card
ORD14077,2025-05-23,Fashion,Backpack,302,4,1208,East Malaysia,Sabah,GrabPay
ORD14081,2025-10-29,Fashion,T-Shirt,229,3,687,East Malaysia,Sabah,TNG eWallet
ORD14082,2025-09-03,Electronics,Smartwatch,728,2,1456,East Malaysia,Sarawak,TNG eWallet
ORD14085,2025-04-09,Home,Coffee Maker,182,2,364,East Malaysia,Sarawak,Credit Card
ORD14088,2025-12-12,Fashion,Backpack,395,4,1580,East Malaysia,Sarawak,Credit Card
ORD14089,2025-03-06,Home,Office Chair,270,4,1080,East Malaysia,Sabah,TNG eWallet
ORD14090,2025-12-23,Home,Office Chair,395,2,790,East Malaysia,Sabah,TNG eWallet
ORD14091,2025-12-27,Fashion,Sneakers,336,2,672,East Malaysia,Sarawak,GrabPay
ORD14093,2025-08-29,Fashion,T-Shirt,247,2,494,East Malaysia,Sabah,GrabPay
ORD14094,2025-08-01,Home,Desk Lamp,508,4,2032,East Malaysia,Sarawak,TNG eWallet
ORD14095,2025-08-19,Fashion,Sunglasses,135,2,270,East Malaysia,Sabah,TNG eWallet
ORD14096,2025-05-16,Fashion,Sunglasses,185,1,185,East Malaysia,Sabah,TNG eWallet
ORD14097,2025-03-31,Electronics,Laptop,4412,2,8824,East Malaysia,Sarawak,TNG eWallet
ORD14098,2025-04-07,Electronics,Laptop,2806,3,8418,East Malaysia,Sarawak,FPX
ORD14099,2025-11-10,Electronics,Smartwatch,3556,3,10668,East Malaysia,Sabah,GrabPay
ORD14101,2025-03-11,Home,Air Purifier,646,2,1292,East Malaysia,Sarawak,FPX
ORD14102,2025-04-30,Electronics,Smartwatch,4092,4,16368,East Malaysia,Sarawak,Credit Card
ORD14107,2025-03-09,Fashion,Backpack,349,1,349,East Malaysia,Sarawak,FPX
ORD14110,2025-09-21,Fashion,Sneakers,159,1,159,East Malaysia,Sabah,TNG eWallet
ORD14111,2025-10-21,Home,Office Chair,360,2,720,East Malaysia,Sabah,GrabPay
ORD14112,2025-12-22,Home,Office Chair,706,1,706,East Malaysia,Sarawak,FPX
ORD14114,2025-12-15,Home,Desk Lamp,584,4,2336,East Malaysia,Sabah,GrabPay
ORD14115,2025-11-23,Electronics,Smartwatch,1501,3,4503,East Malaysia,Sabah,FPX
ORD14120,2025-07-15,Electronics,Wireless Earbuds,2318,2,4636,East Malaysia,Sabah,FPX
ORD14122,2025-06-12,Electronics,Smartwatch,3927,4,15708,East Malaysia,Sabah,Credit Card
ORD14123,2025-02-04,Home,Coffee Maker,599,1,599,East Malaysia,Sarawak,TNG eWallet
ORD14125,2025-10-18,Home,Desk Lamp,242,4,968,East Malaysia,Sabah,GrabPay
ORD14126,2025-11-09,Fashion,Sneakers,144,4,576,East Malaysia,Sarawak,TNG eWallet
ORD14128,2025-03-11,Electronics,Wireless Earbuds,684,1,684,East Malaysia,Sarawak,Credit Card
ORD14129,2025-03-18,Fashion,T-Shirt,278,3,834,East Malaysia,Sabah,TNG eWallet
ORD14132,2025-12-12,Home,Desk Lamp,414,1,414,East Malaysia,Sabah,Credit Card
ORD14137,2025-12-28,Electronics,Smartphone,1319,3,3957,East Malaysia,Sabah,Credit Card
ORD14139,2025-05-18,Fashion,Sneakers,383,3,1149,East Malaysia,Sabah,Credit Card
ORD14143,2025-10-30,Electronics,Smartphone,3033,1,3033,East Malaysia,Sabah,TNG eWallet
ORD14144,2025-05-05,Fashion,T-Shirt,170,3,510,East Malaysia,Sarawak,Credit Card
ORD14145,2025-04-13,Fashion,Sneakers,298,3,894,East Malaysia,Sarawak,TNG eWallet
ORD14146,2025-02-11,Fashion,Backpack,364,2,728,East Malaysia,Sarawak,TNG eWallet
ORD14148,2025-03-28,Fashion,Sneakers,284,1,284,East Malaysia,Sarawak,GrabPay
ORD14149,2025-03-12,Electronics,Smartwatch,3116,2,6232,East Malaysia,Sarawak,FPX
ORD14153,2025-11-15,Fashion,Backpack,222,2,444,East Malaysia,Sabah,GrabPay
ORD14156,2025-10-15,Fashion,T-Shirt,51,3,153,East Malaysia,Sabah,FPX
ORD14157,2025-02-10,Home,Air Purifier,299,4,1196,East Malaysia,Sabah,GrabPay
ORD14158,2025-07-02,Fashion,Sunglasses,306,4,1224,East Malaysia,Sabah,Credit Card
ORD14159,2025-03-16,Home,Office Chair,603,3,1809,East Malaysia,Sarawak,TNG eWallet
ORD14160,2025-02-15,Home,Office Chair,343,2,686,East Malaysia,Sabah,GrabPay
ORD14161,2025-12-02,Electronics,Laptop,1097,4,4388,East Malaysia,Sarawak,TNG eWallet
ORD14162,2025-03-31,Electronics,Smartphone,2593,2,5186,East Malaysia,Sabah,TNG eWallet
ORD14164,2025-08-21,Fashion,Sunglasses,209,1,209,East Malaysia,Sabah,TNG eWallet
ORD14165,2025-11-06,Fashion,Sneakers,76,3,228,East Malaysia,Sarawak,TNG eWallet
ORD14168,2025-09-08,Home,Desk Lamp,413,3,1239,East Malaysia,Sarawak,GrabPay
ORD14169,2025-02-11,Electronics,Smartwatch,1647,4,6588,East Malaysia,Sarawak,GrabPay
ORD14170,2025-03-13,Fashion,T-Shirt,351,2,702,East Malaysia,Sarawak,TNG eWallet
ORD14171,2025-05-16,Home,Desk Lamp,548,1,548,East Malaysia,Sarawak,Credit Card
ORD14173,2025-01-28,Fashion,Sneakers,369,1,369,East Malaysia,Sarawak,FPX
ORD14174,2025-11-29,Electronics,Smartphone,4035,1,4035,East Malaysia,Sabah,Credit Card
ORD14175,2025-02-06,Electronics,Wireless Earbuds,921,4,3684,East Malaysia,Sabah,TNG eWallet
ORD14176,2025-03-08,Home,Coffee Maker,264,4,1056,East Malaysia,Sarawak,Credit Card
ORD14179,2025-08-17,Home,Office Chair,539,2,1078,East Malaysia,Sabah,FPX
ORD14181,2025-11-12,Fashion,Backpack,366,3,1098,East Malaysia,Sabah,TNG eWallet
ORD14182,2025-04-28,Fashion,Sneakers,179,2,358,East Malaysia,Sarawak,FPX
ORD14184,2025-10-20,Electronics,Smartphone,2322,2,4644,East Malaysia,Sarawak,FPX
ORD14185,2025-02-08,Electronics,Wireless Earbuds,2882,1,2882,East Malaysia,Sarawak,Credit Card
ORD14186,2026-01-01,Fashion,Backpack,302,3,906,East Malaysia,Sabah,Credit Card
ORD14192,2025-08-21,Home,Office Chair,157,2,314,East Malaysia,Sabah,FPX
ORD14194,2025-11-22,Fashion,Sunglasses,214,1,214,East Malaysia,Sarawak,FPX
ORD14195,2025-03-16,Electronics,Wireless Earbuds,3809,2,7618,East Malaysia,Sabah,GrabPay
ORD14197,2025-04-02,Fashion,Backpack,361,1,361,East Malaysia,Sabah,GrabPay
ORD14198,2025-03-18,Home,Coffee Maker,216,2,432,East Malaysia,Sarawak,FPX
ORD14201,2025-01-21,Electronics,Smartwatch,822,3,2466,East Malaysia,Sabah,FPX
ORD14203,2025-08-23,Fashion,Sneakers,109,1,109,East Malaysia,Sabah,Credit Card
ORD14204,2025-10-24,Electronics,Smartwatch,798,2,1596,East Malaysia,Sarawak,FPX
ORD14205,2025-08-12,Electronics,Smartphone,1992,3,5976,East Malaysia,Sabah,TNG eWallet
ORD14206,2025-10-14,Electronics,Wireless Earbuds,3806,2,7612,East Malaysia,Sarawak,FPX
ORD14207,2025-03-03,Electronics,Smartwatch,3715,1,3715,East Malaysia,Sabah,FPX
ORD14208,2025-09-07,Fashion,Sunglasses,395,3,1185,East Malaysia,Sabah,FPX
ORD14214,2025-01-02,Electronics,Wireless Earbuds,3777,4,15108,East Malaysia,Sabah,TNG eWallet
ORD14217,2025-04-08,Home,Office Chair,327,2,654,East Malaysia,Sabah,Credit Card
ORD14218,2025-07-04,Home,Coffee Maker,378,3,1134,East Malaysia,Sabah,Credit Card
ORD14219,2025-04-12,Home,Air Purifier,368,2,736,East Malaysia,Sabah,FPX
ORD14221,2025-06-14,Home,Office Chair,304,4,1216,East Malaysia,Sabah,FPX
ORD14224,2025-01-25,Home,Coffee Maker,243,4,972,East Malaysia,Sabah,TNG eWallet
ORD14227,2025-08-08,Electronics,Laptop,2083,1,2083,East Malaysia,Sarawak,TNG eWallet
ORD14228,2025-11-25,Fashion,Backpack,300,2,600,East Malaysia,Sarawak,Credit Card
ORD14231,2025-01-24,Electronics,Laptop,1665,3,4995,East Malaysia,Sarawak,TNG eWallet
ORD14233,2025-05-09,Electronics,Laptop,4130,2,8260,East Malaysia,Sabah,FPX
ORD14235,2025-07-23,Fashion,T-Shirt,258,4,1032,East Malaysia,Sabah,GrabPay
ORD14236,2025-09-07,Electronics,Smartphone,762,2,1524,East Malaysia,Sarawak,TNG eWallet
ORD14238,2025-06-07,Fashion,Sneakers,351,3,1053,East Malaysia,Sabah,TNG eWallet
ORD14241,2025-08-30,Fashion,Backpack,128,2,256,East Malaysia,Sabah,Credit Card
ORD14246,2025-03-29,Electronics,Laptop,3928,4,15712,East Malaysia,Sabah,Credit Card
ORD14247,2025-07-20,Home,Desk Lamp,248,1,248,East Malaysia,Sarawak,Credit Card
ORD14248,2025-06-10,Home,Air Purifier,459,3,1377,East Malaysia,Sarawak,FPX
ORD14249,2025-08-25,Electronics,Smartwatch,3807,2,7614,East Malaysia,Sarawak,GrabPay
ORD14251,2025-06-05,Electronics,Smartphone,3366,3,10098,East Malaysia,Sarawak,Credit Card
ORD14252,2025-12-15,Fashion,Sunglasses,209,2,418,East Malaysia,Sabah,GrabPay
ORD14253,2025-02-01,Electronics,Laptop,1207,2,2414,East Malaysia,Sarawak,Credit Card
ORD14255,2025-04-12,Electronics,Smartwatch,2685,1,2685,East Malaysia,Sabah,Credit Card
ORD14256,2025-06-10,Electronics,Laptop,3397,4,13588,East Malaysia,Sabah,TNG eWallet
ORD14257,2025-04-18,Home,Office Chair,360,1,360,East Malaysia,Sabah,GrabPay
ORD14259,2025-09-18,Home,Desk Lamp,740,1,740,East Malaysia,Sarawak,TNG eWallet
ORD14260,2025-11-10,Home,Coffee Maker,207,2,414,East Malaysia,Sarawak,TNG eWallet
ORD14261,2025-02-24,Fashion,Sneakers,255,4,1020,East Malaysia,Sabah,TNG eWallet
ORD14267,2025-02-16,Electronics,Smartphone,424,4,1696,East Malaysia,Sabah,FPX
ORD14268,2025-01-03,Fashion,Sneakers,282,1,282,East Malaysia,Sarawak,Credit Card
ORD14270,2025-08-22,Fashion,Sunglasses,105,2,210,East Malaysia,Sabah,FPX
ORD14271,2025-11-14,Fashion,Sneakers,159,3,477,East Malaysia,Sabah,FPX
ORD14273,2025-03-13,Home,Desk Lamp,259,4,1036,East Malaysia,Sabah,GrabPay
ORD14275,2025-03-27,Home,Air Purifier,794,4,3176,East Malaysia,Sarawak,GrabPay
ORD14276,2025-06-07,Home,Desk Lamp,538,1,538,East Malaysia,Sabah,FPX
ORD14279,2025-10-26,Home,Office Chair,597,1,597,East Malaysia,Sarawak,GrabPay
ORD14280,2025-11-13,Electronics,Laptop,3981,3,11943,East Malaysia,Sarawak,GrabPay
ORD14282,2025-05-22,Home,Office Chair,156,1,156,East Malaysia,Sarawak,FPX
ORD14283,2025-01-16,Home,Air Purifier,256,2,512,East Malaysia,Sabah,TNG eWallet
ORD14285,2025-11-19,Home,Office Chair,184,4,736,East Malaysia,Sabah,TNG eWallet
ORD14287,2025-05-20,Home,Air Purifier,470,3,1410,East Malaysia,Sabah,FPX
ORD14288,2025-02-28,Fashion,Backpack,376,2,752,East Malaysia,Sarawak,FPX
ORD14289,2025-10-14,Electronics,Smartwatch,903,2,1806,East Malaysia,Sabah,TNG eWallet
ORD14292,2025-10-01,Home,Office Chair,673,4,2692,East Malaysia,Sabah,TNG eWallet
ORD14293,2025-07-12,Fashion,Sunglasses,117,2,234,East Malaysia,Sabah,FPX
ORD14294,2025-03-07,Electronics,Smartphone,762,3,2286,East Malaysia,Sarawak,Credit Card
ORD14296,2025-12-02,Home,Air Purifier,483,2,966,East Malaysia,Sarawak,GrabPay
ORD14303,2025-05-29,Fashion,Sneakers,350,3,1050,East Malaysia,Sarawak,Credit Card
ORD14307,2025-10-22,Fashion,Sneakers,294,4,1176,East Malaysia,Sabah,Credit Card
ORD14308,2025-10-27,Fashion,Sunglasses,121,1,121,East Malaysia,Sabah,Credit Card
ORD14317,2025-12-19,Home,Coffee Maker,437,4,1748,East Malaysia,Sabah,FPX
ORD14318,2025-08-04,Fashion,Backpack,275,2,550,East Malaysia,Sabah,GrabPay
ORD14319,2025-03-17,Fashion,T-Shirt,240,4,960,East Malaysia,Sarawak,TNG eWallet
ORD14321,2025-03-18,Electronics,Wireless Earbuds,4132,3,12396,East Malaysia,Sabah,GrabPay
ORD14322,2025-09-27,Home,Coffee Maker,450,3,1350,East Malaysia,Sarawak,Credit Card
ORD14323,2025-11-12,Home,Coffee Maker,604,1,604,East Malaysia,Sabah,Credit Card
ORD14325,2025-02-18,Electronics,Wireless Earbuds,4327,1,4327,East Malaysia,Sarawak,FPX
ORD14326,2025-02-20,Home,Air Purifier,113,3,339,East Malaysia,Sarawak,GrabPay
ORD14328,2025-12-07,Home,Coffee Maker,459,4,1836,East Malaysia,Sabah,FPX
ORD14329,2025-10-05,Electronics,Smartphone,3878,1,3878,East Malaysia,Sabah,TNG eWallet
ORD14335,2025-05-10,Home,Desk Lamp,737,2,1474,East Malaysia,Sarawak,Credit Card
ORD14336,2025-07-15,Fashion,Sneakers,181,2,362,East Malaysia,Sarawak,Credit Card
ORD14337,2025-07-11,Home,Office Chair,738,1,738,East Malaysia,Sarawak,GrabPay
ORD14342,2025-07-11,Electronics,Smartwatch,4408,3,13224,East Malaysia,Sabah,TNG eWallet
ORD14343,2025-07-03,Electronics,Wireless Earbuds,2133,4,8532,East Malaysia,Sabah,GrabPay
ORD14348,2025-11-14,Home,Coffee Maker,226,4,904,East Malaysia,Sarawak,Credit Card
ORD14349,2025-12-07,Electronics,Wireless Earbuds,3053,4,12212,East Malaysia,Sarawak,TNG eWallet
ORD14350,2025-06-17,Home,Desk Lamp,274,3,822,East Malaysia,Sabah,GrabPay
ORD14351,2025-10-29,Home,Coffee Maker,677,1,677,East Malaysia,Sarawak,GrabPay
ORD14353,2025-11-20,Home,Desk Lamp,240,1,240,East Malaysia,Sabah,FPX
ORD14357,2025-12-15,Fashion,Sunglasses,295,1,295,East Malaysia,Sarawak,Credit Card
ORD14360,2025-03-30,Home,Air Purifier,190,3,570,East Malaysia,Sabah,TNG eWallet
ORD14364,2025-12-21,Electronics,Wireless Earbuds,4001,2,8002,East Malaysia,Sabah,GrabPay
ORD14366,2025-02-03,Fashion,Sneakers,356,3,1068,East Malaysia,Sarawak,TNG eWallet
ORD14368,2025-12-26,Electronics,Wireless Earbuds,3865,3,11595,East Malaysia,Sarawak,Credit Card
ORD14373,2025-07-29,Home,Coffee Maker,246,4,984,East Malaysia,Sarawak,GrabPay
ORD14375,2025-11-16,Electronics,Wireless Earbuds,1947,2,3894,East Malaysia,Sarawak,TNG eWallet
ORD14376,2025-07-10,Fashion,Backpack,113,3,339,East Malaysia,Sabah,Credit Card
ORD14377,2025-04-08,Home,Air Purifier,186,4,744,East Malaysia,Sabah,FPX
ORD14380,2025-06-25,Home,Desk Lamp,166,1,166,East Malaysia,Sarawak,FPX
ORD14385,2025-07-23,Home,Office Chair,204,2,408,East Malaysia,Sarawak,TNG eWallet
ORD14388,2025-12-20,Electronics,Laptop,3649,3,10947,East Malaysia,Sabah,TNG eWallet
ORD14391,2025-01-04,Electronics,Smartwatch,1201,3,3603,East Malaysia,Sarawak,FPX
ORD14394,2025-07-14,Home,Air Purifier,619,1,619,East Malaysia,Sabah,Credit Card
ORD14395,2025-12-30,Home,Desk Lamp,459,3,1377,East Malaysia,Sarawak,FPX
ORD14397,2025-12-23,Home,Office Chair,170,4,680,East Malaysia,Sarawak,FPX
ORD14398,2025-01-09,Home,Desk Lamp,384,2,768,East Malaysia,Sarawak,Credit Card
ORD14399,2025-07-24,Fashion,Backpack,259,1,259,East Malaysia,Sarawak,GrabPay
ORD14400,2025-04-16,Electronics,Smartphone,2467,4,9868,East Malaysia,Sabah,TNG eWallet
ORD14402,2025-02-14,Fashion,Sneakers,395,4,1580,East Malaysia,Sabah,FPX
ORD14406,2025-05-03,Fashion,Sneakers,128,3,384,East Malaysia,Sarawak,TNG eWallet
ORD14407,2025-08-27,Home,Air Purifier,211,1,211,East Malaysia,Sabah,TNG eWallet
ORD14409,2025-03-14,Fashion,Sunglasses,200,1,200,East Malaysia,Sabah,TNG eWallet
ORD14413,2025-04-05,Electronics,Smartphone,2948,3,8844,East Malaysia,Sarawak,TNG eWallet
ORD14416,2025-05-12,Electronics,Smartwatch,3039,3,9117,East Malaysia,Sarawak,GrabPay
ORD14417,2025-02-22,Home,Air Purifier,790,2,1580,East Malaysia,Sabah,Credit Card
ORD14418,2025-10-17,Home,Coffee Maker,706,3,2118,East Malaysia,Sarawak,FPX
ORD14420,2025-06-09,Home,Desk Lamp,682,3,2046,East Malaysia,Sabah,FPX
ORD14422,2025-10-02,Home,Desk Lamp,678,1,678,East Malaysia,Sabah,FPX
ORD14425,2025-03-24,Home,Office Chair,521,2,1042,East Malaysia,Sabah,TNG eWallet
ORD14427,2025-05-14,Fashion,T-Shirt,383,4,1532,East Malaysia,Sarawak,TNG eWallet
ORD14428,2025-01-14,Fashion,Backpack,80,2,160,East Malaysia,Sabah,GrabPay
ORD14429,2025-03-28,Home,Air Purifier,190,1,190,East Malaysia,Sarawak,GrabPay
ORD14432,2025-03-18,Electronics,Smartwatch,2480,1,2480,East Malaysia,Sabah,FPX
ORD14433,2025-12-21,Home,Coffee Maker,632,2,1264,East Malaysia,Sarawak,FPX
ORD14434,2025-05-07,Home,Coffee Maker,181,1,181,East Malaysia,Sarawak,TNG eWallet
ORD14436,2025-07-27,Electronics,Smartphone,4419,2,8838,East Malaysia,Sabah,GrabPay
ORD14437,2025-02-01,Home,Air Purifier,254,4,1016,East Malaysia,Sarawak,TNG eWallet
ORD14439,2025-04-22,Fashion,Sunglasses,130,1,130,East Malaysia,Sarawak,FPX
ORD14440,2025-04-07,Electronics,Laptop,2654,3,7962,East Malaysia,Sabah,GrabPay
ORD14443,2025-03-03,Electronics,Wireless Earbuds,2555,2,5110,East Malaysia,Sarawak,FPX
ORD14444,2025-04-04,Home,Air Purifier,631,1,631,East Malaysia,Sarawak,GrabPay
ORD14446,2025-09-24,Home,Coffee Maker,431,1,431,East Malaysia,Sabah,FPX
ORD14447,2025-03-16,Fashion,Backpack,258,4,1032,East Malaysia,Sarawak,GrabPay
ORD14449,2025-10-31,Electronics,Laptop,3133,4,12532,East Malaysia,Sabah,GrabPay
ORD14450,2025-05-20,Fashion,Sunglasses,126,2,252,East Malaysia,Sabah,FPX
ORD14451,2025-08-31,Fashion,Sneakers,88,3,264,East Malaysia,Sabah,FPX
ORD14453,2025-05-16,Fashion,Sunglasses,154,1,154,East Malaysia,Sarawak,FPX
ORD14455,2025-09-09,Fashion,Backpack,304,1,304,East Malaysia,Sarawak,TNG eWallet
ORD14456,2025-07-05,Electronics,Wireless Earbuds,3432,1,3432,East Malaysia,Sarawak,Credit Card
ORD14458,2025-02-07,Electronics,Smartphone,548,2,1096,East Malaysia,Sabah,Credit Card
ORD14462,2025-02-03,Fashion,Sunglasses,209,3,627,East Malaysia,Sabah,FPX
ORD14463,2025-08-19,Home,Air Purifier,452,3,1356,East Malaysia,Sarawak,Credit Card
ORD14466,2025-10-01,Home,Air Purifier,683,1,683,East Malaysia,Sabah,FPX
ORD14469,2025-07-18,Electronics,Laptop,1862,1,1862,East Malaysia,Sarawak,GrabPay
ORD14470,2025-12-29,Electronics,Smartphone,3922,3,11766,East Malaysia,Sarawak,FPX
ORD14471,2025-05-16,Home,Desk Lamp,119,2,238,East Malaysia,Sarawak,GrabPay
ORD14472,2025-04-22,Home,Office Chair,570,2,1140,East Malaysia,Sabah,TNG eWallet
ORD14473,2025-10-05,Fashion,Backpack,130,4,520,East Malaysia,Sabah,FPX
ORD14474,2025-09-09,Electronics,Smartwatch,750,3,2250,East Malaysia,Sabah,Credit Card
ORD14476,2025-02-28,Home,Air Purifier,752,2,1504,East Malaysia,Sarawak,Credit Card
ORD14479,2025-06-26,Home,Air Purifier,249,2,498,East Malaysia,Sarawak,GrabPay
ORD14481,2025-07-08,Fashion,Sunglasses,356,2,712,East Malaysia,Sabah,TNG eWallet
ORD14482,2025-09-14,Home,Coffee Maker,365,3,1095,East Malaysia,Sarawak,TNG eWallet
ORD14486,2025-03-14,Home,Office Chair,685,1,685,East Malaysia,Sarawak,GrabPay
ORD14487,2025-05-15,Fashion,Sunglasses,243,1,243,East Malaysia,Sabah,GrabPay
ORD14489,2025-03-29,Fashion,T-Shirt,139,4,556,East Malaysia,Sabah,TNG eWallet
ORD14491,2025-02-24,Fashion,Backpack,273,2,546,East Malaysia,Sabah,Credit Card
ORD14493,2025-05-11,Electronics,Smartphone,3833,3,11499,East Malaysia,Sabah,TNG eWallet
ORD14494,2025-02-14,Electronics,Laptop,3703,4,14812,East Malaysia,Sarawak,GrabPay
ORD14499,2025-10-08,Electronics,Smartwatch,2693,4,10772,East Malaysia,Sarawak,Credit Card
ORD14501,2025-03-20,Electronics,Laptop,4438,4,17752,East Malaysia,Sabah,GrabPay
ORD14502,2025-03-23,Fashion,T-Shirt,258,3,774,East Malaysia,Sabah,GrabPay
ORD14503,2025-04-29,Fashion,Sunglasses,388,4,1552,East Malaysia,Sarawak,Credit Card
ORD14504,2025-09-01,Electronics,Wireless Earbuds,435,4,1740,East Malaysia,Sarawak,Credit Card
ORD14506,2025-08-10,Electronics,Wireless Earbuds,3371,1,3371,East Malaysia,Sarawak,TNG eWallet
ORD14507,2025-11-17,Home,Office Chair,285,4,1140,East Malaysia,Sabah,FPX
ORD14508,2025-06-17,Fashion,T-Shirt,301,3,903,East Malaysia,Sarawak,GrabPay
ORD14509,2025-11-14,Fashion,Backpack,302,4,1208,East Malaysia,Sarawak,TNG eWallet
ORD14511,2025-05-06,Electronics,Smartwatch,2280,2,4560,East Malaysia,Sarawak,GrabPay
ORD14513,2025-06-06,Electronics,Smartwatch,4217,4,16868,East Malaysia,Sabah,GrabPay
ORD14514,2025-02-12,Home,Desk Lamp,533,3,1599,East Malaysia,Sarawak,FPX
ORD14516,2025-04-20,Electronics,Laptop,1626,2,3252,East Malaysia,Sabah,TNG eWallet
ORD14517,2025-04-08,Electronics,Smartphone,2733,1,2733,East Malaysia,Sabah,FPX
ORD14519,2025-08-19,Fashion,T-Shirt,111,1,111,East Malaysia,Sarawak,TNG eWallet
ORD14521,2025-07-10,Electronics,Smartwatch,3459,4,13836,East Malaysia,Sarawak,GrabPay
ORD14523,2025-01-06,Electronics,Smartwatch,1082,4,4328,East Malaysia,Sarawak,FPX
ORD14524,2025-09-28,Fashion,Sneakers,67,2,134,East Malaysia,Sabah,GrabPay
ORD14526,2025-07-27,Fashion,Backpack,312,4,1248,East Malaysia,Sabah,GrabPay
ORD14527,2025-10-21,Fashion,Sneakers,111,2,222,East Malaysia,Sabah,Credit Card
ORD14529,2025-08-14,Home,Desk Lamp,143,3,429,East Malaysia,Sabah,FPX
ORD14530,2025-09-18,Home,Air Purifier,528,2,1056,East Malaysia,Sabah,Credit Card
ORD14531,2025-06-16,Fashion,Backpack,361,1,361,East Malaysia,Sabah,Credit Card
ORD14532,2025-08-15,Fashion,Sneakers,119,3,357,East Malaysia,Sabah,TNG eWallet
ORD14537,2025-06-08,Fashion,Backpack,363,2,726,East Malaysia,Sabah,TNG eWallet
ORD14538,2025-07-07,Home,Air Purifier,440,1,440,East Malaysia,Sarawak,FPX
ORD14539,2025-06-15,Fashion,Sunglasses,366,3,1098,East Malaysia,Sarawak,Credit Card
ORD14540,2025-06-20,Fashion,Sneakers,281,1,281,East Malaysia,Sarawak,Credit Card
ORD14542,2025-05-20,Home,Coffee Maker,132,1,132,East Malaysia,Sarawak,Credit Card
ORD14545,2025-02-20,Electronics,Wireless Earbuds,2145,3,6435,East Malaysia,Sabah,TNG eWallet
ORD14550,2025-12-01,Home,Desk Lamp,162,1,162,East Malaysia,Sarawak,TNG eWallet
ORD14551,2025-10-10,Home,Coffee Maker,505,1,505,East Malaysia,Sarawak,Credit Card
ORD14554,2025-12-21,Fashion,Sneakers,369,1,369,East Malaysia,Sarawak,FPX
ORD14555,2025-02-16,Home,Air Purifier,686,2,1372,East Malaysia,Sarawak,FPX
ORD14558,2025-09-07,Home,Desk Lamp,327,2,654,East Malaysia,Sarawak,Credit Card
ORD14559,2025-12-06,Home,Office Chair,604,1,604,East Malaysia,Sabah,Credit Card
ORD14560,2025-06-05,Electronics,Laptop,3791,4,15164,East Malaysia,Sabah,TNG eWallet
ORD14563,2025-07-26,Home,Air Purifier,131,4,524,East Malaysia,Sarawak,GrabPay
ORD14564,2025-06-29,Electronics,Laptop,2434,4,9736,East Malaysia,Sabah,FPX
ORD14566,2025-08-31,Electronics,Wireless Earbuds,3881,3,11643,East Malaysia,Sarawak,FPX
ORD14567,2025-04-02,Fashion,T-Shirt,55,4,220,East Malaysia,Sabah,TNG eWallet
ORD14571,2025-08-24,Fashion,Sneakers,342,2,684,East Malaysia,Sarawak,GrabPay
ORD14573,2025-10-12,Home,Coffee Maker,213,2,426,East Malaysia,Sabah,FPX
ORD14574,2025-06-10,Fashion,Sunglasses,135,4,540,East Malaysia,Sabah,TNG eWallet
ORD14577,2025-12-11,Home,Desk Lamp,278,3,834,East Malaysia,Sabah,Credit Card
ORD14578,2025-11-01,Home,Air Purifier,100,2,200,East Malaysia,Sarawak,GrabPay
ORD14580,2025-11-09,Home,Coffee Maker,656,4,2624,East Malaysia,Sarawak,TNG eWallet
ORD14582,2025-01-31,Fashion,Sunglasses,343,2,686,East Malaysia,Sabah,FPX
ORD14584,2025-10-17,Home,Coffee Maker,745,3,2235,East Malaysia,Sarawak,TNG eWallet
ORD14585,2025-12-20,Electronics,Smartwatch,3642,3,10926,East Malaysia,Sarawak,FPX
ORD14586,2025-02-09,Fashion,Sunglasses,234,4,936,East Malaysia,Sarawak,FPX
ORD14587,2025-02-14,Electronics,Smartphone,591,1,591,East Malaysia,Sabah,TNG eWallet
ORD14588,2025-10-24,Home,Air Purifier,290,3,870,East Malaysia,Sabah,TNG eWallet
ORD14589,2025-03-01,Electronics,Laptop,2094,1,2094,East Malaysia,Sarawak,FPX
ORD14590,2025-08-11,Home,Coffee Maker,505,3,1515,East Malaysia,Sabah,Credit Card
ORD14593,2025-02-08,Electronics,Smartwatch,4099,1,4099,East Malaysia,Sarawak,Credit Card
ORD14594,2025-09-02,Electronics,Smartphone,1828,3,5484,East Malaysia,Sarawak,Credit Card
ORD14595,2025-10-08,Fashion,Sneakers,213,4,852,East Malaysia,Sabah,TNG eWallet
ORD14598,2025-05-28,Home,Desk Lamp,559,3,1677,East Malaysia,Sarawak,FPX
ORD14599,2025-06-04,Electronics,Wireless Earbuds,2144,4,8576,East Malaysia,Sarawak,TNG eWallet
ORD14603,2025-02-09,Home,Air Purifier,585,2,1170,East Malaysia,Sabah,TNG eWallet
ORD14604,2025-05-24,Fashion,Sunglasses,280,4,1120,East Malaysia,Sabah,TNG eWallet
ORD14605,2025-03-04,Fashion,Sneakers,67,1,67,East Malaysia,Sabah,Credit Card
ORD14606,2025-05-29,Fashion,Sneakers,289,4,1156,East Malaysia,Sabah,TNG eWallet
ORD14608,2025-03-26,Fashion,Sneakers,237,1,237,East Malaysia,Sabah,TNG eWallet
ORD14609,2025-08-30,Fashion,T-Shirt,176,1,176,East Malaysia,Sabah,Credit Card
ORD14610,2025-12-27,Home,Air Purifier,168,4,672,East Malaysia,Sabah,Credit Card
ORD14611,2025-10-19,Home,Office Chair,493,1,493,East Malaysia,Sarawak,TNG eWallet
ORD14612,2025-11-18,Electronics,Laptop,477,3,1431,East Malaysia,Sarawak,TNG eWallet
ORD14613,2025-08-03,Electronics,Laptop,457,1,457,East Malaysia,Sarawak,TNG eWallet
ORD14614,2025-01-30,Fashion,Sunglasses,51,1,51,East Malaysia,Sarawak,TNG eWallet
ORD14617,2025-08-26,Fashion,Sunglasses,254,1,254,East Malaysia,Sarawak,Credit Card
ORD14618,2025-08-25,Home,Coffee Maker,631,1,631,East Malaysia,Sabah,GrabPay
ORD14619,2025-12-23,Home,Desk Lamp,115,1,115,East Malaysia,Sabah,TNG eWallet
ORD14620,2025-09-19,Fashion,Backpack,266,4,1064,East Malaysia,Sabah,GrabPay
ORD14621,2025-11-11,Fashion,Sneakers,164,3,492,East Malaysia,Sarawak,Credit Card
ORD14625,2025-02-03,Home,Coffee Maker,787,1,787,East Malaysia,Sabah,FPX
ORD14626,2025-02-01,Home,Office Chair,112,3,336,East Malaysia,Sarawak,Credit Card
ORD14627,2025-07-03,Electronics,Laptop,1930,1,1930,East Malaysia,Sabah,TNG eWallet
ORD14628,2025-05-13,Electronics,Smartphone,658,4,2632,East Malaysia,Sarawak,FPX
ORD14630,2025-09-28,Home,Air Purifier,793,1,793,East Malaysia,Sabah,TNG eWallet
ORD14631,2025-10-29,Electronics,Smartwatch,1815,2,3630,East Malaysia,Sabah,FPX
ORD14633,2025-06-14,Fashion,T-Shirt,205,2,410,East Malaysia,Sabah,TNG eWallet
ORD14634,2025-08-06,Home,Coffee Maker,215,4,860,East Malaysia,Sabah,FPX
ORD14635,2025-07-19,Fashion,Sunglasses,210,3,630,East Malaysia,Sabah,Credit Card
ORD14638,2025-05-18,Electronics,Smartwatch,1196,4,4784,East Malaysia,Sarawak,FPX
ORD14639,2025-07-21,Fashion,T-Shirt,202,4,808,East Malaysia,Sabah,GrabPay
ORD14640,2025-02-24,Fashion,T-Shirt,187,3,561,East Malaysia,Sabah,GrabPay
ORD14643,2025-12-07,Fashion,Backpack,326,2,652,East Malaysia,Sabah,FPX
ORD14646,2025-01-11,Home,Coffee Maker,156,2,312,East Malaysia,Sabah,GrabPay
ORD14647,2025-08-11,Electronics,Laptop,932,3,2796,East Malaysia,Sabah,TNG eWallet
ORD14648,2025-05-03,Home,Desk Lamp,166,2,332,East Malaysia,Sarawak,GrabPay
ORD14650,2025-09-20,Home,Coffee Maker,632,1,632,East Malaysia,Sarawak,GrabPay
ORD14655,2025-08-20,Electronics,Smartphone,1676,4,6704,East Malaysia,Sarawak,FPX
ORD14657,2025-05-09,Fashion,T-Shirt,133,1,133,East Malaysia,Sarawak,GrabPay
ORD14659,2025-12-24,Electronics,Laptop,4384,4,17536,East Malaysia,Sarawak,GrabPay
ORD14660,2025-07-27,Fashion,Sunglasses,377,2,754,East Malaysia,Sabah,Credit Card
ORD14665,2025-10-03,Electronics,Smartwatch,3614,4,14456,East Malaysia,Sarawak,GrabPay
ORD14666,2025-07-31,Home,Air Purifier,551,3,1653,East Malaysia,Sarawak,FPX
ORD14667,2025-05-10,Electronics,Laptop,3839,3,11517,East Malaysia,Sarawak,FPX
ORD14669,2025-11-15,Home,Desk Lamp,256,3,768,East Malaysia,Sarawak,Credit Card
ORD14671,2025-01-26,Home,Coffee Maker,441,2,882,East Malaysia,Sabah,FPX
ORD14672,2025-01-30,Fashion,Sunglasses,65,3,195,East Malaysia,Sabah,Credit Card
ORD14674,2025-06-12,Fashion,Sneakers,268,1,268,East Malaysia,Sabah,GrabPay
ORD14675,2025-01-02,Home,Office Chair,317,1,317,East Malaysia,Sarawak,Credit Card
ORD14676,2025-01-14,Fashion,T-Shirt,122,3,366,East Malaysia,Sarawak,Credit Card
ORD14679,2025-09-09,Electronics,Smartwatch,1263,2,2526,East Malaysia,Sabah,GrabPay
ORD14680,2025-08-23,Home,Air Purifier,739,1,739,East Malaysia,Sarawak,TNG eWallet
ORD14681,2025-11-14,Home,Office Chair,792,2,1584,East Malaysia,Sarawak,FPX
ORD14684,2026-01-01,Electronics,Wireless Earbuds,2836,1,2836,East Malaysia,Sarawak,Credit Card
ORD14687,2025-01-27,Home,Air Purifier,246,4,984,East Malaysia,Sarawak,GrabPay
ORD14688,2025-02-10,Fashion,Backpack,377,1,377,East Malaysia,Sarawak,Credit Card
ORD14689,2025-01-19,Electronics,Wireless Earbuds,4004,1,4004,East Malaysia,Sarawak,TNG eWallet
ORD14691,2025-03-09,Home,Desk Lamp,104,3,312,East Malaysia,Sabah,TNG eWallet
ORD14694,2025-03-07,Fashion,Sneakers,356,2,712,East Malaysia,Sarawak,Credit Card
ORD14695,2025-03-30,Electronics,Wireless Earbuds,750,2,1500,East Malaysia,Sarawak,Credit Card
ORD14699,2025-08-04,Fashion,Sneakers,397,4,1588,East Malaysia,Sabah,GrabPay
ORD14701,2025-03-31,Home,Air Purifier,746,1,746,East Malaysia,Sabah,Credit Card
ORD14702,2025-11-30,Home,Coffee Maker,453,2,906,East Malaysia,Sarawak,Credit Card
ORD14704,2025-07-11,Fashion,Sneakers,192,3,576,East Malaysia,Sarawak,TNG eWallet
ORD14707,2025-09-22,Fashion,T-Shirt,315,3,945,East Malaysia,Sarawak,FPX
ORD14710,2025-10-14,Fashion,Sneakers,325,2,650,East Malaysia,Sarawak,TNG eWallet
ORD14712,2025-11-13,Home,Office Chair,263,2,526,East Malaysia,Sabah,GrabPay
ORD14713,2025-10-28,Home,Desk Lamp,631,1,631,East Malaysia,Sarawak,GrabPay
ORD14716,2025-01-08,Fashion,T-Shirt,71,1,71,East Malaysia,Sabah,TNG eWallet
ORD14719,2025-08-26,Home,Coffee Maker,703,2,1406,East Malaysia,Sarawak,Credit Card
ORD14721,2025-10-23,Home,Coffee Maker,122,4,488,East Malaysia,Sabah,FPX
ORD14722,2025-10-25,Fashion,Backpack,390,2,780,East Malaysia,Sarawak,GrabPay
ORD14723,2025-10-13,Electronics,Smartwatch,4468,1,4468,East Malaysia,Sabah,Credit Card
ORD14725,2025-04-09,Fashion,T-Shirt,306,1,306,East Malaysia,Sarawak,Credit Card
ORD14726,2025-05-15,Electronics,Wireless Earbuds,487,2,974,East Malaysia,Sarawak,TNG eWallet
ORD14727,2025-04-08,Fashion,Backpack,317,2,634,East Malaysia,Sarawak,FPX
ORD14728,2025-03-03,Home,Coffee Maker,702,4,2808,East Malaysia,Sarawak,FPX
ORD14729,2025-01-25,Fashion,T-Shirt,130,4,520,East Malaysia,Sarawak,FPX
ORD14732,2025-02-10,Home,Office Chair,277,1,277,East Malaysia,Sarawak,TNG eWallet
ORD14733,2025-08-05,Electronics,Laptop,1194,1,1194,East Malaysia,Sarawak,Credit Card
ORD14734,2025-10-24,Fashion,Backpack,253,3,759,East Malaysia,Sarawak,GrabPay
ORD14739,2025-04-04,Electronics,Laptop,3027,4,12108,East Malaysia,Sarawak,GrabPay
ORD14741,2025-07-07,Electronics,Wireless Earbuds,2865,2,5730,East Malaysia,Sabah,GrabPay
ORD14742,2025-07-24,Electronics,Wireless Earbuds,2588,1,2588,East Malaysia,Sarawak,GrabPay
ORD14743,2025-10-16,Home,Desk Lamp,368,2,736,East Malaysia,Sarawak,GrabPay
ORD14744,2025-09-19,Electronics,Wireless Earbuds,4366,2,8732,East Malaysia,Sarawak,FPX
ORD14745,2025-01-11,Home,Desk Lamp,526,4,2104,East Malaysia,Sabah,GrabPay
ORD14746,2025-10-26,Electronics,Wireless Earbuds,2927,4,11708,East Malaysia,Sarawak,FPX
ORD14748,2025-01-30,Home,Air Purifier,358,2,716,East Malaysia,Sabah,GrabPay
ORD14749,2025-12-04,Electronics,Smartphone,1541,2,3082,East Malaysia,Sabah,Credit Card
ORD14751,2025-01-19,Home,Coffee Maker,513,2,1026,East Malaysia,Sabah,TNG eWallet
ORD14752,2025-04-09,Home,Air Purifier,613,3,1839,East Malaysia,Sabah,FPX
ORD14753,2025-11-24,Home,Office Chair,558,1,558,East Malaysia,Sabah,FPX
ORD14754,2025-12-10,Home,Office Chair,625,3,1875,East Malaysia,Sabah,Credit Card
ORD14764,2025-10-29,Fashion,Backpack,375,2,750,East Malaysia,Sabah,TNG eWallet
ORD14770,2025-01-05,Electronics,Wireless Earbuds,1454,3,4362,East Malaysia,Sabah,Credit Card
ORD14776,2025-01-19,Electronics,Laptop,975,3,2925,East Malaysia,Sarawak,FPX
ORD14777,2025-08-08,Fashion,Sunglasses,358,2,716,East Malaysia,Sarawak,TNG eWallet
ORD14778,2025-02-05,Fashion,T-Shirt,190,3,570,East Malaysia,Sabah,Credit Card
ORD14779,2025-02-09,Home,Desk Lamp,101,2,202,East Malaysia,Sarawak,TNG eWallet
ORD14780,2025-10-16,Fashion,T-Shirt,357,3,1071,East Malaysia,Sabah,GrabPay
ORD14781,2025-11-15,Fashion,T-Shirt,129,1,129,East Malaysia,Sarawak,Credit Card
ORD14782,2025-11-29,Fashion,Sunglasses,212,4,848,East Malaysia,Sarawak,GrabPay
ORD14783,2025-09-05,Fashion,Backpack,331,4,1324,East Malaysia,Sabah,GrabPay
ORD14785,2025-04-25,Fashion,T-Shirt,302,2,604,East Malaysia,Sabah,TNG eWallet
ORD14788,2025-03-09,Home,Desk Lamp,617,2,1234,East Malaysia,Sabah,TNG eWallet
ORD14791,2025-04-18,Fashion,Sunglasses,228,2,456,East Malaysia,Sabah,FPX
ORD14792,2025-03-14,Electronics,Laptop,1167,1,1167,East Malaysia,Sabah,Credit Card
ORD14794,2025-01-05,Electronics,Wireless Earbuds,2330,3,6990,East Malaysia,Sarawak,TNG eWallet
ORD14795,2025-04-11,Fashion,Sneakers,225,1,225,East Malaysia,Sabah,TNG eWallet
ORD14796,2025-01-09,Fashion,Sunglasses,263,4,1052,East Malaysia,Sarawak,TNG eWallet
ORD14797,2025-12-30,Fashion,Sneakers,325,2,650,East Malaysia,Sarawak,Credit Card
ORD14798,2025-05-01,Home,Coffee Maker,686,3,2058,East Malaysia,Sarawak,TNG eWallet
ORD14800,2025-08-02,Fashion,Sunglasses,164,4,656,East Malaysia,Sabah,Credit Card
ORD14805,2025-07-03,Electronics,Wireless Earbuds,609,2,1218,East Malaysia,Sarawak,GrabPay
ORD14811,2025-07-23,Home,Air Purifier,646,1,646,East Malaysia,Sabah,Credit Card
ORD14812,2025-08-08,Electronics,Laptop,1167,3,3501,East Malaysia,Sarawak,FPX
ORD14814,2025-11-30,Fashion,Sunglasses,380,1,380,East Malaysia,Sabah,GrabPay
ORD14815,2025-02-11,Fashion,Sunglasses,148,2,296,East Malaysia,Sabah,TNG eWallet
ORD14819,2025-05-23,Home,Desk Lamp,342,2,684,East Malaysia,Sabah,Credit Card
ORD14821,2025-03-25,Home,Air Purifier,679,3,2037,East Malaysia,Sabah,GrabPay
ORD14822,2025-02-26,Fashion,Backpack,345,2,690,East Malaysia,Sabah,Credit Card
ORD14823,2025-02-02,Fashion,T-Shirt,196,4,784,East Malaysia,Sarawak,GrabPay
ORD14825,2025-08-12,Fashion,Sunglasses,222,3,666,East Malaysia,Sarawak,Credit Card
ORD14827,2025-05-24,Fashion,Sunglasses,207,1,207,East Malaysia,Sabah,GrabPay
ORD14828,2025-07-23,Electronics,Wireless Earbuds,3641,3,10923,East Malaysia,Sabah,GrabPay
ORD14830,2025-05-24,Fashion,Sneakers,253,1,253,East Malaysia,Sarawak,FPX
ORD14831,2025-12-01,Home,Office Chair,697,3,2091,East Malaysia,Sarawak,TNG eWallet
ORD14834,2025-02-23,Fashion,Sneakers,200,4,800,East Malaysia,Sarawak,TNG eWallet
ORD14835,2025-10-23,Fashion,Backpack,51,3,153,East Malaysia,Sarawak,FPX
ORD14837,2025-02-23,Fashion,Sneakers,194,4,776,East Malaysia,Sabah,GrabPay
ORD14839,2025-11-21,Fashion,Sneakers,214,4,856,East Malaysia,Sabah,GrabPay
ORD14843,2025-08-31,Fashion,Sneakers,355,2,710,East Malaysia,Sarawak,FPX
ORD14845,2025-04-11,Fashion,T-Shirt,342,3,1026,East Malaysia,Sabah,GrabPay
ORD14846,2025-07-18,Home,Desk Lamp,596,1,596,East Malaysia,Sarawak,FPX
ORD14847,2025-12-11,Electronics,Laptop,2529,4,10116,East Malaysia,Sabah,FPX
ORD14849,2025-04-09,Fashion,Sneakers,266,2,532,East Malaysia,Sarawak,GrabPay
ORD14851,2025-04-17,Home,Desk Lamp,336,1,336,East Malaysia,Sarawak,TNG eWallet
ORD14852,2025-10-07,Fashion,Sneakers,252,4,1008,East Malaysia,Sarawak,FPX
ORD14855,2025-07-13,Fashion,T-Shirt,367,4,1468,East Malaysia,Sarawak,GrabPay
ORD14856,2025-07-07,Electronics,Laptop,986,3,2958,East Malaysia,Sabah,FPX
ORD14858,2025-06-13,Home,Office Chair,586,1,586,East Malaysia,Sarawak,TNG eWallet
ORD14861,2025-09-15,Fashion,Sunglasses,323,4,1292,East Malaysia,Sabah,Credit Card
ORD14864,2025-08-11,Electronics,Laptop,993,2,1986,East Malaysia,Sabah,Credit Card
ORD14869,2025-04-04,Fashion,Sneakers,286,1,286,East Malaysia,Sarawak,FPX
ORD14871,2025-11-14,Fashion,Sunglasses,120,1,120,East Malaysia,Sabah,FPX
ORD14873,2025-07-05,Home,Desk Lamp,193,3,579,East Malaysia,Sabah,Credit Card
ORD14874,2025-01-09,Home,Air Purifier,730,2,1460,East Malaysia,Sarawak,TNG eWallet
ORD14875,2025-06-18,Home,Air Purifier,660,4,2640,East Malaysia,Sarawak,TNG eWallet
ORD14876,2025-01-28,Home,Desk Lamp,744,4,2976,East Malaysia,Sarawak,FPX
ORD14879,2025-01-27,Fashion,Sneakers,339,2,678,East Malaysia,Sarawak,FPX
ORD14883,2025-10-25,Home,Air Purifier,380,3,1140,East Malaysia,Sarawak,TNG eWallet
ORD14884,2025-04-20,Fashion,T-Shirt,378,4,1512,East Malaysia,Sabah,TNG eWallet
ORD14885,2025-01-27,Home,Desk Lamp,375,3,1125,East Malaysia,Sabah,Credit Card
ORD14886,2025-11-12,Home,Office Chair,238,2,476,East Malaysia,Sarawak,Credit Card
ORD14889,2025-08-20,Home,Air Purifier,751,2,1502,East Malaysia,Sarawak,TNG eWallet
ORD14890,2025-07-07,Electronics,Wireless Earbuds,3733,2,7466,East Malaysia,Sarawak,TNG eWallet
ORD14891,2025-02-21,Electronics,Laptop,1887,2,3774,East Malaysia,Sabah,TNG eWallet
ORD14892,2025-05-21,Home,Office Chair,296,2,592,East Malaysia,Sabah,FPX
ORD14896,2025-11-03,Electronics,Laptop,1533,4,6132,East Malaysia,Sabah,FPX
ORD14898,2025-06-16,Fashion,Sneakers,257,3,771,East Malaysia,Sabah,TNG eWallet
ORD14900,2025-01-11,Home,Desk Lamp,201,4,804,East Malaysia,Sabah,TNG eWallet
ORD14901,2025-08-11,Electronics,Wireless Earbuds,3208,2,6416,East Malaysia,Sabah,FPX
ORD14903,2025-05-10,Home,Air Purifier,414,4,1656,East Malaysia,Sabah,FPX
ORD14904,2025-09-04,Fashion,Sunglasses,270,1,270,East Malaysia,Sarawak,FPX
ORD14907,2025-07-28,Home,Coffee Maker,249,3,747,East Malaysia,Sarawak,GrabPay
ORD14908,2025-12-24,Electronics,Wireless Earbuds,3527,1,3527,East Malaysia,Sarawak,GrabPay
ORD14910,2025-07-17,Electronics,Smartwatch,575,2,1150,East Malaysia,Sabah,FPX
ORD14911,2025-08-18,Home,Coffee Maker,151,3,453,East Malaysia,Sabah,TNG eWallet
ORD14916,2025-02-23,Fashion,Sunglasses,54,2,108,East Malaysia,Sarawak,FPX
ORD14917,2025-01-31,Fashion,Sunglasses,67,1,67,East Malaysia,Sarawak,TNG eWallet
ORD14918,2025-06-08,Home,Desk Lamp,277,4,1108,East Malaysia,Sarawak,Credit Card
ORD14920,2025-11-15,Electronics,Wireless Earbuds,1968,4,7872,East Malaysia,Sabah,FPX
ORD14922,2025-03-25,Fashion,Backpack,400,3,1200,East Malaysia,Sabah,TNG eWallet
ORD14923,2025-02-09,Electronics,Smartwatch,2758,2,5516,East Malaysia,Sabah,GrabPay
ORD14924,2025-01-31,Home,Coffee Maker,655,2,1310,East Malaysia,Sabah,TNG eWallet
ORD14927,2025-05-20,Electronics,Smartwatch,2221,4,8884,East Malaysia,Sarawak,TNG eWallet
ORD14928,2025-03-31,Electronics,Smartwatch,3649,2,7298,East Malaysia,Sabah,GrabPay
ORD14929,2025-12-14,Fashion,Sunglasses,54,3,162,East Malaysia,Sarawak,Credit Card
ORD14930,2025-03-15,Home,Air Purifier,588,1,588,East Malaysia,Sabah,FPX
ORD14932,2026-01-01,Electronics,Wireless Earbuds,1960,1,1960,East Malaysia,Sarawak,Credit Card
ORD14934,2025-12-12,Electronics,Laptop,342,1,342,East Malaysia,Sabah,FPX
ORD14937,2025-11-24,Fashion,Sunglasses,141,4,564,East Malaysia,Sabah,GrabPay
ORD14938,2025-10-12,Fashion,Backpack,90,3,270,East Malaysia,Sabah,Credit Card
ORD14942,2025-08-21,Electronics,Smartphone,4019,1,4019,East Malaysia,Sabah,Credit Card
ORD14948,2025-11-13,Fashion,Backpack,225,3,675,East Malaysia,Sabah,FPX
ORD14953,2025-04-10,Home,Desk Lamp,307,3,921,East Malaysia,Sabah,FPX
ORD14955,2025-02-10,Home,Desk Lamp,615,4,2460,East Malaysia,Sabah,GrabPay
ORD14956,2025-05-08,Electronics,Laptop,739,4,2956,East Malaysia,Sarawak,FPX
ORD14960,2025-02-11,Home,Office Chair,442,3,1326,East Malaysia,Sarawak,FPX
ORD14961,2025-09-21,Home,Coffee Maker,561,2,1122,East Malaysia,Sarawak,GrabPay
ORD14963,2025-02-28,Home,Desk Lamp,334,4,1336,East Malaysia,Sabah,FPX
ORD14966,2025-02-12,Fashion,Sneakers,242,2,484,East Malaysia,Sarawak,GrabPay
ORD14969,2025-05-12,Fashion,Sneakers,91,3,273,East Malaysia,Sabah,GrabPay
ORD14971,2025-04-21,Fashion,T-Shirt,346,3,1038,East Malaysia,Sabah,GrabPay
ORD14974,2025-08-11,Electronics,Wireless Earbuds,2155,2,4310,East Malaysia,Sabah,FPX
ORD14977,2025-09-03,Fashion,T-Shirt,93,3,279,East Malaysia,Sabah,FPX
ORD14979,2025-06-05,Electronics,Smartwatch,3581,1,3581,East Malaysia,Sabah,GrabPay
ORD14980,2025-03-24,Home,Air Purifier,261,3,783,East Malaysia,Sarawak,TNG eWallet
ORD14981,2025-05-14,Home,Office Chair,533,3,1599,East Malaysia,Sarawak,TNG eWallet
ORD14989,2025-05-15,Fashion,Sneakers,231,2,462,East Malaysia,Sarawak,TNG eWallet
ORD14990,2025-10-05,Fashion,Sunglasses,393,1,393,East Malaysia,Sabah,TNG eWallet
ORD14991,2025-12-26,Fashion,T-Shirt,288,3,864,East Malaysia,Sabah,FPX
ORD14992,2025-06-18,Electronics,Laptop,2592,4,10368,East Malaysia,Sabah,Credit Card
ORD14993,2025-11-02,Electronics,Smartphone,2828,3,8484,East Malaysia,Sarawak,GrabPay
ORD14994,2025-02-10,Fashion,Backpack,85,1,85,East Malaysia,Sabah,FPX
ORD14995,2025-03-02,Home,Coffee Maker,305,3,915,East Malaysia,Sabah,FPX
ORD14996,2025-03-03,Fashion,Sneakers,243,3,729,East Malaysia,Sabah,TNG eWallet
ORD15001,2025-03-26,Fashion,T-Shirt,175,3,525,East Malaysia,Sarawak,Credit Card
ORD15002,2025-04-24,Home,Desk Lamp,360,3,1080,East Malaysia,Sabah,GrabPay
ORD15004,2025-11-17,Electronics,Wireless Earbuds,3411,1,3411,East Malaysia,Sarawak,TNG eWallet
ORD15010,2025-09-19,Fashion,Sunglasses,325,4,1300,East Malaysia,Sarawak,GrabPay
ORD15012,2025-02-27,Electronics,Wireless Earbuds,884,2,1768,East Malaysia,Sarawak,FPX
ORD15015,2025-11-28,Home,Office Chair,555,3,1665,East Malaysia,Sarawak,GrabPay
ORD15016,2025-01-16,Home,Office Chair,123,2,246,East Malaysia,Sarawak,GrabPay
ORD15019,2025-12-13,Electronics,Smartwatch,4460,4,17840,East Malaysia,Sabah,TNG eWallet
ORD15020,2025-03-17,Electronics,Smartphone,2803,4,11212,East Malaysia,Sabah,Credit Card
ORD15023,2025-04-20,Fashion,Sunglasses,395,2,790,East Malaysia,Sabah,FPX
ORD15024,2025-11-19,Fashion,Backpack,223,2,446,East Malaysia,Sarawak,TNG eWallet
ORD15029,2025-08-04,Electronics,Wireless Earbuds,4020,4,16080,East Malaysia,Sabah,GrabPay
ORD15030,2025-01-20,Fashion,T-Shirt,53,2,106,East Malaysia,Sabah,TNG eWallet
ORD15031,2025-01-04,Home,Air Purifier,344,2,688,East Malaysia,Sabah,GrabPay
ORD15032,2025-12-13,Fashion,Sunglasses,390,1,390,East Malaysia,Sarawak,GrabPay
ORD15033,2025-04-09,Fashion,Sunglasses,306,3,918,East Malaysia,Sabah,Credit Card
ORD15034,2025-03-19,Home,Coffee Maker,794,4,3176,East Malaysia,Sabah,GrabPay
ORD15037,2025-05-16,Fashion,T-Shirt,196,2,392,East Malaysia,Sabah,Credit Card
ORD15038,2025-03-30,Fashion,T-Shirt,102,2,204,East Malaysia,Sabah,Credit Card
ORD15039,2025-10-23,Electronics,Wireless Earbuds,1619,1,1619,East Malaysia,Sarawak,Credit Card
ORD15040,2025-03-17,Fashion,T-Shirt,296,1,296,East Malaysia,Sarawak,Credit Card
ORD15044,2025-07-05,Electronics,Laptop,1270,3,3810,East Malaysia,Sarawak,Credit Card
ORD15045,2025-12-05,Home,Coffee Maker,276,2,552,East Malaysia,Sarawak,Credit Card
ORD15046,2025-05-24,Home,Coffee Maker,703,4,2812,East Malaysia,Sarawak,TNG eWallet
ORD15048,2025-06-17,Home,Office Chair,506,4,2024,East Malaysia,Sabah,TNG eWallet
ORD15049,2025-12-03,Home,Air Purifier,798,1,798,East Malaysia,Sabah,Credit Card
ORD15050,2025-05-03,Home,Desk Lamp,442,3,1326,East Malaysia,Sarawak,GrabPay
ORD15051,2025-03-31,Electronics,Smartphone,2706,4,10824,East Malaysia,Sarawak,FPX
ORD15052,2025-10-17,Home,Desk Lamp,540,4,2160,East Malaysia,Sarawak,GrabPay
ORD15055,2025-01-16,Electronics,Laptop,3659,2,7318,East Malaysia,Sabah,TNG eWallet
ORD15058,2025-05-18,Home,Office Chair,380,3,1140,East Malaysia,Sarawak,FPX
ORD15061,2025-05-26,Home,Coffee Maker,784,2,1568,East Malaysia,Sarawak,FPX
ORD15063,2025-05-20,Home,Desk Lamp,589,2,1178,East Malaysia,Sabah,GrabPay
ORD15064,2025-06-26,Electronics,Smartwatch,2613,1,2613,East Malaysia,Sabah,GrabPay
ORD15067,2025-10-27,Electronics,Smartwatch,2517,2,5034,East Malaysia,Sabah,TNG eWallet
ORD15069,2025-03-07,Fashion,Sneakers,365,4,1460,East Malaysia,Sabah,TNG eWallet
ORD15071,2025-02-09,Fashion,Sunglasses,294,3,882,East Malaysia,Sabah,FPX
ORD15072,2025-06-04,Electronics,Laptop,1936,1,1936,East Malaysia,Sabah,FPX
ORD15076,2025-04-30,Home,Desk Lamp,397,3,1191,East Malaysia,Sarawak,GrabPay
ORD15077,2025-06-01,Home,Desk Lamp,760,3,2280,East Malaysia,Sabah,Credit Card
ORD15079,2025-09-02,Home,Air Purifier,789,1,789,East Malaysia,Sarawak,TNG eWallet
ORD15081,2025-05-24,Fashion,Sneakers,229,2,458,East Malaysia,Sarawak,Credit Card
ORD15082,2025-03-14,Home,Office Chair,189,3,567,East Malaysia,Sarawak,FPX
ORD15083,2025-01-25,Electronics,Smartphone,1705,2,3410,East Malaysia,Sarawak,Credit Card
ORD15087,2025-09-17,Fashion,Sunglasses,133,4,532,East Malaysia,Sarawak,Credit Card
ORD15089,2025-06-27,Fashion,Sneakers,335,3,1005,East Malaysia,Sarawak,Credit Card
ORD15091,2025-05-13,Fashion,T-Shirt,196,3,588,East Malaysia,Sarawak,FPX
ORD15093,2025-11-22,Home,Coffee Maker,473,1,473,East Malaysia,Sabah,GrabPay
ORD15094,2025-10-17,Fashion,T-Shirt,125,3,375,East Malaysia,Sabah,FPX
ORD15095,2025-09-12,Home,Air Purifier,487,4,1948,East Malaysia,Sabah,Credit Card
ORD15097,2025-08-25,Home,Office Chair,209,1,209,East Malaysia,Sarawak,FPX
ORD15104,2025-05-02,Electronics,Smartwatch,2184,1,2184,East Malaysia,Sabah,FPX
ORD15105,2025-08-06,Fashion,T-Shirt,190,3,570,East Malaysia,Sabah,TNG eWallet
ORD15110,2025-12-28,Fashion,T-Shirt,79,2,158,East Malaysia,Sarawak,FPX
ORD15111,2025-10-27,Electronics,Smartwatch,1712,2,3424,East Malaysia,Sabah,GrabPay
ORD15115,2025-04-07,Home,Desk Lamp,786,4,3144,East Malaysia,Sarawak,FPX
ORD15117,2025-05-13,Fashion,T-Shirt,135,3,405,East Malaysia,Sarawak,Credit Card
ORD15118,2025-09-26,Home,Air Purifier,524,2,1048,East Malaysia,Sarawak,Credit Card
ORD15119,2025-12-02,Fashion,Sunglasses,72,1,72,East Malaysia,Sabah,FPX
ORD15120,2025-01-31,Home,Air Purifier,751,4,3004,East Malaysia,Sarawak,TNG eWallet
ORD15121,2025-01-08,Electronics,Smartphone,2425,2,4850,East Malaysia,Sabah,TNG eWallet
ORD15125,2025-01-26,Electronics,Smartphone,2178,2,4356,East Malaysia,Sarawak,FPX
ORD15131,2025-09-24,Home,Air Purifier,341,2,682,East Malaysia,Sabah,FPX
ORD15132,2025-03-30,Home,Coffee Maker,717,3,2151,East Malaysia,Sarawak,FPX
ORD15133,2025-09-17,Home,Office Chair,775,1,775,East Malaysia,Sabah,Credit Card
ORD15135,2025-08-26,Electronics,Laptop,4253,1,4253,East Malaysia,Sarawak,FPX
ORD15137,2025-09-21,Electronics,Wireless Earbuds,3097,2,6194,East Malaysia,Sabah,Credit Card
ORD15139,2025-09-11,Home,Air Purifier,159,2,318,East Malaysia,Sarawak,TNG eWallet
ORD15140,2025-10-08,Electronics,Laptop,3107,1,3107,East Malaysia,Sarawak,TNG eWallet
ORD15145,2025-01-14,Fashion,Sunglasses,326,3,978,East Malaysia,Sabah,GrabPay
ORD15146,2025-11-06,Electronics,Wireless Earbuds,4307,1,4307,East Malaysia,Sarawak,GrabPay
ORD15148,2025-01-03,Home,Air Purifier,504,3,1512,East Malaysia,Sabah,GrabPay
ORD15149,2025-11-24,Home,Office Chair,154,3,462,East Malaysia,Sabah,TNG eWallet
ORD15154,2025-08-29,Electronics,Laptop,636,3,1908,East Malaysia,Sabah,TNG eWallet
ORD15156,2025-07-09,Electronics,Laptop,3557,1,3557,East Malaysia,Sarawak,GrabPay
ORD15159,2025-11-28,Fashion,Sunglasses,230,1,230,East Malaysia,Sarawak,TNG eWallet
ORD15160,2025-05-16,Electronics,Smartphone,3801,4,15204,East Malaysia,Sabah,FPX
ORD15161,2025-07-22,Home,Office Chair,738,1,738,East Malaysia,Sarawak,GrabPay
ORD15162,2025-01-04,Home,Office Chair,131,1,131,East Malaysia,Sabah,GrabPay
ORD15163,2025-12-31,Electronics,Smartwatch,1984,4,7936,East Malaysia,Sabah,Credit Card
ORD15164,2025-07-25,Home,Coffee Maker,610,2,1220,East Malaysia,Sarawak,TNG eWallet
ORD15165,2025-12-21,Home,Office Chair,171,1,171,East Malaysia,Sarawak,GrabPay
ORD15168,2025-06-16,Home,Desk Lamp,320,2,640,East Malaysia,Sabah,GrabPay
ORD15169,2025-04-14,Electronics,Smartphone,3267,4,13068,East Malaysia,Sabah,GrabPay
ORD15170,2025-11-04,Electronics,Wireless Earbuds,2987,4,11948,East Malaysia,Sarawak,FPX
ORD15171,2025-09-15,Fashion,T-Shirt,255,2,510,East Malaysia,Sarawak,Credit Card
ORD15173,2025-08-12,Fashion,Sneakers,116,4,464,East Malaysia,Sabah,Credit Card
ORD15174,2025-11-03,Home,Desk Lamp,762,3,2286,East Malaysia,Sarawak,TNG eWallet
ORD15175,2025-08-06,Fashion,Sneakers,394,4,1576,East Malaysia,Sabah,FPX
ORD15177,2025-01-11,Fashion,Sneakers,104,4,416,East Malaysia,Sabah,GrabPay
ORD15178,2025-08-17,Electronics,Smartwatch,3999,2,7998,East Malaysia,Sarawak,GrabPay
ORD15180,2025-04-21,Fashion,Sneakers,176,1,176,East Malaysia,Sarawak,TNG eWallet
ORD15181,2025-09-16,Electronics,Laptop,2336,1,2336,East Malaysia,Sabah,FPX
ORD15186,2025-03-13,Home,Office Chair,436,3,1308,East Malaysia,Sarawak,GrabPay
ORD15187,2025-12-12,Electronics,Laptop,3619,1,3619,East Malaysia,Sabah,Credit Card
ORD15191,2025-11-08,Electronics,Smartphone,801,4,3204,East Malaysia,Sarawak,Credit Card
ORD15192,2025-05-14,Home,Air Purifier,512,4,2048,East Malaysia,Sabah,TNG eWallet
ORD15193,2025-08-07,Home,Coffee Maker,303,1,303,East Malaysia,Sarawak,GrabPay
ORD15197,2025-12-13,Fashion,Sneakers,133,1,133,East Malaysia,Sabah,GrabPay
ORD15200,2025-09-25,Fashion,Backpack,367,2,734,East Malaysia,Sarawak,GrabPay
ORD15202,2025-08-05,Fashion,Backpack,225,1,225,East Malaysia,Sarawak,GrabPay
ORD15204,2025-07-10,Electronics,Smartphone,1888,2,3776,East Malaysia,Sarawak,TNG eWallet
ORD15208,2025-09-21,Electronics,Wireless Earbuds,4396,3,13188,East Malaysia,Sarawak,FPX
ORD15209,2025-06-20,Home,Coffee Maker,329,3,987,East Malaysia,Sarawak,FPX
ORD15219,2025-06-29,Fashion,Sunglasses,375,2,750,East Malaysia,Sabah,FPX
ORD15221,2025-03-09,Home,Office Chair,606,2,1212,East Malaysia,Sarawak,GrabPay
ORD15222,2025-07-26,Electronics,Wireless Earbuds,2480,3,7440,East Malaysia,Sarawak,GrabPay
ORD15223,2025-09-08,Electronics,Wireless Earbuds,4388,2,8776,East Malaysia,Sarawak,TNG eWallet
ORD15226,2025-04-20,Fashion,Sneakers,381,4,1524,East Malaysia,Sarawak,GrabPay
ORD15230,2025-10-02,Home,Desk Lamp,472,1,472,East Malaysia,Sabah,GrabPay
ORD15233,2025-02-18,Home,Office Chair,550,2,1100,East Malaysia,Sarawak,Credit Card
ORD15234,2025-01-20,Electronics,Smartphone,4062,2,8124,East Malaysia,Sarawak,FPX
ORD15237,2025-09-11,Fashion,Backpack,193,1,193,East Malaysia,Sarawak,FPX
ORD15238,2025-05-24,Electronics,Laptop,1305,4,5220,East Malaysia,Sarawak,TNG eWallet
ORD15240,2025-08-21,Electronics,Smartphone,1520,3,4560,East Malaysia,Sarawak,Credit Card
ORD15243,2025-06-11,Home,Coffee Maker,113,4,452,East Malaysia,Sarawak,Credit Card
ORD15244,2025-01-27,Electronics,Wireless Earbuds,3322,1,3322,East Malaysia,Sarawak,TNG eWallet
ORD15245,2025-08-22,Fashion,Backpack,357,2,714,East Malaysia,Sabah,GrabPay
ORD15247,2025-04-24,Home,Office Chair,359,2,718,East Malaysia,Sarawak,TNG eWallet
ORD15248,2025-10-06,Home,Air Purifier,310,1,310,East Malaysia,Sarawak,TNG eWallet
ORD15250,2025-06-03,Fashion,Sunglasses,295,4,1180,East Malaysia,Sabah,GrabPay
ORD15251,2025-03-24,Home,Air Purifier,329,1,329,East Malaysia,Sarawak,GrabPay
ORD15252,2025-10-12,Fashion,Sunglasses,299,1,299,East Malaysia,Sarawak,TNG eWallet
ORD15253,2025-06-15,Electronics,Laptop,2852,1,2852,East Malaysia,Sarawak,FPX
ORD15254,2025-02-26,Electronics,Smartphone,1790,3,5370,East Malaysia,Sabah,FPX
ORD15259,2025-08-29,Electronics,Smartwatch,3997,4,15988,East Malaysia,Sarawak,GrabPay
ORD15260,2025-04-19,Electronics,Wireless Earbuds,1158,4,4632,East Malaysia,Sarawak,Credit Card
ORD15264,2025-09-13,Fashion,Backpack,319,4,1276,East Malaysia,Sarawak,Credit Card
ORD15266,2025-04-05,Electronics,Smartwatch,3507,4,14028,East Malaysia,Sarawak,TNG eWallet
ORD15269,2025-10-31,Fashion,T-Shirt,241,2,482,East Malaysia,Sarawak,GrabPay
ORD15272,2025-07-08,Fashion,Sunglasses,240,1,240,East Malaysia,Sabah,Credit Card
ORD15273,2025-12-31,Electronics,Laptop,3158,4,12632,East Malaysia,Sabah,FPX
ORD15274,2025-08-04,Home,Air Purifier,602,2,1204,East Malaysia,Sabah,GrabPay
ORD15277,2025-01-26,Home,Desk Lamp,412,2,824,East Malaysia,Sarawak,GrabPay
ORD15278,2025-12-28,Electronics,Smartphone,1976,2,3952,East Malaysia,Sabah,Credit Card
ORD15279,2025-10-02,Home,Desk Lamp,749,1,749,East Malaysia,Sabah,GrabPay
ORD15284,2025-08-11,Electronics,Smartphone,2505,2,5010,East Malaysia,Sabah,Credit Card
ORD15288,2025-02-12,Electronics,Laptop,3373,2,6746,East Malaysia,Sabah,FPX
ORD15289,2025-11-26,Fashion,Sneakers,341,2,682,East Malaysia,Sarawak,TNG eWallet
ORD15291,2025-06-22,Electronics,Smartphone,3559,4,14236,East Malaysia,Sabah,FPX
ORD15292,2025-11-21,Fashion,Sunglasses,59,3,177,East Malaysia,Sabah,TNG eWallet
ORD15294,2025-07-25,Home,Desk Lamp,371,3,1113,East Malaysia,Sarawak,FPX
ORD15295,2025-06-22,Home,Coffee Maker,577,4,2308,East Malaysia,Sabah,GrabPay
ORD15296,2025-09-28,Electronics,Wireless Earbuds,3125,4,12500,East Malaysia,Sarawak,Credit Card
ORD15298,2025-02-20,Fashion,T-Shirt,285,3,855,East Malaysia,Sabah,FPX
ORD15299,2025-08-22,Home,Air Purifier,734,1,734,East Malaysia,Sabah,GrabPay
ORD15300,2025-08-25,Fashion,Sunglasses,273,2,546,East Malaysia,Sabah,GrabPay
ORD15304,2025-04-24,Fashion,Sneakers,115,2,230,East Malaysia,Sarawak,FPX
ORD15305,2025-01-25,Electronics,Wireless Earbuds,545,4,2180,East Malaysia,Sabah,Credit Card
ORD15307,2025-01-18,Home,Office Chair,765,4,3060,East Malaysia,Sarawak,FPX
ORD15312,2025-07-21,Home,Coffee Maker,191,2,382,East Malaysia,Sabah,Credit Card
ORD15313,2025-12-01,Home,Air Purifier,499,3,1497,East Malaysia,Sarawak,FPX
ORD15314,2025-09-01,Home,Air Purifier,194,3,582,East Malaysia,Sabah,GrabPay
ORD15315,2025-08-12,Electronics,Smartwatch,908,3,2724,East Malaysia,Sarawak,GrabPay
ORD15317,2025-09-10,Home,Desk Lamp,149,3,447,East Malaysia,Sarawak,Credit Card
ORD15318,2025-11-25,Electronics,Smartphone,3087,3,9261,East Malaysia,Sarawak,FPX
ORD15322,2025-02-12,Electronics,Wireless Earbuds,324,1,324,East Malaysia,Sabah,GrabPay
ORD15324,2025-06-05,Home,Desk Lamp,776,4,3104,East Malaysia,Sabah,TNG eWallet
ORD15325,2025-07-15,Home,Office Chair,655,4,2620,East Malaysia,Sarawak,GrabPay
ORD15331,2025-05-07,Electronics,Smartphone,2257,3,6771,East Malaysia,Sabah,FPX
ORD15336,2025-01-25,Fashion,Sunglasses,72,2,144,East Malaysia,Sabah,GrabPay
ORD15338,2025-03-24,Electronics,Laptop,2339,1,2339,East Malaysia,Sarawak,GrabPay
ORD15339,2025-01-04,Electronics,Smartwatch,1206,2,2412,East Malaysia,Sarawak,Credit Card
ORD15340,2025-06-01,Electronics,Smartwatch,1686,2,3372,East Malaysia,Sabah,Credit Card
ORD15341,2025-01-17,Electronics,Smartphone,2232,1,2232,East Malaysia,Sabah,Credit Card
ORD15342,2025-06-29,Electronics,Wireless Earbuds,2918,2,5836,East Malaysia,Sarawak,GrabPay
ORD15345,2025-03-01,Electronics,Smartwatch,2694,2,5388,East Malaysia,Sarawak,GrabPay
ORD15347,2025-12-26,Home,Coffee Maker,592,4,2368,East Malaysia,Sabah,TNG eWallet
ORD15351,2025-03-10,Electronics,Smartwatch,2325,3,6975,East Malaysia,Sarawak,Credit Card
ORD15352,2025-02-05,Home,Coffee Maker,340,4,1360,East Malaysia,Sarawak,GrabPay
ORD15353,2025-10-20,Home,Desk Lamp,541,4,2164,East Malaysia,Sarawak,GrabPay
ORD15356,2025-02-13,Fashion,T-Shirt,295,1,295,East Malaysia,Sabah,Credit Card
ORD15357,2025-10-03,Fashion,Backpack,172,3,516,East Malaysia,Sabah,GrabPay
ORD15360,2025-08-25,Home,Desk Lamp,416,2,832,East Malaysia,Sarawak,FPX
ORD15361,2025-08-15,Electronics,Laptop,4277,4,17108,East Malaysia,Sabah,GrabPay
ORD15363,2025-02-21,Home,Office Chair,440,3,1320,East Malaysia,Sabah,Credit Card
ORD15364,2025-03-28,Electronics,Wireless Earbuds,726,3,2178,East Malaysia,Sabah,TNG eWallet
ORD15367,2025-08-04,Fashion,Backpack,162,4,648,East Malaysia,Sabah,TNG eWallet
ORD15369,2025-04-11,Fashion,Sunglasses,277,3,831,East Malaysia,Sarawak,FPX
ORD15371,2025-03-11,Electronics,Laptop,3742,3,11226,East Malaysia,Sabah,Credit Card
ORD15372,2025-08-22,Electronics,Smartphone,1362,4,5448,East Malaysia,Sabah,TNG eWallet
ORD15374,2025-11-11,Fashion,Sunglasses,281,2,562,East Malaysia,Sabah,TNG eWallet
ORD15378,2025-11-01,Home,Office Chair,107,1,107,East Malaysia,Sarawak,Credit Card
ORD15380,2025-01-21,Fashion,Backpack,366,2,732,East Malaysia,Sabah,Credit Card
ORD15381,2025-08-26,Home,Air Purifier,133,4,532,East Malaysia,Sabah,GrabPay
ORD15382,2025-08-04,Fashion,T-Shirt,353,3,1059,East Malaysia,Sabah,FPX
ORD15384,2025-04-17,Home,Coffee Maker,651,1,651,East Malaysia,Sabah,Credit Card
ORD15385,2025-06-12,Fashion,Backpack,89,3,267,East Malaysia,Sarawak,TNG eWallet
ORD15386,2025-04-11,Home,Air Purifier,361,4,1444,East Malaysia,Sabah,Credit Card
ORD15389,2025-12-23,Electronics,Wireless Earbuds,752,2,1504,East Malaysia,Sarawak,Credit Card
ORD15390,2025-12-04,Electronics,Smartwatch,2613,1,2613,East Malaysia,Sarawak,FPX
ORD15391,2025-11-08,Home,Coffee Maker,383,4,1532,East Malaysia,Sarawak,Credit Card
ORD15396,2025-11-11,Home,Coffee Maker,557,3,1671,East Malaysia,Sabah,TNG eWallet
ORD15398,2025-10-25,Fashion,Sneakers,173,3,519,East Malaysia,Sarawak,FPX
ORD15399,2025-11-25,Home,Coffee Maker,186,4,744,East Malaysia,Sarawak,GrabPay
ORD15400,2025-03-29,Fashion,Sneakers,394,2,788,East Malaysia,Sarawak,Credit Card
ORD15401,2025-09-27,Fashion,T-Shirt,93,4,372,East Malaysia,Sarawak,Credit Card
ORD15403,2025-07-21,Fashion,T-Shirt,327,4,1308,East Malaysia,Sabah,TNG eWallet
ORD15405,2025-07-03,Fashion,Sneakers,207,2,414,East Malaysia,Sarawak,TNG eWallet
ORD15407,2025-07-02,Electronics,Laptop,1785,4,7140,East Malaysia,Sarawak,TNG eWallet
ORD15408,2025-11-19,Fashion,T-Shirt,292,3,876,East Malaysia,Sabah,GrabPay
ORD15409,2025-12-31,Electronics,Laptop,2945,1,2945,East Malaysia,Sabah,Credit Card
ORD15411,2025-12-29,Fashion,Sneakers,142,1,142,East Malaysia,Sarawak,Credit Card
ORD15413,2025-12-03,Fashion,Sunglasses,325,3,975,East Malaysia,Sarawak,GrabPay
ORD15414,2025-04-20,Electronics,Smartphone,1618,3,4854,East Malaysia,Sabah,Credit Card
ORD15416,2025-04-18,Fashion,Sunglasses,265,4,1060,East Malaysia,Sabah,GrabPay
ORD15417,2025-12-27,Electronics,Smartwatch,2827,4,11308,East Malaysia,Sarawak,TNG eWallet
ORD15418,2025-08-03,Home,Desk Lamp,458,4,1832,East Malaysia,Sarawak,FPX
ORD15421,2025-08-26,Fashion,Sunglasses,173,2,346,East Malaysia,Sabah,TNG eWallet
ORD15422,2025-11-02,Electronics,Smartphone,4390,3,13170,East Malaysia,Sabah,TNG eWallet
ORD15425,2025-07-13,Home,Air Purifier,345,1,345,East Malaysia,Sarawak,GrabPay
ORD15426,2025-09-14,Electronics,Wireless Earbuds,2056,2,4112,East Malaysia,Sabah,GrabPay
ORD15429,2025-01-01,Fashion,Backpack,263,2,526,East Malaysia,Sarawak,GrabPay
ORD15430,2025-09-24,Electronics,Laptop,4089,3,12267,East Malaysia,Sabah,Credit Card
ORD15431,2025-07-12,Fashion,Sneakers,312,3,936,East Malaysia,Sabah,TNG eWallet
ORD15434,2025-01-12,Home,Desk Lamp,557,2,1114,East Malaysia,Sabah,GrabPay
ORD15439,2025-01-02,Electronics,Laptop,3122,1,3122,East Malaysia,Sabah,GrabPay
ORD15440,2025-05-29,Electronics,Wireless Earbuds,1507,4,6028,East Malaysia,Sabah,FPX
ORD15441,2025-12-09,Fashion,Sneakers,166,1,166,East Malaysia,Sabah,TNG eWallet
ORD15442,2025-03-08,Electronics,Laptop,2402,2,4804,East Malaysia,Sarawak,Credit Card
ORD15445,2025-09-29,Electronics,Smartwatch,327,2,654,East Malaysia,Sarawak,Credit Card
ORD15447,2025-05-23,Home,Air Purifier,518,2,1036,East Malaysia,Sabah,TNG eWallet
ORD15449,2025-09-06,Home,Air Purifier,498,4,1992,East Malaysia,Sabah,FPX
ORD15450,2025-05-12,Home,Air Purifier,621,1,621,East Malaysia,Sarawak,Credit Card
ORD15451,2025-07-18,Fashion,Backpack,105,2,210,East Malaysia,Sarawak,FPX
ORD15452,2025-06-06,Home,Air Purifier,402,2,804,East Malaysia,Sarawak,FPX
ORD15453,2025-03-11,Fashion,Backpack,167,2,334,East Malaysia,Sabah,TNG eWallet
ORD15455,2025-06-08,Fashion,Sunglasses,65,2,130,East Malaysia,Sabah,FPX
ORD15457,2025-05-02,Home,Air Purifier,797,4,3188,East Malaysia,Sabah,TNG eWallet
ORD15459,2025-06-23,Home,Air Purifier,132,2,264,East Malaysia,Sabah,FPX
ORD15461,2025-06-15,Electronics,Smartphone,3403,4,13612,East Malaysia,Sabah,TNG eWallet
ORD15465,2025-09-26,Home,Desk Lamp,247,4,988,East Malaysia,Sarawak,Credit Card
ORD15471,2025-03-04,Electronics,Smartphone,928,1,928,East Malaysia,Sabah,Credit Card
ORD15478,2025-08-23,Fashion,T-Shirt,293,2,586,East Malaysia,Sarawak,GrabPay
ORD15479,2025-02-05,Home,Office Chair,652,2,1304,East Malaysia,Sabah,FPX
ORD15480,2025-06-07,Fashion,Backpack,158,2,316,East Malaysia,Sabah,Credit Card
ORD15481,2025-12-26,Home,Office Chair,460,3,1380,East Malaysia,Sabah,TNG eWallet
ORD15483,2025-08-21,Fashion,Sneakers,330,1,330,East Malaysia,Sabah,TNG eWallet
ORD15484,2025-11-30,Home,Desk Lamp,426,2,852,East Malaysia,Sarawak,Credit Card
ORD15485,2025-12-04,Home,Desk Lamp,329,3,987,East Malaysia,Sabah,Credit Card
ORD15489,2025-10-02,Home,Coffee Maker,230,1,230,East Malaysia,Sabah,GrabPay
ORD15490,2025-05-07,Home,Office Chair,545,3,1635,East Malaysia,Sabah,Credit Card
ORD15491,2025-12-15,Fashion,Backpack,123,2,246,East Malaysia,Sabah,TNG eWallet
ORD15494,2025-03-13,Electronics,Wireless Earbuds,1871,4,7484,East Malaysia,Sabah,FPX
ORD15496,2025-08-03,Electronics,Smartwatch,1079,3,3237,East Malaysia,Sabah,Credit Card
ORD15497,2025-03-04,Home,Office Chair,669,2,1338,East Malaysia,Sarawak,Credit Card
ORD15498,2025-11-21,Electronics,Smartwatch,3937,1,3937,East Malaysia,Sabah,FPX
ORD15499,2025-11-16,Fashion,Backpack,282,1,282,East Malaysia,Sarawak,GrabPay
ORD15500,2025-12-17,Fashion,T-Shirt,271,4,1084,East Malaysia,Sabah,Credit Card
ORD15505,2025-07-30,Electronics,Laptop,3043,3,9129,East Malaysia,Sarawak,FPX
ORD15510,2025-03-11,Home,Office Chair,458,3,1374,East Malaysia,Sabah,FPX
ORD15511,2025-02-07,Electronics,Laptop,3236,1,3236,East Malaysia,Sabah,FPX
ORD15513,2025-05-15,Electronics,Smartwatch,1110,4,4440,East Malaysia,Sabah,TNG eWallet
ORD15516,2025-09-18,Fashion,Backpack,57,3,171,East Malaysia,Sarawak,GrabPay
ORD15518,2025-10-16,Fashion,Backpack,174,1,174,East Malaysia,Sabah,GrabPay
ORD15519,2025-10-09,Fashion,Sunglasses,57,3,171,East Malaysia,Sarawak,Credit Card
ORD15520,2025-06-30,Fashion,T-Shirt,184,4,736,East Malaysia,Sarawak,GrabPay
ORD15521,2025-04-21,Fashion,Sneakers,106,1,106,East Malaysia,Sabah,Credit Card
ORD15523,2025-12-18,Electronics,Wireless Earbuds,2774,3,8322,East Malaysia,Sabah,FPX
ORD15526,2025-05-01,Electronics,Smartwatch,4440,1,4440,East Malaysia,Sarawak,TNG eWallet
ORD15534,2025-09-05,Home,Office Chair,767,4,3068,East Malaysia,Sarawak,GrabPay
ORD15536,2025-11-26,Home,Coffee Maker,422,1,422,East Malaysia,Sarawak,TNG eWallet
ORD15537,2025-05-29,Home,Office Chair,165,3,495,East Malaysia,Sabah,GrabPay
ORD15538,2025-04-06,Fashion,Backpack,151,2,302,East Malaysia,Sarawak,GrabPay
ORD15539,2025-06-10,Electronics,Smartphone,1939,1,1939,East Malaysia,Sarawak,Credit Card
ORD15541,2025-04-09,Fashion,Sunglasses,113,3,339,East Malaysia,Sabah,GrabPay
ORD15542,2025-08-22,Home,Office Chair,115,4,460,East Malaysia,Sabah,FPX
ORD15543,2025-03-25,Electronics,Smartphone,3119,4,12476,East Malaysia,Sabah,GrabPay
ORD15545,2025-07-01,Home,Air Purifier,614,2,1228,East Malaysia,Sabah,GrabPay
ORD15546,2025-01-05,Electronics,Wireless Earbuds,1654,4,6616,East Malaysia,Sabah,FPX
ORD15548,2025-02-15,Home,Desk Lamp,175,2,350,East Malaysia,Sabah,TNG eWallet
ORD15549,2025-03-14,Fashion,Backpack,267,2,534,East Malaysia,Sabah,Credit Card
ORD15550,2025-07-29,Fashion,Backpack,396,1,396,East Malaysia,Sarawak,FPX
ORD15552,2025-07-20,Electronics,Smartphone,2982,2,5964,East Malaysia,Sabah,Credit Card
ORD15554,2025-12-20,Fashion,T-Shirt,316,1,316,East Malaysia,Sarawak,FPX
ORD15555,2025-09-19,Electronics,Smartphone,410,4,1640,East Malaysia,Sarawak,TNG eWallet
ORD15556,2025-07-13,Home,Coffee Maker,454,3,1362,East Malaysia,Sarawak,TNG eWallet
ORD15557,2025-11-22,Fashion,T-Shirt,146,1,146,East Malaysia,Sarawak,FPX
ORD15558,2025-07-09,Home,Desk Lamp,288,3,864,East Malaysia,Sarawak,TNG eWallet
ORD15560,2025-01-01,Fashion,Backpack,55,4,220,East Malaysia,Sarawak,Credit Card
ORD15562,2025-07-29,Home,Office Chair,247,3,741,East Malaysia,Sabah,Credit Card
ORD15563,2025-04-18,Fashion,Sunglasses,93,1,93,East Malaysia,Sarawak,Credit Card
ORD15564,2025-02-26,Home,Desk Lamp,336,4,1344,East Malaysia,Sarawak,FPX
ORD15565,2025-01-05,Home,Desk Lamp,777,3,2331,East Malaysia,Sabah,Credit Card
ORD15567,2025-03-19,Fashion,Sneakers,285,2,570,East Malaysia,Sarawak,GrabPay
ORD15569,2025-07-05,Home,Coffee Maker,147,3,441,East Malaysia,Sabah,Credit Card
ORD15571,2025-11-26,Fashion,Backpack,195,1,195,East Malaysia,Sabah,GrabPay
ORD15572,2025-07-04,Fashion,Sunglasses,264,1,264,East Malaysia,Sarawak,GrabPay
ORD15576,2025-03-06,Fashion,T-Shirt,174,2,348,East Malaysia,Sabah,TNG eWallet
ORD15578,2025-05-16,Electronics,Smartwatch,3009,3,9027,East Malaysia,Sabah,FPX
ORD15579,2025-01-04,Electronics,Laptop,4123,2,8246,East Malaysia,Sarawak,FPX
ORD15580,2025-12-27,Home,Air Purifier,460,3,1380,East Malaysia,Sabah,FPX
ORD15582,2025-04-13,Electronics,Smartwatch,3991,3,11973,East Malaysia,Sabah,TNG eWallet
ORD15584,2025-05-20,Fashion,T-Shirt,267,3,801,East Malaysia,Sarawak,FPX
ORD15585,2025-03-22,Electronics,Smartphone,591,3,1773,East Malaysia,Sabah,TNG eWallet
ORD15587,2025-12-13,Home,Office Chair,452,1,452,East Malaysia,Sarawak,TNG eWallet
ORD15588,2025-11-25,Electronics,Smartphone,3681,3,11043,East Malaysia,Sabah,FPX
ORD15589,2025-06-28,Home,Coffee Maker,255,4,1020,East Malaysia,Sarawak,FPX
ORD15590,2025-06-07,Electronics,Smartphone,2743,3,8229,East Malaysia,Sarawak,Credit Card
ORD15591,2025-10-29,Electronics,Wireless Earbuds,1339,1,1339,East Malaysia,Sarawak,TNG eWallet
ORD15593,2025-12-01,Fashion,Sneakers,79,1,79,East Malaysia,Sabah,Credit Card
ORD15594,2025-12-15,Home,Office Chair,264,3,792,East Malaysia,Sabah,Credit Card
ORD15595,2025-09-07,Fashion,Sunglasses,201,1,201,East Malaysia,Sarawak,FPX
ORD15599,2025-02-08,Electronics,Smartphone,449,1,449,East Malaysia,Sarawak,TNG eWallet
ORD15600,2025-09-27,Home,Office Chair,553,2,1106,East Malaysia,Sabah,GrabPay
ORD15601,2026-01-01,Home,Office Chair,544,1,544,East Malaysia,Sabah,FPX
ORD15603,2025-05-19,Home,Office Chair,408,1,408,East Malaysia,Sarawak,FPX
ORD15605,2025-03-31,Home,Air Purifier,476,2,952,East Malaysia,Sabah,GrabPay
ORD15607,2025-02-24,Electronics,Smartphone,2765,3,8295,East Malaysia,Sabah,FPX
ORD15608,2025-08-17,Fashion,Sneakers,222,2,444,East Malaysia,Sabah,Credit Card
ORD15610,2025-11-17,Fashion,T-Shirt,355,4,1420,East Malaysia,Sabah,GrabPay
ORD15612,2025-09-03,Electronics,Smartwatch,1923,3,5769,East Malaysia,Sarawak,TNG eWallet
ORD15615,2025-05-05,Electronics,Smartphone,2879,2,5758,East Malaysia,Sarawak,TNG eWallet
ORD15617,2025-06-26,Home,Office Chair,698,4,2792,East Malaysia,Sabah,Credit Card
ORD15618,2025-11-30,Home,Desk Lamp,222,4,888,East Malaysia,Sarawak,TNG eWallet
ORD15622,2025-03-15,Home,Air Purifier,576,4,2304,East Malaysia,Sabah,TNG eWallet
ORD15624,2025-03-05,Fashion,T-Shirt,74,3,222,East Malaysia,Sabah,Credit Card
ORD15625,2025-01-07,Electronics,Smartphone,1483,1,1483,East Malaysia,Sarawak,GrabPay
ORD15627,2025-07-02,Electronics,Smartwatch,2713,3,8139,East Malaysia,Sarawak,FPX
ORD15628,2025-10-02,Fashion,T-Shirt,164,1,164,East Malaysia,Sarawak,Credit Card
ORD15629,2025-11-12,Electronics,Laptop,2972,4,11888,East Malaysia,Sabah,Credit Card
ORD15633,2025-10-14,Electronics,Smartwatch,554,4,2216,East Malaysia,Sarawak,FPX
ORD15637,2025-01-09,Home,Coffee Maker,471,4,1884,East Malaysia,Sarawak,Credit Card
ORD15639,2025-06-05,Fashion,Sneakers,189,4,756,East Malaysia,Sarawak,FPX
ORD15640,2025-01-15,Electronics,Smartwatch,3545,4,14180,East Malaysia,Sabah,GrabPay
ORD15643,2025-06-26,Electronics,Smartphone,1102,3,3306,East Malaysia,Sarawak,FPX
ORD15645,2025-06-27,Fashion,Backpack,303,1,303,East Malaysia,Sarawak,Credit Card
ORD15646,2025-04-01,Fashion,Sunglasses,181,2,362,East Malaysia,Sabah,TNG eWallet
ORD15649,2025-01-10,Electronics,Smartwatch,1412,1,1412,East Malaysia,Sabah,FPX
ORD15650,2025-08-28,Home,Coffee Maker,707,2,1414,East Malaysia,Sabah,FPX
ORD15654,2025-11-06,Electronics,Laptop,3138,2,6276,East Malaysia,Sarawak,TNG eWallet
ORD15655,2025-05-17,Electronics,Laptop,3063,4,12252,East Malaysia,Sabah,Credit Card
ORD15657,2025-06-23,Home,Desk Lamp,375,1,375,East Malaysia,Sarawak,TNG eWallet
ORD15660,2025-05-18,Fashion,Backpack,369,4,1476,East Malaysia,Sarawak,TNG eWallet
ORD15661,2025-09-07,Fashion,Sneakers,136,4,544,East Malaysia,Sabah,FPX
ORD15663,2025-04-30,Electronics,Smartwatch,805,1,805,East Malaysia,Sarawak,TNG eWallet
ORD15665,2025-04-14,Fashion,Sunglasses,198,2,396,East Malaysia,Sabah,TNG eWallet
ORD15667,2025-12-20,Fashion,Backpack,108,2,216,East Malaysia,Sabah,TNG eWallet
ORD15668,2025-01-25,Fashion,Sneakers,176,3,528,East Malaysia,Sabah,FPX
ORD15670,2025-10-24,Electronics,Smartphone,3643,2,7286,East Malaysia,Sabah,GrabPay
ORD15671,2025-11-09,Electronics,Smartphone,1249,2,2498,East Malaysia,Sabah,Credit Card
ORD15672,2025-08-10,Fashion,Sunglasses,399,4,1596,East Malaysia,Sarawak,TNG eWallet
ORD15676,2025-08-27,Home,Desk Lamp,103,3,309,East Malaysia,Sabah,Credit Card
ORD15677,2025-10-09,Electronics,Wireless Earbuds,3249,4,12996,East Malaysia,Sarawak,GrabPay
ORD15678,2025-07-07,Electronics,Smartphone,2019,3,6057,East Malaysia,Sabah,GrabPay
ORD15681,2025-09-27,Electronics,Laptop,393,4,1572,East Malaysia,Sabah,Credit Card
ORD15682,2025-06-23,Electronics,Smartwatch,1109,4,4436,East Malaysia,Sabah,GrabPay
ORD15684,2025-05-16,Electronics,Smartphone,1122,3,3366,East Malaysia,Sarawak,TNG eWallet
ORD15686,2025-06-05,Electronics,Smartwatch,4106,2,8212,East Malaysia,Sabah,GrabPay
ORD15687,2025-11-16,Home,Office Chair,285,4,1140,East Malaysia,Sarawak,FPX
ORD15691,2025-06-20,Fashion,Backpack,392,4,1568,East Malaysia,Sabah,TNG eWallet
ORD15693,2025-10-26,Fashion,Sneakers,319,4,1276,East Malaysia,Sabah,Credit Card
ORD15696,2025-07-21,Fashion,Sneakers,146,4,584,East Malaysia,Sabah,GrabPay
ORD15697,2025-04-29,Electronics,Smartphone,3596,3,10788,East Malaysia,Sabah,Credit Card
ORD15698,2025-12-28,Electronics,Smartwatch,2618,4,10472,East Malaysia,Sarawak,GrabPay
ORD15699,2025-12-07,Fashion,Sunglasses,348,4,1392,East Malaysia,Sarawak,FPX
ORD15701,2025-10-16,Fashion,Sunglasses,240,1,240,East Malaysia,Sabah,FPX
ORD15702,2025-08-30,Home,Desk Lamp,683,4,2732,East Malaysia,Sabah,Credit Card
ORD15703,2025-03-09,Fashion,Backpack,381,3,1143,East Malaysia,Sarawak,TNG eWallet
ORD15706,2025-09-28,Electronics,Laptop,3214,4,12856,East Malaysia,Sabah,FPX
ORD15709,2025-08-06,Home,Coffee Maker,794,1,794,East Malaysia,Sarawak,FPX
ORD15710,2025-06-01,Electronics,Smartphone,4427,1,4427,East Malaysia,Sabah,TNG eWallet
ORD15713,2025-10-04,Electronics,Wireless Earbuds,1487,2,2974,East Malaysia,Sarawak,FPX
ORD15714,2025-08-08,Fashion,T-Shirt,189,3,567,East Malaysia,Sarawak,GrabPay
ORD15715,2025-03-31,Electronics,Laptop,2885,1,2885,East Malaysia,Sarawak,TNG eWallet
ORD15717,2025-02-16,Electronics,Smartphone,788,1,788,East Malaysia,Sabah,TNG eWallet
ORD15718,2025-07-07,Fashion,Sneakers,110,1,110,East Malaysia,Sarawak,FPX
ORD15720,2025-12-11,Fashion,Sunglasses,88,1,88,East Malaysia,Sarawak,Credit Card
ORD15721,2025-12-16,Home,Desk Lamp,784,1,784,East Malaysia,Sabah,TNG eWallet
ORD15722,2025-01-28,Electronics,Laptop,4439,1,4439,East Malaysia,Sabah,TNG eWallet
ORD15723,2025-12-04,Fashion,Backpack,218,2,436,East Malaysia,Sabah,Credit Card
ORD15724,2025-03-19,Fashion,Sneakers,242,3,726,East Malaysia,Sabah,TNG eWallet
ORD15725,2025-01-02,Fashion,Sneakers,125,2,250,East Malaysia,Sarawak,GrabPay
ORD15726,2025-06-23,Home,Coffee Maker,698,3,2094,East Malaysia,Sarawak,FPX
ORD15727,2025-03-06,Home,Desk Lamp,681,4,2724,East Malaysia,Sabah,Credit Card
ORD15729,2025-12-08,Home,Coffee Maker,522,1,522,East Malaysia,Sarawak,TNG eWallet
ORD15730,2025-05-08,Electronics,Laptop,4356,2,8712,East Malaysia,Sabah,TNG eWallet
ORD15740,2025-12-03,Fashion,T-Shirt,186,1,186,East Malaysia,Sarawak,Credit Card
ORD15743,2025-08-31,Home,Air Purifier,138,4,552,East Malaysia,Sabah,Credit Card
ORD15744,2025-08-27,Home,Coffee Maker,470,4,1880,East Malaysia,Sarawak,Credit Card
ORD15745,2025-11-09,Fashion,Sunglasses,250,2,500,East Malaysia,Sarawak,Credit Card
ORD15750,2025-08-28,Home,Office Chair,567,4,2268,East Malaysia,Sarawak,GrabPay
ORD15753,2025-12-11,Electronics,Wireless Earbuds,850,2,1700,East Malaysia,Sabah,GrabPay
ORD15756,2025-09-12,Electronics,Smartwatch,3444,2,6888,East Malaysia,Sabah,Credit Card
ORD15757,2025-07-11,Electronics,Smartwatch,1191,4,4764,East Malaysia,Sarawak,GrabPay
ORD15758,2025-02-10,Electronics,Wireless Earbuds,2396,4,9584,East Malaysia,Sabah,TNG eWallet
ORD15761,2025-02-07,Home,Air Purifier,270,4,1080,East Malaysia,Sarawak,FPX
ORD15765,2025-10-30,Fashion,Backpack,151,2,302,East Malaysia,Sabah,GrabPay
ORD15766,2025-05-13,Fashion,Sneakers,86,4,344,East Malaysia,Sabah,Credit Card
ORD15768,2025-09-17,Electronics,Smartphone,2132,1,2132,East Malaysia,Sabah,GrabPay
ORD15769,2025-07-07,Fashion,Sunglasses,62,4,248,East Malaysia,Sabah,GrabPay
ORD15772,2025-06-24,Fashion,Sneakers,218,1,218,East Malaysia,Sarawak,GrabPay
ORD15773,2025-03-20,Fashion,Sunglasses,215,1,215,East Malaysia,Sarawak,FPX
ORD15775,2025-08-20,Home,Office Chair,664,1,664,East Malaysia,Sabah,FPX
ORD15777,2025-08-22,Home,Desk Lamp,692,3,2076,East Malaysia,Sabah,TNG eWallet
ORD15778,2025-04-08,Fashion,T-Shirt,332,3,996,East Malaysia,Sabah,GrabPay
ORD15780,2025-12-23,Fashion,Sneakers,398,1,398,East Malaysia,Sabah,GrabPay
ORD15781,2025-10-02,Home,Air Purifier,753,1,753,East Malaysia,Sarawak,TNG eWallet
ORD15782,2025-11-21,Home,Coffee Maker,191,2,382,East Malaysia,Sabah,FPX
ORD15783,2025-03-23,Electronics,Wireless Earbuds,2549,3,7647,East Malaysia,Sabah,FPX
ORD15785,2025-01-24,Fashion,T-Shirt,95,3,285,East Malaysia,Sabah,Credit Card
ORD15787,2025-05-13,Home,Office Chair,669,2,1338,East Malaysia,Sabah,TNG eWallet
ORD15788,2025-06-03,Home,Desk Lamp,739,4,2956,East Malaysia,Sarawak,TNG eWallet
ORD15789,2025-05-19,Electronics,Smartwatch,2872,4,11488,East Malaysia,Sabah,Credit Card
ORD15790,2025-06-19,Home,Coffee Maker,238,1,238,East Malaysia,Sarawak,Credit Card
ORD15793,2025-03-26,Home,Air Purifier,349,1,349,East Malaysia,Sarawak,Credit Card
ORD15794,2025-01-30,Fashion,Backpack,339,3,1017,East Malaysia,Sarawak,FPX
ORD15797,2025-06-20,Electronics,Wireless Earbuds,3068,2,6136,East Malaysia,Sabah,FPX
ORD15798,2025-03-30,Fashion,Sunglasses,248,3,744,East Malaysia,Sabah,GrabPay
ORD15800,2025-09-08,Home,Air Purifier,487,4,1948,East Malaysia,Sabah,TNG eWallet
ORD15802,2025-04-03,Fashion,Sunglasses,295,3,885,East Malaysia,Sabah,TNG eWallet
ORD15803,2025-12-08,Electronics,Wireless Earbuds,580,4,2320,East Malaysia,Sabah,FPX
ORD15804,2025-11-19,Electronics,Laptop,837,2,1674,East Malaysia,Sarawak,Credit Card
ORD15805,2025-04-06,Electronics,Smartwatch,920,2,1840,East Malaysia,Sabah,Credit Card
ORD15806,2025-12-19,Electronics,Laptop,4122,4,16488,East Malaysia,Sabah,FPX
ORD15808,2025-11-04,Fashion,T-Shirt,62,4,248,East Malaysia,Sarawak,GrabPay
ORD15811,2025-12-17,Fashion,T-Shirt,66,1,66,East Malaysia,Sabah,Credit Card
ORD15815,2025-12-09,Fashion,Sunglasses,237,2,474,East Malaysia,Sabah,GrabPay
ORD15817,2025-11-04,Fashion,Backpack,312,2,624,East Malaysia,Sarawak,Credit Card
ORD15819,2025-03-16,Fashion,Backpack,165,2,330,East Malaysia,Sarawak,FPX
ORD15822,2025-06-19,Fashion,Sunglasses,240,3,720,East Malaysia,Sabah,TNG eWallet
ORD15823,2025-02-17,Home,Coffee Maker,250,3,750,East Malaysia,Sabah,Credit Card
ORD15825,2025-11-10,Home,Office Chair,266,1,266,East Malaysia,Sabah,TNG eWallet
ORD15827,2025-08-10,Fashion,T-Shirt,326,2,652,East Malaysia,Sarawak,GrabPay
ORD15830,2025-09-19,Home,Coffee Maker,497,1,497,East Malaysia,Sabah,GrabPay
ORD15831,2025-04-27,Home,Air Purifier,152,4,608,East Malaysia,Sarawak,Credit Card
ORD15832,2025-05-13,Home,Desk Lamp,511,2,1022,East Malaysia,Sabah,GrabPay
ORD15835,2025-11-02,Home,Air Purifier,267,2,534,East Malaysia,Sabah,FPX
ORD15836,2025-05-01,Home,Air Purifier,593,2,1186,East Malaysia,Sabah,Credit Card
ORD15837,2025-01-20,Home,Desk Lamp,292,1,292,East Malaysia,Sarawak,FPX
ORD15839,2025-08-23,Electronics,Laptop,2785,4,11140,East Malaysia,Sabah,FPX
ORD15841,2025-07-09,Fashion,Backpack,163,3,489,East Malaysia,Sarawak,TNG eWallet
ORD15843,2025-12-11,Fashion,Sneakers,386,4,1544,East Malaysia,Sarawak,Credit Card
ORD15844,2025-11-22,Home,Coffee Maker,598,3,1794,East Malaysia,Sabah,FPX
ORD15849,2025-01-26,Electronics,Wireless Earbuds,843,3,2529,East Malaysia,Sabah,TNG eWallet
ORD15851,2025-06-14,Electronics,Smartwatch,751,2,1502,East Malaysia,Sarawak,Credit Card
ORD15857,2025-07-22,Home,Air Purifier,650,4,2600,East Malaysia,Sarawak,FPX
ORD15858,2025-06-30,Fashion,T-Shirt,259,2,518,East Malaysia,Sarawak,Credit Card
ORD15862,2025-09-25,Electronics,Laptop,4464,4,17856,East Malaysia,Sarawak,GrabPay
ORD15864,2025-06-15,Home,Desk Lamp,452,1,452,East Malaysia,Sabah,FPX
ORD15867,2025-06-14,Electronics,Wireless Earbuds,482,1,482,East Malaysia,Sarawak,FPX
ORD15868,2025-04-10,Home,Coffee Maker,361,1,361,East Malaysia,Sarawak,GrabPay
ORD15870,2025-04-07,Fashion,T-Shirt,342,2,684,East Malaysia,Sarawak,GrabPay
ORD15872,2025-02-02,Home,Office Chair,535,1,535,East Malaysia,Sarawak,TNG eWallet
ORD15875,2025-10-13,Electronics,Laptop,1439,4,5756,East Malaysia,Sabah,TNG eWallet
ORD15879,2025-09-08,Home,Office Chair,677,3,2031,East Malaysia,Sarawak,FPX
ORD15880,2025-02-02,Home,Air Purifier,717,2,1434,East Malaysia,Sabah,Credit Card
ORD15881,2025-04-24,Electronics,Smartphone,843,1,843,East Malaysia,Sabah,Credit Card
ORD15883,2025-12-18,Fashion,Sunglasses,319,1,319,East Malaysia,Sabah,FPX
ORD15884,2025-01-11,Home,Office Chair,503,2,1006,East Malaysia,Sarawak,Credit Card
ORD15887,2025-04-25,Fashion,T-Shirt,303,3,909,East Malaysia,Sabah,FPX
ORD15890,2025-11-01,Electronics,Laptop,4466,4,17864,East Malaysia,Sarawak,TNG eWallet
ORD15892,2025-06-24,Home,Office Chair,408,4,1632,East Malaysia,Sarawak,FPX
ORD15895,2025-10-25,Fashion,Sneakers,398,3,1194,East Malaysia,Sarawak,TNG eWallet
ORD15897,2025-09-21,Fashion,T-Shirt,399,3,1197,East Malaysia,Sarawak,FPX
ORD15899,2025-05-19,Fashion,Sneakers,383,3,1149,East Malaysia,Sabah,FPX
ORD15901,2025-12-23,Electronics,Smartphone,2394,2,4788,East Malaysia,Sabah,Credit Card
ORD15902,2025-09-10,Fashion,Sunglasses,375,1,375,East Malaysia,Sarawak,FPX
ORD15903,2025-11-16,Fashion,Sneakers,200,1,200,East Malaysia,Sarawak,TNG eWallet
ORD15904,2025-07-15,Fashion,Sneakers,388,1,388,East Malaysia,Sarawak,FPX
ORD15905,2025-01-18,Electronics,Smartwatch,1785,1,1785,East Malaysia,Sabah,FPX
ORD15907,2025-03-05,Fashion,Backpack,257,2,514,East Malaysia,Sabah,GrabPay
ORD15908,2025-10-17,Fashion,Backpack,335,2,670,East Malaysia,Sarawak,GrabPay
ORD15913,2025-07-31,Home,Office Chair,242,2,484,East Malaysia,Sarawak,FPX
ORD15914,2025-01-29,Home,Office Chair,688,4,2752,East Malaysia,Sabah,FPX
ORD15917,2025-11-10,Electronics,Smartwatch,987,3,2961,East Malaysia,Sarawak,FPX
ORD15920,2025-04-07,Fashion,T-Shirt,326,4,1304,East Malaysia,Sabah,FPX
ORD15923,2025-10-10,Electronics,Laptop,3947,3,11841,East Malaysia,Sabah,TNG eWallet
ORD15924,2025-02-21,Fashion,Backpack,166,2,332,East Malaysia,Sarawak,TNG eWallet
ORD15930,2025-07-20,Electronics,Smartphone,4233,2,8466,East Malaysia,Sabah,GrabPay
ORD15933,2025-02-05,Fashion,T-Shirt,239,1,239,East Malaysia,Sarawak,TNG eWallet
ORD15935,2025-12-01,Electronics,Smartwatch,4385,1,4385,East Malaysia,Sabah,GrabPay
ORD15938,2025-12-20,Home,Coffee Maker,299,3,897,East Malaysia,Sabah,Credit Card
ORD15942,2025-10-06,Fashion,Backpack,358,3,1074,East Malaysia,Sabah,FPX
ORD15943,2025-06-13,Fashion,Sunglasses,150,2,300,East Malaysia,Sarawak,FPX
ORD15944,2025-03-19,Home,Desk Lamp,738,4,2952,East Malaysia,Sarawak,GrabPay
ORD15945,2025-03-06,Home,Coffee Maker,123,2,246,East Malaysia,Sarawak,Credit Card
ORD15946,2025-08-18,Fashion,Sunglasses,291,3,873,East Malaysia,Sarawak,GrabPay
ORD15948,2025-08-23,Home,Office Chair,728,4,2912,East Malaysia,Sarawak,TNG eWallet
ORD15951,2025-01-07,Electronics,Smartphone,4299,4,17196,East Malaysia,Sabah,TNG eWallet
ORD15952,2025-07-26,Home,Coffee Maker,303,3,909,East Malaysia,Sabah,GrabPay
ORD15953,2025-05-08,Home,Coffee Maker,515,2,1030,East Malaysia,Sabah,TNG eWallet
ORD15954,2025-05-09,Electronics,Laptop,1338,4,5352,East Malaysia,Sarawak,TNG eWallet
ORD15957,2025-12-13,Home,Coffee Maker,606,2,1212,East Malaysia,Sarawak,Credit Card
ORD15958,2025-08-04,Electronics,Smartwatch,2704,2,5408,East Malaysia,Sarawak,Credit Card
ORD15959,2025-03-03,Home,Coffee Maker,430,4,1720,East Malaysia,Sarawak,FPX
ORD15960,2025-08-01,Home,Desk Lamp,744,2,1488,East Malaysia,Sarawak,GrabPay
ORD15963,2025-07-07,Home,Office Chair,128,3,384,East Malaysia,Sabah,GrabPay
ORD15965,2025-01-14,Fashion,Backpack,105,3,315,East Malaysia,Sabah,FPX
ORD15970,2025-03-29,Home,Office Chair,322,4,1288,East Malaysia,Sarawak,Credit Card
ORD15971,2025-08-31,Home,Desk Lamp,283,1,283,East Malaysia,Sabah,GrabPay
ORD15972,2025-03-30,Electronics,Laptop,3929,2,7858,East Malaysia,Sabah,TNG eWallet
ORD15978,2025-06-10,Fashion,Sneakers,297,1,297,East Malaysia,Sabah,Credit Card
ORD15979,2025-02-27,Fashion,Backpack,243,1,243,East Malaysia,Sabah,FPX
ORD15985,2025-02-06,Fashion,Backpack,314,2,628,East Malaysia,Sabah,FPX
ORD15987,2025-09-07,Fashion,T-Shirt,277,3,831,East Malaysia,Sabah,FPX
ORD15990,2025-12-28,Home,Desk Lamp,147,2,294,East Malaysia,Sabah,GrabPay
ORD15991,2025-08-08,Home,Office Chair,582,3,1746,East Malaysia,Sarawak,GrabPay
ORD15992,2025-09-12,Fashion,T-Shirt,88,4,352,East Malaysia,Sabah,Credit Card
ORD15993,2025-09-16,Fashion,Backpack,225,4,900,East Malaysia,Sarawak,Credit Card
ORD15995,2025-09-20,Electronics,Laptop,4199,1,4199,East Malaysia,Sabah,TNG eWallet
ORD15999,2025-03-21,Electronics,Wireless Earbuds,4268,3,12804,East Malaysia,Sarawak,Credit Card
ORD16003,2025-12-21,Home,Coffee Maker,699,2,1398,East Malaysia,Sabah,Credit Card
ORD16004,2025-04-16,Home,Office Chair,161,1,161,East Malaysia,Sarawak,GrabPay
ORD16007,2025-02-15,Home,Office Chair,733,4,2932,East Malaysia,Sabah,Credit Card
ORD16008,2025-06-30,Electronics,Smartwatch,1564,1,1564,East Malaysia,Sabah,TNG eWallet
ORD16009,2025-09-26,Home,Coffee Maker,623,3,1869,East Malaysia,Sarawak,TNG eWallet
ORD16010,2025-11-22,Electronics,Laptop,2376,4,9504,East Malaysia,Sabah,FPX
ORD16014,2025-04-01,Fashion,Sneakers,50,3,150,East Malaysia,Sarawak,FPX
ORD16015,2025-12-17,Home,Office Chair,477,4,1908,East Malaysia,Sabah,GrabPay
ORD16019,2025-12-14,Fashion,Sunglasses,79,2,158,East Malaysia,Sabah,GrabPay
ORD16024,2025-02-27,Fashion,T-Shirt,369,1,369,East Malaysia,Sabah,FPX
ORD16026,2025-09-25,Fashion,Backpack,112,2,224,East Malaysia,Sabah,GrabPay
ORD16027,2025-01-19,Fashion,Sunglasses,284,2,568,East Malaysia,Sarawak,FPX
ORD16029,2025-02-10,Electronics,Smartphone,842,1,842,East Malaysia,Sarawak,GrabPay
ORD16030,2025-05-11,Fashion,T-Shirt,132,3,396,East Malaysia,Sarawak,TNG eWallet
ORD16031,2025-09-08,Fashion,Sunglasses,358,2,716,East Malaysia,Sabah,GrabPay
ORD16034,2025-07-04,Electronics,Smartwatch,3476,3,10428,East Malaysia,Sarawak,FPX
ORD16035,2025-09-30,Electronics,Smartphone,3947,2,7894,East Malaysia,Sarawak,TNG eWallet
ORD16036,2025-01-14,Home,Air Purifier,753,3,2259,East Malaysia,Sarawak,TNG eWallet
ORD16038,2025-08-01,Home,Air Purifier,352,3,1056,East Malaysia,Sarawak,TNG eWallet
ORD16039,2025-10-16,Home,Coffee Maker,180,2,360,East Malaysia,Sabah,FPX
ORD16041,2025-12-22,Home,Desk Lamp,111,1,111,East Malaysia,Sarawak,Credit Card
ORD16043,2025-03-20,Fashion,Sunglasses,53,2,106,East Malaysia,Sabah,FPX
ORD16046,2025-01-23,Home,Coffee Maker,433,1,433,East Malaysia,Sarawak,TNG eWallet
ORD16048,2025-09-04,Fashion,Sneakers,301,3,903,East Malaysia,Sarawak,TNG eWallet
ORD16049,2025-03-04,Fashion,T-Shirt,167,1,167,East Malaysia,Sabah,Credit Card
ORD16051,2025-09-24,Electronics,Smartwatch,581,2,1162,East Malaysia,Sarawak,TNG eWallet
ORD16052,2025-06-19,Home,Desk Lamp,179,4,716,East Malaysia,Sarawak,GrabPay
ORD16053,2025-08-23,Home,Air Purifier,766,3,2298,East Malaysia,Sarawak,GrabPay
ORD16054,2025-11-11,Electronics,Smartphone,1959,4,7836,East Malaysia,Sabah,Credit Card
ORD16055,2025-11-19,Electronics,Smartphone,755,4,3020,East Malaysia,Sabah,GrabPay
ORD16056,2025-03-16,Home,Coffee Maker,329,3,987,East Malaysia,Sabah,FPX
ORD16060,2025-12-17,Home,Coffee Maker,425,1,425,East Malaysia,Sabah,GrabPay
ORD16061,2025-09-07,Fashion,Sunglasses,86,2,172,East Malaysia,Sarawak,Credit Card
ORD16063,2025-12-10,Fashion,Sunglasses,371,4,1484,East Malaysia,Sarawak,GrabPay
ORD16064,2025-07-30,Fashion,Sneakers,305,3,915,East Malaysia,Sarawak,Credit Card
ORD16065,2025-05-27,Electronics,Wireless Earbuds,3133,3,9399,East Malaysia,Sabah,Credit Card
ORD16066,2025-12-30,Home,Desk Lamp,668,2,1336,East Malaysia,Sarawak,TNG eWallet
ORD16067,2025-10-13,Fashion,T-Shirt,371,4,1484,East Malaysia,Sarawak,FPX
ORD16068,2025-08-07,Fashion,Backpack,76,3,228,East Malaysia,Sarawak,Credit Card
ORD16070,2025-06-23,Home,Desk Lamp,686,4,2744,East Malaysia,Sarawak,TNG eWallet
ORD16073,2025-07-28,Fashion,T-Shirt,292,1,292,East Malaysia,Sabah,TNG eWallet
ORD16077,2025-07-19,Home,Desk Lamp,166,1,166,East Malaysia,Sabah,GrabPay
ORD16078,2025-09-03,Home,Coffee Maker,794,3,2382,East Malaysia,Sarawak,TNG eWallet
ORD16082,2025-10-02,Home,Coffee Maker,607,3,1821,East Malaysia,Sarawak,TNG eWallet
ORD16083,2025-10-01,Home,Desk Lamp,576,4,2304,East Malaysia,Sarawak,TNG eWallet
ORD16085,2025-09-11,Home,Air Purifier,115,4,460,East Malaysia,Sarawak,FPX
ORD16091,2025-05-15,Electronics,Wireless Earbuds,1420,1,1420,East Malaysia,Sarawak,GrabPay
ORD16092,2025-07-12,Fashion,Sunglasses,336,4,1344,East Malaysia,Sabah,FPX
ORD16093,2025-11-16,Home,Office Chair,547,4,2188,East Malaysia,Sarawak,Credit Card
ORD16095,2025-07-04,Home,Coffee Maker,267,1,267,East Malaysia,Sabah,TNG eWallet
ORD16098,2025-08-13,Fashion,Sneakers,271,1,271,East Malaysia,Sabah,GrabPay
ORD16099,2025-08-05,Home,Coffee Maker,776,2,1552,East Malaysia,Sarawak,Credit Card
ORD16103,2025-05-04,Home,Office Chair,106,1,106,East Malaysia,Sabah,Credit Card
ORD16107,2025-09-27,Electronics,Smartwatch,4058,2,8116,East Malaysia,Sabah,GrabPay
ORD16110,2025-03-12,Fashion,T-Shirt,212,1,212,East Malaysia,Sabah,GrabPay
ORD16115,2025-03-15,Electronics,Smartwatch,2785,3,8355,East Malaysia,Sabah,GrabPay
ORD16117,2025-08-16,Electronics,Wireless Earbuds,2429,4,9716,East Malaysia,Sarawak,TNG eWallet
ORD16118,2025-05-14,Electronics,Smartphone,3155,1,3155,East Malaysia,Sabah,GrabPay
ORD16120,2025-09-20,Home,Desk Lamp,783,1,783,East Malaysia,Sabah,GrabPay
ORD16123,2025-10-18,Electronics,Smartwatch,2107,4,8428,East Malaysia,Sabah,GrabPay
ORD16124,2025-04-24,Fashion,T-Shirt,250,4,1000,East Malaysia,Sabah,FPX
ORD16125,2025-03-19,Fashion,Backpack,365,3,1095,East Malaysia,Sarawak,Credit Card
ORD16128,2025-12-18,Home,Coffee Maker,183,4,732,East Malaysia,Sarawak,Credit Card
ORD16130,2025-07-11,Electronics,Wireless Earbuds,3627,3,10881,East Malaysia,Sabah,FPX
ORD16131,2025-12-11,Fashion,Backpack,341,1,341,East Malaysia,Sabah,GrabPay
ORD16136,2025-02-02,Home,Air Purifier,568,1,568,East Malaysia,Sabah,TNG eWallet
ORD16137,2025-06-20,Home,Desk Lamp,533,3,1599,East Malaysia,Sarawak,GrabPay
ORD16138,2025-07-21,Electronics,Smartwatch,2986,1,2986,East Malaysia,Sarawak,GrabPay
ORD16139,2025-08-12,Home,Desk Lamp,123,4,492,East Malaysia,Sarawak,TNG eWallet
ORD16140,2025-10-05,Fashion,Backpack,217,3,651,East Malaysia,Sarawak,Credit Card
ORD16141,2025-06-05,Fashion,T-Shirt,351,4,1404,East Malaysia,Sabah,GrabPay
ORD16143,2025-09-18,Fashion,Sneakers,283,2,566,East Malaysia,Sabah,TNG eWallet
ORD16145,2025-08-12,Fashion,Sneakers,366,1,366,East Malaysia,Sarawak,GrabPay
ORD16147,2025-12-14,Home,Office Chair,598,4,2392,East Malaysia,Sarawak,FPX
ORD16148,2025-04-10,Home,Office Chair,215,4,860,East Malaysia,Sarawak,TNG eWallet
ORD16150,2025-04-06,Electronics,Laptop,1173,3,3519,East Malaysia,Sarawak,TNG eWallet
ORD16151,2025-02-17,Home,Air Purifier,634,4,2536,East Malaysia,Sabah,FPX
ORD16155,2025-10-26,Home,Desk Lamp,703,3,2109,East Malaysia,Sabah,Credit Card
ORD16157,2025-10-07,Electronics,Laptop,677,2,1354,East Malaysia,Sarawak,Credit Card
ORD16159,2025-01-20,Fashion,Backpack,268,2,536,East Malaysia,Sabah,FPX
ORD16160,2025-01-28,Home,Coffee Maker,711,4,2844,East Malaysia,Sarawak,FPX
ORD16162,2025-03-18,Electronics,Smartwatch,1599,1,1599,East Malaysia,Sabah,Credit Card
ORD16163,2025-10-08,Fashion,T-Shirt,358,2,716,East Malaysia,Sarawak,FPX
ORD16164,2025-01-02,Fashion,Sunglasses,364,4,1456,East Malaysia,Sarawak,Credit Card
ORD16165,2025-04-04,Electronics,Laptop,3572,3,10716,East Malaysia,Sabah,TNG eWallet
ORD16166,2025-05-03,Home,Desk Lamp,477,3,1431,East Malaysia,Sabah,FPX
ORD16171,2025-02-25,Home,Desk Lamp,773,3,2319,East Malaysia,Sabah,TNG eWallet
ORD16172,2025-04-08,Fashion,Backpack,175,4,700,East Malaysia,Sarawak,TNG eWallet
ORD16174,2025-11-04,Home,Office Chair,571,3,1713,East Malaysia,Sabah,FPX
ORD16179,2025-04-08,Electronics,Smartwatch,1484,2,2968,East Malaysia,Sabah,FPX
ORD16180,2025-01-18,Home,Desk Lamp,393,4,1572,East Malaysia,Sarawak,TNG eWallet
ORD16181,2025-06-25,Home,Desk Lamp,547,1,547,East Malaysia,Sarawak,Credit Card
ORD16182,2025-04-08,Electronics,Smartwatch,2167,3,6501,East Malaysia,Sarawak,TNG eWallet
ORD16186,2025-07-21,Home,Air Purifier,318,4,1272,East Malaysia,Sarawak,Credit Card
ORD16187,2025-08-15,Electronics,Laptop,3997,1,3997,East Malaysia,Sarawak,Credit Card
ORD16188,2025-11-15,Fashion,Backpack,89,2,178,East Malaysia,Sarawak,FPX
ORD16191,2025-05-27,Home,Desk Lamp,491,3,1473,East Malaysia,Sarawak,FPX
ORD16195,2025-05-27,Home,Office Chair,554,4,2216,East Malaysia,Sabah,GrabPay
ORD16196,2025-07-29,Fashion,Sunglasses,53,3,159,East Malaysia,Sarawak,GrabPay
ORD16197,2025-08-08,Home,Desk Lamp,184,1,184,East Malaysia,Sarawak,FPX
ORD16204,2025-08-04,Home,Air Purifier,496,2,992,East Malaysia,Sabah,Credit Card
ORD16207,2025-02-07,Home,Coffee Maker,533,1,533,East Malaysia,Sarawak,TNG eWallet
ORD16211,2025-11-28,Home,Coffee Maker,400,2,800,East Malaysia,Sabah,Credit Card
ORD16212,2025-01-19,Fashion,T-Shirt,206,2,412,East Malaysia,Sarawak,GrabPay
ORD16213,2025-02-14,Fashion,Sneakers,109,4,436,East Malaysia,Sabah,GrabPay
ORD16218,2025-09-27,Electronics,Smartwatch,1727,1,1727,East Malaysia,Sabah,GrabPay
ORD16221,2025-05-06,Fashion,T-Shirt,113,4,452,East Malaysia,Sarawak,GrabPay
ORD16223,2025-11-30,Electronics,Smartphone,2289,1,2289,East Malaysia,Sarawak,Credit Card
ORD16225,2025-03-14,Fashion,Sneakers,335,1,335,East Malaysia,Sarawak,Credit Card
ORD16226,2025-01-06,Fashion,Backpack,167,1,167,East Malaysia,Sabah,TNG eWallet
ORD16227,2025-03-10,Electronics,Smartwatch,500,3,1500,East Malaysia,Sabah,Credit Card
ORD16228,2025-02-19,Home,Office Chair,601,3,1803,East Malaysia,Sarawak,Credit Card
ORD16233,2025-05-25,Fashion,T-Shirt,59,2,118,East Malaysia,Sarawak,Credit Card
ORD16236,2025-07-01,Electronics,Laptop,2013,3,6039,East Malaysia,Sabah,FPX
ORD16237,2025-07-16,Home,Office Chair,634,2,1268,East Malaysia,Sabah,GrabPay
ORD16239,2025-01-29,Home,Coffee Maker,393,2,786,East Malaysia,Sabah,FPX
ORD16240,2025-01-16,Fashion,T-Shirt,366,1,366,East Malaysia,Sabah,TNG eWallet
ORD16241,2025-07-07,Home,Coffee Maker,180,2,360,East Malaysia,Sabah,Credit Card
ORD16245,2025-06-10,Fashion,T-Shirt,215,1,215,East Malaysia,Sabah,TNG eWallet
ORD16248,2025-08-08,Fashion,Sunglasses,127,2,254,East Malaysia,Sarawak,GrabPay
ORD16252,2025-06-29,Fashion,T-Shirt,177,4,708,East Malaysia,Sabah,TNG eWallet
ORD16253,2025-01-08,Electronics,Smartphone,4187,4,16748,East Malaysia,Sabah,FPX
ORD16254,2025-02-22,Electronics,Smartwatch,3869,4,15476,East Malaysia,Sarawak,GrabPay
ORD16256,2025-07-29,Fashion,Backpack,234,3,702,East Malaysia,Sarawak,Credit Card
ORD16257,2025-11-04,Fashion,Sneakers,122,1,122,East Malaysia,Sarawak,Credit Card
ORD16259,2025-11-17,Home,Coffee Maker,665,2,1330,East Malaysia,Sarawak,Credit Card
ORD16260,2025-08-31,Fashion,T-Shirt,167,3,501,East Malaysia,Sabah,TNG eWallet
ORD16261,2025-07-28,Home,Coffee Maker,102,4,408,East Malaysia,Sabah,Credit Card
ORD16264,2025-07-29,Home,Coffee Maker,109,4,436,East Malaysia,Sarawak,GrabPay
ORD16268,2025-09-13,Electronics,Laptop,2101,2,4202,East Malaysia,Sarawak,FPX
ORD16269,2025-07-05,Fashion,Backpack,115,2,230,East Malaysia,Sarawak,GrabPay
ORD16270,2025-01-07,Home,Desk Lamp,407,3,1221,East Malaysia,Sabah,GrabPay
ORD16271,2025-11-24,Electronics,Laptop,1796,1,1796,East Malaysia,Sabah,Credit Card
ORD16272,2025-09-28,Home,Desk Lamp,229,2,458,East Malaysia,Sarawak,Credit Card
ORD16274,2025-02-14,Electronics,Smartphone,751,1,751,East Malaysia,Sabah,TNG eWallet
ORD16275,2025-10-02,Electronics,Smartwatch,377,2,754,East Malaysia,Sarawak,TNG eWallet
ORD16277,2025-12-29,Home,Air Purifier,406,4,1624,East Malaysia,Sabah,Credit Card
ORD16288,2025-01-17,Home,Office Chair,388,4,1552,East Malaysia,Sarawak,GrabPay
ORD16289,2025-12-01,Home,Desk Lamp,686,3,2058,East Malaysia,Sarawak,GrabPay
ORD16290,2025-04-20,Electronics,Wireless Earbuds,1194,1,1194,East Malaysia,Sarawak,GrabPay
ORD16291,2025-08-21,Fashion,Backpack,141,1,141,East Malaysia,Sabah,Credit Card
ORD16292,2025-04-23,Fashion,Sunglasses,195,2,390,East Malaysia,Sarawak,FPX
ORD16293,2025-01-03,Electronics,Smartwatch,1080,3,3240,East Malaysia,Sabah,FPX
ORD16294,2025-06-09,Fashion,Backpack,281,2,562,East Malaysia,Sabah,TNG eWallet
ORD16295,2025-12-09,Home,Desk Lamp,407,4,1628,East Malaysia,Sarawak,GrabPay
ORD16296,2025-05-04,Fashion,T-Shirt,97,1,97,East Malaysia,Sabah,Credit Card
ORD16297,2025-09-04,Electronics,Smartphone,1096,2,2192,East Malaysia,Sarawak,Credit Card
ORD16298,2025-07-28,Fashion,Backpack,336,1,336,East Malaysia,Sabah,TNG eWallet
ORD16303,2025-11-09,Home,Desk Lamp,671,2,1342,East Malaysia,Sarawak,TNG eWallet
ORD16306,2025-06-27,Electronics,Smartwatch,4025,4,16100,East Malaysia,Sabah,Credit Card
ORD16310,2025-12-31,Fashion,Sunglasses,279,3,837,East Malaysia,Sarawak,TNG eWallet
ORD16312,2025-01-18,Electronics,Laptop,3406,2,6812,East Malaysia,Sabah,FPX
ORD16314,2025-07-23,Fashion,T-Shirt,220,3,660,East Malaysia,Sarawak,GrabPay
ORD16315,2025-04-16,Electronics,Laptop,2586,2,5172,East Malaysia,Sabah,GrabPay
ORD16318,2025-08-21,Electronics,Smartwatch,567,2,1134,East Malaysia,Sabah,GrabPay
ORD16320,2025-02-02,Electronics,Smartwatch,4282,4,17128,East Malaysia,Sarawak,FPX
ORD16321,2025-07-26,Home,Desk Lamp,684,3,2052,East Malaysia,Sabah,Credit Card
ORD16323,2025-10-21,Home,Air Purifier,219,1,219,East Malaysia,Sabah,TNG eWallet
ORD16325,2025-04-14,Home,Office Chair,453,3,1359,East Malaysia,Sarawak,TNG eWallet
ORD16326,2025-05-02,Home,Coffee Maker,739,3,2217,East Malaysia,Sarawak,Credit Card
ORD16328,2025-09-01,Electronics,Laptop,1117,1,1117,East Malaysia,Sabah,FPX
ORD16329,2025-05-03,Home,Office Chair,635,4,2540,East Malaysia,Sarawak,GrabPay
ORD16335,2025-03-09,Electronics,Smartphone,2890,2,5780,East Malaysia,Sabah,Credit Card
ORD16336,2025-12-14,Electronics,Smartwatch,3919,3,11757,East Malaysia,Sarawak,TNG eWallet
ORD16337,2025-07-24,Home,Desk Lamp,584,2,1168,East Malaysia,Sabah,TNG eWallet
ORD16338,2025-06-09,Home,Desk Lamp,223,1,223,East Malaysia,Sarawak,TNG eWallet
ORD16341,2025-03-28,Fashion,T-Shirt,182,3,546,East Malaysia,Sarawak,GrabPay
ORD16342,2025-03-13,Electronics,Smartphone,1018,4,4072,East Malaysia,Sabah,GrabPay
ORD16343,2025-03-03,Fashion,Sunglasses,285,4,1140,East Malaysia,Sarawak,GrabPay
ORD16348,2025-03-22,Home,Office Chair,132,2,264,East Malaysia,Sarawak,GrabPay
ORD16349,2025-12-03,Electronics,Smartwatch,2631,3,7893,East Malaysia,Sarawak,FPX
ORD16350,2025-09-28,Fashion,Backpack,247,3,741,East Malaysia,Sarawak,TNG eWallet
ORD16351,2025-01-23,Fashion,Sunglasses,279,2,558,East Malaysia,Sabah,TNG eWallet
ORD16354,2025-07-30,Fashion,Backpack,258,4,1032,East Malaysia,Sabah,FPX
ORD16357,2025-04-14,Home,Air Purifier,162,2,324,East Malaysia,Sarawak,TNG eWallet
ORD16358,2025-03-02,Electronics,Smartwatch,1572,4,6288,East Malaysia,Sabah,GrabPay
ORD16360,2025-04-01,Fashion,Backpack,91,1,91,East Malaysia,Sabah,Credit Card
ORD16361,2025-04-09,Fashion,T-Shirt,172,1,172,East Malaysia,Sabah,GrabPay
ORD16362,2025-07-17,Home,Desk Lamp,715,3,2145,East Malaysia,Sarawak,Credit Card
ORD16363,2025-03-20,Home,Air Purifier,602,1,602,East Malaysia,Sarawak,TNG eWallet
ORD16367,2025-04-20,Home,Desk Lamp,779,4,3116,East Malaysia,Sarawak,FPX
ORD16372,2025-05-23,Fashion,Sunglasses,310,1,310,East Malaysia,Sarawak,GrabPay
ORD16373,2025-08-26,Home,Air Purifier,323,4,1292,East Malaysia,Sabah,Credit Card
ORD16374,2025-01-17,Fashion,Backpack,392,3,1176,East Malaysia,Sarawak,TNG eWallet
ORD16375,2025-04-14,Electronics,Laptop,913,4,3652,East Malaysia,Sabah,Credit Card
ORD16377,2025-01-04,Home,Air Purifier,597,2,1194,East Malaysia,Sabah,FPX
ORD16378,2025-08-06,Home,Air Purifier,315,2,630,East Malaysia,Sarawak,TNG eWallet
ORD16380,2025-12-08,Fashion,Backpack,171,4,684,East Malaysia,Sabah,TNG eWallet
ORD16383,2025-10-30,Electronics,Smartwatch,4382,2,8764,East Malaysia,Sabah,GrabPay
ORD16384,2025-09-07,Electronics,Smartwatch,3957,2,7914,East Malaysia,Sarawak,Credit Card
ORD16385,2025-10-21,Fashion,Sunglasses,379,1,379,East Malaysia,Sabah,TNG eWallet
ORD16387,2025-03-12,Home,Desk Lamp,211,4,844,East Malaysia,Sarawak,TNG eWallet
ORD16388,2025-10-05,Home,Desk Lamp,344,2,688,East Malaysia,Sabah,FPX
ORD16390,2025-12-20,Home,Office Chair,176,1,176,East Malaysia,Sarawak,TNG eWallet
ORD16392,2025-05-01,Fashion,Sunglasses,66,4,264,East Malaysia,Sarawak,TNG eWallet
ORD16393,2025-11-22,Fashion,Backpack,340,2,680,East Malaysia,Sarawak,FPX
ORD16394,2025-07-06,Fashion,Sneakers,389,2,778,East Malaysia,Sarawak,FPX
ORD16395,2025-01-08,Fashion,Backpack,213,4,852,East Malaysia,Sabah,GrabPay
ORD16398,2025-08-09,Home,Air Purifier,730,1,730,East Malaysia,Sabah,GrabPay
ORD16400,2025-11-01,Fashion,Sneakers,118,1,118,East Malaysia,Sabah,Credit Card
ORD16401,2025-05-16,Electronics,Smartphone,2030,2,4060,East Malaysia,Sarawak,TNG eWallet
ORD16407,2025-05-02,Electronics,Laptop,3225,4,12900,East Malaysia,Sabah,TNG eWallet
ORD16408,2025-04-29,Electronics,Laptop,2142,4,8568,East Malaysia,Sabah,FPX
ORD16410,2025-03-29,Electronics,Smartwatch,2363,1,2363,East Malaysia,Sarawak,TNG eWallet
ORD16413,2025-02-14,Electronics,Wireless Earbuds,3916,2,7832,East Malaysia,Sarawak,FPX
ORD16414,2025-05-29,Home,Office Chair,374,1,374,East Malaysia,Sarawak,TNG eWallet
ORD16417,2025-04-29,Fashion,T-Shirt,348,4,1392,East Malaysia,Sarawak,Credit Card
ORD16420,2025-07-14,Fashion,Sneakers,224,4,896,East Malaysia,Sabah,Credit Card
ORD16421,2025-04-02,Home,Air Purifier,790,4,3160,East Malaysia,Sabah,FPX
ORD16423,2025-07-08,Home,Desk Lamp,709,4,2836,East Malaysia,Sabah,FPX
ORD16425,2025-07-28,Home,Air Purifier,612,4,2448,East Malaysia,Sarawak,Credit Card
ORD16426,2025-10-26,Electronics,Smartphone,2890,3,8670,East Malaysia,Sabah,GrabPay
ORD16427,2025-05-04,Electronics,Smartphone,2343,3,7029,East Malaysia,Sarawak,FPX
ORD16428,2025-04-16,Electronics,Smartphone,3753,2,7506,East Malaysia,Sarawak,Credit Card
ORD16430,2025-04-08,Fashion,Sneakers,74,1,74,East Malaysia,Sarawak,TNG eWallet
ORD16431,2025-09-17,Electronics,Wireless Earbuds,3705,4,14820,East Malaysia,Sarawak,FPX
ORD16432,2025-07-22,Home,Air Purifier,382,4,1528,East Malaysia,Sarawak,FPX
ORD16436,2025-04-24,Electronics,Smartwatch,3527,2,7054,East Malaysia,Sabah,TNG eWallet
ORD16438,2025-01-17,Fashion,T-Shirt,236,1,236,East Malaysia,Sarawak,GrabPay
ORD16439,2025-11-18,Home,Coffee Maker,653,3,1959,East Malaysia,Sarawak,FPX
ORD16443,2025-04-02,Electronics,Wireless Earbuds,831,1,831,East Malaysia,Sarawak,FPX
ORD16445,2025-05-22,Fashion,Sneakers,206,2,412,East Malaysia,Sarawak,TNG eWallet
ORD16449,2025-04-12,Fashion,Sneakers,84,3,252,East Malaysia,Sarawak,TNG eWallet
ORD16450,2025-06-03,Electronics,Wireless Earbuds,3885,4,15540,East Malaysia,Sarawak,Credit Card
ORD16452,2025-04-12,Electronics,Smartphone,702,3,2106,East Malaysia,Sabah,TNG eWallet
ORD16453,2025-10-05,Electronics,Laptop,847,3,2541,East Malaysia,Sabah,GrabPay
ORD16454,2025-03-13,Home,Coffee Maker,240,1,240,East Malaysia,Sarawak,TNG eWallet
ORD16455,2025-09-29,Electronics,Laptop,3412,3,10236,East Malaysia,Sabah,GrabPay
ORD16460,2025-05-05,Home,Air Purifier,153,2,306,East Malaysia,Sabah,TNG eWallet
ORD16461,2025-05-13,Electronics,Smartphone,4068,3,12204,East Malaysia,Sarawak,TNG eWallet
ORD16462,2025-08-29,Electronics,Smartwatch,2757,3,8271,East Malaysia,Sabah,GrabPay
ORD16463,2025-05-21,Fashion,Sunglasses,150,2,300,East Malaysia,Sarawak,TNG eWallet
ORD16464,2025-08-26,Fashion,Backpack,145,3,435,East Malaysia,Sarawak,Credit Card
ORD16468,2025-04-13,Electronics,Smartphone,1051,2,2102,East Malaysia,Sarawak,Credit Card
ORD16469,2025-04-05,Electronics,Wireless Earbuds,876,3,2628,East Malaysia,Sarawak,TNG eWallet
ORD16476,2025-05-10,Home,Coffee Maker,709,4,2836,East Malaysia,Sarawak,TNG eWallet
ORD16477,2025-06-29,Electronics,Wireless Earbuds,1456,2,2912,East Malaysia,Sabah,GrabPay
ORD16482,2025-09-09,Electronics,Smartphone,2100,2,4200,East Malaysia,Sarawak,TNG eWallet
ORD16483,2025-10-08,Fashion,Backpack,105,4,420,East Malaysia,Sarawak,FPX
ORD16488,2025-01-05,Electronics,Laptop,2331,3,6993,East Malaysia,Sabah,TNG eWallet
ORD16491,2025-12-26,Fashion,T-Shirt,179,2,358,East Malaysia,Sabah,Credit Card
ORD16493,2025-01-08,Home,Desk Lamp,340,2,680,East Malaysia,Sarawak,FPX
ORD16494,2025-09-08,Electronics,Smartphone,3643,3,10929,East Malaysia,Sabah,FPX
ORD16495,2025-01-24,Electronics,Wireless Earbuds,1902,3,5706,East Malaysia,Sarawak,FPX
ORD16496,2025-05-13,Home,Desk Lamp,222,4,888,East Malaysia,Sabah,GrabPay
ORD16498,2025-10-25,Home,Office Chair,150,1,150,East Malaysia,Sabah,GrabPay
ORD16499,2025-04-04,Electronics,Laptop,4070,1,4070,East Malaysia,Sarawak,FPX
ORD16500,2025-09-10,Electronics,Smartwatch,2113,2,4226,East Malaysia,Sarawak,TNG eWallet
ORD16502,2025-03-13,Electronics,Laptop,1681,4,6724,East Malaysia,Sarawak,Credit Card
ORD16503,2025-04-21,Fashion,Backpack,127,3,381,East Malaysia,Sabah,GrabPay
ORD16505,2025-08-17,Electronics,Smartphone,4493,1,4493,East Malaysia,Sarawak,TNG eWallet
ORD16506,2025-09-21,Electronics,Smartwatch,3761,2,7522,East Malaysia,Sabah,TNG eWallet
ORD16507,2025-02-13,Electronics,Wireless Earbuds,535,2,1070,East Malaysia,Sabah,Credit Card
ORD16508,2025-01-13,Home,Office Chair,472,2,944,East Malaysia,Sabah,GrabPay
ORD16513,2025-10-15,Electronics,Laptop,2712,1,2712,East Malaysia,Sabah,TNG eWallet
ORD16515,2025-09-30,Home,Coffee Maker,414,4,1656,East Malaysia,Sarawak,Credit Card
ORD16516,2025-01-30,Electronics,Smartwatch,3642,4,14568,East Malaysia,Sabah,FPX
ORD16517,2025-01-18,Fashion,Sunglasses,125,1,125,East Malaysia,Sarawak,TNG eWallet
ORD16518,2025-06-14,Home,Office Chair,735,1,735,East Malaysia,Sabah,FPX
ORD16519,2025-11-10,Home,Desk Lamp,621,1,621,East Malaysia,Sarawak,FPX
ORD16522,2025-08-18,Fashion,Sunglasses,223,4,892,East Malaysia,Sabah,GrabPay
ORD16524,2025-07-26,Electronics,Smartwatch,2134,1,2134,East Malaysia,Sarawak,TNG eWallet
ORD16527,2025-07-11,Home,Desk Lamp,116,2,232,East Malaysia,Sabah,GrabPay
ORD16528,2025-09-10,Fashion,Backpack,168,1,168,East Malaysia,Sarawak,GrabPay
ORD16529,2025-09-14,Electronics,Laptop,2697,2,5394,East Malaysia,Sarawak,TNG eWallet
ORD16530,2025-09-25,Fashion,Backpack,283,4,1132,East Malaysia,Sarawak,FPX
ORD16531,2025-10-23,Fashion,Backpack,99,3,297,East Malaysia,Sarawak,Credit Card
ORD16532,2025-07-08,Electronics,Smartphone,2071,1,2071,East Malaysia,Sabah,TNG eWallet
ORD16536,2025-03-08,Electronics,Smartwatch,3142,3,9426,East Malaysia,Sarawak,FPX
ORD16539,2025-06-19,Home,Air Purifier,186,3,558,East Malaysia,Sarawak,FPX
ORD16541,2025-05-13,Electronics,Smartwatch,2763,4,11052,East Malaysia,Sabah,TNG eWallet
ORD16542,2025-08-20,Fashion,T-Shirt,392,1,392,East Malaysia,Sabah,TNG eWallet
ORD16544,2025-06-12,Home,Office Chair,433,3,1299,East Malaysia,Sarawak,GrabPay
ORD16547,2025-12-18,Electronics,Smartphone,668,4,2672,East Malaysia,Sarawak,FPX
ORD16552,2025-10-08,Electronics,Wireless Earbuds,3064,4,12256,East Malaysia,Sabah,Credit Card
ORD16553,2025-11-28,Home,Desk Lamp,611,2,1222,East Malaysia,Sabah,Credit Card
ORD16557,2025-03-15,Fashion,Backpack,319,3,957,East Malaysia,Sarawak,Credit Card
ORD16558,2025-02-09,Fashion,Sunglasses,188,4,752,East Malaysia,Sarawak,Credit Card
ORD16560,2025-04-16,Electronics,Smartwatch,4252,3,12756,East Malaysia,Sarawak,GrabPay
ORD16564,2025-02-21,Fashion,Backpack,173,4,692,East Malaysia,Sabah,FPX
ORD16565,2025-09-17,Home,Coffee Maker,182,4,728,East Malaysia,Sarawak,TNG eWallet
ORD16567,2025-06-04,Electronics,Wireless Earbuds,2552,1,2552,East Malaysia,Sabah,FPX
ORD16570,2025-06-15,Home,Office Chair,350,2,700,East Malaysia,Sarawak,GrabPay
ORD16574,2025-01-07,Fashion,Backpack,61,2,122,East Malaysia,Sarawak,TNG eWallet
ORD16576,2025-12-02,Fashion,T-Shirt,66,3,198,East Malaysia,Sabah,GrabPay
ORD16581,2025-03-10,Fashion,Sunglasses,77,4,308,East Malaysia,Sabah,GrabPay
ORD16582,2025-09-28,Fashion,T-Shirt,127,2,254,East Malaysia,Sarawak,TNG eWallet
ORD16583,2025-11-30,Electronics,Smartphone,801,4,3204,East Malaysia,Sabah,TNG eWallet
ORD16585,2025-07-08,Home,Office Chair,669,2,1338,East Malaysia,Sabah,FPX
ORD16587,2025-02-16,Fashion,Sneakers,300,2,600,East Malaysia,Sabah,GrabPay
ORD16590,2025-02-25,Home,Desk Lamp,538,3,1614,East Malaysia,Sarawak,Credit Card
ORD16591,2025-11-10,Fashion,Sunglasses,375,3,1125,East Malaysia,Sarawak,GrabPay
ORD16595,2025-01-16,Home,Office Chair,242,4,968,East Malaysia,Sabah,FPX
ORD16596,2025-09-05,Home,Coffee Maker,164,3,492,East Malaysia,Sabah,FPX
ORD16598,2025-01-21,Electronics,Smartwatch,3902,2,7804,East Malaysia,Sabah,Credit Card
ORD16599,2025-07-22,Fashion,Sunglasses,89,1,89,East Malaysia,Sarawak,Credit Card
ORD16600,2025-04-22,Electronics,Wireless Earbuds,415,3,1245,East Malaysia,Sarawak,TNG eWallet
ORD16604,2025-06-18,Fashion,Backpack,247,4,988,East Malaysia,Sarawak,Credit Card
ORD16605,2025-08-16,Home,Air Purifier,644,3,1932,East Malaysia,Sarawak,GrabPay
ORD16609,2025-03-24,Fashion,Sunglasses,87,3,261,East Malaysia,Sarawak,GrabPay
ORD16613,2025-10-29,Electronics,Wireless Earbuds,3579,1,3579,East Malaysia,Sarawak,TNG eWallet
ORD16614,2025-10-20,Home,Air Purifier,324,3,972,East Malaysia,Sabah,TNG eWallet
ORD16615,2025-02-08,Fashion,Backpack,399,2,798,East Malaysia,Sarawak,TNG eWallet
ORD16619,2025-10-07,Home,Desk Lamp,456,2,912,East Malaysia,Sabah,TNG eWallet
ORD16620,2025-05-13,Home,Coffee Maker,409,4,1636,East Malaysia,Sarawak,FPX
ORD16622,2025-09-16,Fashion,Sneakers,147,3,441,East Malaysia,Sabah,FPX
ORD16626,2025-11-23,Home,Desk Lamp,718,1,718,East Malaysia,Sabah,GrabPay
ORD16628,2025-12-03,Home,Air Purifier,612,3,1836,East Malaysia,Sabah,TNG eWallet
ORD16631,2025-09-13,Fashion,Backpack,340,2,680,East Malaysia,Sarawak,TNG eWallet
ORD16633,2025-01-06,Fashion,Sneakers,387,1,387,East Malaysia,Sabah,GrabPay
ORD16635,2025-03-24,Fashion,Sunglasses,348,1,348,East Malaysia,Sarawak,Credit Card
ORD16637,2025-06-11,Electronics,Laptop,4202,4,16808,East Malaysia,Sarawak,Credit Card
ORD16641,2025-07-21,Fashion,Backpack,98,4,392,East Malaysia,Sarawak,Credit Card
ORD16642,2025-09-11,Home,Air Purifier,688,1,688,East Malaysia,Sabah,TNG eWallet
ORD16644,2025-06-08,Electronics,Smartwatch,425,1,425,East Malaysia,Sarawak,FPX
ORD16647,2025-01-28,Home,Office Chair,205,3,615,East Malaysia,Sarawak,TNG eWallet
ORD16649,2025-10-28,Electronics,Smartphone,932,1,932,East Malaysia,Sabah,FPX
ORD16650,2025-11-07,Electronics,Smartwatch,3247,1,3247,East Malaysia,Sarawak,TNG eWallet
ORD16651,2025-07-14,Electronics,Wireless Earbuds,3628,3,10884,East Malaysia,Sabah,TNG eWallet
ORD16656,2025-11-02,Electronics,Smartwatch,1379,4,5516,East Malaysia,Sabah,TNG eWallet
ORD16657,2025-10-20,Fashion,T-Shirt,297,4,1188,East Malaysia,Sabah,FPX
ORD16658,2025-08-21,Home,Coffee Maker,124,2,248,East Malaysia,Sarawak,TNG eWallet
ORD16659,2025-09-05,Home,Desk Lamp,229,3,687,East Malaysia,Sarawak,FPX
ORD16664,2025-07-21,Fashion,Sunglasses,139,3,417,East Malaysia,Sarawak,FPX
ORD16667,2025-09-20,Electronics,Wireless Earbuds,3656,2,7312,East Malaysia,Sarawak,TNG eWallet
ORD16670,2025-06-23,Home,Air Purifier,346,2,692,East Malaysia,Sarawak,FPX
ORD16671,2025-12-11,Home,Coffee Maker,571,3,1713,East Malaysia,Sarawak,Credit Card
ORD16672,2025-03-01,Home,Air Purifier,764,3,2292,East Malaysia,Sarawak,TNG eWallet
ORD16675,2025-09-14,Electronics,Smartphone,4445,2,8890,East Malaysia,Sarawak,TNG eWallet
ORD16676,2025-01-05,Home,Desk Lamp,725,3,2175,East Malaysia,Sarawak,TNG eWallet
ORD16678,2025-08-25,Home,Air Purifier,487,3,1461,East Malaysia,Sarawak,GrabPay
ORD16681,2025-11-18,Fashion,Backpack,199,2,398,East Malaysia,Sarawak,Credit Card
ORD16686,2025-08-05,Electronics,Wireless Earbuds,2975,3,8925,East Malaysia,Sabah,FPX
ORD16691,2025-05-03,Electronics,Smartphone,1904,1,1904,East Malaysia,Sarawak,Credit Card
ORD16694,2025-04-27,Home,Air Purifier,661,3,1983,East Malaysia,Sabah,GrabPay
ORD16695,2025-04-06,Home,Desk Lamp,695,4,2780,East Malaysia,Sarawak,GrabPay
ORD16696,2025-06-14,Electronics,Wireless Earbuds,3304,4,13216,East Malaysia,Sabah,FPX
ORD16700,2025-04-09,Electronics,Smartwatch,523,2,1046,East Malaysia,Sarawak,GrabPay
ORD16701,2025-08-25,Home,Office Chair,135,1,135,East Malaysia,Sabah,TNG eWallet
ORD16702,2025-04-11,Electronics,Wireless Earbuds,3455,2,6910,East Malaysia,Sabah,TNG eWallet
ORD16704,2025-03-15,Electronics,Laptop,3335,2,6670,East Malaysia,Sabah,FPX
ORD16705,2025-06-19,Home,Office Chair,272,2,544,East Malaysia,Sarawak,Credit Card
ORD16707,2025-03-20,Electronics,Laptop,2316,3,6948,East Malaysia,Sabah,Credit Card
ORD16708,2025-11-13,Electronics,Wireless Earbuds,1195,4,4780,East Malaysia,Sarawak,FPX
ORD16709,2025-11-13,Electronics,Wireless Earbuds,4448,1,4448,East Malaysia,Sabah,FPX
ORD16711,2025-03-26,Electronics,Smartwatch,1284,4,5136,East Malaysia,Sabah,FPX
ORD16716,2025-08-06,Fashion,Sneakers,301,1,301,East Malaysia,Sabah,FPX
ORD16718,2025-10-27,Home,Office Chair,287,4,1148,East Malaysia,Sarawak,Credit Card
ORD16719,2025-08-27,Electronics,Smartphone,1158,1,1158,East Malaysia,Sabah,Credit Card
ORD16720,2025-07-20,Electronics,Smartwatch,2035,1,2035,East Malaysia,Sabah,FPX
ORD16722,2025-05-21,Electronics,Laptop,2452,4,9808,East Malaysia,Sabah,GrabPay
ORD16725,2025-04-27,Electronics,Wireless Earbuds,1708,4,6832,East Malaysia,Sabah,FPX
ORD16726,2025-02-08,Fashion,T-Shirt,186,4,744,East Malaysia,Sarawak,GrabPay
ORD16727,2025-08-07,Electronics,Wireless Earbuds,4490,2,8980,East Malaysia,Sabah,TNG eWallet
ORD16728,2025-05-10,Home,Air Purifier,781,2,1562,East Malaysia,Sarawak,Credit Card
ORD16730,2025-04-04,Electronics,Smartwatch,3714,2,7428,East Malaysia,Sarawak,FPX
ORD16732,2025-06-22,Electronics,Laptop,4213,1,4213,East Malaysia,Sarawak,FPX
ORD16733,2025-05-21,Electronics,Smartphone,2562,3,7686,East Malaysia,Sarawak,Credit Card
ORD16734,2025-09-09,Electronics,Smartphone,3789,1,3789,East Malaysia,Sarawak,TNG eWallet
ORD16735,2025-05-01,Fashion,Backpack,257,3,771,East Malaysia,Sarawak,TNG eWallet
ORD16736,2025-07-05,Fashion,T-Shirt,106,1,106,East Malaysia,Sabah,TNG eWallet
ORD16738,2025-03-30,Electronics,Smartphone,1308,3,3924,East Malaysia,Sarawak,Credit Card
ORD16739,2025-05-14,Home,Desk Lamp,779,4,3116,East Malaysia,Sabah,Credit Card
ORD16740,2025-08-25,Home,Air Purifier,293,2,586,East Malaysia,Sarawak,FPX
ORD16742,2025-09-15,Home,Office Chair,354,3,1062,East Malaysia,Sabah,Credit Card
ORD16748,2025-01-05,Home,Office Chair,644,4,2576,East Malaysia,Sarawak,FPX
ORD16752,2025-09-13,Home,Desk Lamp,331,2,662,East Malaysia,Sarawak,TNG eWallet
ORD16753,2025-06-15,Fashion,Backpack,142,4,568,East Malaysia,Sarawak,FPX
ORD16754,2025-01-20,Fashion,Sneakers,129,1,129,East Malaysia,Sarawak,Credit Card
ORD16755,2025-11-18,Home,Air Purifier,464,4,1856,East Malaysia,Sarawak,Credit Card
ORD16757,2025-02-18,Fashion,T-Shirt,166,1,166,East Malaysia,Sabah,FPX
ORD16758,2025-11-10,Fashion,T-Shirt,398,4,1592,East Malaysia,Sabah,TNG eWallet
ORD16762,2025-09-22,Electronics,Smartphone,793,1,793,East Malaysia,Sarawak,GrabPay
ORD16764,2025-08-08,Electronics,Smartphone,3978,4,15912,East Malaysia,Sabah,TNG eWallet
ORD16766,2025-06-22,Fashion,Sneakers,245,1,245,East Malaysia,Sarawak,FPX
ORD16767,2025-02-08,Home,Desk Lamp,173,2,346,East Malaysia,Sarawak,Credit Card
ORD16769,2025-10-27,Electronics,Smartwatch,3878,2,7756,East Malaysia,Sabah,Credit Card
ORD16771,2025-10-15,Home,Coffee Maker,593,1,593,East Malaysia,Sarawak,GrabPay
ORD16772,2025-09-22,Fashion,Sunglasses,204,3,612,East Malaysia,Sabah,TNG eWallet
ORD16775,2025-10-22,Home,Desk Lamp,534,1,534,East Malaysia,Sabah,TNG eWallet
ORD16777,2025-04-11,Home,Office Chair,382,1,382,East Malaysia,Sabah,GrabPay
ORD16778,2025-08-18,Electronics,Smartwatch,2659,4,10636,East Malaysia,Sarawak,GrabPay
ORD16781,2025-04-05,Home,Desk Lamp,795,1,795,East Malaysia,Sabah,TNG eWallet
ORD16787,2025-07-08,Fashion,Sunglasses,344,3,1032,East Malaysia,Sarawak,Credit Card
ORD16789,2025-07-20,Electronics,Smartphone,2935,4,11740,East Malaysia,Sarawak,FPX
ORD16790,2025-05-08,Electronics,Laptop,2979,3,8937,East Malaysia,Sabah,TNG eWallet
ORD16793,2025-01-10,Electronics,Smartphone,444,4,1776,East Malaysia,Sarawak,FPX
ORD16794,2025-01-26,Electronics,Smartphone,4019,2,8038,East Malaysia,Sabah,TNG eWallet
ORD16796,2025-11-09,Home,Desk Lamp,232,4,928,East Malaysia,Sabah,GrabPay
ORD16797,2025-05-22,Fashion,Sneakers,71,1,71,East Malaysia,Sabah,TNG eWallet
ORD16799,2025-05-26,Home,Office Chair,132,1,132,East Malaysia,Sabah,GrabPay
ORD16802,2025-01-26,Fashion,Sneakers,57,3,171,East Malaysia,Sabah,GrabPay
ORD16803,2025-02-14,Fashion,Sneakers,259,3,777,East Malaysia,Sabah,GrabPay
ORD16804,2025-03-04,Electronics,Smartwatch,4470,2,8940,East Malaysia,Sarawak,FPX
ORD16806,2025-11-19,Home,Desk Lamp,365,2,730,East Malaysia,Sarawak,TNG eWallet
ORD16809,2025-01-09,Electronics,Laptop,4456,2,8912,East Malaysia,Sabah,FPX
ORD16811,2025-03-24,Fashion,T-Shirt,298,2,596,East Malaysia,Sabah,Credit Card
ORD16813,2025-09-11,Electronics,Laptop,491,2,982,East Malaysia,Sabah,TNG eWallet
ORD16814,2025-04-01,Fashion,Backpack,103,3,309,East Malaysia,Sabah,Credit Card
ORD16815,2025-11-19,Fashion,T-Shirt,180,3,540,East Malaysia,Sarawak,Credit Card
ORD16816,2025-08-23,Electronics,Wireless Earbuds,3500,2,7000,East Malaysia,Sabah,GrabPay
ORD16817,2025-06-27,Electronics,Smartphone,3770,2,7540,East Malaysia,Sarawak,FPX
ORD16820,2025-09-15,Home,Coffee Maker,518,3,1554,East Malaysia,Sarawak,GrabPay
ORD16821,2025-02-27,Electronics,Smartphone,695,1,695,East Malaysia,Sabah,Credit Card
ORD16822,2025-10-31,Electronics,Laptop,4399,4,17596,East Malaysia,Sabah,TNG eWallet
ORD16824,2025-09-07,Electronics,Wireless Earbuds,3878,3,11634,East Malaysia,Sabah,GrabPay
ORD16826,2025-09-23,Electronics,Smartwatch,3165,2,6330,East Malaysia,Sabah,Credit Card
ORD16828,2025-06-16,Electronics,Wireless Earbuds,4434,1,4434,East Malaysia,Sarawak,TNG eWallet
ORD16829,2025-03-12,Fashion,Backpack,91,2,182,East Malaysia,Sabah,FPX
ORD16830,2025-09-16,Home,Desk Lamp,709,1,709,East Malaysia,Sabah,GrabPay
ORD16832,2025-03-30,Home,Air Purifier,443,4,1772,East Malaysia,Sarawak,TNG eWallet
ORD16834,2025-02-10,Home,Air Purifier,150,4,600,East Malaysia,Sabah,GrabPay
ORD16840,2025-12-06,Electronics,Laptop,1892,4,7568,East Malaysia,Sabah,GrabPay
ORD16842,2025-04-19,Home,Office Chair,606,1,606,East Malaysia,Sarawak,GrabPay
ORD16846,2025-12-16,Electronics,Laptop,1583,1,1583,East Malaysia,Sabah,TNG eWallet
ORD16847,2025-09-12,Electronics,Wireless Earbuds,3864,3,11592,East Malaysia,Sabah,Credit Card
ORD16850,2025-12-25,Home,Air Purifier,518,1,518,East Malaysia,Sarawak,GrabPay
ORD16853,2025-09-01,Fashion,Sneakers,60,3,180,East Malaysia,Sabah,TNG eWallet
ORD16854,2025-09-14,Fashion,Sunglasses,50,3,150,East Malaysia,Sarawak,FPX
ORD16855,2025-12-29,Fashion,T-Shirt,376,2,752,East Malaysia,Sarawak,Credit Card
ORD16857,2025-05-02,Fashion,Sunglasses,141,2,282,East Malaysia,Sabah,Credit Card
ORD16858,2025-05-07,Electronics,Smartwatch,394,3,1182,East Malaysia,Sabah,GrabPay
ORD16859,2025-04-13,Electronics,Smartwatch,4253,3,12759,East Malaysia,Sabah,GrabPay
ORD16861,2025-09-30,Home,Air Purifier,162,4,648,East Malaysia,Sabah,Credit Card
ORD16862,2025-02-28,Home,Desk Lamp,213,1,213,East Malaysia,Sabah,TNG eWallet
ORD16863,2025-01-02,Fashion,Backpack,78,2,156,East Malaysia,Sabah,Credit Card
ORD16866,2025-11-01,Fashion,Sneakers,305,1,305,East Malaysia,Sabah,FPX
ORD16867,2025-03-10,Fashion,T-Shirt,160,2,320,East Malaysia,Sarawak,Credit Card
ORD16868,2025-04-21,Fashion,Backpack,283,3,849,East Malaysia,Sarawak,FPX
ORD16871,2025-03-29,Fashion,T-Shirt,285,2,570,East Malaysia,Sabah,GrabPay
ORD16876,2025-05-29,Home,Coffee Maker,417,3,1251,East Malaysia,Sarawak,Credit Card
ORD16878,2025-08-01,Fashion,T-Shirt,157,4,628,East Malaysia,Sarawak,GrabPay
ORD16879,2025-11-06,Fashion,T-Shirt,82,4,328,East Malaysia,Sabah,GrabPay
ORD16880,2025-05-18,Fashion,Sneakers,102,2,204,East Malaysia,Sarawak,GrabPay
ORD16881,2025-10-01,Home,Coffee Maker,655,2,1310,East Malaysia,Sabah,GrabPay
ORD16883,2025-04-16,Home,Desk Lamp,302,3,906,East Malaysia,Sabah,GrabPay
ORD16889,2025-03-29,Home,Desk Lamp,184,3,552,East Malaysia,Sarawak,Credit Card
ORD16896,2025-11-01,Fashion,Backpack,393,4,1572,East Malaysia,Sarawak,TNG eWallet
ORD16897,2025-03-13,Fashion,Sunglasses,357,4,1428,East Malaysia,Sarawak,Credit Card
ORD16899,2025-12-14,Fashion,Sneakers,381,2,762,East Malaysia,Sarawak,GrabPay
ORD16900,2025-04-06,Home,Desk Lamp,237,2,474,East Malaysia,Sabah,GrabPay
ORD16901,2025-02-03,Home,Desk Lamp,609,2,1218,East Malaysia,Sabah,GrabPay
ORD16902,2025-05-16,Electronics,Laptop,3983,1,3983,East Malaysia,Sabah,Credit Card
ORD16903,2025-12-31,Fashion,T-Shirt,346,4,1384,East Malaysia,Sabah,GrabPay
ORD16906,2025-04-26,Fashion,Sunglasses,96,3,288,East Malaysia,Sabah,GrabPay
ORD16907,2025-11-22,Fashion,Sneakers,351,2,702,East Malaysia,Sarawak,Credit Card
ORD16909,2025-05-05,Fashion,Sunglasses,67,2,134,East Malaysia,Sarawak,TNG eWallet
ORD16910,2025-06-30,Home,Air Purifier,513,4,2052,East Malaysia,Sabah,GrabPay
ORD16912,2025-02-27,Fashion,Backpack,96,3,288,East Malaysia,Sabah,Credit Card
ORD16916,2025-03-19,Home,Office Chair,353,2,706,East Malaysia,Sabah,GrabPay
ORD16917,2025-10-06,Home,Air Purifier,385,4,1540,East Malaysia,Sarawak,GrabPay
ORD16918,2025-11-10,Electronics,Wireless Earbuds,1600,2,3200,East Malaysia,Sabah,TNG eWallet
ORD16919,2025-03-28,Electronics,Wireless Earbuds,3547,3,10641,East Malaysia,Sabah,TNG eWallet
ORD16922,2025-03-29,Electronics,Wireless Earbuds,2924,4,11696,East Malaysia,Sarawak,Credit Card
ORD16924,2025-04-07,Home,Air Purifier,565,2,1130,East Malaysia,Sarawak,Credit Card
ORD16929,2025-02-28,Fashion,Sunglasses,74,4,296,East Malaysia,Sarawak,TNG eWallet
ORD16930,2026-01-01,Fashion,Backpack,390,4,1560,East Malaysia,Sabah,TNG eWallet
ORD16931,2025-03-28,Fashion,Backpack,240,4,960,East Malaysia,Sarawak,FPX
ORD16936,2025-01-21,Fashion,Backpack,288,1,288,East Malaysia,Sarawak,TNG eWallet
ORD16937,2025-04-19,Fashion,Sneakers,176,2,352,East Malaysia,Sarawak,TNG eWallet
ORD16938,2025-11-11,Fashion,Backpack,349,1,349,East Malaysia,Sabah,GrabPay
ORD16939,2025-01-26,Fashion,T-Shirt,304,4,1216,East Malaysia,Sarawak,Credit Card
ORD16940,2025-10-27,Home,Coffee Maker,673,3,2019,East Malaysia,Sarawak,GrabPay
ORD16943,2025-04-10,Electronics,Smartwatch,1240,3,3720,East Malaysia,Sabah,TNG eWallet
ORD16944,2025-04-26,Home,Office Chair,333,4,1332,East Malaysia,Sarawak,FPX
ORD16946,2025-10-22,Electronics,Smartphone,390,1,390,East Malaysia,Sabah,FPX
ORD16950,2025-04-19,Electronics,Smartphone,1200,2,2400,East Malaysia,Sabah,Credit Card
ORD16952,2025-06-04,Fashion,T-Shirt,344,1,344,East Malaysia,Sarawak,TNG eWallet
ORD16955,2025-04-26,Fashion,Sneakers,305,4,1220,East Malaysia,Sarawak,GrabPay
ORD16958,2025-12-22,Home,Desk Lamp,582,4,2328,East Malaysia,Sarawak,FPX
ORD16959,2025-04-05,Electronics,Smartphone,1883,1,1883,East Malaysia,Sarawak,Credit Card
ORD16960,2025-10-20,Home,Coffee Maker,611,4,2444,East Malaysia,Sarawak,Credit Card
ORD16962,2025-09-22,Home,Air Purifier,264,1,264,East Malaysia,Sarawak,Credit Card
ORD16963,2025-10-08,Home,Office Chair,172,1,172,East Malaysia,Sabah,TNG eWallet
ORD16966,2025-06-09,Fashion,T-Shirt,96,3,288,East Malaysia,Sabah,Credit Card
ORD16967,2025-07-10,Fashion,T-Shirt,115,1,115,East Malaysia,Sabah,GrabPay
ORD16968,2025-06-23,Fashion,Sneakers,104,3,312,East Malaysia,Sarawak,Credit Card
ORD16969,2025-09-01,Home,Office Chair,548,2,1096,East Malaysia,Sarawak,GrabPay
ORD16975,2025-07-15,Home,Air Purifier,384,4,1536,East Malaysia,Sarawak,FPX
ORD16978,2025-12-21,Home,Office Chair,578,2,1156,East Malaysia,Sabah,FPX
ORD16979,2025-06-06,Fashion,Sneakers,194,1,194,East Malaysia,Sarawak,Credit Card
ORD16981,2025-11-10,Home,Air Purifier,417,4,1668,East Malaysia,Sarawak,FPX
ORD16982,2025-07-25,Home,Office Chair,730,3,2190,East Malaysia,Sabah,FPX
ORD16983,2025-03-10,Electronics,Smartphone,3692,3,11076,East Malaysia,Sarawak,Credit Card
ORD16988,2025-01-20,Electronics,Smartwatch,1078,2,2156,East Malaysia,Sabah,Credit Card
ORD16989,2025-02-15,Home,Desk Lamp,152,4,608,East Malaysia,Sarawak,GrabPay
ORD16990,2025-12-09,Electronics,Smartphone,3902,4,15608,East Malaysia,Sabah,FPX
ORD16992,2025-07-16,Home,Coffee Maker,399,3,1197,East Malaysia,Sarawak,Credit Card
ORD16993,2025-08-30,Electronics,Smartwatch,1885,2,3770,East Malaysia,Sabah,FPX
ORD16994,2025-04-27,Electronics,Smartwatch,1729,4,6916,East Malaysia,Sabah,TNG eWallet
ORD16996,2025-07-04,Home,Office Chair,444,1,444,East Malaysia,Sarawak,GrabPay
ORD16997,2025-08-13,Electronics,Laptop,1021,2,2042,East Malaysia,Sabah,Credit Card
ORD17000,2025-08-24,Fashion,T-Shirt,195,3,585,East Malaysia,Sabah,FPX
ORD17004,2025-02-23,Home,Desk Lamp,375,3,1125,East Malaysia,Sarawak,FPX
ORD17005,2025-10-23,Fashion,Sunglasses,349,4,1396,East Malaysia,Sarawak,FPX
ORD17006,2025-04-13,Fashion,Backpack,173,3,519,East Malaysia,Sarawak,FPX
ORD17010,2025-11-06,Electronics,Smartphone,945,2,1890,East Malaysia,Sarawak,GrabPay
ORD17011,2025-02-05,Electronics,Wireless Earbuds,2501,4,10004,East Malaysia,Sarawak,TNG eWallet
ORD17013,2025-09-10,Electronics,Wireless Earbuds,1578,2,3156,East Malaysia,Sabah,Credit Card
ORD17016,2025-01-02,Fashion,Backpack,107,2,214,East Malaysia,Sarawak,FPX
ORD17018,2025-04-29,Electronics,Laptop,1609,3,4827,East Malaysia,Sarawak,Credit Card
ORD17019,2025-11-29,Fashion,Sneakers,106,3,318,East Malaysia,Sabah,FPX
ORD17023,2025-08-23,Electronics,Smartphone,1839,1,1839,East Malaysia,Sarawak,FPX
ORD17024,2025-07-05,Electronics,Laptop,1201,1,1201,East Malaysia,Sabah,Credit Card
ORD17025,2025-10-03,Home,Coffee Maker,613,1,613,East Malaysia,Sarawak,Credit Card
ORD17027,2025-07-11,Fashion,T-Shirt,181,3,543,East Malaysia,Sarawak,FPX
ORD17031,2025-01-24,Electronics,Wireless Earbuds,1432,1,1432,East Malaysia,Sabah,TNG eWallet
ORD17033,2025-08-07,Home,Office Chair,679,3,2037,East Malaysia,Sabah,Credit Card
ORD17035,2025-07-10,Fashion,Sneakers,55,4,220,East Malaysia,Sarawak,TNG eWallet
ORD17036,2025-01-07,Home,Desk Lamp,185,2,370,East Malaysia,Sabah,FPX
ORD17037,2025-01-26,Electronics,Smartphone,1054,2,2108,East Malaysia,Sabah,TNG eWallet
ORD17043,2025-11-20,Fashion,Sneakers,332,2,664,East Malaysia,Sarawak,Credit Card
ORD17044,2025-05-11,Home,Air Purifier,467,3,1401,East Malaysia,Sarawak,TNG eWallet
ORD17045,2025-01-02,Electronics,Wireless Earbuds,1542,1,1542,East Malaysia,Sabah,Credit Card
ORD17047,2025-09-19,Home,Coffee Maker,653,4,2612,East Malaysia,Sabah,GrabPay
ORD17048,2025-02-09,Fashion,T-Shirt,266,4,1064,East Malaysia,Sabah,FPX
ORD17052,2025-04-03,Fashion,Sunglasses,392,1,392,East Malaysia,Sabah,FPX
ORD17055,2025-04-12,Fashion,Sunglasses,184,2,368,East Malaysia,Sarawak,GrabPay
ORD17057,2025-01-09,Home,Office Chair,379,2,758,East Malaysia,Sabah,TNG eWallet
ORD17062,2025-01-18,Home,Coffee Maker,641,4,2564,East Malaysia,Sarawak,FPX
ORD17063,2025-02-02,Home,Desk Lamp,496,1,496,East Malaysia,Sarawak,TNG eWallet
ORD17065,2025-09-03,Fashion,Sneakers,90,2,180,East Malaysia,Sabah,TNG eWallet
ORD17066,2025-02-03,Fashion,Sunglasses,188,2,376,East Malaysia,Sarawak,TNG eWallet
ORD17067,2025-02-25,Fashion,Sneakers,213,4,852,East Malaysia,Sabah,Credit Card
ORD17068,2025-08-11,Home,Desk Lamp,752,1,752,East Malaysia,Sabah,Credit Card
ORD17071,2025-03-09,Home,Desk Lamp,711,3,2133,East Malaysia,Sarawak,TNG eWallet
ORD17074,2025-02-21,Fashion,T-Shirt,129,3,387,East Malaysia,Sarawak,FPX
ORD17075,2025-12-21,Home,Office Chair,270,1,270,East Malaysia,Sarawak,Credit Card
ORD17077,2025-10-31,Home,Office Chair,168,3,504,East Malaysia,Sabah,FPX
ORD17079,2025-02-20,Electronics,Smartphone,351,3,1053,East Malaysia,Sabah,FPX
ORD17084,2025-10-18,Electronics,Wireless Earbuds,3001,4,12004,East Malaysia,Sabah,TNG eWallet
ORD17086,2025-05-05,Electronics,Laptop,2063,4,8252,East Malaysia,Sabah,Credit Card
ORD17088,2025-11-09,Electronics,Wireless Earbuds,2402,2,4804,East Malaysia,Sabah,GrabPay
ORD17090,2025-10-29,Electronics,Smartphone,1069,4,4276,East Malaysia,Sarawak,GrabPay
ORD17092,2025-08-06,Home,Office Chair,308,3,924,East Malaysia,Sabah,GrabPay
ORD17094,2025-10-01,Fashion,Sneakers,156,1,156,East Malaysia,Sabah,TNG eWallet
ORD17095,2025-02-26,Electronics,Laptop,4414,2,8828,East Malaysia,Sarawak,GrabPay
ORD17101,2025-02-13,Home,Desk Lamp,508,4,2032,East Malaysia,Sarawak,FPX
ORD17102,2025-09-23,Fashion,Sunglasses,188,4,752,East Malaysia,Sabah,TNG eWallet
ORD17104,2025-02-03,Fashion,Sneakers,216,4,864,East Malaysia,Sarawak,Credit Card
ORD17107,2025-02-26,Home,Office Chair,402,1,402,East Malaysia,Sabah,TNG eWallet
ORD17108,2025-02-06,Fashion,Sunglasses,303,1,303,East Malaysia,Sarawak,TNG eWallet
ORD17111,2025-07-15,Home,Desk Lamp,641,3,1923,East Malaysia,Sarawak,FPX
ORD17112,2025-06-16,Electronics,Laptop,418,2,836,East Malaysia,Sarawak,TNG eWallet
ORD17121,2025-05-20,Fashion,Sneakers,157,3,471,East Malaysia,Sabah,Credit Card
ORD17122,2025-10-30,Fashion,T-Shirt,73,1,73,East Malaysia,Sabah,GrabPay
ORD17123,2025-12-22,Home,Coffee Maker,459,1,459,East Malaysia,Sabah,FPX
ORD17124,2025-07-27,Home,Office Chair,537,3,1611,East Malaysia,Sarawak,Credit Card
ORD17126,2025-03-05,Home,Desk Lamp,539,1,539,East Malaysia,Sabah,GrabPay
ORD17127,2025-01-01,Fashion,Sunglasses,316,1,316,East Malaysia,Sarawak,TNG eWallet
ORD17128,2025-05-22,Home,Office Chair,359,4,1436,East Malaysia,Sabah,TNG eWallet
ORD17129,2025-09-13,Home,Air Purifier,349,4,1396,East Malaysia,Sabah,TNG eWallet
ORD17130,2025-08-14,Electronics,Smartwatch,3922,4,15688,East Malaysia,Sarawak,GrabPay
ORD17131,2025-04-19,Electronics,Wireless Earbuds,2576,1,2576,East Malaysia,Sarawak,TNG eWallet
ORD17134,2025-01-20,Electronics,Smartphone,3665,4,14660,East Malaysia,Sarawak,Credit Card
ORD17135,2025-04-04,Electronics,Smartphone,3234,2,6468,East Malaysia,Sarawak,Credit Card
ORD17136,2025-03-01,Home,Air Purifier,484,1,484,East Malaysia,Sabah,TNG eWallet
ORD17137,2025-12-31,Home,Office Chair,302,2,604,East Malaysia,Sarawak,TNG eWallet
ORD17138,2025-10-03,Electronics,Smartphone,4459,4,17836,East Malaysia,Sarawak,FPX
ORD17139,2025-10-29,Electronics,Wireless Earbuds,3516,4,14064,East Malaysia,Sarawak,FPX
ORD17140,2025-01-03,Fashion,Backpack,318,4,1272,East Malaysia,Sabah,Credit Card
ORD17141,2025-01-21,Electronics,Smartwatch,1845,4,7380,East Malaysia,Sarawak,Credit Card
ORD17143,2025-02-18,Home,Coffee Maker,278,3,834,East Malaysia,Sarawak,GrabPay
ORD17144,2025-12-05,Fashion,Backpack,226,2,452,East Malaysia,Sarawak,TNG eWallet
ORD17148,2025-06-29,Fashion,Backpack,84,2,168,East Malaysia,Sarawak,Credit Card
ORD17149,2025-02-22,Electronics,Smartwatch,2679,2,5358,East Malaysia,Sabah,FPX
ORD17151,2025-08-15,Electronics,Smartphone,1391,2,2782,East Malaysia,Sarawak,TNG eWallet
ORD17152,2025-02-24,Home,Office Chair,264,4,1056,East Malaysia,Sabah,GrabPay
ORD17153,2025-05-18,Home,Desk Lamp,145,1,145,East Malaysia,Sabah,GrabPay
ORD17156,2025-09-23,Fashion,T-Shirt,142,2,284,East Malaysia,Sarawak,GrabPay
ORD17157,2025-10-02,Fashion,Sneakers,239,3,717,East Malaysia,Sabah,GrabPay
ORD17158,2025-07-15,Fashion,T-Shirt,281,4,1124,East Malaysia,Sabah,FPX
ORD17168,2025-04-27,Home,Coffee Maker,350,2,700,East Malaysia,Sarawak,TNG eWallet
ORD17170,2025-11-14,Electronics,Smartwatch,822,4,3288,East Malaysia,Sabah,Credit Card
ORD17172,2025-07-07,Home,Coffee Maker,361,3,1083,East Malaysia,Sabah,Credit Card
ORD17173,2025-02-25,Home,Office Chair,651,4,2604,East Malaysia,Sabah,TNG eWallet
ORD17182,2025-11-06,Home,Coffee Maker,193,2,386,East Malaysia,Sabah,TNG eWallet
ORD17183,2025-03-13,Fashion,Sneakers,250,3,750,East Malaysia,Sarawak,FPX
ORD17186,2025-05-02,Electronics,Smartphone,548,1,548,East Malaysia,Sarawak,TNG eWallet
ORD17187,2025-12-13,Home,Air Purifier,561,3,1683,East Malaysia,Sabah,GrabPay
ORD17188,2025-12-23,Electronics,Wireless Earbuds,2617,2,5234,East Malaysia,Sarawak,GrabPay
ORD17189,2025-08-26,Home,Office Chair,289,1,289,East Malaysia,Sabah,FPX
ORD17190,2025-08-26,Fashion,Backpack,398,3,1194,East Malaysia,Sarawak,TNG eWallet
ORD17191,2025-09-18,Home,Desk Lamp,665,3,1995,East Malaysia,Sarawak,TNG eWallet
ORD17192,2025-07-10,Fashion,Sneakers,240,2,480,East Malaysia,Sabah,TNG eWallet
ORD17195,2025-08-23,Electronics,Smartwatch,4280,4,17120,East Malaysia,Sarawak,GrabPay
ORD17196,2025-05-26,Electronics,Smartwatch,2910,1,2910,East Malaysia,Sabah,Credit Card
ORD17199,2025-07-04,Home,Office Chair,354,2,708,East Malaysia,Sarawak,FPX
ORD17200,2025-01-17,Home,Desk Lamp,357,4,1428,East Malaysia,Sarawak,GrabPay
ORD17202,2025-05-21,Electronics,Laptop,2482,4,9928,East Malaysia,Sabah,GrabPay
ORD17203,2025-10-18,Fashion,Sneakers,153,4,612,East Malaysia,Sabah,GrabPay
ORD17204,2025-11-22,Fashion,Sneakers,135,2,270,East Malaysia,Sabah,FPX
ORD17205,2025-11-30,Electronics,Wireless Earbuds,2171,4,8684,East Malaysia,Sabah,Credit Card
ORD17206,2025-12-15,Home,Air Purifier,519,2,1038,East Malaysia,Sarawak,GrabPay
ORD17207,2025-03-08,Home,Desk Lamp,138,1,138,East Malaysia,Sarawak,TNG eWallet
ORD17208,2025-09-23,Electronics,Laptop,1831,3,5493,East Malaysia,Sabah,GrabPay
ORD17213,2025-04-21,Fashion,Sneakers,185,2,370,East Malaysia,Sarawak,Credit Card
ORD17215,2025-12-22,Electronics,Wireless Earbuds,790,2,1580,East Malaysia,Sabah,TNG eWallet
ORD17216,2025-02-26,Electronics,Smartphone,3155,3,9465,East Malaysia,Sabah,GrabPay
ORD17217,2025-11-16,Electronics,Laptop,2630,1,2630,East Malaysia,Sabah,TNG eWallet
ORD17218,2025-04-27,Electronics,Smartphone,4224,3,12672,East Malaysia,Sarawak,GrabPay
ORD17219,2025-04-07,Electronics,Smartphone,2164,1,2164,East Malaysia,Sarawak,TNG eWallet
ORD17220,2025-10-13,Electronics,Smartwatch,2366,2,4732,East Malaysia,Sarawak,Credit Card
ORD17221,2025-07-19,Home,Coffee Maker,581,3,1743,East Malaysia,Sabah,TNG eWallet
ORD17222,2025-01-13,Home,Office Chair,734,2,1468,East Malaysia,Sarawak,Credit Card
ORD17225,2025-11-22,Home,Desk Lamp,329,2,658,East Malaysia,Sabah,FPX
ORD17228,2025-11-05,Fashion,Sunglasses,269,4,1076,East Malaysia,Sarawak,FPX
ORD17232,2025-06-29,Fashion,Backpack,236,2,472,East Malaysia,Sarawak,GrabPay
ORD17233,2025-11-13,Home,Coffee Maker,236,2,472,East Malaysia,Sabah,TNG eWallet
ORD17234,2025-03-10,Fashion,Backpack,210,3,630,East Malaysia,Sabah,GrabPay
ORD17235,2025-09-14,Electronics,Laptop,4129,4,16516,East Malaysia,Sarawak,TNG eWallet
ORD17238,2025-10-27,Electronics,Smartwatch,3420,4,13680,East Malaysia,Sabah,FPX
ORD17240,2025-01-12,Fashion,Sunglasses,144,1,144,East Malaysia,Sarawak,GrabPay
ORD17243,2025-08-16,Fashion,Backpack,165,3,495,East Malaysia,Sarawak,FPX
ORD17245,2025-12-21,Electronics,Wireless Earbuds,4030,2,8060,East Malaysia,Sarawak,FPX
ORD17246,2025-04-03,Fashion,Sneakers,224,3,672,East Malaysia,Sarawak,FPX
ORD17250,2025-04-19,Home,Air Purifier,178,2,356,East Malaysia,Sarawak,TNG eWallet
ORD17253,2025-04-06,Fashion,T-Shirt,195,1,195,East Malaysia,Sarawak,TNG eWallet
ORD17265,2025-02-06,Home,Air Purifier,612,3,1836,East Malaysia,Sarawak,FPX
ORD17267,2025-03-15,Electronics,Wireless Earbuds,858,1,858,East Malaysia,Sarawak,TNG eWallet
ORD17268,2025-05-26,Fashion,Sunglasses,284,4,1136,East Malaysia,Sarawak,FPX
ORD17269,2025-08-28,Electronics,Smartwatch,697,3,2091,East Malaysia,Sabah,Credit Card
ORD17270,2025-08-24,Fashion,Sneakers,240,4,960,East Malaysia,Sabah,TNG eWallet
ORD17271,2025-01-24,Fashion,Backpack,72,1,72,East Malaysia,Sabah,TNG eWallet
ORD17272,2025-09-21,Home,Desk Lamp,262,3,786,East Malaysia,Sarawak,GrabPay
ORD17275,2025-02-12,Home,Desk Lamp,176,4,704,East Malaysia,Sarawak,GrabPay
ORD17277,2025-12-18,Home,Office Chair,179,4,716,East Malaysia,Sabah,Credit Card
ORD17278,2025-02-20,Fashion,Sneakers,380,2,760,East Malaysia,Sabah,TNG eWallet
ORD17280,2025-08-07,Electronics,Wireless Earbuds,1663,3,4989,East Malaysia,Sabah,GrabPay
ORD17281,2025-09-20,Home,Office Chair,471,4,1884,East Malaysia,Sarawak,FPX
ORD17286,2025-07-02,Electronics,Wireless Earbuds,3801,1,3801,East Malaysia,Sabah,GrabPay
ORD17287,2025-05-12,Electronics,Laptop,4340,3,13020,East Malaysia,Sarawak,TNG eWallet
ORD17289,2025-10-15,Home,Desk Lamp,305,1,305,East Malaysia,Sarawak,FPX
ORD17290,2025-12-22,Fashion,T-Shirt,73,1,73,East Malaysia,Sabah,GrabPay
ORD17291,2025-04-04,Fashion,Sneakers,311,3,933,East Malaysia,Sarawak,TNG eWallet
ORD17292,2025-07-26,Home,Coffee Maker,354,3,1062,East Malaysia,Sarawak,GrabPay
ORD17300,2025-01-05,Electronics,Wireless Earbuds,3855,3,11565,East Malaysia,Sabah,TNG eWallet
ORD17304,2025-01-31,Electronics,Laptop,2601,4,10404,East Malaysia,Sabah,Credit Card
ORD17307,2025-12-22,Home,Desk Lamp,214,3,642,East Malaysia,Sabah,GrabPay
ORD17308,2025-12-09,Home,Desk Lamp,494,3,1482,East Malaysia,Sabah,GrabPay
ORD17309,2025-10-29,Electronics,Smartwatch,509,3,1527,East Malaysia,Sarawak,Credit Card
ORD17314,2025-12-26,Home,Desk Lamp,585,4,2340,East Malaysia,Sarawak,FPX
ORD17315,2025-02-18,Home,Desk Lamp,782,1,782,East Malaysia,Sarawak,Credit Card
ORD17319,2025-08-17,Fashion,Sneakers,232,4,928,East Malaysia,Sarawak,FPX
ORD17323,2025-08-31,Home,Office Chair,525,4,2100,East Malaysia,Sarawak,TNG eWallet
ORD17324,2025-12-13,Home,Desk Lamp,718,4,2872,East Malaysia,Sarawak,Credit Card
ORD17327,2025-03-21,Electronics,Smartwatch,1576,4,6304,East Malaysia,Sabah,TNG eWallet
ORD17328,2025-02-02,Electronics,Laptop,1850,3,5550,East Malaysia,Sarawak,FPX
ORD17330,2025-05-28,Electronics,Wireless Earbuds,1554,4,6216,East Malaysia,Sarawak,GrabPay
ORD17333,2025-12-09,Electronics,Smartwatch,1609,2,3218,East Malaysia,Sarawak,GrabPay
ORD17334,2025-09-16,Electronics,Smartwatch,2864,2,5728,East Malaysia,Sarawak,TNG eWallet
ORD17336,2025-09-08,Electronics,Smartwatch,1560,4,6240,East Malaysia,Sarawak,Credit Card
ORD17337,2025-12-11,Home,Coffee Maker,751,2,1502,East Malaysia,Sabah,Credit Card
ORD17340,2025-11-13,Electronics,Laptop,3137,2,6274,East Malaysia,Sarawak,TNG eWallet
ORD17341,2025-12-18,Home,Office Chair,390,3,1170,East Malaysia,Sarawak,GrabPay
ORD17342,2025-03-05,Home,Coffee Maker,556,4,2224,East Malaysia,Sarawak,FPX
ORD17343,2025-08-27,Fashion,Sunglasses,219,3,657,East Malaysia,Sarawak,GrabPay
ORD17345,2025-08-22,Home,Air Purifier,414,2,828,East Malaysia,Sabah,FPX
ORD17346,2025-04-14,Electronics,Smartwatch,1834,1,1834,East Malaysia,Sabah,GrabPay
ORD17347,2025-10-18,Electronics,Smartwatch,2422,4,9688,East Malaysia,Sabah,Credit Card
ORD17350,2025-02-19,Electronics,Wireless Earbuds,1809,4,7236,East Malaysia,Sarawak,GrabPay
ORD17351,2025-12-03,Fashion,Backpack,386,4,1544,East Malaysia,Sarawak,FPX
ORD17352,2025-12-13,Electronics,Smartphone,3465,3,10395,East Malaysia,Sabah,Credit Card
ORD17354,2025-08-12,Electronics,Smartphone,2271,2,4542,East Malaysia,Sarawak,FPX
ORD17355,2025-02-06,Electronics,Laptop,1134,1,1134,East Malaysia,Sarawak,Credit Card
ORD17356,2025-07-30,Home,Air Purifier,290,1,290,East Malaysia,Sabah,FPX
ORD17357,2025-07-03,Home,Coffee Maker,242,1,242,East Malaysia,Sabah,FPX
ORD17359,2025-07-22,Home,Office Chair,140,1,140,East Malaysia,Sabah,TNG eWallet
ORD17363,2025-06-12,Home,Office Chair,210,4,840,East Malaysia,Sabah,FPX
ORD17364,2025-11-13,Home,Desk Lamp,785,3,2355,East Malaysia,Sabah,FPX
ORD17365,2025-09-10,Electronics,Smartwatch,370,1,370,East Malaysia,Sarawak,Credit Card
ORD17366,2025-11-06,Home,Coffee Maker,322,4,1288,East Malaysia,Sarawak,FPX
ORD17368,2025-08-20,Fashion,T-Shirt,138,2,276,East Malaysia,Sabah,TNG eWallet
ORD17374,2025-08-23,Fashion,Sunglasses,222,1,222,East Malaysia,Sarawak,FPX
ORD17376,2025-10-07,Home,Air Purifier,177,2,354,East Malaysia,Sarawak,TNG eWallet
ORD17377,2025-06-10,Electronics,Smartphone,3938,3,11814,East Malaysia,Sarawak,Credit Card
ORD17378,2025-09-27,Home,Air Purifier,350,4,1400,East Malaysia,Sarawak,Credit Card
ORD17380,2025-05-07,Fashion,Backpack,116,3,348,East Malaysia,Sabah,Credit Card
ORD17384,2025-11-05,Electronics,Smartphone,4492,2,8984,East Malaysia,Sarawak,GrabPay
ORD17385,2025-11-14,Fashion,Backpack,296,4,1184,East Malaysia,Sarawak,Credit Card
ORD17387,2025-10-06,Home,Air Purifier,234,3,702,East Malaysia,Sabah,FPX
ORD17389,2025-05-22,Home,Coffee Maker,537,4,2148,East Malaysia,Sarawak,FPX
ORD17391,2025-11-11,Home,Desk Lamp,593,4,2372,East Malaysia,Sabah,TNG eWallet
ORD17395,2025-04-07,Fashion,Sneakers,372,4,1488,East Malaysia,Sabah,Credit Card
ORD17398,2025-09-22,Fashion,Backpack,61,1,61,East Malaysia,Sabah,FPX
ORD17399,2025-05-10,Home,Air Purifier,589,1,589,East Malaysia,Sarawak,FPX
ORD17400,2025-02-05,Electronics,Laptop,3076,1,3076,East Malaysia,Sarawak,TNG eWallet
ORD17401,2025-05-31,Home,Coffee Maker,103,4,412,East Malaysia,Sarawak,FPX
ORD17402,2025-07-10,Fashion,Backpack,233,2,466,East Malaysia,Sarawak,FPX
ORD17403,2025-11-12,Electronics,Laptop,3223,3,9669,East Malaysia,Sabah,GrabPay
ORD17406,2025-12-31,Home,Coffee Maker,420,1,420,East Malaysia,Sabah,FPX
ORD17407,2025-11-01,Fashion,Backpack,268,4,1072,East Malaysia,Sarawak,GrabPay
ORD17408,2025-03-08,Fashion,Backpack,144,4,576,East Malaysia,Sabah,FPX
ORD17410,2025-03-20,Home,Coffee Maker,442,2,884,East Malaysia,Sabah,FPX
ORD17411,2025-03-30,Electronics,Laptop,4471,4,17884,East Malaysia,Sabah,Credit Card
ORD17413,2025-11-15,Fashion,T-Shirt,174,4,696,East Malaysia,Sarawak,FPX
ORD17414,2025-03-19,Fashion,Sunglasses,277,1,277,East Malaysia,Sarawak,FPX
ORD17419,2025-06-19,Home,Office Chair,117,4,468,East Malaysia,Sarawak,Credit Card
ORD17420,2025-02-28,Home,Desk Lamp,212,2,424,East Malaysia,Sabah,TNG eWallet
ORD17422,2025-09-20,Electronics,Smartphone,1960,1,1960,East Malaysia,Sabah,Credit Card
ORD17425,2025-09-22,Fashion,T-Shirt,337,2,674,East Malaysia,Sarawak,GrabPay
ORD17426,2025-02-22,Home,Desk Lamp,728,2,1456,East Malaysia,Sarawak,Credit Card
ORD17428,2025-04-28,Electronics,Laptop,3350,2,6700,East Malaysia,Sarawak,FPX
ORD17431,2025-06-24,Electronics,Smartphone,4134,2,8268,East Malaysia,Sabah,GrabPay
ORD17436,2025-07-06,Home,Office Chair,324,2,648,East Malaysia,Sarawak,TNG eWallet
ORD17440,2025-12-31,Fashion,Backpack,59,1,59,East Malaysia,Sabah,TNG eWallet
ORD17445,2025-09-06,Home,Coffee Maker,565,1,565,East Malaysia,Sabah,GrabPay
ORD17446,2025-03-13,Fashion,Backpack,239,3,717,East Malaysia,Sarawak,FPX
ORD17448,2025-10-09,Fashion,Backpack,52,2,104,East Malaysia,Sabah,TNG eWallet
ORD17449,2025-11-28,Fashion,Sneakers,378,1,378,East Malaysia,Sabah,FPX
ORD17450,2025-04-23,Electronics,Smartphone,3445,3,10335,East Malaysia,Sarawak,GrabPay
ORD17452,2025-07-14,Electronics,Smartphone,1265,2,2530,East Malaysia,Sarawak,Credit Card
ORD17455,2025-04-24,Home,Office Chair,763,4,3052,East Malaysia,Sabah,GrabPay
ORD17457,2025-06-24,Electronics,Laptop,2448,3,7344,East Malaysia,Sarawak,FPX
ORD17461,2025-08-23,Electronics,Smartwatch,3953,4,15812,East Malaysia,Sarawak,Credit Card
ORD17463,2025-11-13,Home,Air Purifier,662,4,2648,East Malaysia,Sabah,Credit Card
ORD17467,2025-01-25,Home,Coffee Maker,553,1,553,East Malaysia,Sabah,Credit Card
ORD17468,2025-10-26,Fashion,Backpack,163,2,326,East Malaysia,Sarawak,Credit Card
ORD17469,2025-09-17,Electronics,Smartphone,4376,1,4376,East Malaysia,Sarawak,Credit Card
ORD17470,2025-04-25,Electronics,Wireless Earbuds,4480,2,8960,East Malaysia,Sabah,TNG eWallet
ORD17473,2025-05-23,Home,Coffee Maker,370,2,740,East Malaysia,Sarawak,TNG eWallet
ORD17476,2025-01-05,Home,Coffee Maker,302,2,604,East Malaysia,Sarawak,FPX
ORD17480,2025-12-18,Fashion,Sneakers,161,1,161,East Malaysia,Sabah,TNG eWallet
ORD17483,2025-08-05,Home,Desk Lamp,752,1,752,East Malaysia,Sabah,Credit Card
ORD17487,2025-12-08,Fashion,Sneakers,206,1,206,East Malaysia,Sabah,GrabPay
ORD17488,2025-06-11,Fashion,Sunglasses,308,2,616,East Malaysia,Sarawak,GrabPay
ORD17489,2025-05-10,Home,Desk Lamp,762,2,1524,East Malaysia,Sabah,FPX
ORD17490,2025-10-09,Electronics,Smartwatch,3748,4,14992,East Malaysia,Sarawak,TNG eWallet
ORD17496,2025-05-04,Fashion,Sneakers,283,3,849,East Malaysia,Sarawak,TNG eWallet
ORD17497,2025-07-31,Fashion,Backpack,272,1,272,East Malaysia,Sarawak,Credit Card
ORD17499,2025-08-31,Electronics,Laptop,2391,1,2391,East Malaysia,Sabah,Credit Card
ORD17504,2025-02-08,Home,Desk Lamp,727,4,2908,East Malaysia,Sabah,TNG eWallet
ORD17505,2025-01-18,Home,Desk Lamp,678,3,2034,East Malaysia,Sabah,GrabPay
ORD17506,2025-12-07,Fashion,T-Shirt,318,4,1272,East Malaysia,Sarawak,GrabPay
ORD17507,2025-03-04,Fashion,Backpack,399,1,399,East Malaysia,Sabah,TNG eWallet
ORD17508,2025-08-15,Electronics,Wireless Earbuds,2809,3,8427,East Malaysia,Sabah,FPX
ORD17510,2025-04-03,Fashion,Sneakers,232,3,696,East Malaysia,Sabah,TNG eWallet
ORD17516,2025-04-21,Electronics,Wireless Earbuds,786,1,786,East Malaysia,Sarawak,GrabPay
ORD17519,2025-02-26,Electronics,Smartphone,2618,3,7854,East Malaysia,Sabah,TNG eWallet
ORD17520,2025-09-09,Electronics,Smartphone,1750,1,1750,East Malaysia,Sarawak,Credit Card
ORD17524,2025-02-10,Fashion,T-Shirt,74,1,74,East Malaysia,Sarawak,Credit Card
ORD17525,2025-01-20,Home,Coffee Maker,222,3,666,East Malaysia,Sarawak,TNG eWallet
ORD17526,2025-08-05,Home,Coffee Maker,657,1,657,East Malaysia,Sabah,FPX
ORD17528,2025-12-20,Home,Desk Lamp,356,1,356,East Malaysia,Sarawak,TNG eWallet
ORD17529,2025-08-11,Home,Air Purifier,609,4,2436,East Malaysia,Sabah,Credit Card
ORD17530,2025-07-16,Home,Office Chair,259,1,259,East Malaysia,Sabah,FPX
ORD17531,2025-02-03,Home,Air Purifier,632,3,1896,East Malaysia,Sabah,FPX
ORD17533,2025-07-17,Electronics,Smartphone,3755,2,7510,East Malaysia,Sabah,GrabPay
ORD17536,2025-10-23,Electronics,Laptop,2854,4,11416,East Malaysia,Sabah,TNG eWallet
ORD17537,2025-08-31,Electronics,Wireless Earbuds,1551,4,6204,East Malaysia,Sarawak,GrabPay
ORD17546,2025-08-31,Home,Desk Lamp,243,2,486,East Malaysia,Sarawak,TNG eWallet
ORD17547,2025-08-12,Home,Desk Lamp,740,4,2960,East Malaysia,Sabah,GrabPay
ORD17548,2025-01-27,Home,Desk Lamp,326,4,1304,East Malaysia,Sabah,GrabPay
ORD17549,2025-03-01,Home,Coffee Maker,215,1,215,East Malaysia,Sabah,FPX
ORD17550,2025-01-29,Fashion,Sunglasses,167,3,501,East Malaysia,Sarawak,Credit Card
ORD17551,2025-08-01,Home,Coffee Maker,102,4,408,East Malaysia,Sarawak,Credit Card
ORD17552,2025-03-11,Electronics,Smartphone,3660,2,7320,East Malaysia,Sabah,FPX
ORD17554,2025-12-03,Fashion,Sunglasses,342,4,1368,East Malaysia,Sarawak,FPX
ORD17555,2025-02-24,Electronics,Smartphone,4331,3,12993,East Malaysia,Sabah,GrabPay
ORD17556,2025-06-12,Electronics,Smartwatch,4339,4,17356,East Malaysia,Sabah,TNG eWallet
ORD17557,2025-07-14,Fashion,T-Shirt,74,3,222,East Malaysia,Sabah,GrabPay
ORD17558,2025-05-29,Electronics,Smartwatch,664,4,2656,East Malaysia,Sabah,GrabPay
ORD17560,2025-01-24,Fashion,T-Shirt,362,4,1448,East Malaysia,Sarawak,GrabPay
ORD17561,2025-06-27,Home,Air Purifier,566,2,1132,East Malaysia,Sabah,Credit Card
ORD17562,2025-03-27,Electronics,Laptop,976,1,976,East Malaysia,Sarawak,FPX
ORD17563,2025-03-16,Home,Desk Lamp,268,3,804,East Malaysia,Sabah,Credit Card
ORD17565,2025-04-28,Electronics,Laptop,3973,1,3973,East Malaysia,Sabah,GrabPay
ORD17571,2025-07-03,Home,Air Purifier,357,4,1428,East Malaysia,Sarawak,TNG eWallet
ORD17573,2025-03-30,Home,Desk Lamp,700,4,2800,East Malaysia,Sabah,GrabPay
ORD17574,2025-05-14,Electronics,Wireless Earbuds,451,1,451,East Malaysia,Sabah,Credit Card
ORD17576,2025-09-14,Home,Office Chair,595,3,1785,East Malaysia,Sarawak,TNG eWallet
ORD17581,2025-06-27,Home,Coffee Maker,292,4,1168,East Malaysia,Sarawak,GrabPay
ORD17584,2025-01-23,Electronics,Smartphone,4237,3,12711,East Malaysia,Sabah,GrabPay
ORD17585,2025-07-13,Electronics,Wireless Earbuds,2834,3,8502,East Malaysia,Sabah,GrabPay
ORD17586,2025-07-11,Fashion,T-Shirt,82,3,246,East Malaysia,Sarawak,FPX
ORD17587,2025-05-14,Fashion,Sunglasses,280,4,1120,East Malaysia,Sarawak,Credit Card
ORD17590,2025-08-02,Electronics,Smartwatch,3099,3,9297,East Malaysia,Sabah,Credit Card
ORD17593,2025-10-18,Fashion,Sneakers,276,2,552,East Malaysia,Sabah,FPX
ORD17597,2025-07-28,Electronics,Wireless Earbuds,437,4,1748,East Malaysia,Sabah,Credit Card
ORD17598,2025-12-30,Fashion,Sunglasses,292,1,292,East Malaysia,Sabah,GrabPay
ORD17600,2025-11-19,Fashion,Sunglasses,199,1,199,East Malaysia,Sabah,GrabPay
ORD17601,2025-07-02,Fashion,Sneakers,257,1,257,East Malaysia,Sarawak,Credit Card
ORD17602,2025-07-22,Fashion,Backpack,52,3,156,East Malaysia,Sarawak,TNG eWallet
ORD17603,2025-10-13,Fashion,Sunglasses,188,3,564,East Malaysia,Sarawak,FPX
ORD17604,2025-05-20,Home,Coffee Maker,733,2,1466,East Malaysia,Sarawak,TNG eWallet
ORD17606,2025-05-24,Fashion,Backpack,149,4,596,East Malaysia,Sabah,GrabPay
ORD17607,2025-03-28,Fashion,Backpack,287,1,287,East Malaysia,Sabah,Credit Card
ORD17608,2025-03-17,Fashion,Sneakers,90,1,90,East Malaysia,Sabah,TNG eWallet
ORD17610,2025-10-21,Home,Air Purifier,224,2,448,East Malaysia,Sabah,GrabPay
ORD17611,2025-12-31,Electronics,Laptop,440,2,880,East Malaysia,Sabah,Credit Card
ORD17612,2025-02-28,Fashion,T-Shirt,90,4,360,East Malaysia,Sabah,GrabPay
ORD17614,2025-05-18,Home,Office Chair,140,4,560,East Malaysia,Sabah,GrabPay
ORD17615,2025-02-17,Home,Coffee Maker,379,4,1516,East Malaysia,Sarawak,TNG eWallet
ORD17616,2025-05-02,Fashion,Sunglasses,327,1,327,East Malaysia,Sarawak,GrabPay
ORD17617,2025-04-28,Home,Desk Lamp,347,3,1041,East Malaysia,Sabah,Credit Card
ORD17618,2025-06-10,Fashion,Sunglasses,205,4,820,East Malaysia,Sabah,FPX
ORD17619,2025-04-09,Electronics,Smartphone,1536,1,1536,East Malaysia,Sabah,TNG eWallet
ORD17620,2025-02-11,Home,Office Chair,316,3,948,East Malaysia,Sabah,Credit Card
ORD17621,2025-01-15,Fashion,Sunglasses,94,4,376,East Malaysia,Sabah,FPX
ORD17622,2025-06-02,Home,Desk Lamp,483,4,1932,East Malaysia,Sarawak,GrabPay
ORD17624,2025-04-29,Fashion,Sneakers,179,4,716,East Malaysia,Sarawak,TNG eWallet
ORD17625,2025-06-25,Electronics,Smartwatch,2130,2,4260,East Malaysia,Sarawak,GrabPay
ORD17627,2025-01-23,Home,Coffee Maker,532,4,2128,East Malaysia,Sarawak,FPX
ORD17628,2025-06-07,Home,Air Purifier,603,1,603,East Malaysia,Sabah,GrabPay
ORD17631,2025-07-24,Electronics,Smartwatch,4203,4,16812,East Malaysia,Sabah,GrabPay
ORD17632,2025-09-19,Electronics,Smartphone,1949,4,7796,East Malaysia,Sabah,TNG eWallet
ORD17633,2025-02-14,Home,Office Chair,203,1,203,East Malaysia,Sabah,GrabPay
ORD17635,2025-06-29,Electronics,Smartwatch,4257,4,17028,East Malaysia,Sarawak,GrabPay
ORD17640,2025-10-28,Electronics,Smartphone,3598,4,14392,East Malaysia,Sabah,TNG eWallet
ORD17641,2025-09-19,Home,Desk Lamp,264,1,264,East Malaysia,Sarawak,Credit Card
ORD17642,2025-03-06,Fashion,Backpack,196,3,588,East Malaysia,Sarawak,Credit Card
ORD17644,2025-09-05,Electronics,Smartphone,1503,4,6012,East Malaysia,Sarawak,Credit Card
ORD17646,2025-03-10,Fashion,Backpack,58,3,174,East Malaysia,Sarawak,TNG eWallet
ORD17648,2025-11-30,Fashion,T-Shirt,331,1,331,East Malaysia,Sarawak,Credit Card
ORD17649,2025-09-28,Electronics,Smartwatch,1295,3,3885,East Malaysia,Sabah,Credit Card
ORD17652,2025-05-24,Electronics,Smartwatch,1163,2,2326,East Malaysia,Sabah,GrabPay
ORD17656,2025-04-16,Electronics,Smartwatch,3339,4,13356,East Malaysia,Sabah,FPX
ORD17657,2025-02-05,Fashion,Sneakers,203,2,406,East Malaysia,Sarawak,TNG eWallet
ORD17658,2025-09-29,Fashion,Sunglasses,329,1,329,East Malaysia,Sarawak,TNG eWallet
ORD17659,2025-08-15,Fashion,Sneakers,166,1,166,East Malaysia,Sabah,GrabPay
ORD17660,2025-10-27,Electronics,Laptop,3442,1,3442,East Malaysia,Sarawak,FPX
ORD17661,2025-02-11,Home,Desk Lamp,566,4,2264,East Malaysia,Sabah,FPX
ORD17666,2025-10-21,Fashion,Sunglasses,56,1,56,East Malaysia,Sabah,TNG eWallet
ORD17669,2025-01-24,Fashion,Sunglasses,68,2,136,East Malaysia,Sarawak,FPX
ORD17672,2025-07-17,Electronics,Smartwatch,1042,4,4168,East Malaysia,Sarawak,TNG eWallet
ORD17676,2025-09-08,Fashion,Backpack,280,2,560,East Malaysia,Sarawak,GrabPay
ORD17677,2025-04-19,Home,Office Chair,764,3,2292,East Malaysia,Sarawak,TNG eWallet
ORD17679,2025-04-23,Home,Office Chair,642,4,2568,East Malaysia,Sabah,TNG eWallet
ORD17681,2025-08-23,Fashion,Backpack,138,3,414,East Malaysia,Sarawak,Credit Card
ORD17682,2025-07-21,Fashion,T-Shirt,124,4,496,East Malaysia,Sarawak,Credit Card
ORD17683,2025-12-15,Electronics,Laptop,2905,2,5810,East Malaysia,Sabah,Credit Card
ORD17685,2025-10-01,Fashion,Sneakers,209,4,836,East Malaysia,Sarawak,Credit Card
ORD17687,2025-01-03,Home,Office Chair,137,1,137,East Malaysia,Sabah,GrabPay
ORD17689,2025-09-19,Electronics,Smartwatch,677,2,1354,East Malaysia,Sarawak,TNG eWallet
ORD17690,2025-07-27,Electronics,Wireless Earbuds,1028,2,2056,East Malaysia,Sabah,FPX
ORD17697,2025-11-26,Fashion,Sunglasses,361,1,361,East Malaysia,Sarawak,TNG eWallet
ORD17699,2025-03-09,Electronics,Wireless Earbuds,807,1,807,East Malaysia,Sarawak,FPX
ORD17700,2025-11-28,Home,Coffee Maker,283,2,566,East Malaysia,Sarawak,GrabPay
ORD17702,2025-03-09,Fashion,Sneakers,258,4,1032,East Malaysia,Sarawak,FPX
ORD17705,2025-02-17,Fashion,Backpack,51,3,153,East Malaysia,Sarawak,TNG eWallet
ORD17707,2025-04-02,Home,Air Purifier,296,2,592,East Malaysia,Sabah,GrabPay
ORD17713,2025-03-18,Fashion,Sunglasses,201,4,804,East Malaysia,Sabah,TNG eWallet
ORD17715,2025-03-30,Electronics,Laptop,687,2,1374,East Malaysia,Sabah,GrabPay
ORD17716,2025-03-07,Fashion,Sneakers,340,2,680,East Malaysia,Sabah,TNG eWallet
ORD17718,2025-10-01,Fashion,Sneakers,223,3,669,East Malaysia,Sarawak,FPX
ORD17720,2025-10-25,Electronics,Laptop,3216,3,9648,East Malaysia,Sarawak,FPX
ORD17721,2025-01-06,Fashion,T-Shirt,339,2,678,East Malaysia,Sabah,FPX
ORD17722,2025-10-27,Electronics,Smartwatch,396,1,396,East Malaysia,Sabah,Credit Card
ORD17724,2025-03-01,Electronics,Laptop,4037,4,16148,East Malaysia,Sarawak,Credit Card
ORD17727,2025-11-13,Fashion,Sunglasses,140,1,140,East Malaysia,Sarawak,GrabPay
ORD17731,2025-04-09,Electronics,Wireless Earbuds,3227,4,12908,East Malaysia,Sabah,TNG eWallet
ORD17732,2025-11-17,Electronics,Smartwatch,1956,2,3912,East Malaysia,Sarawak,GrabPay
ORD17733,2025-10-06,Home,Coffee Maker,499,2,998,East Malaysia,Sabah,GrabPay
ORD17735,2025-11-19,Fashion,Sunglasses,70,2,140,East Malaysia,Sarawak,GrabPay
ORD17736,2025-10-17,Electronics,Smartphone,486,2,972,East Malaysia,Sabah,Credit Card
ORD17737,2025-04-13,Electronics,Laptop,422,4,1688,East Malaysia,Sarawak,Credit Card
ORD17739,2025-06-01,Electronics,Laptop,3001,2,6002,East Malaysia,Sabah,GrabPay
ORD17740,2025-10-23,Electronics,Smartwatch,2748,2,5496,East Malaysia,Sabah,FPX
ORD17742,2025-06-16,Home,Desk Lamp,449,2,898,East Malaysia,Sabah,Credit Card
ORD17744,2025-11-02,Home,Coffee Maker,642,3,1926,East Malaysia,Sarawak,GrabPay
ORD17745,2025-08-07,Home,Office Chair,336,2,672,East Malaysia,Sabah,Credit Card
ORD17747,2025-04-03,Electronics,Smartphone,3560,2,7120,East Malaysia,Sabah,TNG eWallet
ORD17748,2025-01-13,Fashion,Sunglasses,358,4,1432,East Malaysia,Sabah,TNG eWallet
ORD17751,2025-08-20,Electronics,Laptop,4106,4,16424,East Malaysia,Sabah,GrabPay
ORD17752,2025-09-22,Home,Air Purifier,476,2,952,East Malaysia,Sarawak,FPX
ORD17754,2025-02-08,Home,Air Purifier,146,3,438,East Malaysia,Sarawak,FPX
ORD17758,2025-06-21,Fashion,Sunglasses,217,2,434,East Malaysia,Sarawak,Credit Card
ORD17759,2025-01-12,Electronics,Wireless Earbuds,2913,2,5826,East Malaysia,Sarawak,TNG eWallet
ORD17764,2025-03-05,Home,Desk Lamp,692,3,2076,East Malaysia,Sarawak,GrabPay
ORD17765,2025-03-05,Fashion,T-Shirt,333,4,1332,East Malaysia,Sabah,Credit Card
ORD17766,2025-04-28,Home,Desk Lamp,117,3,351,East Malaysia,Sabah,TNG eWallet
ORD17768,2025-12-17,Fashion,T-Shirt,331,2,662,East Malaysia,Sabah,TNG eWallet
ORD17769,2025-10-17,Fashion,T-Shirt,323,2,646,East Malaysia,Sabah,GrabPay
ORD17770,2025-12-30,Home,Desk Lamp,495,4,1980,East Malaysia,Sarawak,FPX
ORD17771,2025-08-07,Home,Coffee Maker,501,4,2004,East Malaysia,Sarawak,TNG eWallet
ORD17773,2025-11-26,Home,Office Chair,245,2,490,East Malaysia,Sabah,TNG eWallet
ORD17776,2025-11-07,Fashion,Sunglasses,86,4,344,East Malaysia,Sarawak,Credit Card
ORD17777,2025-07-16,Fashion,Backpack,114,1,114,East Malaysia,Sabah,GrabPay
ORD17778,2025-08-28,Electronics,Smartphone,3734,1,3734,East Malaysia,Sabah,Credit Card
ORD17785,2025-05-08,Fashion,Sunglasses,126,3,378,East Malaysia,Sarawak,FPX
ORD17786,2025-04-16,Home,Air Purifier,697,4,2788,East Malaysia,Sabah,Credit Card
ORD17787,2025-04-20,Electronics,Smartphone,426,1,426,East Malaysia,Sabah,GrabPay
ORD17789,2025-01-01,Fashion,T-Shirt,145,4,580,East Malaysia,Sarawak,FPX
ORD17790,2025-02-11,Home,Coffee Maker,180,2,360,East Malaysia,Sabah,GrabPay
ORD17791,2025-05-05,Fashion,T-Shirt,132,1,132,East Malaysia,Sarawak,FPX
ORD17796,2025-12-12,Fashion,Sneakers,112,2,224,East Malaysia,Sabah,GrabPay
ORD17797,2025-04-08,Fashion,T-Shirt,95,3,285,East Malaysia,Sabah,TNG eWallet
ORD17798,2025-04-27,Electronics,Laptop,402,4,1608,East Malaysia,Sarawak,TNG eWallet
ORD17799,2025-03-17,Home,Air Purifier,684,2,1368,East Malaysia,Sabah,GrabPay
ORD17802,2025-02-06,Home,Desk Lamp,168,3,504,East Malaysia,Sabah,FPX
ORD17806,2025-06-08,Electronics,Smartphone,3826,3,11478,East Malaysia,Sabah,Credit Card
ORD17807,2025-05-14,Home,Desk Lamp,637,2,1274,East Malaysia,Sarawak,Credit Card
ORD17808,2025-08-19,Fashion,T-Shirt,152,3,456,East Malaysia,Sabah,Credit Card
ORD17809,2025-10-15,Fashion,Sneakers,173,3,519,East Malaysia,Sarawak,Credit Card
ORD17810,2025-02-07,Electronics,Smartwatch,576,4,2304,East Malaysia,Sarawak,Credit Card
ORD17811,2025-05-30,Fashion,T-Shirt,370,3,1110,East Malaysia,Sarawak,FPX
ORD17812,2025-04-27,Fashion,Sunglasses,208,4,832,East Malaysia,Sabah,Credit Card
ORD17815,2025-09-23,Electronics,Wireless Earbuds,3122,2,6244,East Malaysia,Sabah,GrabPay
ORD17816,2025-01-27,Electronics,Smartphone,2774,3,8322,East Malaysia,Sabah,TNG eWallet
ORD17819,2025-05-26,Fashion,T-Shirt,172,1,172,East Malaysia,Sabah,GrabPay
ORD17820,2025-04-12,Fashion,T-Shirt,216,1,216,East Malaysia,Sarawak,GrabPay
ORD17821,2025-03-05,Home,Coffee Maker,666,1,666,East Malaysia,Sabah,FPX
ORD17822,2025-02-08,Fashion,Sunglasses,352,3,1056,East Malaysia,Sabah,Credit Card
ORD17826,2025-04-11,Electronics,Smartwatch,1551,2,3102,East Malaysia,Sarawak,GrabPay
ORD17827,2025-04-01,Home,Air Purifier,490,2,980,East Malaysia,Sarawak,GrabPay
ORD17828,2025-04-26,Home,Office Chair,534,4,2136,East Malaysia,Sarawak,FPX
ORD17830,2025-01-22,Home,Desk Lamp,191,2,382,East Malaysia,Sarawak,GrabPay
ORD17832,2025-10-15,Fashion,Backpack,154,2,308,East Malaysia,Sabah,TNG eWallet
ORD17835,2025-04-23,Electronics,Laptop,3302,2,6604,East Malaysia,Sarawak,TNG eWallet
ORD17838,2025-09-13,Fashion,T-Shirt,391,3,1173,East Malaysia,Sarawak,Credit Card
ORD17839,2025-06-12,Electronics,Smartwatch,691,4,2764,East Malaysia,Sabah,TNG eWallet
ORD17840,2025-06-07,Electronics,Wireless Earbuds,2712,3,8136,East Malaysia,Sabah,Credit Card
ORD17842,2025-03-04,Fashion,Sunglasses,306,2,612,East Malaysia,Sabah,TNG eWallet
ORD17843,2025-10-31,Fashion,Sneakers,230,1,230,East Malaysia,Sarawak,GrabPay
ORD17845,2025-09-25,Home,Coffee Maker,213,3,639,East Malaysia,Sarawak,FPX
ORD17846,2025-11-07,Home,Desk Lamp,363,1,363,East Malaysia,Sabah,GrabPay
ORD17848,2025-10-02,Fashion,Sneakers,367,3,1101,East Malaysia,Sarawak,Credit Card
ORD17849,2025-08-09,Electronics,Smartwatch,3974,1,3974,East Malaysia,Sarawak,Credit Card
ORD17852,2025-10-07,Home,Desk Lamp,492,4,1968,East Malaysia,Sabah,Credit Card
ORD17855,2025-04-22,Home,Desk Lamp,564,1,564,East Malaysia,Sarawak,Credit Card
ORD17857,2025-09-11,Electronics,Wireless Earbuds,3390,3,10170,East Malaysia,Sarawak,FPX
ORD17858,2025-08-14,Electronics,Laptop,2516,2,5032,East Malaysia,Sarawak,GrabPay
ORD17860,2025-04-28,Electronics,Smartwatch,3964,2,7928,East Malaysia,Sabah,Credit Card
ORD17864,2025-05-11,Fashion,Sunglasses,125,4,500,East Malaysia,Sarawak,GrabPay
ORD17869,2026-01-01,Electronics,Wireless Earbuds,1344,3,4032,East Malaysia,Sarawak,TNG eWallet
ORD17870,2025-02-07,Fashion,Sunglasses,161,3,483,East Malaysia,Sabah,Credit Card
ORD17874,2025-10-06,Home,Desk Lamp,230,4,920,East Malaysia,Sabah,Credit Card
ORD17877,2025-12-01,Electronics,Wireless Earbuds,1421,1,1421,East Malaysia,Sabah,FPX
ORD17879,2025-08-30,Fashion,Backpack,261,3,783,East Malaysia,Sabah,GrabPay
ORD17881,2025-03-16,Fashion,Sneakers,388,3,1164,East Malaysia,Sarawak,GrabPay
ORD17882,2025-10-03,Electronics,Smartwatch,2582,3,7746,East Malaysia,Sarawak,Credit Card
ORD17883,2025-02-13,Home,Desk Lamp,518,4,2072,East Malaysia,Sabah,FPX
ORD17884,2025-10-31,Fashion,Sunglasses,302,3,906,East Malaysia,Sabah,GrabPay
ORD17886,2025-01-07,Fashion,Sneakers,82,1,82,East Malaysia,Sabah,Credit Card
ORD17887,2025-09-29,Electronics,Smartwatch,4484,4,17936,East Malaysia,Sabah,GrabPay
ORD17889,2025-10-16,Fashion,Sunglasses,398,3,1194,East Malaysia,Sabah,FPX
ORD17891,2025-05-07,Home,Desk Lamp,469,1,469,East Malaysia,Sarawak,TNG eWallet
ORD17894,2025-01-02,Electronics,Wireless Earbuds,1979,3,5937,East Malaysia,Sarawak,FPX
ORD17897,2025-05-16,Home,Office Chair,249,2,498,East Malaysia,Sabah,Credit Card
ORD17898,2025-01-24,Electronics,Smartphone,1495,2,2990,East Malaysia,Sarawak,FPX
ORD17899,2025-12-01,Electronics,Smartwatch,357,4,1428,East Malaysia,Sarawak,Credit Card
ORD17900,2025-04-29,Electronics,Laptop,3432,1,3432,East Malaysia,Sabah,Credit Card
ORD17901,2025-01-03,Electronics,Smartphone,1536,4,6144,East Malaysia,Sabah,FPX
ORD17904,2025-11-21,Home,Office Chair,525,1,525,East Malaysia,Sabah,Credit Card
ORD17905,2025-10-29,Fashion,Backpack,60,2,120,East Malaysia,Sabah,Credit Card
ORD17906,2025-03-31,Home,Office Chair,616,1,616,East Malaysia,Sarawak,FPX
ORD17909,2025-11-18,Electronics,Wireless Earbuds,2753,2,5506,East Malaysia,Sabah,TNG eWallet
ORD17910,2025-09-03,Fashion,Sunglasses,356,4,1424,East Malaysia,Sabah,TNG eWallet
ORD17913,2025-06-26,Electronics,Laptop,413,2,826,East Malaysia,Sabah,GrabPay
ORD17915,2025-12-19,Fashion,Sunglasses,274,2,548,East Malaysia,Sarawak,GrabPay
ORD17919,2025-12-27,Electronics,Laptop,4361,3,13083,East Malaysia,Sarawak,Credit Card
ORD17920,2025-03-17,Fashion,Backpack,90,3,270,East Malaysia,Sarawak,FPX
ORD17922,2025-02-09,Electronics,Smartwatch,2825,3,8475,East Malaysia,Sarawak,FPX
ORD17924,2025-12-25,Home,Office Chair,661,3,1983,East Malaysia,Sabah,FPX
ORD17925,2025-01-19,Electronics,Smartphone,783,3,2349,East Malaysia,Sabah,Credit Card
ORD17927,2025-04-29,Electronics,Smartphone,1382,2,2764,East Malaysia,Sarawak,Credit Card
ORD17929,2025-09-15,Home,Air Purifier,522,2,1044,East Malaysia,Sabah,Credit Card
ORD17930,2025-12-31,Electronics,Wireless Earbuds,4264,2,8528,East Malaysia,Sabah,GrabPay
ORD17931,2025-05-28,Home,Office Chair,357,3,1071,East Malaysia,Sabah,Credit Card
ORD17932,2025-09-22,Home,Air Purifier,595,1,595,East Malaysia,Sabah,FPX
ORD17935,2025-11-13,Fashion,T-Shirt,339,4,1356,East Malaysia,Sarawak,Credit Card
ORD17936,2025-10-09,Home,Air Purifier,111,2,222,East Malaysia,Sabah,TNG eWallet
ORD17937,2025-05-17,Home,Coffee Maker,208,1,208,East Malaysia,Sarawak,Credit Card
ORD17939,2025-09-29,Fashion,Sunglasses,157,1,157,East Malaysia,Sarawak,FPX
ORD17940,2025-03-18,Home,Office Chair,596,2,1192,East Malaysia,Sarawak,GrabPay
ORD17942,2025-05-17,Home,Desk Lamp,691,1,691,East Malaysia,Sarawak,Credit Card
ORD17944,2025-04-01,Home,Desk Lamp,435,3,1305,East Malaysia,Sabah,Credit Card
ORD17950,2025-01-13,Home,Office Chair,275,1,275,East Malaysia,Sabah,GrabPay
ORD17951,2025-03-11,Home,Office Chair,652,1,652,East Malaysia,Sarawak,TNG eWallet
ORD17952,2025-12-01,Fashion,T-Shirt,176,1,176,East Malaysia,Sarawak,FPX
ORD17953,2025-07-23,Electronics,Wireless Earbuds,2459,1,2459,East Malaysia,Sarawak,GrabPay
ORD17956,2025-03-08,Fashion,T-Shirt,105,2,210,East Malaysia,Sarawak,GrabPay
ORD17959,2025-03-05,Fashion,Sunglasses,212,4,848,East Malaysia,Sabah,GrabPay
ORD17960,2025-04-08,Electronics,Laptop,3035,2,6070,East Malaysia,Sarawak,FPX
ORD17962,2025-01-18,Fashion,Sneakers,75,4,300,East Malaysia,Sarawak,Credit Card
ORD17963,2025-04-19,Home,Coffee Maker,271,4,1084,East Malaysia,Sarawak,GrabPay
ORD17964,2025-07-19,Electronics,Wireless Earbuds,2110,3,6330,East Malaysia,Sarawak,Credit Card
ORD17970,2025-01-09,Home,Office Chair,643,4,2572,East Malaysia,Sabah,GrabPay
ORD17972,2025-12-02,Home,Office Chair,717,3,2151,East Malaysia,Sarawak,FPX
ORD17974,2025-05-16,Home,Desk Lamp,621,2,1242,East Malaysia,Sabah,FPX
ORD17975,2025-02-17,Electronics,Laptop,3340,3,10020,East Malaysia,Sabah,FPX
ORD17976,2025-08-20,Fashion,T-Shirt,369,2,738,East Malaysia,Sarawak,Credit Card
ORD17977,2025-08-06,Fashion,Sunglasses,148,3,444,East Malaysia,Sarawak,TNG eWallet
ORD17978,2025-07-30,Home,Desk Lamp,627,1,627,East Malaysia,Sarawak,FPX
ORD17980,2025-08-26,Fashion,Sneakers,298,2,596,East Malaysia,Sarawak,TNG eWallet
ORD17983,2025-11-05,Electronics,Smartphone,3277,4,13108,East Malaysia,Sarawak,FPX
ORD17986,2025-06-01,Fashion,Backpack,93,2,186,East Malaysia,Sabah,FPX
ORD17996,2025-08-03,Fashion,T-Shirt,95,4,380,East Malaysia,Sabah,FPX
ORD17998,2025-04-23,Home,Coffee Maker,720,4,2880,East Malaysia,Sarawak,Credit Card
ORD17999,2025-07-20,Electronics,Smartphone,990,4,3960,East Malaysia,Sabah,FPX
ORD18002,2025-03-21,Fashion,Sneakers,354,1,354,East Malaysia,Sabah,GrabPay
ORD18003,2025-05-27,Electronics,Smartwatch,971,4,3884,East Malaysia,Sarawak,TNG eWallet
ORD18004,2025-10-07,Home,Office Chair,636,3,1908,East Malaysia,Sabah,TNG eWallet
ORD18006,2025-09-29,Fashion,Backpack,357,4,1428,East Malaysia,Sarawak,TNG eWallet
ORD18007,2025-12-07,Electronics,Smartphone,3173,2,6346,East Malaysia,Sabah,GrabPay
ORD18010,2025-12-13,Fashion,T-Shirt,115,2,230,East Malaysia,Sarawak,TNG eWallet
ORD18013,2025-05-12,Electronics,Wireless Earbuds,4191,1,4191,East Malaysia,Sarawak,FPX
ORD18016,2025-02-06,Home,Air Purifier,654,4,2616,East Malaysia,Sarawak,TNG eWallet
ORD18019,2025-07-03,Fashion,Sunglasses,98,3,294,East Malaysia,Sarawak,Credit Card
ORD18028,2025-08-05,Fashion,T-Shirt,136,3,408,East Malaysia,Sarawak,Credit Card
ORD18030,2025-01-15,Home,Coffee Maker,108,4,432,East Malaysia,Sarawak,Credit Card
ORD18032,2025-09-17,Fashion,Backpack,57,1,57,East Malaysia,Sabah,TNG eWallet
ORD18033,2025-06-10,Home,Coffee Maker,168,2,336,East Malaysia,Sarawak,GrabPay
ORD18034,2025-08-09,Electronics,Wireless Earbuds,1703,3,5109,East Malaysia,Sarawak,GrabPay
ORD18035,2025-08-20,Home,Office Chair,754,4,3016,East Malaysia,Sabah,GrabPay
ORD18038,2025-10-03,Fashion,Sunglasses,269,2,538,East Malaysia,Sarawak,GrabPay
ORD18043,2025-09-30,Fashion,Sunglasses,292,1,292,East Malaysia,Sabah,FPX
ORD18045,2025-10-11,Electronics,Smartwatch,372,3,1116,East Malaysia,Sarawak,TNG eWallet
ORD18046,2025-10-03,Fashion,Backpack,108,2,216,East Malaysia,Sarawak,GrabPay
ORD18048,2025-10-02,Electronics,Smartphone,2634,3,7902,East Malaysia,Sarawak,Credit Card
ORD18054,2025-10-14,Fashion,Sunglasses,157,3,471,East Malaysia,Sabah,Credit Card
ORD18055,2025-02-01,Home,Air Purifier,263,4,1052,East Malaysia,Sarawak,Credit Card
ORD18058,2025-08-02,Fashion,Sunglasses,243,3,729,East Malaysia,Sarawak,Credit Card
ORD18059,2025-06-27,Fashion,T-Shirt,390,2,780,East Malaysia,Sarawak,GrabPay
ORD18061,2025-10-27,Fashion,T-Shirt,209,2,418,East Malaysia,Sabah,Credit Card
ORD18065,2025-06-03,Home,Office Chair,310,4,1240,East Malaysia,Sabah,GrabPay
ORD18068,2025-01-01,Fashion,Sneakers,226,3,678,East Malaysia,Sabah,TNG eWallet
ORD18072,2025-06-28,Electronics,Smartwatch,3765,1,3765,East Malaysia,Sarawak,Credit Card
ORD18075,2025-02-13,Electronics,Smartphone,2152,3,6456,East Malaysia,Sabah,TNG eWallet
ORD18078,2025-12-15,Home,Office Chair,621,1,621,East Malaysia,Sabah,FPX
ORD18081,2025-06-30,Electronics,Laptop,943,1,943,East Malaysia,Sabah,Credit Card
ORD18082,2025-12-27,Electronics,Smartphone,2917,2,5834,East Malaysia,Sabah,TNG eWallet
ORD18085,2025-07-21,Fashion,T-Shirt,88,3,264,East Malaysia,Sarawak,TNG eWallet
ORD18087,2025-08-18,Electronics,Smartphone,3047,2,6094,East Malaysia,Sabah,Credit Card
ORD18088,2025-10-19,Fashion,Backpack,257,3,771,East Malaysia,Sarawak,FPX
ORD18090,2025-05-07,Fashion,T-Shirt,263,4,1052,East Malaysia,Sabah,GrabPay
ORD18091,2025-04-20,Fashion,T-Shirt,222,2,444,East Malaysia,Sabah,TNG eWallet
ORD18092,2025-07-17,Electronics,Wireless Earbuds,1856,2,3712,East Malaysia,Sarawak,FPX
ORD18095,2025-06-29,Fashion,Backpack,78,1,78,East Malaysia,Sarawak,Credit Card
ORD18098,2025-05-18,Home,Desk Lamp,393,2,786,East Malaysia,Sarawak,GrabPay
ORD18099,2025-10-06,Fashion,Sneakers,331,2,662,East Malaysia,Sabah,GrabPay
ORD18100,2025-12-31,Fashion,Sneakers,355,3,1065,East Malaysia,Sarawak,Credit Card
ORD18102,2025-09-21,Home,Air Purifier,590,4,2360,East Malaysia,Sarawak,Credit Card
ORD18103,2025-08-27,Home,Desk Lamp,602,4,2408,East Malaysia,Sarawak,GrabPay
ORD18107,2025-04-18,Home,Desk Lamp,389,1,389,East Malaysia,Sabah,GrabPay
ORD18111,2025-06-26,Fashion,T-Shirt,73,4,292,East Malaysia,Sabah,Credit Card
ORD18113,2025-03-03,Home,Air Purifier,311,3,933,East Malaysia,Sabah,GrabPay
ORD18120,2025-01-05,Home,Office Chair,613,4,2452,East Malaysia,Sabah,TNG eWallet
ORD18122,2025-07-16,Home,Desk Lamp,124,1,124,East Malaysia,Sabah,Credit Card
ORD18123,2025-11-09,Fashion,Sneakers,140,2,280,East Malaysia,Sarawak,TNG eWallet
ORD18124,2025-07-08,Home,Desk Lamp,214,2,428,East Malaysia,Sabah,TNG eWallet
ORD18127,2025-08-14,Home,Office Chair,494,1,494,East Malaysia,Sarawak,GrabPay
ORD18131,2025-09-07,Home,Coffee Maker,137,4,548,East Malaysia,Sabah,GrabPay
ORD18133,2025-02-15,Fashion,T-Shirt,100,1,100,East Malaysia,Sarawak,FPX
ORD18135,2025-12-07,Fashion,Backpack,378,2,756,East Malaysia,Sarawak,TNG eWallet
ORD18136,2025-03-02,Home,Coffee Maker,536,1,536,East Malaysia,Sabah,Credit Card
ORD18138,2025-04-13,Fashion,Backpack,58,1,58,East Malaysia,Sarawak,TNG eWallet
ORD18139,2025-06-29,Home,Desk Lamp,310,3,930,East Malaysia,Sarawak,FPX
ORD18141,2025-03-14,Fashion,T-Shirt,243,3,729,East Malaysia,Sarawak,FPX
ORD18143,2025-06-18,Electronics,Wireless Earbuds,3856,2,7712,East Malaysia,Sabah,Credit Card
ORD18144,2025-12-29,Home,Air Purifier,234,2,468,East Malaysia,Sarawak,TNG eWallet
ORD18145,2025-09-18,Electronics,Smartwatch,2041,3,6123,East Malaysia,Sarawak,FPX
ORD18146,2025-04-14,Home,Coffee Maker,182,1,182,East Malaysia,Sarawak,FPX
ORD18150,2025-12-12,Electronics,Smartwatch,3767,3,11301,East Malaysia,Sabah,TNG eWallet
ORD18153,2025-12-11,Fashion,T-Shirt,396,1,396,East Malaysia,Sabah,TNG eWallet
ORD18155,2025-03-09,Electronics,Laptop,2393,1,2393,East Malaysia,Sabah,Credit Card
ORD18156,2025-10-12,Fashion,Sunglasses,158,1,158,East Malaysia,Sabah,Credit Card
ORD18160,2025-07-08,Home,Office Chair,218,4,872,East Malaysia,Sarawak,Credit Card
ORD18161,2025-03-12,Home,Air Purifier,588,3,1764,East Malaysia,Sabah,TNG eWallet
ORD18163,2025-02-11,Electronics,Smartwatch,2347,3,7041,East Malaysia,Sabah,GrabPay
ORD18166,2025-12-03,Home,Desk Lamp,129,4,516,East Malaysia,Sarawak,FPX
ORD18167,2025-07-23,Fashion,Sunglasses,271,2,542,East Malaysia,Sabah,TNG eWallet
ORD18169,2025-10-16,Home,Office Chair,573,3,1719,East Malaysia,Sarawak,GrabPay
ORD18171,2025-07-10,Home,Air Purifier,217,1,217,East Malaysia,Sarawak,GrabPay
ORD18172,2025-08-17,Fashion,Sneakers,72,1,72,East Malaysia,Sarawak,FPX
ORD18176,2025-08-01,Electronics,Wireless Earbuds,1775,1,1775,East Malaysia,Sabah,TNG eWallet
ORD18177,2025-08-17,Fashion,Sneakers,80,3,240,East Malaysia,Sabah,FPX
ORD18178,2025-01-28,Fashion,Backpack,76,2,152,East Malaysia,Sabah,TNG eWallet
ORD18180,2025-10-13,Electronics,Smartwatch,623,3,1869,East Malaysia,Sarawak,GrabPay
ORD18182,2025-05-16,Electronics,Smartwatch,3570,2,7140,East Malaysia,Sarawak,Credit Card
ORD18184,2025-11-27,Home,Desk Lamp,590,2,1180,East Malaysia,Sarawak,FPX
ORD18185,2025-08-08,Home,Coffee Maker,351,1,351,East Malaysia,Sarawak,Credit Card
ORD18187,2025-03-04,Fashion,Sneakers,125,2,250,East Malaysia,Sarawak,TNG eWallet
ORD18191,2025-09-15,Electronics,Wireless Earbuds,3330,1,3330,East Malaysia,Sabah,TNG eWallet
ORD18194,2025-01-18,Electronics,Smartphone,2721,1,2721,East Malaysia,Sabah,FPX
ORD18195,2025-05-27,Fashion,Sunglasses,98,1,98,East Malaysia,Sarawak,TNG eWallet
ORD18197,2025-10-03,Fashion,Sunglasses,395,3,1185,East Malaysia,Sabah,GrabPay
ORD18198,2025-12-08,Home,Coffee Maker,625,4,2500,East Malaysia,Sabah,FPX
ORD18200,2025-11-26,Electronics,Smartphone,4332,4,17328,East Malaysia,Sarawak,GrabPay
ORD18202,2025-12-14,Electronics,Smartwatch,2392,2,4784,East Malaysia,Sabah,GrabPay
ORD18203,2025-02-06,Home,Desk Lamp,747,2,1494,East Malaysia,Sarawak,Credit Card
ORD18209,2025-04-28,Home,Coffee Maker,508,2,1016,East Malaysia,Sarawak,GrabPay
ORD18210,2025-09-27,Fashion,Sneakers,364,3,1092,East Malaysia,Sabah,Credit Card
ORD18212,2025-12-29,Electronics,Laptop,2692,2,5384,East Malaysia,Sarawak,TNG eWallet
ORD18214,2025-04-12,Home,Coffee Maker,435,4,1740,East Malaysia,Sabah,FPX
ORD18215,2025-10-28,Electronics,Smartwatch,3875,1,3875,East Malaysia,Sarawak,GrabPay
ORD18217,2025-08-23,Electronics,Smartwatch,3203,1,3203,East Malaysia,Sarawak,FPX
ORD18223,2025-05-05,Electronics,Wireless Earbuds,2983,3,8949,East Malaysia,Sarawak,TNG eWallet
ORD18226,2025-12-31,Home,Air Purifier,591,3,1773,East Malaysia,Sarawak,FPX
ORD18227,2025-07-20,Home,Air Purifier,723,3,2169,East Malaysia,Sarawak,Credit Card
ORD18230,2025-09-18,Electronics,Smartphone,2562,1,2562,East Malaysia,Sarawak,FPX
ORD18231,2025-12-08,Home,Office Chair,646,4,2584,East Malaysia,Sabah,Credit Card
ORD18233,2025-02-03,Fashion,Sneakers,285,3,855,East Malaysia,Sabah,FPX
ORD18236,2025-01-02,Electronics,Wireless Earbuds,1004,1,1004,East Malaysia,Sarawak,GrabPay
ORD18237,2025-03-25,Electronics,Smartphone,795,3,2385,East Malaysia,Sarawak,Credit Card
ORD18238,2025-08-15,Home,Desk Lamp,412,3,1236,East Malaysia,Sabah,GrabPay
ORD18239,2025-11-07,Electronics,Wireless Earbuds,3251,4,13004,East Malaysia,Sarawak,GrabPay
ORD18240,2025-12-09,Electronics,Wireless Earbuds,1477,3,4431,East Malaysia,Sabah,GrabPay
ORD18242,2025-01-29,Fashion,Sneakers,396,1,396,East Malaysia,Sabah,TNG eWallet
ORD18243,2025-03-13,Electronics,Smartphone,738,4,2952,East Malaysia,Sarawak,GrabPay
ORD18244,2025-05-14,Fashion,Backpack,209,4,836,East Malaysia,Sarawak,Credit Card
ORD18246,2025-02-09,Home,Air Purifier,613,2,1226,East Malaysia,Sarawak,GrabPay
ORD18250,2025-03-21,Electronics,Smartwatch,1715,1,1715,East Malaysia,Sabah,TNG eWallet
ORD18251,2025-01-30,Fashion,T-Shirt,400,1,400,East Malaysia,Sabah,GrabPay
ORD18254,2025-09-20,Home,Coffee Maker,189,1,189,East Malaysia,Sabah,TNG eWallet
ORD18256,2025-06-02,Fashion,Backpack,351,3,1053,East Malaysia,Sarawak,FPX
ORD18257,2025-11-19,Home,Office Chair,210,4,840,East Malaysia,Sarawak,GrabPay
ORD18258,2025-10-16,Home,Air Purifier,349,3,1047,East Malaysia,Sabah,FPX
ORD18259,2025-12-14,Electronics,Wireless Earbuds,2137,2,4274,East Malaysia,Sarawak,FPX
ORD18260,2025-11-28,Home,Office Chair,525,1,525,East Malaysia,Sabah,GrabPay
ORD18261,2025-06-07,Electronics,Wireless Earbuds,3482,3,10446,East Malaysia,Sarawak,TNG eWallet
ORD18262,2025-05-10,Fashion,Sunglasses,79,3,237,East Malaysia,Sarawak,GrabPay
ORD18267,2025-10-09,Electronics,Smartwatch,1841,2,3682,East Malaysia,Sabah,GrabPay
ORD18269,2025-06-30,Fashion,Backpack,92,4,368,East Malaysia,Sabah,Credit Card
ORD18274,2025-06-28,Fashion,Sunglasses,351,4,1404,East Malaysia,Sarawak,GrabPay
ORD18275,2025-11-10,Electronics,Laptop,3349,3,10047,East Malaysia,Sarawak,TNG eWallet
ORD18277,2025-10-30,Electronics,Laptop,4332,4,17328,East Malaysia,Sabah,Credit Card
ORD18282,2025-01-12,Home,Coffee Maker,743,1,743,East Malaysia,Sabah,FPX
ORD18285,2025-09-21,Fashion,T-Shirt,312,4,1248,East Malaysia,Sabah,GrabPay
ORD18286,2025-08-14,Fashion,Sneakers,317,2,634,East Malaysia,Sarawak,Credit Card
ORD18289,2025-09-28,Fashion,T-Shirt,51,1,51,East Malaysia,Sabah,TNG eWallet
ORD18290,2025-09-10,Electronics,Wireless Earbuds,1308,2,2616,East Malaysia,Sabah,TNG eWallet
ORD18296,2025-09-10,Home,Air Purifier,599,2,1198,East Malaysia,Sabah,FPX
ORD18302,2025-12-29,Fashion,Sunglasses,293,4,1172,East Malaysia,Sarawak,TNG eWallet
ORD18303,2025-11-26,Fashion,Backpack,322,3,966,East Malaysia,Sarawak,Credit Card
ORD18307,2025-10-24,Fashion,Sneakers,213,1,213,East Malaysia,Sabah,GrabPay
ORD18308,2025-04-30,Fashion,T-Shirt,343,1,343,East Malaysia,Sarawak,FPX
ORD18310,2025-05-24,Fashion,T-Shirt,171,3,513,East Malaysia,Sarawak,TNG eWallet
ORD18311,2025-09-09,Home,Desk Lamp,700,3,2100,East Malaysia,Sabah,TNG eWallet
ORD18312,2025-04-29,Fashion,Backpack,394,1,394,East Malaysia,Sabah,TNG eWallet
ORD18313,2025-08-19,Home,Office Chair,189,3,567,East Malaysia,Sabah,GrabPay
ORD18314,2025-03-20,Home,Air Purifier,171,4,684,East Malaysia,Sabah,Credit Card
ORD18316,2025-02-10,Electronics,Wireless Earbuds,417,3,1251,East Malaysia,Sabah,Credit Card
ORD18317,2025-02-21,Fashion,T-Shirt,67,4,268,East Malaysia,Sabah,TNG eWallet
ORD18321,2025-05-02,Home,Office Chair,117,3,351,East Malaysia,Sabah,FPX
ORD18322,2025-07-01,Electronics,Laptop,2188,2,4376,East Malaysia,Sarawak,FPX
ORD18323,2025-10-14,Home,Air Purifier,144,1,144,East Malaysia,Sarawak,GrabPay
ORD18324,2025-06-21,Fashion,Sunglasses,396,2,792,East Malaysia,Sarawak,GrabPay
ORD18327,2025-07-15,Home,Desk Lamp,589,1,589,East Malaysia,Sarawak,GrabPay
ORD18328,2025-12-02,Home,Office Chair,440,3,1320,East Malaysia,Sarawak,GrabPay
ORD18329,2025-06-02,Home,Air Purifier,367,4,1468,East Malaysia,Sabah,Credit Card
ORD18331,2025-12-31,Electronics,Laptop,2252,4,9008,East Malaysia,Sabah,Credit Card
ORD18335,2025-05-04,Fashion,T-Shirt,197,3,591,East Malaysia,Sarawak,Credit Card
ORD18336,2025-11-22,Fashion,Sunglasses,102,1,102,East Malaysia,Sabah,GrabPay
ORD18339,2025-05-03,Electronics,Smartphone,406,3,1218,East Malaysia,Sabah,TNG eWallet
ORD18341,2025-09-03,Fashion,Sunglasses,322,1,322,East Malaysia,Sarawak,FPX
ORD18344,2025-09-27,Fashion,Backpack,270,4,1080,East Malaysia,Sabah,GrabPay
ORD18346,2025-01-17,Electronics,Laptop,2336,3,7008,East Malaysia,Sabah,TNG eWallet
ORD18347,2025-05-18,Electronics,Wireless Earbuds,2288,2,4576,East Malaysia,Sabah,GrabPay
ORD18351,2025-08-21,Home,Desk Lamp,674,1,674,East Malaysia,Sarawak,GrabPay
ORD18352,2025-09-09,Electronics,Smartwatch,662,2,1324,East Malaysia,Sabah,Credit Card
ORD18364,2025-08-18,Electronics,Wireless Earbuds,2483,2,4966,East Malaysia,Sarawak,TNG eWallet
ORD18365,2025-11-13,Fashion,Backpack,138,4,552,East Malaysia,Sabah,GrabPay
ORD18366,2025-10-19,Electronics,Wireless Earbuds,2733,2,5466,East Malaysia,Sarawak,TNG eWallet
ORD18367,2025-05-27,Electronics,Laptop,904,3,2712,East Malaysia,Sabah,TNG eWallet
ORD18368,2025-08-19,Home,Office Chair,487,4,1948,East Malaysia,Sarawak,GrabPay
ORD18370,2025-07-25,Electronics,Smartphone,2884,3,8652,East Malaysia,Sarawak,Credit Card
ORD18372,2025-07-24,Home,Desk Lamp,100,1,100,East Malaysia,Sabah,GrabPay
ORD18376,2025-12-21,Electronics,Wireless Earbuds,3100,4,12400,East Malaysia,Sarawak,TNG eWallet
ORD18379,2025-02-27,Fashion,T-Shirt,172,4,688,East Malaysia,Sabah,FPX
ORD18380,2025-09-05,Electronics,Laptop,1355,2,2710,East Malaysia,Sabah,Credit Card
ORD18382,2025-09-07,Home,Office Chair,224,4,896,East Malaysia,Sarawak,GrabPay
ORD18386,2025-05-28,Fashion,Sunglasses,322,2,644,East Malaysia,Sarawak,TNG eWallet
ORD18388,2025-02-21,Home,Desk Lamp,745,2,1490,East Malaysia,Sarawak,Credit Card
ORD18390,2025-11-19,Fashion,T-Shirt,110,3,330,East Malaysia,Sabah,Credit Card
ORD18394,2025-08-19,Home,Coffee Maker,122,3,366,East Malaysia,Sarawak,GrabPay
ORD18395,2025-01-03,Electronics,Smartphone,3516,2,7032,East Malaysia,Sarawak,TNG eWallet
ORD18396,2025-03-25,Fashion,T-Shirt,141,2,282,East Malaysia,Sabah,Credit Card
ORD18397,2025-03-23,Home,Office Chair,726,4,2904,East Malaysia,Sarawak,Credit Card
ORD18398,2025-12-22,Fashion,Sunglasses,94,2,188,East Malaysia,Sabah,GrabPay
ORD18399,2025-01-16,Electronics,Laptop,4299,2,8598,East Malaysia,Sarawak,GrabPay
ORD18400,2025-05-23,Electronics,Smartwatch,4345,4,17380,East Malaysia,Sabah,Credit Card
ORD18401,2025-10-28,Fashion,Sneakers,234,4,936,East Malaysia,Sarawak,Credit Card
ORD18404,2025-04-24,Electronics,Smartphone,2953,4,11812,East Malaysia,Sabah,GrabPay
ORD18405,2025-07-04,Home,Air Purifier,314,2,628,East Malaysia,Sabah,Credit Card
ORD18407,2025-12-11,Fashion,T-Shirt,320,1,320,East Malaysia,Sabah,GrabPay
ORD18409,2025-11-21,Home,Desk Lamp,226,2,452,East Malaysia,Sarawak,GrabPay
ORD18410,2025-05-25,Fashion,Backpack,104,1,104,East Malaysia,Sarawak,GrabPay
ORD18414,2025-07-17,Fashion,T-Shirt,212,3,636,East Malaysia,Sarawak,GrabPay
ORD18415,2025-09-27,Home,Coffee Maker,711,2,1422,East Malaysia,Sabah,Credit Card
ORD18416,2025-11-11,Fashion,Backpack,348,3,1044,East Malaysia,Sabah,Credit Card
ORD18419,2025-08-25,Home,Office Chair,703,1,703,East Malaysia,Sarawak,FPX
ORD18421,2025-04-23,Fashion,Backpack,233,4,932,East Malaysia,Sabah,GrabPay
ORD18422,2025-08-23,Home,Desk Lamp,143,3,429,East Malaysia,Sarawak,Credit Card
ORD18423,2025-02-03,Fashion,T-Shirt,293,4,1172,East Malaysia,Sabah,FPX
ORD18424,2025-08-31,Electronics,Smartphone,2682,1,2682,East Malaysia,Sarawak,GrabPay
ORD18425,2025-11-28,Home,Desk Lamp,456,4,1824,East Malaysia,Sabah,TNG eWallet
ORD18427,2025-02-15,Home,Coffee Maker,527,4,2108,East Malaysia,Sarawak,FPX
ORD18431,2025-07-13,Home,Desk Lamp,648,3,1944,East Malaysia,Sarawak,Credit Card
ORD18432,2025-08-30,Electronics,Smartphone,2043,2,4086,East Malaysia,Sabah,TNG eWallet
ORD18433,2025-12-30,Home,Office Chair,217,1,217,East Malaysia,Sabah,TNG eWallet
ORD18437,2025-08-12,Electronics,Wireless Earbuds,2131,3,6393,East Malaysia,Sarawak,TNG eWallet
ORD18442,2025-03-10,Fashion,Sneakers,138,2,276,East Malaysia,Sabah,TNG eWallet
ORD18443,2025-01-16,Electronics,Smartwatch,2957,1,2957,East Malaysia,Sabah,GrabPay
ORD18444,2025-11-08,Fashion,Sneakers,112,1,112,East Malaysia,Sabah,GrabPay
ORD18445,2025-12-07,Fashion,Sunglasses,283,2,566,East Malaysia,Sabah,FPX
ORD18449,2025-08-25,Fashion,T-Shirt,157,2,314,East Malaysia,Sarawak,GrabPay
ORD18452,2025-12-16,Fashion,T-Shirt,52,3,156,East Malaysia,Sarawak,GrabPay
ORD18453,2025-04-11,Electronics,Laptop,4488,1,4488,East Malaysia,Sarawak,GrabPay
ORD18455,2025-05-13,Electronics,Smartwatch,3562,3,10686,East Malaysia,Sabah,Credit Card
ORD18456,2025-09-12,Fashion,T-Shirt,200,2,400,East Malaysia,Sabah,GrabPay
ORD18458,2025-10-21,Home,Desk Lamp,352,4,1408,East Malaysia,Sarawak,TNG eWallet
ORD18460,2025-04-11,Electronics,Smartphone,4329,1,4329,East Malaysia,Sarawak,TNG eWallet
ORD18461,2025-11-29,Home,Air Purifier,209,2,418,East Malaysia,Sabah,TNG eWallet
ORD18462,2025-02-08,Home,Office Chair,147,1,147,East Malaysia,Sabah,TNG eWallet
ORD18464,2025-08-26,Electronics,Laptop,4485,2,8970,East Malaysia,Sarawak,TNG eWallet
ORD18465,2025-07-25,Electronics,Smartphone,4286,2,8572,East Malaysia,Sabah,TNG eWallet
ORD18466,2025-09-27,Home,Office Chair,131,1,131,East Malaysia,Sabah,Credit Card
ORD18467,2025-05-05,Fashion,Sunglasses,339,4,1356,East Malaysia,Sabah,FPX
ORD18468,2025-10-01,Fashion,T-Shirt,121,4,484,East Malaysia,Sarawak,GrabPay
ORD18469,2025-01-19,Home,Coffee Maker,458,2,916,East Malaysia,Sarawak,GrabPay
ORD18471,2025-06-04,Fashion,Sunglasses,54,2,108,East Malaysia,Sarawak,GrabPay
ORD18478,2025-03-20,Electronics,Smartwatch,409,4,1636,East Malaysia,Sarawak,FPX
ORD18479,2025-09-28,Home,Coffee Maker,221,4,884,East Malaysia,Sarawak,FPX
ORD18485,2025-02-16,Home,Coffee Maker,735,4,2940,East Malaysia,Sabah,FPX
ORD18486,2025-09-22,Electronics,Smartphone,2876,2,5752,East Malaysia,Sabah,Credit Card
ORD18489,2025-03-15,Home,Air Purifier,407,1,407,East Malaysia,Sarawak,TNG eWallet
ORD18490,2025-10-07,Home,Office Chair,456,1,456,East Malaysia,Sarawak,GrabPay
ORD18493,2025-08-31,Home,Desk Lamp,754,1,754,East Malaysia,Sarawak,Credit Card
ORD18495,2025-02-15,Fashion,Sneakers,241,2,482,East Malaysia,Sarawak,FPX
ORD18498,2025-11-15,Home,Office Chair,665,2,1330,East Malaysia,Sarawak,TNG eWallet
ORD18500,2025-11-23,Electronics,Smartwatch,3836,1,3836,East Malaysia,Sabah,Credit Card
ORD18501,2025-07-14,Fashion,Backpack,379,2,758,East Malaysia,Sarawak,GrabPay
ORD18504,2025-10-16,Home,Coffee Maker,775,1,775,East Malaysia,Sarawak,FPX
ORD18505,2025-11-13,Electronics,Smartphone,1251,4,5004,East Malaysia,Sarawak,TNG eWallet
ORD18507,2025-04-05,Electronics,Smartphone,3647,4,14588,East Malaysia,Sabah,FPX
ORD18508,2025-05-12,Fashion,Sneakers,114,4,456,East Malaysia,Sarawak,TNG eWallet
ORD18511,2025-04-11,Home,Air Purifier,228,3,684,East Malaysia,Sarawak,TNG eWallet
ORD18513,2025-11-02,Electronics,Laptop,3552,1,3552,East Malaysia,Sabah,TNG eWallet
ORD18515,2025-11-28,Home,Air Purifier,738,1,738,East Malaysia,Sarawak,GrabPay
ORD18516,2025-08-01,Electronics,Smartphone,4457,3,13371,East Malaysia,Sabah,FPX
ORD18517,2025-12-31,Home,Desk Lamp,216,4,864,East Malaysia,Sarawak,GrabPay
ORD18520,2025-01-23,Electronics,Smartwatch,3908,2,7816,East Malaysia,Sabah,Credit Card
ORD18521,2025-05-09,Fashion,Sunglasses,78,1,78,East Malaysia,Sarawak,FPX
ORD18523,2025-12-23,Electronics,Smartphone,4321,2,8642,East Malaysia,Sarawak,GrabPay
ORD18525,2025-12-26,Fashion,Sneakers,115,1,115,East Malaysia,Sarawak,TNG eWallet
ORD18527,2025-08-15,Fashion,T-Shirt,185,3,555,East Malaysia,Sarawak,FPX
ORD18528,2025-08-26,Home,Coffee Maker,236,3,708,East Malaysia,Sarawak,GrabPay
ORD18529,2025-11-26,Fashion,Sunglasses,390,1,390,East Malaysia,Sarawak,GrabPay
ORD18530,2025-10-03,Fashion,T-Shirt,373,4,1492,East Malaysia,Sabah,GrabPay
ORD18531,2025-07-27,Home,Air Purifier,685,3,2055,East Malaysia,Sabah,GrabPay
ORD18532,2025-08-04,Home,Coffee Maker,618,1,618,East Malaysia,Sarawak,Credit Card
ORD18535,2025-08-17,Electronics,Wireless Earbuds,1593,4,6372,East Malaysia,Sarawak,GrabPay
ORD18536,2025-02-28,Fashion,Backpack,300,3,900,East Malaysia,Sabah,TNG eWallet
ORD18537,2025-08-08,Fashion,Sneakers,289,2,578,East Malaysia,Sarawak,FPX
ORD18539,2025-11-07,Electronics,Wireless Earbuds,1419,1,1419,East Malaysia,Sabah,FPX
ORD18544,2025-09-14,Electronics,Smartphone,1845,2,3690,East Malaysia,Sabah,Credit Card
ORD18545,2025-10-12,Fashion,Backpack,262,2,524,East Malaysia,Sarawak,Credit Card
ORD18546,2025-05-20,Electronics,Smartwatch,2195,4,8780,East Malaysia,Sabah,GrabPay
ORD18547,2025-05-12,Home,Office Chair,542,2,1084,East Malaysia,Sarawak,TNG eWallet
ORD18551,2025-03-20,Fashion,Sunglasses,325,2,650,East Malaysia,Sabah,Credit Card
ORD18552,2025-09-02,Fashion,Sneakers,288,1,288,East Malaysia,Sarawak,GrabPay
ORD18554,2025-12-02,Home,Air Purifier,395,3,1185,East Malaysia,Sarawak,GrabPay
ORD18555,2025-04-28,Electronics,Laptop,499,4,1996,East Malaysia,Sarawak,GrabPay
ORD18556,2025-06-19,Home,Office Chair,477,2,954,East Malaysia,Sarawak,TNG eWallet
ORD18557,2025-11-18,Home,Air Purifier,377,4,1508,East Malaysia,Sarawak,Credit Card
ORD18561,2025-03-06,Electronics,Wireless Earbuds,1695,1,1695,East Malaysia,Sarawak,FPX
ORD18562,2025-04-20,Home,Office Chair,329,4,1316,East Malaysia,Sabah,TNG eWallet
ORD18563,2025-08-27,Fashion,Backpack,67,2,134,East Malaysia,Sabah,Credit Card
ORD18564,2025-06-29,Home,Office Chair,134,3,402,East Malaysia,Sarawak,FPX
ORD18565,2025-10-11,Home,Desk Lamp,622,4,2488,East Malaysia,Sabah,GrabPay
ORD18566,2025-04-29,Fashion,Sunglasses,160,2,320,East Malaysia,Sabah,GrabPay
ORD18570,2025-01-01,Electronics,Smartphone,1248,2,2496,East Malaysia,Sarawak,GrabPay
ORD18573,2025-04-15,Fashion,T-Shirt,242,1,242,East Malaysia,Sabah,TNG eWallet
ORD18574,2025-02-22,Fashion,Sunglasses,179,1,179,East Malaysia,Sabah,GrabPay
ORD18575,2025-01-28,Fashion,Backpack,235,3,705,East Malaysia,Sabah,TNG eWallet
ORD18580,2025-05-28,Home,Coffee Maker,755,4,3020,East Malaysia,Sarawak,Credit Card
ORD18581,2025-01-05,Home,Desk Lamp,306,2,612,East Malaysia,Sarawak,FPX
ORD18585,2025-01-09,Fashion,Sunglasses,323,2,646,East Malaysia,Sabah,TNG eWallet
ORD18586,2025-02-12,Home,Coffee Maker,664,4,2656,East Malaysia,Sabah,GrabPay
ORD18587,2025-10-27,Electronics,Smartphone,2541,1,2541,East Malaysia,Sabah,GrabPay
ORD18592,2025-09-12,Fashion,Backpack,123,4,492,East Malaysia,Sabah,Credit Card
ORD18594,2025-02-10,Fashion,Sunglasses,323,1,323,East Malaysia,Sarawak,GrabPay
ORD18595,2025-01-17,Electronics,Smartphone,1517,2,3034,East Malaysia,Sarawak,Credit Card
ORD18596,2025-12-20,Electronics,Smartwatch,356,3,1068,East Malaysia,Sabah,FPX
ORD18597,2025-01-22,Fashion,Sunglasses,179,1,179,East Malaysia,Sarawak,FPX
ORD18598,2025-11-01,Home,Office Chair,340,3,1020,East Malaysia,Sabah,FPX
ORD18599,2025-06-02,Home,Office Chair,386,3,1158,East Malaysia,Sabah,GrabPay
ORD18605,2025-12-16,Electronics,Smartwatch,1413,2,2826,East Malaysia,Sabah,Credit Card
ORD18606,2025-05-19,Fashion,T-Shirt,194,3,582,East Malaysia,Sabah,Credit Card
ORD18608,2025-01-24,Home,Desk Lamp,270,3,810,East Malaysia,Sarawak,GrabPay
ORD18613,2025-07-07,Fashion,Backpack,317,4,1268,East Malaysia,Sarawak,Credit Card
ORD18614,2025-06-08,Electronics,Laptop,499,3,1497,East Malaysia,Sarawak,Credit Card
ORD18617,2025-01-13,Fashion,T-Shirt,74,4,296,East Malaysia,Sarawak,TNG eWallet
ORD18618,2025-06-13,Fashion,Backpack,165,4,660,East Malaysia,Sarawak,Credit Card
ORD18619,2025-06-25,Electronics,Smartwatch,2405,1,2405,East Malaysia,Sabah,Credit Card
ORD18620,2025-10-11,Electronics,Smartwatch,1808,3,5424,East Malaysia,Sarawak,GrabPay
ORD18623,2025-01-14,Fashion,Sneakers,399,4,1596,East Malaysia,Sarawak,TNG eWallet
ORD18624,2025-07-16,Electronics,Laptop,2153,3,6459,East Malaysia,Sabah,TNG eWallet
ORD18628,2025-08-25,Fashion,Sunglasses,188,3,564,East Malaysia,Sabah,GrabPay
ORD18630,2025-03-23,Electronics,Laptop,3860,3,11580,East Malaysia,Sarawak,FPX
ORD18631,2025-09-18,Home,Coffee Maker,221,1,221,East Malaysia,Sabah,Credit Card
ORD18632,2025-09-18,Fashion,Backpack,215,2,430,East Malaysia,Sarawak,FPX
ORD18633,2025-07-02,Fashion,T-Shirt,329,4,1316,East Malaysia,Sabah,GrabPay
ORD18638,2025-12-12,Fashion,Sneakers,348,3,1044,East Malaysia,Sarawak,GrabPay
ORD18639,2025-05-10,Home,Desk Lamp,140,1,140,East Malaysia,Sabah,TNG eWallet
ORD18640,2025-01-06,Home,Air Purifier,215,4,860,East Malaysia,Sarawak,Credit Card
ORD18642,2025-08-06,Electronics,Laptop,2050,2,4100,East Malaysia,Sabah,Credit Card
ORD18643,2025-06-10,Electronics,Wireless Earbuds,2106,2,4212,East Malaysia,Sarawak,Credit Card
ORD18644,2025-06-07,Fashion,Sneakers,67,3,201,East Malaysia,Sarawak,TNG eWallet
ORD18651,2025-05-23,Home,Air Purifier,181,2,362,East Malaysia,Sabah,FPX
ORD18652,2025-07-03,Home,Air Purifier,202,4,808,East Malaysia,Sabah,TNG eWallet
ORD18654,2025-07-14,Fashion,Backpack,214,3,642,East Malaysia,Sarawak,Credit Card
ORD18655,2025-01-01,Electronics,Wireless Earbuds,2409,4,9636,East Malaysia,Sabah,GrabPay
ORD18656,2025-01-18,Fashion,Backpack,80,4,320,East Malaysia,Sabah,GrabPay
ORD18657,2025-01-25,Fashion,Sneakers,63,1,63,East Malaysia,Sarawak,Credit Card
ORD18659,2025-09-16,Electronics,Laptop,1267,3,3801,East Malaysia,Sabah,GrabPay
ORD18661,2025-11-06,Electronics,Smartwatch,2827,3,8481,East Malaysia,Sabah,Credit Card
ORD18662,2025-07-21,Electronics,Smartphone,2273,3,6819,East Malaysia,Sabah,Credit Card
ORD18664,2025-01-13,Home,Office Chair,580,3,1740,East Malaysia,Sabah,GrabPay
ORD18665,2025-03-25,Home,Air Purifier,391,1,391,East Malaysia,Sabah,GrabPay
ORD18666,2025-06-01,Home,Office Chair,549,2,1098,East Malaysia,Sabah,TNG eWallet
ORD18669,2025-12-07,Home,Coffee Maker,431,2,862,East Malaysia,Sabah,GrabPay
ORD18672,2025-04-26,Fashion,Sunglasses,142,4,568,East Malaysia,Sarawak,GrabPay
ORD18677,2025-07-11,Home,Air Purifier,570,2,1140,East Malaysia,Sabah,GrabPay
ORD18679,2025-03-31,Electronics,Smartphone,1237,4,4948,East Malaysia,Sarawak,GrabPay
ORD18680,2025-05-07,Home,Coffee Maker,306,2,612,East Malaysia,Sabah,TNG eWallet
ORD18682,2025-05-15,Home,Air Purifier,430,1,430,East Malaysia,Sarawak,FPX
ORD18683,2025-11-23,Electronics,Laptop,2640,4,10560,East Malaysia,Sabah,FPX
ORD18684,2025-11-24,Fashion,Sneakers,348,1,348,East Malaysia,Sarawak,GrabPay
ORD18685,2025-09-19,Fashion,Sunglasses,147,2,294,East Malaysia,Sarawak,FPX
ORD18688,2025-07-26,Fashion,T-Shirt,386,1,386,East Malaysia,Sarawak,Credit Card
ORD18691,2025-10-11,Fashion,Sunglasses,220,1,220,East Malaysia,Sarawak,Credit Card
ORD18696,2025-02-18,Electronics,Laptop,4412,2,8824,East Malaysia,Sabah,Credit Card
ORD18698,2025-09-15,Fashion,Backpack,112,4,448,East Malaysia,Sabah,TNG eWallet
ORD18702,2025-03-14,Fashion,Backpack,218,4,872,East Malaysia,Sarawak,Credit Card
ORD18704,2025-11-01,Home,Coffee Maker,766,3,2298,East Malaysia,Sarawak,FPX
ORD18706,2025-01-22,Home,Desk Lamp,686,1,686,East Malaysia,Sarawak,FPX
ORD18707,2025-07-11,Fashion,Backpack,227,2,454,East Malaysia,Sarawak,GrabPay
ORD18708,2025-01-08,Home,Coffee Maker,755,2,1510,East Malaysia,Sabah,GrabPay
ORD18709,2025-02-23,Electronics,Laptop,667,3,2001,East Malaysia,Sabah,Credit Card
ORD18711,2025-01-14,Home,Coffee Maker,610,2,1220,East Malaysia,Sarawak,GrabPay
ORD18717,2025-05-15,Home,Coffee Maker,557,3,1671,East Malaysia,Sarawak,FPX
ORD18718,2025-12-15,Fashion,Sunglasses,261,4,1044,East Malaysia,Sabah,TNG eWallet
ORD18719,2025-03-19,Electronics,Smartphone,3315,3,9945,East Malaysia,Sabah,GrabPay
ORD18723,2025-05-25,Fashion,T-Shirt,304,2,608,East Malaysia,Sabah,GrabPay
ORD18724,2025-07-05,Electronics,Smartphone,2486,3,7458,East Malaysia,Sarawak,Credit Card
ORD18725,2025-09-06,Fashion,Sunglasses,298,4,1192,East Malaysia,Sarawak,GrabPay
ORD18727,2025-12-26,Home,Coffee Maker,626,4,2504,East Malaysia,Sarawak,TNG eWallet
ORD18730,2025-10-23,Home,Desk Lamp,762,3,2286,East Malaysia,Sabah,TNG eWallet
ORD18732,2025-01-17,Electronics,Smartphone,588,4,2352,East Malaysia,Sarawak,GrabPay
ORD18733,2025-06-15,Home,Coffee Maker,569,3,1707,East Malaysia,Sarawak,FPX
ORD18734,2025-07-24,Electronics,Laptop,3611,1,3611,East Malaysia,Sabah,GrabPay
ORD18735,2025-09-05,Electronics,Smartphone,1467,2,2934,East Malaysia,Sarawak,GrabPay
ORD18738,2025-11-21,Home,Office Chair,456,1,456,East Malaysia,Sarawak,TNG eWallet
ORD18743,2025-03-21,Home,Office Chair,195,2,390,East Malaysia,Sarawak,GrabPay
ORD18746,2025-05-08,Electronics,Smartphone,1419,3,4257,East Malaysia,Sarawak,TNG eWallet
ORD18748,2025-04-19,Fashion,Sneakers,176,4,704,East Malaysia,Sabah,Credit Card
ORD18750,2025-11-12,Fashion,Backpack,300,1,300,East Malaysia,Sarawak,GrabPay
ORD18751,2025-06-01,Home,Desk Lamp,587,2,1174,East Malaysia,Sabah,FPX
ORD18752,2025-09-19,Fashion,Sunglasses,180,2,360,East Malaysia,Sabah,GrabPay
ORD18753,2025-07-16,Home,Office Chair,246,1,246,East Malaysia,Sabah,TNG eWallet
ORD18754,2025-01-03,Home,Air Purifier,188,2,376,East Malaysia,Sarawak,GrabPay
ORD18755,2025-08-27,Fashion,T-Shirt,203,3,609,East Malaysia,Sabah,GrabPay
ORD18756,2025-03-22,Fashion,Backpack,153,2,306,East Malaysia,Sabah,TNG eWallet
ORD18757,2025-03-03,Home,Air Purifier,281,3,843,East Malaysia,Sarawak,GrabPay
ORD18759,2025-08-28,Home,Desk Lamp,380,4,1520,East Malaysia,Sarawak,Credit Card
ORD18761,2025-07-15,Electronics,Smartphone,1206,1,1206,East Malaysia,Sabah,FPX
ORD18763,2025-11-22,Electronics,Smartwatch,3856,2,7712,East Malaysia,Sabah,FPX
ORD18767,2025-08-02,Home,Desk Lamp,416,4,1664,East Malaysia,Sarawak,GrabPay
ORD18768,2025-04-30,Home,Coffee Maker,326,4,1304,East Malaysia,Sarawak,FPX
ORD18771,2025-02-05,Home,Office Chair,189,4,756,East Malaysia,Sarawak,GrabPay
ORD18773,2025-11-17,Electronics,Laptop,3466,4,13864,East Malaysia,Sabah,FPX
ORD18779,2025-04-11,Home,Office Chair,789,3,2367,East Malaysia,Sarawak,FPX
ORD18782,2025-11-26,Home,Desk Lamp,115,2,230,East Malaysia,Sarawak,Credit Card
ORD18783,2025-11-18,Electronics,Smartwatch,1749,4,6996,East Malaysia,Sarawak,FPX
ORD18786,2025-06-28,Fashion,Backpack,190,1,190,East Malaysia,Sabah,TNG eWallet
ORD18791,2025-03-12,Home,Office Chair,782,4,3128,East Malaysia,Sarawak,TNG eWallet
ORD18794,2025-04-26,Electronics,Laptop,339,1,339,East Malaysia,Sabah,TNG eWallet
ORD18796,2025-06-19,Home,Air Purifier,219,3,657,East Malaysia,Sarawak,Credit Card
ORD18797,2025-10-11,Fashion,Backpack,221,3,663,East Malaysia,Sarawak,Credit Card
ORD18799,2025-02-09,Electronics,Smartwatch,2642,1,2642,East Malaysia,Sarawak,FPX
ORD18800,2025-05-30,Electronics,Smartwatch,1703,1,1703,East Malaysia,Sarawak,GrabPay
ORD18801,2025-11-26,Home,Air Purifier,481,4,1924,East Malaysia,Sabah,GrabPay
ORD18803,2025-12-28,Electronics,Smartphone,4095,2,8190,East Malaysia,Sarawak,TNG eWallet
ORD18804,2025-12-20,Home,Desk Lamp,233,4,932,East Malaysia,Sabah,GrabPay
ORD18805,2025-06-04,Electronics,Smartwatch,4389,4,17556,East Malaysia,Sabah,GrabPay
ORD18808,2025-08-16,Electronics,Wireless Earbuds,455,2,910,East Malaysia,Sabah,GrabPay
ORD18809,2025-11-01,Home,Desk Lamp,295,1,295,East Malaysia,Sarawak,GrabPay
ORD18810,2025-09-13,Fashion,Backpack,138,4,552,East Malaysia,Sabah,FPX
ORD18813,2025-02-26,Home,Office Chair,689,3,2067,East Malaysia,Sabah,TNG eWallet
ORD18814,2025-07-26,Fashion,Backpack,324,2,648,East Malaysia,Sabah,Credit Card
ORD18816,2025-02-06,Fashion,Sunglasses,228,3,684,East Malaysia,Sarawak,Credit Card
ORD18818,2025-11-22,Home,Office Chair,668,2,1336,East Malaysia,Sabah,GrabPay
ORD18820,2025-03-06,Electronics,Smartphone,2666,2,5332,East Malaysia,Sabah,TNG eWallet
ORD18821,2025-07-26,Fashion,Sunglasses,245,3,735,East Malaysia,Sabah,Credit Card
ORD18822,2025-03-10,Electronics,Wireless Earbuds,2216,1,2216,East Malaysia,Sabah,FPX
ORD18823,2025-12-23,Fashion,Sunglasses,384,4,1536,East Malaysia,Sarawak,Credit Card
ORD18825,2025-02-23,Home,Desk Lamp,633,2,1266,East Malaysia,Sabah,TNG eWallet
ORD18828,2025-03-30,Home,Air Purifier,756,3,2268,East Malaysia,Sarawak,TNG eWallet
ORD18831,2025-02-10,Home,Coffee Maker,103,2,206,East Malaysia,Sarawak,TNG eWallet
ORD18832,2025-06-18,Electronics,Laptop,4213,1,4213,East Malaysia,Sabah,TNG eWallet
ORD18834,2025-08-24,Electronics,Wireless Earbuds,2106,1,2106,East Malaysia,Sarawak,Credit Card
ORD18835,2025-07-25,Electronics,Laptop,2373,3,7119,East Malaysia,Sabah,Credit Card
ORD18837,2025-09-28,Home,Desk Lamp,209,3,627,East Malaysia,Sarawak,Credit Card
ORD18838,2025-10-01,Fashion,Backpack,328,4,1312,East Malaysia,Sabah,Credit Card
ORD18841,2025-08-27,Fashion,Backpack,156,2,312,East Malaysia,Sarawak,Credit Card
ORD18844,2025-03-14,Fashion,Sneakers,293,1,293,East Malaysia,Sarawak,TNG eWallet
ORD18846,2025-03-19,Electronics,Smartwatch,4196,2,8392,East Malaysia,Sabah,FPX
ORD18848,2025-01-21,Home,Office Chair,309,2,618,East Malaysia,Sabah,TNG eWallet
ORD18849,2025-09-19,Fashion,Sunglasses,250,1,250,East Malaysia,Sabah,GrabPay
ORD18850,2025-01-31,Fashion,T-Shirt,327,2,654,East Malaysia,Sabah,Credit Card
ORD18852,2025-09-22,Electronics,Smartwatch,4342,4,17368,East Malaysia,Sabah,GrabPay
ORD18853,2025-01-11,Fashion,Sneakers,393,3,1179,East Malaysia,Sarawak,Credit Card
ORD18856,2025-11-16,Home,Desk Lamp,536,4,2144,East Malaysia,Sarawak,Credit Card
ORD18857,2025-08-22,Electronics,Smartphone,3726,1,3726,East Malaysia,Sarawak,FPX
ORD18860,2025-09-26,Home,Desk Lamp,727,2,1454,East Malaysia,Sarawak,FPX
ORD18862,2025-11-09,Fashion,T-Shirt,129,1,129,East Malaysia,Sarawak,GrabPay
ORD18865,2025-03-08,Electronics,Smartwatch,2886,3,8658,East Malaysia,Sarawak,FPX
ORD18866,2025-06-03,Electronics,Laptop,922,4,3688,East Malaysia,Sarawak,FPX
ORD18868,2025-08-28,Home,Air Purifier,316,1,316,East Malaysia,Sarawak,FPX
ORD18869,2025-05-03,Home,Desk Lamp,752,1,752,East Malaysia,Sarawak,FPX
ORD18870,2025-04-19,Electronics,Laptop,923,2,1846,East Malaysia,Sarawak,GrabPay
ORD18872,2025-04-12,Home,Office Chair,412,3,1236,East Malaysia,Sabah,Credit Card
ORD18874,2025-09-26,Electronics,Wireless Earbuds,3946,3,11838,East Malaysia,Sabah,Credit Card
ORD18875,2025-10-04,Fashion,Sunglasses,152,3,456,East Malaysia,Sarawak,Credit Card
ORD18877,2025-07-31,Electronics,Wireless Earbuds,3930,2,7860,East Malaysia,Sabah,FPX
ORD18878,2025-05-29,Home,Desk Lamp,249,4,996,East Malaysia,Sabah,Credit Card
ORD18880,2025-04-22,Fashion,Sneakers,79,4,316,East Malaysia,Sarawak,GrabPay
ORD18882,2025-05-19,Home,Office Chair,460,3,1380,East Malaysia,Sarawak,TNG eWallet
ORD18886,2025-12-29,Home,Office Chair,455,3,1365,East Malaysia,Sarawak,GrabPay
ORD18889,2025-08-02,Home,Office Chair,628,1,628,East Malaysia,Sarawak,GrabPay
ORD18891,2025-02-18,Home,Office Chair,461,2,922,East Malaysia,Sabah,TNG eWallet
ORD18892,2025-09-26,Electronics,Laptop,4429,2,8858,East Malaysia,Sarawak,TNG eWallet
ORD18895,2025-10-07,Home,Air Purifier,440,3,1320,East Malaysia,Sarawak,Credit Card
ORD18898,2025-07-07,Home,Desk Lamp,708,2,1416,East Malaysia,Sarawak,TNG eWallet
ORD18899,2025-03-18,Home,Air Purifier,256,1,256,East Malaysia,Sabah,FPX
ORD18906,2025-02-17,Electronics,Smartwatch,3091,4,12364,East Malaysia,Sarawak,FPX
ORD18908,2025-03-01,Home,Air Purifier,253,2,506,East Malaysia,Sabah,TNG eWallet
ORD18909,2025-06-20,Fashion,Backpack,211,4,844,East Malaysia,Sarawak,GrabPay
ORD18914,2025-09-15,Home,Coffee Maker,416,3,1248,East Malaysia,Sabah,GrabPay
ORD18917,2025-01-18,Fashion,Backpack,247,4,988,East Malaysia,Sabah,GrabPay
ORD18918,2025-12-18,Home,Air Purifier,773,1,773,East Malaysia,Sabah,GrabPay
ORD18920,2025-10-24,Home,Desk Lamp,733,4,2932,East Malaysia,Sabah,FPX
ORD18921,2025-04-21,Fashion,T-Shirt,332,1,332,East Malaysia,Sarawak,Credit Card
ORD18922,2025-07-10,Home,Desk Lamp,218,3,654,East Malaysia,Sarawak,GrabPay
ORD18923,2025-12-03,Fashion,Backpack,99,4,396,East Malaysia,Sabah,FPX
ORD18926,2025-02-19,Electronics,Smartwatch,2883,2,5766,East Malaysia,Sabah,GrabPay
ORD18927,2025-09-26,Home,Air Purifier,358,2,716,East Malaysia,Sarawak,TNG eWallet
ORD18928,2025-12-13,Electronics,Smartwatch,2763,1,2763,East Malaysia,Sarawak,FPX
ORD18929,2025-11-11,Home,Desk Lamp,526,4,2104,East Malaysia,Sarawak,GrabPay
ORD18940,2025-01-27,Electronics,Wireless Earbuds,1798,2,3596,East Malaysia,Sabah,Credit Card
ORD18941,2025-12-16,Home,Coffee Maker,313,4,1252,East Malaysia,Sarawak,Credit Card
ORD18942,2025-03-08,Fashion,Backpack,297,4,1188,East Malaysia,Sarawak,Credit Card
ORD18943,2025-10-26,Electronics,Smartphone,382,1,382,East Malaysia,Sarawak,TNG eWallet
ORD18944,2025-06-10,Fashion,Backpack,57,2,114,East Malaysia,Sarawak,Credit Card
ORD18945,2025-08-01,Electronics,Laptop,810,4,3240,East Malaysia,Sabah,Credit Card
ORD18946,2025-02-03,Home,Desk Lamp,439,4,1756,East Malaysia,Sabah,FPX
ORD18954,2025-05-10,Electronics,Smartwatch,2731,4,10924,East Malaysia,Sarawak,GrabPay
ORD18957,2025-05-15,Home,Coffee Maker,712,1,712,East Malaysia,Sabah,TNG eWallet
ORD18960,2025-12-03,Home,Air Purifier,331,1,331,East Malaysia,Sarawak,GrabPay
ORD18962,2025-10-03,Electronics,Smartwatch,1526,1,1526,East Malaysia,Sarawak,Credit Card
ORD18964,2025-04-25,Fashion,Backpack,81,2,162,East Malaysia,Sabah,Credit Card
ORD18968,2025-04-25,Fashion,Sunglasses,65,3,195,East Malaysia,Sabah,GrabPay
ORD18969,2025-12-10,Electronics,Wireless Earbuds,2334,4,9336,East Malaysia,Sabah,Credit Card
ORD18970,2025-12-11,Home,Coffee Maker,778,3,2334,East Malaysia,Sabah,Credit Card
ORD18972,2025-07-20,Fashion,Sunglasses,289,2,578,East Malaysia,Sarawak,Credit Card
ORD18976,2025-09-27,Home,Coffee Maker,623,3,1869,East Malaysia,Sarawak,GrabPay
ORD18977,2025-12-01,Home,Coffee Maker,298,3,894,East Malaysia,Sarawak,Credit Card
ORD18978,2025-05-04,Home,Coffee Maker,282,4,1128,East Malaysia,Sabah,TNG eWallet
ORD18979,2025-04-17,Fashion,Backpack,313,4,1252,East Malaysia,Sabah,Credit Card
ORD18980,2025-09-28,Fashion,Sunglasses,306,3,918,East Malaysia,Sarawak,Credit Card
ORD18981,2025-02-02,Electronics,Smartphone,2487,1,2487,East Malaysia,Sabah,GrabPay
ORD18982,2025-05-05,Home,Office Chair,484,2,968,East Malaysia,Sarawak,FPX
ORD18983,2025-01-22,Electronics,Smartwatch,3782,3,11346,East Malaysia,Sarawak,TNG eWallet
ORD18986,2025-12-03,Fashion,Sunglasses,172,3,516,East Malaysia,Sarawak,FPX
ORD18990,2025-04-21,Fashion,Sunglasses,337,3,1011,East Malaysia,Sabah,Credit Card
ORD18992,2025-10-19,Fashion,Sunglasses,230,3,690,East Malaysia,Sarawak,GrabPay
ORD18993,2025-03-04,Home,Coffee Maker,451,3,1353,East Malaysia,Sarawak,Credit Card
ORD18994,2025-11-11,Fashion,Sneakers,389,4,1556,East Malaysia,Sarawak,GrabPay
ORD18995,2025-12-18,Electronics,Wireless Earbuds,3277,1,3277,East Malaysia,Sabah,FPX
ORD18997,2025-10-08,Home,Office Chair,113,4,452,East Malaysia,Sarawak,TNG eWallet
ORD18998,2025-08-22,Home,Desk Lamp,160,1,160,East Malaysia,Sabah,GrabPay
ORD18999,2025-12-19,Fashion,Sunglasses,108,3,324,East Malaysia,Sabah,FPX
ORD19000,2025-07-01,Home,Coffee Maker,668,3,2004,East Malaysia,Sabah,FPX
ORD19002,2025-07-26,Electronics,Wireless Earbuds,4183,2,8366,East Malaysia,Sarawak,GrabPay
ORD19003,2025-03-27,Home,Desk Lamp,760,4,3040,East Malaysia,Sabah,Credit Card
ORD19004,2025-02-01,Electronics,Smartphone,1714,3,5142,East Malaysia,Sabah,TNG eWallet
ORD19005,2025-01-05,Fashion,T-Shirt,254,1,254,East Malaysia,Sabah,TNG eWallet
ORD19007,2025-02-04,Electronics,Laptop,964,2,1928,East Malaysia,Sarawak,TNG eWallet
ORD19010,2025-03-26,Electronics,Smartphone,1785,1,1785,East Malaysia,Sarawak,Credit Card
ORD19013,2025-06-07,Home,Office Chair,263,2,526,East Malaysia,Sarawak,TNG eWallet
ORD19017,2025-03-11,Home,Desk Lamp,293,3,879,East Malaysia,Sabah,FPX
ORD19019,2025-10-11,Home,Air Purifier,247,2,494,East Malaysia,Sarawak,FPX
ORD19020,2025-05-27,Fashion,Sneakers,170,4,680,East Malaysia,Sarawak,FPX
ORD19024,2025-01-10,Electronics,Smartwatch,2750,3,8250,East Malaysia,Sabah,Credit Card
ORD19029,2025-04-26,Electronics,Smartphone,2697,1,2697,East Malaysia,Sarawak,FPX
ORD19031,2025-04-05,Electronics,Smartphone,2572,2,5144,East Malaysia,Sarawak,GrabPay
ORD19034,2025-03-13,Home,Air Purifier,675,1,675,East Malaysia,Sabah,Credit Card
ORD19036,2025-06-08,Electronics,Wireless Earbuds,1046,2,2092,East Malaysia,Sabah,TNG eWallet
ORD19037,2025-05-09,Home,Desk Lamp,726,3,2178,East Malaysia,Sabah,TNG eWallet
ORD19038,2025-01-31,Electronics,Smartwatch,2783,2,5566,East Malaysia,Sabah,Credit Card
ORD19039,2025-03-01,Fashion,Sneakers,335,4,1340,East Malaysia,Sabah,FPX
ORD19040,2025-11-05,Electronics,Laptop,1782,4,7128,East Malaysia,Sabah,Credit Card
ORD19041,2025-08-11,Home,Office Chair,569,4,2276,East Malaysia,Sabah,TNG eWallet
ORD19042,2025-05-03,Fashion,Sneakers,369,2,738,East Malaysia,Sabah,FPX
ORD19045,2025-02-15,Home,Coffee Maker,594,1,594,East Malaysia,Sabah,TNG eWallet
ORD19047,2025-12-18,Electronics,Wireless Earbuds,2134,3,6402,East Malaysia,Sarawak,Credit Card
ORD19048,2025-04-02,Electronics,Wireless Earbuds,3777,2,7554,East Malaysia,Sabah,FPX
ORD19050,2025-10-07,Electronics,Smartwatch,3597,4,14388,East Malaysia,Sabah,FPX
ORD19054,2025-04-04,Electronics,Smartphone,3026,4,12104,East Malaysia,Sarawak,GrabPay
ORD19058,2025-05-10,Fashion,Sneakers,162,2,324,East Malaysia,Sarawak,FPX
ORD19060,2025-03-29,Home,Desk Lamp,226,3,678,East Malaysia,Sabah,FPX
ORD19061,2025-05-05,Fashion,Sunglasses,87,4,348,East Malaysia,Sabah,TNG eWallet
ORD19063,2025-05-16,Fashion,Sunglasses,316,3,948,East Malaysia,Sarawak,TNG eWallet
ORD19064,2025-04-21,Electronics,Smartwatch,725,2,1450,East Malaysia,Sarawak,GrabPay
ORD19065,2025-12-17,Fashion,Sneakers,157,3,471,East Malaysia,Sabah,TNG eWallet
ORD19066,2025-08-17,Fashion,T-Shirt,186,3,558,East Malaysia,Sarawak,GrabPay
ORD19067,2025-08-18,Fashion,T-Shirt,233,3,699,East Malaysia,Sabah,GrabPay
ORD19074,2025-01-07,Home,Coffee Maker,374,1,374,East Malaysia,Sabah,GrabPay
ORD19076,2025-01-01,Electronics,Wireless Earbuds,1268,1,1268,East Malaysia,Sabah,GrabPay
ORD19077,2025-11-28,Home,Office Chair,593,3,1779,East Malaysia,Sabah,FPX
ORD19079,2025-09-01,Home,Air Purifier,767,4,3068,East Malaysia,Sarawak,GrabPay
ORD19080,2025-10-21,Electronics,Smartphone,3578,2,7156,East Malaysia,Sabah,TNG eWallet
ORD19082,2025-12-13,Fashion,Sunglasses,208,2,416,East Malaysia,Sabah,TNG eWallet
ORD19089,2025-08-07,Fashion,Sunglasses,161,1,161,East Malaysia,Sarawak,TNG eWallet
ORD19090,2025-05-12,Fashion,Sneakers,376,2,752,East Malaysia,Sabah,GrabPay
ORD19091,2025-07-10,Home,Coffee Maker,736,2,1472,East Malaysia,Sarawak,GrabPay
ORD19095,2025-04-05,Home,Desk Lamp,396,4,1584,East Malaysia,Sabah,FPX
ORD19096,2025-09-24,Fashion,Sneakers,343,3,1029,East Malaysia,Sarawak,FPX
ORD19098,2025-03-25,Electronics,Wireless Earbuds,2999,4,11996,East Malaysia,Sabah,GrabPay
ORD19100,2025-01-13,Fashion,Backpack,172,2,344,East Malaysia,Sabah,FPX
ORD19102,2025-07-02,Fashion,T-Shirt,386,2,772,East Malaysia,Sarawak,Credit Card
ORD19103,2025-04-09,Electronics,Smartphone,1360,2,2720,East Malaysia,Sarawak,FPX
ORD19104,2025-01-15,Electronics,Smartwatch,1815,2,3630,East Malaysia,Sabah,FPX
ORD19105,2025-01-29,Electronics,Laptop,879,2,1758,East Malaysia,Sabah,Credit Card
ORD19106,2025-03-20,Fashion,Backpack,83,1,83,East Malaysia,Sabah,GrabPay
ORD19108,2025-02-06,Electronics,Smartphone,2985,2,5970,East Malaysia,Sabah,TNG eWallet
ORD19112,2025-09-02,Home,Air Purifier,107,2,214,East Malaysia,Sabah,TNG eWallet
ORD19115,2025-04-29,Fashion,Sneakers,82,1,82,East Malaysia,Sarawak,Credit Card
ORD19116,2025-01-07,Home,Desk Lamp,157,3,471,East Malaysia,Sarawak,FPX
ORD19120,2025-11-03,Home,Office Chair,389,1,389,East Malaysia,Sarawak,Credit Card
ORD19127,2025-01-13,Electronics,Laptop,2191,2,4382,East Malaysia,Sabah,GrabPay
ORD19128,2025-12-11,Home,Desk Lamp,129,2,258,East Malaysia,Sarawak,Credit Card
ORD19131,2025-08-09,Home,Desk Lamp,304,2,608,East Malaysia,Sabah,Credit Card
ORD19132,2025-11-15,Electronics,Smartwatch,3892,4,15568,East Malaysia,Sabah,Credit Card
ORD19134,2025-11-10,Fashion,T-Shirt,112,4,448,East Malaysia,Sabah,Credit Card
ORD19136,2025-03-14,Fashion,Sneakers,121,3,363,East Malaysia,Sarawak,GrabPay
ORD19141,2025-12-01,Home,Air Purifier,138,1,138,East Malaysia,Sabah,Credit Card
ORD19142,2025-11-21,Fashion,Backpack,271,1,271,East Malaysia,Sarawak,Credit Card
ORD19144,2025-04-01,Fashion,Backpack,310,1,310,East Malaysia,Sabah,TNG eWallet
ORD19148,2025-08-06,Electronics,Laptop,2343,2,4686,East Malaysia,Sabah,TNG eWallet
ORD19150,2025-07-13,Fashion,Backpack,177,4,708,East Malaysia,Sabah,Credit Card
ORD19153,2025-05-24,Fashion,Backpack,293,2,586,East Malaysia,Sabah,TNG eWallet
ORD19156,2025-01-18,Home,Air Purifier,459,1,459,East Malaysia,Sabah,FPX
ORD19161,2025-02-10,Home,Coffee Maker,719,2,1438,East Malaysia,Sabah,TNG eWallet
ORD19162,2025-08-14,Fashion,Sneakers,83,2,166,East Malaysia,Sabah,Credit Card
ORD19164,2025-03-23,Fashion,T-Shirt,351,3,1053,East Malaysia,Sabah,TNG eWallet
ORD19165,2025-11-22,Electronics,Smartwatch,1919,3,5757,East Malaysia,Sabah,Credit Card
ORD19166,2025-08-30,Electronics,Laptop,2374,2,4748,East Malaysia,Sabah,Credit Card
ORD19167,2025-02-02,Fashion,Sneakers,244,3,732,East Malaysia,Sarawak,FPX
ORD19168,2025-06-14,Fashion,Sunglasses,188,2,376,East Malaysia,Sabah,GrabPay
ORD19169,2025-01-12,Home,Air Purifier,741,4,2964,East Malaysia,Sarawak,FPX
ORD19170,2025-09-01,Electronics,Wireless Earbuds,4109,3,12327,East Malaysia,Sabah,Credit Card
ORD19171,2025-01-24,Electronics,Laptop,3621,2,7242,East Malaysia,Sabah,FPX
ORD19174,2025-02-02,Fashion,Backpack,227,3,681,East Malaysia,Sarawak,GrabPay
ORD19178,2025-01-22,Electronics,Smartwatch,2694,4,10776,East Malaysia,Sarawak,TNG eWallet
ORD19179,2025-09-04,Electronics,Laptop,711,1,711,East Malaysia,Sabah,FPX
ORD19180,2025-01-01,Fashion,Sunglasses,89,2,178,East Malaysia,Sabah,Credit Card
ORD19181,2025-12-19,Fashion,T-Shirt,140,1,140,East Malaysia,Sabah,Credit Card
ORD19182,2025-12-06,Electronics,Wireless Earbuds,1274,4,5096,East Malaysia,Sarawak,Credit Card
ORD19183,2025-08-25,Electronics,Laptop,3212,3,9636,East Malaysia,Sarawak,GrabPay
ORD19185,2025-12-28,Home,Desk Lamp,641,2,1282,East Malaysia,Sabah,GrabPay
ORD19186,2025-10-16,Home,Coffee Maker,746,1,746,East Malaysia,Sarawak,GrabPay
ORD19187,2025-12-20,Electronics,Laptop,405,2,810,East Malaysia,Sarawak,GrabPay
ORD19188,2025-01-07,Fashion,Sunglasses,244,2,488,East Malaysia,Sarawak,FPX
ORD19189,2025-05-12,Home,Office Chair,551,2,1102,East Malaysia,Sarawak,Credit Card
ORD19201,2025-08-16,Home,Desk Lamp,118,3,354,East Malaysia,Sarawak,TNG eWallet
ORD19202,2025-11-28,Fashion,Backpack,198,1,198,East Malaysia,Sarawak,Credit Card
ORD19203,2025-10-25,Electronics,Smartwatch,3060,3,9180,East Malaysia,Sarawak,GrabPay
ORD19205,2025-03-18,Home,Office Chair,567,3,1701,East Malaysia,Sabah,FPX
ORD19206,2025-05-27,Home,Office Chair,198,3,594,East Malaysia,Sabah,TNG eWallet
ORD19207,2025-07-14,Home,Desk Lamp,799,3,2397,East Malaysia,Sabah,Credit Card
ORD19208,2025-09-23,Home,Desk Lamp,250,3,750,East Malaysia,Sabah,GrabPay
ORD19209,2025-01-25,Fashion,Sunglasses,241,3,723,East Malaysia,Sarawak,Credit Card
ORD19210,2025-08-02,Home,Coffee Maker,433,4,1732,East Malaysia,Sarawak,FPX
ORD19211,2025-07-14,Fashion,Sneakers,309,4,1236,East Malaysia,Sarawak,Credit Card
ORD19215,2025-03-05,Home,Air Purifier,425,4,1700,East Malaysia,Sarawak,Credit Card
ORD19216,2025-03-13,Fashion,Sneakers,162,4,648,East Malaysia,Sabah,FPX
ORD19217,2025-01-27,Electronics,Smartwatch,2858,2,5716,East Malaysia,Sabah,GrabPay
ORD19219,2025-04-21,Home,Air Purifier,338,2,676,East Malaysia,Sarawak,Credit Card
ORD19220,2025-09-17,Home,Office Chair,717,4,2868,East Malaysia,Sarawak,FPX
ORD19221,2025-10-26,Home,Air Purifier,723,3,2169,East Malaysia,Sarawak,TNG eWallet
ORD19222,2025-02-11,Electronics,Laptop,831,1,831,East Malaysia,Sarawak,Credit Card
ORD19224,2025-07-24,Fashion,Sneakers,296,4,1184,East Malaysia,Sarawak,Credit Card
ORD19226,2025-09-05,Fashion,Backpack,50,3,150,East Malaysia,Sabah,FPX
ORD19229,2025-11-11,Home,Coffee Maker,333,3,999,East Malaysia,Sabah,FPX
ORD19230,2025-06-20,Home,Coffee Maker,141,1,141,East Malaysia,Sarawak,FPX
ORD19231,2025-04-11,Fashion,Backpack,70,4,280,East Malaysia,Sabah,FPX
ORD19232,2025-12-05,Electronics,Smartwatch,367,2,734,East Malaysia,Sabah,TNG eWallet
ORD19235,2025-07-15,Electronics,Wireless Earbuds,1995,4,7980,East Malaysia,Sabah,FPX
ORD19236,2025-09-15,Fashion,Backpack,86,4,344,East Malaysia,Sabah,GrabPay
ORD19238,2025-03-29,Home,Air Purifier,355,2,710,East Malaysia,Sarawak,TNG eWallet
ORD19239,2025-06-24,Fashion,T-Shirt,136,2,272,East Malaysia,Sabah,Credit Card
ORD19240,2025-09-11,Home,Office Chair,450,1,450,East Malaysia,Sarawak,Credit Card
ORD19241,2025-08-17,Home,Coffee Maker,486,2,972,East Malaysia,Sarawak,TNG eWallet
ORD19243,2025-04-25,Home,Air Purifier,515,2,1030,East Malaysia,Sabah,FPX
ORD19246,2025-05-29,Electronics,Smartphone,392,4,1568,East Malaysia,Sarawak,FPX
ORD19248,2025-09-23,Home,Coffee Maker,369,4,1476,East Malaysia,Sabah,TNG eWallet
ORD19249,2025-11-22,Fashion,T-Shirt,381,1,381,East Malaysia,Sarawak,TNG eWallet
ORD19251,2025-12-07,Fashion,Sneakers,287,2,574,East Malaysia,Sabah,Credit Card
ORD19254,2025-12-31,Fashion,T-Shirt,97,4,388,East Malaysia,Sabah,Credit Card
ORD19256,2025-10-16,Home,Coffee Maker,609,3,1827,East Malaysia,Sabah,FPX
ORD19257,2025-11-25,Home,Air Purifier,365,3,1095,East Malaysia,Sabah,FPX
ORD19259,2025-01-19,Home,Desk Lamp,790,1,790,East Malaysia,Sarawak,FPX
ORD19260,2025-11-28,Electronics,Wireless Earbuds,4208,1,4208,East Malaysia,Sabah,GrabPay
ORD19264,2025-07-18,Electronics,Smartwatch,2427,4,9708,East Malaysia,Sabah,TNG eWallet
ORD19265,2025-04-08,Electronics,Smartphone,3655,1,3655,East Malaysia,Sabah,FPX
ORD19266,2025-05-11,Home,Office Chair,317,1,317,East Malaysia,Sabah,FPX
ORD19268,2025-01-28,Fashion,T-Shirt,244,1,244,East Malaysia,Sarawak,GrabPay
ORD19270,2025-10-26,Electronics,Laptop,3311,2,6622,East Malaysia,Sarawak,TNG eWallet
ORD19275,2025-11-10,Home,Office Chair,441,3,1323,East Malaysia,Sabah,TNG eWallet
ORD19276,2025-06-18,Electronics,Laptop,4009,3,12027,East Malaysia,Sarawak,GrabPay
ORD19278,2025-03-17,Home,Coffee Maker,487,4,1948,East Malaysia,Sabah,GrabPay
ORD19279,2025-08-28,Fashion,T-Shirt,317,4,1268,East Malaysia,Sarawak,TNG eWallet
ORD19282,2025-10-25,Home,Air Purifier,109,4,436,East Malaysia,Sarawak,TNG eWallet
ORD19283,2025-01-09,Electronics,Smartwatch,826,2,1652,East Malaysia,Sabah,Credit Card
ORD19284,2025-12-16,Electronics,Smartphone,3496,2,6992,East Malaysia,Sarawak,TNG eWallet
ORD19288,2025-07-13,Home,Coffee Maker,238,2,476,East Malaysia,Sarawak,Credit Card
ORD19289,2025-07-04,Electronics,Laptop,3515,1,3515,East Malaysia,Sabah,TNG eWallet
ORD19290,2025-07-11,Fashion,Sunglasses,114,4,456,East Malaysia,Sarawak,Credit Card
ORD19291,2025-01-18,Home,Desk Lamp,619,4,2476,East Malaysia,Sarawak,FPX
ORD19292,2025-03-17,Fashion,Sneakers,260,4,1040,East Malaysia,Sabah,FPX
ORD19293,2025-03-06,Fashion,T-Shirt,393,1,393,East Malaysia,Sabah,TNG eWallet
ORD19296,2025-06-25,Fashion,Sunglasses,105,4,420,East Malaysia,Sabah,FPX
ORD19299,2025-05-13,Electronics,Laptop,1148,4,4592,East Malaysia,Sabah,TNG eWallet
ORD19300,2025-09-20,Fashion,Sneakers,165,3,495,East Malaysia,Sabah,TNG eWallet
ORD19301,2025-07-14,Electronics,Laptop,1898,3,5694,East Malaysia,Sarawak,Credit Card
ORD19302,2025-07-29,Electronics,Smartphone,3564,4,14256,East Malaysia,Sarawak,Credit Card
ORD19303,2025-07-17,Fashion,Backpack,258,4,1032,East Malaysia,Sabah,TNG eWallet
ORD19305,2025-08-07,Electronics,Wireless Earbuds,920,2,1840,East Malaysia,Sabah,TNG eWallet
ORD19307,2025-01-02,Electronics,Smartwatch,3428,3,10284,East Malaysia,Sarawak,TNG eWallet
ORD19309,2025-11-25,Home,Office Chair,125,3,375,East Malaysia,Sabah,Credit Card
ORD19312,2025-06-07,Home,Air Purifier,222,4,888,East Malaysia,Sarawak,FPX
ORD19314,2025-09-06,Electronics,Wireless Earbuds,4019,3,12057,East Malaysia,Sarawak,Credit Card
ORD19321,2025-06-07,Fashion,T-Shirt,155,3,465,East Malaysia,Sabah,GrabPay
ORD19324,2025-10-26,Fashion,T-Shirt,343,2,686,East Malaysia,Sarawak,TNG eWallet
ORD19327,2025-10-13,Electronics,Wireless Earbuds,3261,1,3261,East Malaysia,Sabah,FPX
ORD19328,2025-01-03,Fashion,T-Shirt,130,4,520,East Malaysia,Sabah,Credit Card
ORD19329,2025-07-21,Fashion,Sneakers,218,1,218,East Malaysia,Sarawak,TNG eWallet
ORD19330,2025-03-25,Fashion,T-Shirt,223,4,892,East Malaysia,Sabah,FPX
ORD19331,2025-01-25,Electronics,Wireless Earbuds,2161,2,4322,East Malaysia,Sarawak,FPX
ORD19333,2025-04-30,Fashion,Sneakers,203,1,203,East Malaysia,Sabah,TNG eWallet
ORD19336,2025-11-06,Fashion,T-Shirt,113,2,226,East Malaysia,Sabah,FPX
ORD19337,2025-06-12,Fashion,T-Shirt,344,3,1032,East Malaysia,Sabah,GrabPay
ORD19339,2025-04-11,Electronics,Wireless Earbuds,4016,4,16064,East Malaysia,Sarawak,TNG eWallet
ORD19341,2025-05-23,Home,Desk Lamp,386,1,386,East Malaysia,Sarawak,TNG eWallet
ORD19345,2025-08-26,Electronics,Smartphone,3991,1,3991,East Malaysia,Sabah,TNG eWallet
ORD19347,2025-10-04,Fashion,T-Shirt,167,4,668,East Malaysia,Sarawak,Credit Card
ORD19348,2025-11-23,Home,Air Purifier,545,2,1090,East Malaysia,Sarawak,TNG eWallet
ORD19350,2025-08-27,Home,Desk Lamp,117,4,468,East Malaysia,Sabah,Credit Card
ORD19351,2025-12-12,Electronics,Laptop,1790,3,5370,East Malaysia,Sarawak,FPX
ORD19352,2025-11-28,Fashion,T-Shirt,334,1,334,East Malaysia,Sarawak,TNG eWallet
ORD19354,2025-12-28,Fashion,T-Shirt,369,4,1476,East Malaysia,Sarawak,TNG eWallet
ORD19355,2025-06-02,Home,Office Chair,581,2,1162,East Malaysia,Sabah,FPX
ORD19357,2025-12-23,Home,Air Purifier,300,1,300,East Malaysia,Sabah,FPX
ORD19360,2025-04-25,Fashion,T-Shirt,340,2,680,East Malaysia,Sabah,GrabPay
ORD19361,2025-10-24,Fashion,Backpack,371,1,371,East Malaysia,Sarawak,TNG eWallet
ORD19362,2025-08-30,Fashion,Sunglasses,319,3,957,East Malaysia,Sabah,TNG eWallet
ORD19363,2025-01-30,Electronics,Wireless Earbuds,3409,4,13636,East Malaysia,Sarawak,FPX
ORD19364,2025-11-03,Electronics,Smartwatch,4145,4,16580,East Malaysia,Sarawak,GrabPay
ORD19365,2025-01-28,Home,Coffee Maker,124,1,124,East Malaysia,Sarawak,GrabPay
ORD19366,2025-10-11,Electronics,Laptop,1530,3,4590,East Malaysia,Sabah,TNG eWallet
ORD19370,2025-06-22,Home,Air Purifier,449,3,1347,East Malaysia,Sarawak,TNG eWallet
ORD19376,2025-05-14,Fashion,Backpack,223,4,892,East Malaysia,Sabah,GrabPay
ORD19377,2025-09-30,Electronics,Wireless Earbuds,1748,4,6992,East Malaysia,Sabah,GrabPay
ORD19380,2025-04-26,Fashion,Sneakers,261,3,783,East Malaysia,Sabah,Credit Card
ORD19386,2025-11-15,Home,Desk Lamp,555,1,555,East Malaysia,Sabah,Credit Card
ORD19387,2025-03-31,Home,Office Chair,678,4,2712,East Malaysia,Sarawak,GrabPay
ORD19389,2025-10-29,Fashion,Backpack,242,3,726,East Malaysia,Sabah,FPX
ORD19390,2025-06-10,Electronics,Smartphone,4487,1,4487,East Malaysia,Sarawak,FPX
ORD19391,2025-05-09,Fashion,Sunglasses,378,2,756,East Malaysia,Sabah,GrabPay
ORD19392,2025-06-19,Home,Office Chair,766,2,1532,East Malaysia,Sarawak,FPX
ORD19394,2025-07-05,Fashion,Backpack,118,4,472,East Malaysia,Sabah,GrabPay
ORD19396,2025-08-27,Home,Desk Lamp,367,4,1468,East Malaysia,Sabah,Credit Card
ORD19398,2025-11-23,Electronics,Laptop,2445,3,7335,East Malaysia,Sabah,Credit Card
ORD19400,2025-10-14,Home,Coffee Maker,740,1,740,East Malaysia,Sarawak,Credit Card
ORD19402,2025-11-23,Fashion,T-Shirt,236,3,708,East Malaysia,Sabah,TNG eWallet
ORD19404,2025-04-26,Home,Coffee Maker,555,2,1110,East Malaysia,Sarawak,FPX
ORD19406,2025-06-21,Electronics,Smartphone,2253,2,4506,East Malaysia,Sarawak,FPX
ORD19407,2025-01-17,Fashion,Sneakers,127,4,508,East Malaysia,Sabah,TNG eWallet
ORD19413,2025-02-06,Home,Air Purifier,704,1,704,East Malaysia,Sarawak,Credit Card
ORD19414,2025-07-11,Electronics,Smartphone,3506,4,14024,East Malaysia,Sarawak,FPX
ORD19415,2025-11-27,Home,Air Purifier,673,2,1346,East Malaysia,Sabah,Credit Card
ORD19419,2025-02-06,Home,Office Chair,656,2,1312,East Malaysia,Sarawak,Credit Card
ORD19421,2025-02-04,Home,Desk Lamp,657,4,2628,East Malaysia,Sabah,FPX
ORD19426,2025-08-15,Electronics,Laptop,2852,1,2852,East Malaysia,Sabah,Credit Card
ORD19428,2025-08-23,Home,Coffee Maker,527,4,2108,East Malaysia,Sabah,Credit Card
ORD19430,2025-08-06,Electronics,Wireless Earbuds,527,1,527,East Malaysia,Sarawak,GrabPay
ORD19435,2025-09-19,Home,Air Purifier,305,3,915,East Malaysia,Sarawak,Credit Card
ORD19437,2025-12-08,Home,Desk Lamp,191,3,573,East Malaysia,Sabah,FPX
ORD19440,2025-03-06,Home,Coffee Maker,289,1,289,East Malaysia,Sarawak,FPX
ORD19441,2025-04-23,Home,Desk Lamp,432,1,432,East Malaysia,Sarawak,FPX
ORD19443,2025-06-05,Electronics,Smartphone,2800,2,5600,East Malaysia,Sabah,Credit Card
ORD19449,2025-01-29,Fashion,T-Shirt,101,3,303,East Malaysia,Sarawak,GrabPay
ORD19450,2025-08-21,Fashion,Sunglasses,180,4,720,East Malaysia,Sabah,Credit Card
ORD19451,2025-01-22,Electronics,Wireless Earbuds,4164,3,12492,East Malaysia,Sarawak,FPX
ORD19452,2025-12-11,Home,Coffee Maker,123,1,123,East Malaysia,Sarawak,GrabPay
ORD19453,2025-10-01,Electronics,Smartwatch,3232,4,12928,East Malaysia,Sarawak,TNG eWallet
ORD19455,2025-06-23,Fashion,Sunglasses,125,2,250,East Malaysia,Sarawak,TNG eWallet
ORD19456,2025-07-07,Home,Air Purifier,779,2,1558,East Malaysia,Sarawak,GrabPay
ORD19457,2025-07-19,Electronics,Wireless Earbuds,3870,4,15480,East Malaysia,Sarawak,GrabPay
ORD19462,2025-01-08,Fashion,Sneakers,241,3,723,East Malaysia,Sarawak,GrabPay
ORD19463,2025-07-27,Home,Desk Lamp,600,3,1800,East Malaysia,Sabah,FPX
ORD19464,2025-05-13,Electronics,Wireless Earbuds,4103,4,16412,East Malaysia,Sarawak,FPX
ORD19470,2025-10-04,Fashion,Sneakers,103,1,103,East Malaysia,Sarawak,GrabPay
ORD19471,2025-03-18,Electronics,Smartphone,1466,2,2932,East Malaysia,Sarawak,GrabPay
ORD19472,2025-03-06,Electronics,Smartphone,597,2,1194,East Malaysia,Sarawak,GrabPay
ORD19475,2025-12-26,Electronics,Wireless Earbuds,1264,1,1264,East Malaysia,Sarawak,GrabPay
ORD19476,2025-11-09,Home,Coffee Maker,726,2,1452,East Malaysia,Sarawak,TNG eWallet
ORD19477,2025-06-23,Home,Coffee Maker,118,3,354,East Malaysia,Sabah,FPX
ORD19478,2025-09-02,Fashion,T-Shirt,217,4,868,East Malaysia,Sabah,FPX
ORD19481,2025-08-27,Home,Coffee Maker,105,1,105,East Malaysia,Sarawak,GrabPay
ORD19482,2025-11-24,Electronics,Smartphone,2334,2,4668,East Malaysia,Sarawak,TNG eWallet
ORD19483,2025-01-13,Electronics,Laptop,1036,1,1036,East Malaysia,Sarawak,FPX
ORD19484,2025-08-08,Home,Air Purifier,534,2,1068,East Malaysia,Sabah,GrabPay
ORD19485,2025-11-23,Home,Desk Lamp,272,4,1088,East Malaysia,Sarawak,TNG eWallet
ORD19486,2025-01-04,Electronics,Smartwatch,1066,1,1066,East Malaysia,Sarawak,GrabPay
ORD19487,2025-01-17,Electronics,Smartwatch,3558,3,10674,East Malaysia,Sabah,FPX
ORD19489,2025-07-27,Electronics,Smartwatch,3411,4,13644,East Malaysia,Sabah,TNG eWallet
ORD19490,2025-05-08,Electronics,Smartwatch,1467,1,1467,East Malaysia,Sabah,Credit Card
ORD19491,2025-11-27,Electronics,Smartwatch,1135,4,4540,East Malaysia,Sabah,GrabPay
ORD19493,2025-06-16,Fashion,Sneakers,292,1,292,East Malaysia,Sabah,FPX
ORD19497,2025-04-27,Electronics,Smartwatch,1210,4,4840,East Malaysia,Sabah,FPX
ORD19499,2025-10-18,Electronics,Laptop,1075,4,4300,East Malaysia,Sabah,Credit Card
ORD19501,2025-11-28,Electronics,Laptop,3804,3,11412,East Malaysia,Sabah,Credit Card
ORD19503,2025-09-29,Electronics,Smartwatch,2836,2,5672,East Malaysia,Sarawak,TNG eWallet
ORD19504,2025-08-27,Electronics,Wireless Earbuds,2390,3,7170,East Malaysia,Sabah,Credit Card
ORD19505,2025-05-02,Electronics,Smartphone,1579,2,3158,East Malaysia,Sarawak,FPX
ORD19506,2025-11-12,Electronics,Wireless Earbuds,2941,1,2941,East Malaysia,Sabah,FPX
ORD19507,2025-10-12,Electronics,Smartwatch,1528,3,4584,East Malaysia,Sarawak,GrabPay
ORD19509,2025-03-22,Electronics,Laptop,1166,2,2332,East Malaysia,Sabah,GrabPay
ORD19511,2025-06-23,Home,Desk Lamp,694,3,2082,East Malaysia,Sabah,FPX
ORD19515,2025-10-31,Fashion,T-Shirt,294,3,882,East Malaysia,Sabah,TNG eWallet
ORD19516,2025-04-18,Home,Office Chair,417,1,417,East Malaysia,Sarawak,Credit Card
ORD19519,2025-01-20,Home,Air Purifier,312,1,312,East Malaysia,Sabah,GrabPay
ORD19523,2025-08-26,Home,Office Chair,135,4,540,East Malaysia,Sabah,GrabPay
ORD19524,2025-11-15,Electronics,Smartwatch,1071,2,2142,East Malaysia,Sabah,TNG eWallet
ORD19525,2025-11-27,Fashion,T-Shirt,331,3,993,East Malaysia,Sarawak,FPX
ORD19527,2025-11-22,Home,Office Chair,635,2,1270,East Malaysia,Sabah,FPX
ORD19530,2025-08-28,Home,Desk Lamp,514,1,514,East Malaysia,Sarawak,Credit Card
ORD19533,2025-03-24,Home,Desk Lamp,294,2,588,East Malaysia,Sarawak,Credit Card
ORD19535,2025-02-08,Fashion,T-Shirt,326,1,326,East Malaysia,Sabah,Credit Card
ORD19536,2025-01-12,Fashion,Backpack,275,2,550,East Malaysia,Sarawak,GrabPay
ORD19537,2025-01-18,Electronics,Wireless Earbuds,3507,4,14028,East Malaysia,Sabah,Credit Card
ORD19538,2025-10-19,Electronics,Smartwatch,2063,1,2063,East Malaysia,Sabah,GrabPay
ORD19539,2025-12-24,Home,Desk Lamp,614,4,2456,East Malaysia,Sabah,TNG eWallet
ORD19540,2025-07-06,Electronics,Laptop,434,3,1302,East Malaysia,Sabah,GrabPay
ORD19543,2025-09-04,Home,Coffee Maker,141,2,282,East Malaysia,Sarawak,TNG eWallet
ORD19545,2025-11-25,Electronics,Wireless Earbuds,2991,3,8973,East Malaysia,Sarawak,FPX
ORD19549,2025-11-20,Home,Office Chair,714,4,2856,East Malaysia,Sabah,Credit Card
ORD19551,2025-05-11,Home,Coffee Maker,196,1,196,East Malaysia,Sarawak,FPX
ORD19553,2025-12-27,Home,Coffee Maker,679,1,679,East Malaysia,Sarawak,TNG eWallet
ORD19555,2025-07-19,Home,Air Purifier,790,1,790,East Malaysia,Sabah,GrabPay
ORD19556,2025-04-01,Home,Office Chair,592,3,1776,East Malaysia,Sarawak,TNG eWallet
ORD19558,2025-07-19,Electronics,Smartwatch,2768,1,2768,East Malaysia,Sabah,TNG eWallet
ORD19559,2025-01-08,Home,Air Purifier,239,4,956,East Malaysia,Sarawak,Credit Card
ORD19560,2025-10-22,Fashion,Sneakers,126,1,126,East Malaysia,Sarawak,FPX
ORD19561,2025-03-06,Home,Air Purifier,460,1,460,East Malaysia,Sabah,GrabPay
ORD19562,2025-02-14,Electronics,Wireless Earbuds,2362,4,9448,East Malaysia,Sabah,FPX
ORD19566,2025-08-03,Home,Air Purifier,214,1,214,East Malaysia,Sarawak,Credit Card
ORD19567,2025-07-31,Electronics,Smartwatch,2037,3,6111,East Malaysia,Sabah,FPX
ORD19568,2025-03-24,Electronics,Smartphone,2410,3,7230,East Malaysia,Sabah,GrabPay
ORD19569,2025-11-20,Fashion,T-Shirt,320,3,960,East Malaysia,Sarawak,Credit Card
ORD19576,2025-12-06,Fashion,Backpack,169,2,338,East Malaysia,Sabah,FPX
ORD19580,2025-01-20,Home,Desk Lamp,170,1,170,East Malaysia,Sabah,FPX
ORD19581,2025-06-03,Electronics,Laptop,2713,4,10852,East Malaysia,Sarawak,FPX
ORD19583,2025-01-28,Electronics,Smartphone,3182,3,9546,East Malaysia,Sarawak,TNG eWallet
ORD19586,2025-04-29,Home,Desk Lamp,693,4,2772,East Malaysia,Sarawak,Credit Card
ORD19593,2025-10-05,Fashion,Backpack,240,4,960,East Malaysia,Sarawak,GrabPay
ORD19594,2025-08-24,Home,Office Chair,331,3,993,East Malaysia,Sarawak,FPX
ORD19595,2025-07-19,Home,Air Purifier,635,3,1905,East Malaysia,Sarawak,Credit Card
ORD19602,2025-08-11,Home,Air Purifier,316,1,316,East Malaysia,Sabah,GrabPay
ORD19605,2025-06-06,Electronics,Wireless Earbuds,3798,4,15192,East Malaysia,Sabah,Credit Card
ORD19606,2025-10-14,Home,Air Purifier,570,1,570,East Malaysia,Sarawak,TNG eWallet
ORD19607,2025-08-02,Fashion,T-Shirt,317,3,951,East Malaysia,Sarawak,FPX
ORD19608,2025-11-15,Electronics,Wireless Earbuds,931,4,3724,East Malaysia,Sabah,FPX
ORD19609,2025-01-24,Home,Office Chair,343,3,1029,East Malaysia,Sarawak,FPX
ORD19613,2025-08-12,Fashion,Sneakers,296,2,592,East Malaysia,Sabah,FPX
ORD19615,2025-07-10,Electronics,Wireless Earbuds,2436,2,4872,East Malaysia,Sarawak,Credit Card
ORD19616,2025-09-21,Home,Desk Lamp,788,1,788,East Malaysia,Sabah,TNG eWallet
ORD19618,2025-12-01,Electronics,Smartwatch,4228,4,16912,East Malaysia,Sabah,FPX
ORD19622,2025-02-13,Fashion,Backpack,189,4,756,East Malaysia,Sarawak,TNG eWallet
ORD19624,2025-07-15,Fashion,Sunglasses,160,1,160,East Malaysia,Sabah,GrabPay
ORD19626,2025-09-06,Electronics,Laptop,3270,2,6540,East Malaysia,Sabah,Credit Card
ORD19629,2025-07-24,Electronics,Laptop,3448,1,3448,East Malaysia,Sabah,FPX
ORD19630,2025-12-30,Home,Office Chair,281,3,843,East Malaysia,Sabah,TNG eWallet
ORD19633,2025-10-31,Electronics,Smartwatch,1099,3,3297,East Malaysia,Sarawak,FPX
ORD19634,2025-03-26,Electronics,Wireless Earbuds,3935,4,15740,East Malaysia,Sarawak,FPX
ORD19637,2025-06-11,Fashion,Sneakers,101,4,404,East Malaysia,Sarawak,Credit Card
ORD19640,2025-06-06,Home,Air Purifier,671,4,2684,East Malaysia,Sarawak,FPX
ORD19643,2025-06-21,Electronics,Smartphone,2647,3,7941,East Malaysia,Sabah,TNG eWallet
ORD19644,2025-09-13,Electronics,Smartphone,3037,3,9111,East Malaysia,Sarawak,FPX
ORD19646,2025-10-11,Home,Office Chair,156,2,312,East Malaysia,Sarawak,Credit Card
ORD19647,2025-01-01,Fashion,Sneakers,81,2,162,East Malaysia,Sarawak,TNG eWallet
ORD19648,2025-05-06,Fashion,Backpack,207,1,207,East Malaysia,Sarawak,TNG eWallet
ORD19649,2025-09-29,Fashion,T-Shirt,263,1,263,East Malaysia,Sabah,GrabPay
ORD19650,2025-09-29,Electronics,Smartphone,3326,1,3326,East Malaysia,Sabah,FPX
ORD19653,2025-11-24,Home,Desk Lamp,135,2,270,East Malaysia,Sabah,Credit Card
ORD19655,2025-12-10,Electronics,Smartwatch,1556,1,1556,East Malaysia,Sarawak,FPX
ORD19659,2025-01-04,Electronics,Wireless Earbuds,4418,3,13254,East Malaysia,Sarawak,FPX
ORD19660,2025-08-17,Electronics,Smartphone,1667,1,1667,East Malaysia,Sarawak,GrabPay
ORD19662,2025-01-24,Electronics,Smartphone,3801,3,11403,East Malaysia,Sabah,Credit Card
ORD19663,2026-01-01,Home,Coffee Maker,526,4,2104,East Malaysia,Sabah,TNG eWallet
ORD19665,2025-10-20,Electronics,Wireless Earbuds,833,4,3332,East Malaysia,Sarawak,GrabPay
ORD19666,2025-02-05,Fashion,Sneakers,298,1,298,East Malaysia,Sarawak,Credit Card
ORD19667,2025-07-30,Home,Desk Lamp,692,1,692,East Malaysia,Sarawak,TNG eWallet
ORD19668,2025-04-07,Home,Coffee Maker,117,2,234,East Malaysia,Sarawak,TNG eWallet
ORD19669,2025-01-31,Home,Office Chair,402,4,1608,East Malaysia,Sarawak,FPX
ORD19673,2025-01-24,Fashion,Sneakers,315,1,315,East Malaysia,Sarawak,FPX
ORD19674,2025-05-17,Home,Office Chair,420,1,420,East Malaysia,Sarawak,Credit Card
ORD19675,2025-10-30,Home,Coffee Maker,233,2,466,East Malaysia,Sarawak,Credit Card
ORD19677,2025-06-30,Fashion,Sneakers,60,4,240,East Malaysia,Sabah,GrabPay
ORD19678,2025-05-01,Home,Air Purifier,477,3,1431,East Malaysia,Sarawak,GrabPay
ORD19684,2025-06-12,Electronics,Smartwatch,4049,4,16196,East Malaysia,Sarawak,FPX
ORD19685,2025-09-24,Home,Air Purifier,788,3,2364,East Malaysia,Sarawak,TNG eWallet
ORD19688,2025-12-21,Electronics,Wireless Earbuds,3400,4,13600,East Malaysia,Sabah,TNG eWallet
ORD19689,2025-06-18,Electronics,Smartwatch,1130,4,4520,East Malaysia,Sabah,FPX
ORD19693,2025-06-20,Fashion,Backpack,275,2,550,East Malaysia,Sarawak,TNG eWallet
ORD19696,2025-10-21,Home,Desk Lamp,475,1,475,East Malaysia,Sarawak,TNG eWallet
ORD19703,2025-11-27,Fashion,Sunglasses,387,1,387,East Malaysia,Sabah,Credit Card
ORD19704,2025-06-12,Electronics,Laptop,2471,4,9884,East Malaysia,Sabah,FPX
ORD19705,2025-07-17,Fashion,Backpack,261,3,783,East Malaysia,Sarawak,GrabPay
ORD19707,2025-07-23,Fashion,Sunglasses,229,3,687,East Malaysia,Sarawak,GrabPay
ORD19709,2025-08-25,Fashion,Backpack,185,1,185,East Malaysia,Sabah,Credit Card
ORD19711,2025-08-20,Home,Air Purifier,494,1,494,East Malaysia,Sarawak,TNG eWallet
ORD19712,2025-09-08,Home,Office Chair,620,2,1240,East Malaysia,Sarawak,TNG eWallet
ORD19714,2025-01-12,Fashion,Sneakers,160,2,320,East Malaysia,Sabah,Credit Card
ORD19717,2025-01-11,Fashion,T-Shirt,239,2,478,East Malaysia,Sarawak,FPX
ORD19718,2025-10-03,Electronics,Wireless Earbuds,967,1,967,East Malaysia,Sarawak,Credit Card
ORD19719,2025-04-28,Home,Desk Lamp,236,4,944,East Malaysia,Sabah,FPX
ORD19721,2025-10-20,Electronics,Smartwatch,3234,4,12936,East Malaysia,Sarawak,TNG eWallet
ORD19725,2025-05-04,Electronics,Smartphone,4284,2,8568,East Malaysia,Sabah,Credit Card
ORD19726,2025-05-28,Home,Air Purifier,141,2,282,East Malaysia,Sabah,Credit Card
ORD19727,2025-10-25,Home,Coffee Maker,564,2,1128,East Malaysia,Sarawak,GrabPay
ORD19728,2025-10-09,Electronics,Laptop,2629,4,10516,East Malaysia,Sarawak,FPX
ORD19730,2025-06-28,Electronics,Laptop,2122,2,4244,East Malaysia,Sarawak,Credit Card
ORD19731,2025-03-10,Home,Office Chair,453,4,1812,East Malaysia,Sarawak,GrabPay
ORD19732,2025-10-29,Home,Desk Lamp,431,2,862,East Malaysia,Sarawak,Credit Card
ORD19733,2025-04-29,Home,Coffee Maker,257,2,514,East Malaysia,Sarawak,TNG eWallet
ORD19734,2025-10-05,Fashion,Sunglasses,205,1,205,East Malaysia,Sarawak,TNG eWallet
ORD19737,2025-04-13,Fashion,Sneakers,228,1,228,East Malaysia,Sabah,Credit Card
ORD19738,2025-07-23,Electronics,Laptop,1774,2,3548,East Malaysia,Sabah,TNG eWallet
ORD19739,2025-12-24,Electronics,Smartphone,1423,4,5692,East Malaysia,Sabah,Credit Card
ORD19740,2025-12-21,Home,Air Purifier,774,1,774,East Malaysia,Sabah,GrabPay
ORD19743,2025-11-04,Home,Air Purifier,761,3,2283,East Malaysia,Sabah,Credit Card
ORD19744,2025-08-14,Electronics,Wireless Earbuds,4233,1,4233,East Malaysia,Sabah,GrabPay
ORD19748,2025-01-22,Electronics,Wireless Earbuds,453,2,906,East Malaysia,Sarawak,Credit Card
ORD19749,2025-06-18,Home,Air Purifier,173,4,692,East Malaysia,Sarawak,FPX
ORD19750,2025-12-21,Fashion,Sunglasses,226,2,452,East Malaysia,Sabah,TNG eWallet
ORD19752,2025-09-25,Electronics,Wireless Earbuds,892,4,3568,East Malaysia,Sarawak,FPX
ORD19756,2025-11-20,Electronics,Laptop,1811,2,3622,East Malaysia,Sabah,Credit Card
ORD19757,2025-02-25,Home,Desk Lamp,131,3,393,East Malaysia,Sarawak,TNG eWallet
ORD19768,2025-08-19,Home,Office Chair,254,2,508,East Malaysia,Sarawak,TNG eWallet
ORD19769,2025-07-04,Home,Air Purifier,275,2,550,East Malaysia,Sabah,TNG eWallet
ORD19770,2025-11-13,Home,Coffee Maker,763,4,3052,East Malaysia,Sabah,GrabPay
ORD19771,2025-09-08,Fashion,Sunglasses,215,4,860,East Malaysia,Sabah,FPX
ORD19776,2025-10-22,Home,Office Chair,471,2,942,East Malaysia,Sabah,FPX
ORD19780,2025-03-05,Home,Coffee Maker,210,4,840,East Malaysia,Sarawak,FPX
ORD19781,2025-03-26,Electronics,Wireless Earbuds,704,4,2816,East Malaysia,Sarawak,Credit Card
ORD19785,2025-01-01,Home,Coffee Maker,610,2,1220,East Malaysia,Sarawak,TNG eWallet
ORD19786,2025-01-30,Home,Air Purifier,463,1,463,East Malaysia,Sarawak,Credit Card
ORD19788,2025-08-01,Home,Air Purifier,145,2,290,East Malaysia,Sabah,GrabPay
ORD19789,2025-03-29,Fashion,T-Shirt,240,2,480,East Malaysia,Sarawak,FPX
ORD19791,2025-11-01,Electronics,Smartphone,551,1,551,East Malaysia,Sarawak,GrabPay
ORD19792,2025-02-19,Home,Desk Lamp,228,4,912,East Malaysia,Sarawak,TNG eWallet
ORD19793,2025-06-16,Electronics,Smartphone,1824,1,1824,East Malaysia,Sabah,TNG eWallet
ORD19798,2025-07-11,Electronics,Laptop,4140,1,4140,East Malaysia,Sarawak,FPX
ORD19800,2025-03-31,Fashion,Sunglasses,53,1,53,East Malaysia,Sabah,FPX
ORD19801,2025-10-14,Home,Coffee Maker,712,1,712,East Malaysia,Sarawak,FPX
ORD19806,2025-07-28,Home,Air Purifier,553,1,553,East Malaysia,Sabah,GrabPay
ORD19810,2025-10-05,Electronics,Wireless Earbuds,931,4,3724,East Malaysia,Sarawak,FPX
ORD19811,2025-06-23,Electronics,Smartwatch,3653,1,3653,East Malaysia,Sarawak,TNG eWallet
ORD19812,2025-12-01,Electronics,Smartwatch,2967,3,8901,East Malaysia,Sabah,TNG eWallet
ORD19814,2025-03-09,Fashion,T-Shirt,284,4,1136,East Malaysia,Sarawak,FPX
ORD19816,2025-11-28,Fashion,T-Shirt,272,2,544,East Malaysia,Sabah,TNG eWallet
ORD19817,2025-11-20,Electronics,Wireless Earbuds,1937,3,5811,East Malaysia,Sarawak,GrabPay
ORD19818,2025-01-12,Home,Office Chair,504,4,2016,East Malaysia,Sabah,FPX
ORD19819,2025-01-14,Electronics,Laptop,3927,1,3927,East Malaysia,Sabah,FPX
ORD19822,2025-05-31,Electronics,Smartwatch,3983,4,15932,East Malaysia,Sarawak,GrabPay
ORD19823,2025-11-25,Electronics,Wireless Earbuds,2337,2,4674,East Malaysia,Sabah,GrabPay
ORD19826,2025-11-12,Fashion,Sunglasses,338,1,338,East Malaysia,Sarawak,FPX
ORD19827,2025-05-06,Fashion,Sunglasses,164,3,492,East Malaysia,Sarawak,GrabPay
ORD19831,2025-03-10,Fashion,Sneakers,241,3,723,East Malaysia,Sabah,GrabPay
ORD19832,2025-01-26,Home,Desk Lamp,765,1,765,East Malaysia,Sabah,TNG eWallet
ORD19834,2025-12-12,Fashion,Backpack,191,2,382,East Malaysia,Sabah,FPX
ORD19835,2025-05-30,Fashion,T-Shirt,364,2,728,East Malaysia,Sarawak,FPX
ORD19836,2025-03-27,Electronics,Smartwatch,1056,3,3168,East Malaysia,Sabah,FPX
ORD19838,2025-07-08,Electronics,Wireless Earbuds,557,4,2228,East Malaysia,Sabah,Credit Card
ORD19843,2025-07-07,Home,Desk Lamp,387,1,387,East Malaysia,Sarawak,Credit Card
ORD19844,2025-12-06,Home,Coffee Maker,454,1,454,East Malaysia,Sabah,TNG eWallet
ORD19847,2025-03-06,Home,Desk Lamp,655,3,1965,East Malaysia,Sarawak,GrabPay
ORD19855,2025-11-07,Electronics,Smartwatch,661,3,1983,East Malaysia,Sarawak,GrabPay
ORD19859,2025-02-06,Fashion,T-Shirt,279,2,558,East Malaysia,Sarawak,FPX
ORD19862,2025-03-06,Electronics,Laptop,934,2,1868,East Malaysia,Sarawak,GrabPay
ORD19863,2025-03-19,Fashion,T-Shirt,297,1,297,East Malaysia,Sarawak,FPX
ORD19864,2025-09-19,Electronics,Smartphone,3936,1,3936,East Malaysia,Sarawak,TNG eWallet
ORD19866,2025-06-24,Fashion,Backpack,222,4,888,East Malaysia,Sabah,TNG eWallet
ORD19867,2025-06-27,Fashion,Sneakers,144,2,288,East Malaysia,Sabah,TNG eWallet
ORD19868,2025-07-28,Home,Coffee Maker,505,1,505,East Malaysia,Sarawak,FPX
ORD19869,2025-06-05,Home,Desk Lamp,638,4,2552,East Malaysia,Sarawak,Credit Card
ORD19872,2025-03-25,Home,Office Chair,172,1,172,East Malaysia,Sarawak,GrabPay
ORD19874,2025-05-19,Home,Desk Lamp,407,4,1628,East Malaysia,Sabah,FPX
ORD19878,2025-05-11,Home,Coffee Maker,454,4,1816,East Malaysia,Sabah,Credit Card
ORD19881,2025-01-18,Home,Air Purifier,675,4,2700,East Malaysia,Sabah,FPX
ORD19882,2025-07-06,Home,Desk Lamp,241,2,482,East Malaysia,Sarawak,FPX
ORD19883,2025-11-20,Electronics,Wireless Earbuds,4193,2,8386,East Malaysia,Sabah,Credit Card
ORD19885,2025-11-26,Fashion,Sneakers,232,4,928,East Malaysia,Sabah,Credit Card
ORD19888,2025-10-20,Fashion,Backpack,275,2,550,East Malaysia,Sabah,TNG eWallet
ORD19889,2025-03-27,Fashion,T-Shirt,397,4,1588,East Malaysia,Sarawak,FPX
ORD19890,2025-09-09,Fashion,Sunglasses,325,2,650,East Malaysia,Sabah,Credit Card
ORD19894,2025-02-23,Fashion,Sneakers,250,2,500,East Malaysia,Sarawak,Credit Card
ORD19896,2025-08-25,Electronics,Smartwatch,3712,4,14848,East Malaysia,Sarawak,TNG eWallet
ORD19897,2025-03-31,Fashion,Sneakers,88,1,88,East Malaysia,Sabah,FPX
ORD19898,2025-01-13,Electronics,Smartphone,4038,1,4038,East Malaysia,Sabah,GrabPay
ORD19899,2025-12-23,Fashion,Backpack,203,4,812,East Malaysia,Sabah,TNG eWallet
ORD19901,2025-12-16,Electronics,Smartwatch,3111,1,3111,East Malaysia,Sabah,FPX
ORD19904,2025-07-29,Home,Air Purifier,273,2,546,East Malaysia,Sarawak,TNG eWallet
ORD19905,2025-11-11,Electronics,Smartwatch,729,4,2916,East Malaysia,Sarawak,Credit Card
ORD19909,2025-05-02,Home,Desk Lamp,707,4,2828,East Malaysia,Sabah,FPX
ORD19910,2025-11-06,Electronics,Laptop,1276,4,5104,East Malaysia,Sabah,Credit Card
ORD19912,2025-01-09,Home,Office Chair,641,1,641,East Malaysia,Sabah,Credit Card
ORD19913,2025-06-20,Fashion,Sneakers,157,1,157,East Malaysia,Sabah,GrabPay
ORD19914,2025-01-03,Electronics,Smartwatch,1460,1,1460,East Malaysia,Sarawak,FPX
ORD19915,2025-01-20,Home,Office Chair,641,2,1282,East Malaysia,Sarawak,TNG eWallet
ORD19918,2025-03-09,Electronics,Smartwatch,3910,1,3910,East Malaysia,Sabah,FPX
ORD19923,2025-07-22,Home,Air Purifier,559,2,1118,East Malaysia,Sabah,Credit Card
ORD19925,2025-01-09,Electronics,Smartphone,1480,1,1480,East Malaysia,Sabah,Credit Card
ORD19926,2025-09-22,Fashion,Backpack,386,4,1544,East Malaysia,Sabah,TNG eWallet
ORD19928,2025-10-12,Fashion,Backpack,71,4,284,East Malaysia,Sarawak,FPX
ORD19934,2025-08-28,Electronics,Laptop,1376,2,2752,East Malaysia,Sabah,GrabPay
ORD19937,2025-11-24,Fashion,Sunglasses,288,2,576,East Malaysia,Sarawak,GrabPay
ORD19938,2025-08-12,Home,Office Chair,565,1,565,East Malaysia,Sabah,GrabPay
ORD19942,2025-04-06,Electronics,Wireless Earbuds,535,1,535,East Malaysia,Sarawak,GrabPay
ORD19943,2025-02-02,Electronics,Laptop,3568,1,3568,East Malaysia,Sarawak,TNG eWallet
ORD19944,2025-10-01,Home,Desk Lamp,333,2,666,East Malaysia,Sarawak,TNG eWallet
ORD19945,2025-02-04,Home,Coffee Maker,332,1,332,East Malaysia,Sabah,Credit Card
ORD19946,2025-12-15,Fashion,T-Shirt,370,4,1480,East Malaysia,Sarawak,Credit Card
ORD19947,2025-07-06,Electronics,Smartphone,4343,2,8686,East Malaysia,Sabah,FPX
ORD19949,2025-11-09,Electronics,Smartwatch,4099,4,16396,East Malaysia,Sarawak,FPX
ORD19950,2025-11-02,Home,Office Chair,629,1,629,East Malaysia,Sabah,TNG eWallet
ORD19951,2025-06-18,Electronics,Smartphone,4182,2,8364,East Malaysia,Sarawak,GrabPay
ORD19953,2025-12-29,Fashion,T-Shirt,379,3,1137,East Malaysia,Sarawak,FPX
ORD19956,2025-01-17,Home,Office Chair,705,3,2115,East Malaysia,Sabah,TNG eWallet
ORD19957,2025-10-28,Home,Air Purifier,431,2,862,East Malaysia,Sabah,FPX
ORD19958,2025-01-23,Home,Air Purifier,266,2,532,East Malaysia,Sabah,TNG eWallet
ORD19959,2025-04-12,Home,Office Chair,169,2,338,East Malaysia,Sabah,Credit Card
ORD19961,2025-03-29,Electronics,Wireless Earbuds,3400,4,13600,East Malaysia,Sabah,Credit Card
ORD19963,2025-11-12,Electronics,Laptop,1433,4,5732,East Malaysia,Sabah,GrabPay
ORD19964,2025-11-19,Fashion,T-Shirt,114,3,342,East Malaysia,Sabah,GrabPay
ORD19966,2025-12-23,Fashion,Backpack,189,1,189,East Malaysia,Sabah,FPX
ORD19967,2025-04-16,Electronics,Wireless Earbuds,2210,4,8840,East Malaysia,Sarawak,Credit Card
ORD19969,2025-07-05,Home,Air Purifier,644,4,2576,East Malaysia,Sabah,GrabPay
ORD19971,2025-06-02,Electronics,Smartwatch,3464,3,10392,East Malaysia,Sarawak,GrabPay
ORD19972,2025-08-18,Electronics,Wireless Earbuds,337,1,337,East Malaysia,Sarawak,TNG eWallet
ORD19973,2025-04-19,Fashion,T-Shirt,243,1,243,East Malaysia,Sabah,TNG eWallet
ORD19975,2025-06-25,Fashion,T-Shirt,184,1,184,East Malaysia,Sabah,FPX
ORD19976,2025-07-17,Fashion,Sunglasses,171,1,171,East Malaysia,Sarawak,GrabPay
ORD19980,2025-12-02,Home,Office Chair,772,4,3088,East Malaysia,Sarawak,TNG eWallet
ORD19981,2025-12-25,Electronics,Smartwatch,596,3,1788,East Malaysia,Sarawak,Credit Card
ORD19982,2025-06-20,Home,Coffee Maker,385,4,1540,East Malaysia,Sabah,GrabPay
ORD19984,2025-03-23,Home,Desk Lamp,380,2,760,East Malaysia,Sabah,FPX
ORD19986,2025-12-17,Home,Office Chair,322,4,1288,East Malaysia,Sarawak,TNG eWallet
ORD19987,2025-09-05,Home,Coffee Maker,524,3,1572,East Malaysia,Sabah,GrabPay
ORD19988,2025-09-24,Electronics,Laptop,3198,3,9594,East Malaysia,Sarawak,FPX
ORD19989,2025-07-27,Electronics,Laptop,1388,3,4164,East Malaysia,Sabah,TNG eWallet
ORD19993,2025-05-03,Home,Coffee Maker,221,1,221,East Malaysia,Sabah,FPX
ORD19994,2025-05-13,Fashion,Backpack,81,3,243,East Malaysia,Sabah,TNG eWallet
ORD19997,2025-08-24,Fashion,Backpack,332,3,996,East Malaysia,Sabah,TNG eWallet
ORD19998,2025-08-21,Fashion,Backpack,150,2,300,East Malaysia,Sabah,TNG eWallet
ORD19999,2025-05-02,Home,Desk Lamp,371,4,1484,East Malaysia,Sarawak,TNG eWallet
